phrase,n,freq_books,rank,mi,lemma_key,spoken_words,auto_keep,auto_reason,keep,notes
de la,2,199238029,1,2.32,de le,yes,no,fragment; loose,,
de l',2,118353922,2,2.22,de le,yes,no,fragment; loose,,
à la,2,79726696,3,2.26,à le,yes,no,fragment; loose,,
à l',2,62495552,4,2.55,à le,yes,no,fragment; loose,,
d' un,2,55404944,5,3.52,de un,yes,no,fragment,,
d' une,2,50578297,6,3.68,de un,yes,no,fragment,,
et de,2,45830376,7,0.54,et de,yes,no,fragment; loose,,
dans le,2,45059629,8,3.05,dans le,yes,no,fragment,,
dans la,2,42866486,9,2.55,dans le,yes,no,fragment; loose,,
dans les,2,31086370,10,2.8,dans le,yes,no,fragment; loose,,
sur le,2,30240306,11,3.23,sur le,yes,no,fragment,,
et les,2,27729386,12,1.27,et le,yes,no,fragment; loose,,
de son,2,27127800,13,2.06,de son,yes,no,fragment; loose,,
que je,2,26005927,14,3.63,que je,yes,no,,,
je ne,2,25361333,15,4.42,je ne,yes,no,fragment,,
sur la,2,25204929,16,2.55,sur le,yes,no,fragment; loose,,
et la,2,25138110,17,0.42,et le,yes,no,fragment; loose,,
et le,2,24537849,18,0.81,et le,yes,no,fragment; loose,,
ce qui,2,24454906,19,4.18,ce qui,yes,no,article + word,,
ce que,2,23259462,20,3.68,ce que,yes,no,fragment; article + word,,
que le,2,22606160,21,1.77,que le,yes,no,fragment; loose,,
que les,2,22058634,22,2.02,que le,yes,no,fragment; loose,,
dans l',2,21130069,23,2.18,dans le,yes,no,fragment; loose,,
il est,2,20630614,24,2.43,il être,yes,no,loose,,
que la,2,20529985,25,1.21,que le,yes,no,fragment; loose,,
de sa,2,19602901,26,2.12,de son,yes,no,fragment; loose,,
dans un,2,18707718,27,2.5,dans un,yes,no,fragment; loose,,
sur les,2,18654251,28,2.82,sur le,yes,no,fragment; loose,,
que l',2,18609104,29,1.71,que le,yes,no,fragment; loose,,
tous les,2,18078068,30,4.97,tout le,yes,no,fragment,,
par la,2,17913907,31,1.99,par le,yes,no,fragment; loose,,
de l,2,17428622,32,,de l,yes,no,fragment,,
et des,2,17335559,33,0.98,et un,yes,no,fragment; loose,,
de ses,2,17101767,34,2.15,de son,yes,no,fragment; loose,,
par le,2,17062445,35,2.34,par le,yes,no,fragment; loose,,
de ce,2,16986552,36,1.06,de ce,yes,no,fragment; loose,,
il y,2,16702616,37,4.35,il y,yes,no,,,
et l',2,15594438,38,0.38,et le,yes,no,fragment; loose,,
par les,2,15005446,39,2.45,par le,yes,no,fragment; loose,,
je suis,2,14670144,40,6.56,je être,yes,yes,,,
pour les,2,14454555,41,1.97,pour le,yes,no,fragment; loose,,
pour la,2,13940473,42,1.2,pour le,yes,no,fragment; loose,,
il ne,2,13751628,43,2.61,il ne,yes,no,fragment; loose,,
un peu,2,13723515,44,5.21,un peu,yes,no,article + word,,
pas de,2,13702412,45,0.46,pas de,yes,no,fragment; loose,,
y a,2,13684456,46,5.31,y avoir,yes,no,,,
je me,2,13654387,47,4.96,je me,yes,no,fragment,,
dans une,2,13536652,48,2.32,dans un,yes,no,fragment; loose,,
de cette,2,13237238,49,1.86,de ce,yes,no,fragment; loose,,
à un,2,13190110,50,0.81,à un,yes,no,fragment; loose,,
à une,2,12965967,51,1.07,à un,yes,no,fragment; loose,,
et à,2,12892139,52,-0.03,et à,yes,no,fragment; loose,,
pour le,2,12724482,53,1.49,pour le,yes,no,fragment; loose,,
et d',2,11657787,54,0.47,et de,yes,no,fragment; loose,,
que vous,2,11589331,55,3.38,que vous,yes,no,,,
que nous,2,11538783,56,3.5,que nous,yes,no,,,
l' on,2,11502710,57,2.64,le on,yes,no,article + word; loose,,
l' autre,2,11313285,58,4.14,le autre,yes,no,article + word,,
de ces,2,11285336,59,2.26,de ce,yes,no,fragment; loose,,
que tu,2,11175747,60,4.25,que tu,yes,no,,,
à son,2,11113513,61,2.03,à son,yes,no,fragment; loose,,
il se,2,11093505,62,2.4,il se,yes,no,fragment; loose,,
d' autres,2,11064473,63,4.82,de autre,yes,yes,,,
qui se,2,11049705,64,3.08,qui se,yes,no,fragment,,
de se,2,10821201,65,0.45,de se,yes,no,fragment; loose,,
la vie,2,10782638,66,3.84,le vie,yes,no,article + word,,
le plus,2,10748872,67,1.87,le plus,yes,no,article + word; loose,,
a été,2,10375306,68,5.67,avoir être,yes,yes,,,
la tête,2,10354402,69,4.43,le tête,yes,no,article + word,,
il a,2,10249307,70,2.37,il avoir,yes,no,loose,,
et il,2,10216412,71,0.29,et il,yes,no,fragment; loose,,
qui est,2,10204151,72,2.1,qui être,yes,no,loose,,
il y a,3,10203393,73,11.17,il y avoir,yes,yes,,,
il faut,2,10178228,74,5.62,il falloir,yes,yes,,,
par l',2,10124598,75,1.81,par le,yes,no,fragment; loose,,
les deux,2,10056761,76,3.62,le deux,yes,no,article + word,,
de leur,2,10050552,77,1.97,de son,yes,no,fragment; loose,,
d' être,2,9913747,78,3.52,de être,yes,yes,,,
sur l',2,9843949,79,1.84,sur le,yes,no,fragment; loose,,
toutes les,2,9776735,80,4.98,tout le,yes,no,fragment,,
à ce,2,9712575,81,1.51,à ce,yes,no,fragment; loose,,
ne pas,2,9559722,82,2.92,ne pas,yes,no,loose,,
et je,2,9503500,83,1.1,et je,yes,no,fragment; loose,,
de plus,2,9266152,84,0.49,de plus,yes,no,fragment; loose,,
plus de,2,9236879,85,0.48,plus de,yes,no,fragment; loose,,
il avait,2,9215343,86,3.09,il avoir,yes,yes,,,
le monde,2,9165224,87,4.34,le monde,yes,no,article + word,,
dans son,2,9001630,88,2.92,dans son,yes,no,fragment; loose,,
mais il,2,8981957,89,2.68,mais il,yes,no,loose,,
pour l',2,8975808,90,1.21,pour le,yes,no,fragment; loose,,
de lui,2,8920906,91,0.94,de luire,yes,no,fragment; loose,,
et que,2,8721344,92,0.31,et que,yes,no,fragment; loose,,
qui ne,2,8528171,93,2.61,qui ne,yes,no,fragment; loose,,
l' homme,2,8518727,94,4.29,le homme,yes,no,article + word,,
avec un,2,8329983,95,2.59,avec un,yes,no,fragment; loose,,
comme un,2,8327365,96,2.88,comme un,yes,no,fragment; loose,,
les yeux,2,8321135,97,4.73,le oeil,yes,no,article + word,,
à des,2,8285186,98,0.09,à un,yes,no,fragment; loose,,
le temps,2,8268400,99,3.59,le temps,yes,no,article + word,,
avec les,2,8155974,100,2.12,avec le,yes,no,fragment; loose,,
il était,2,8155725,101,2.72,il être,yes,no,loose,,
ou de,2,8103097,102,0.84,ou de,yes,no,fragment; loose,,
pas à,2,8084943,103,0.95,pas à,yes,no,fragment; loose,,
la première,2,8057402,104,4.49,le première,yes,no,article + word,,
que ce,2,8016488,105,2.14,que ce,yes,no,fragment; loose,,
à l,2,7985103,106,,à l,yes,no,,,
les autres,2,7934222,107,3.9,le autre,yes,no,article + word,,
avec le,2,7888092,108,1.79,avec le,yes,no,fragment; loose,,
les plus,2,7823861,109,1.7,le plus,yes,no,article + word; loose,,
quelque chose,2,7715117,110,9.98,quelque chose,yes,yes,,,
par un,2,7702585,111,1.92,par un,yes,no,fragment; loose,,
ne peut,2,7633068,112,4.82,ne pouvoir,yes,yes,,,
en effet,2,7589377,113,5.52,en effet,yes,no,written style,,
et en,2,7462475,114,-0.25,et en,yes,no,fragment; loose,,
tout le,2,7443509,115,2.17,tout le,yes,no,fragment; loose,,
dans sa,2,7415141,116,3.16,dans son,yes,no,fragment,,
qui a,2,7386886,117,2.58,qui avoir,yes,no,loose,,
et qui,2,7381690,118,0.5,et qui,yes,no,fragment; loose,,
dans ce,2,7363145,119,2.3,dans ce,yes,no,fragment; loose,,
la main,2,7308041,120,4.14,le main,yes,no,article + word,,
l' un,2,7229629,121,0.08,le un,yes,no,fragment; article + word; loose,,
la porte,2,7221886,122,4.3,le porte,yes,no,article + word,,
avec une,2,7221044,123,2.67,avec un,yes,no,fragment; loose,,
parce que,2,7199901,124,5.73,parce que,yes,no,fragment,,
avec la,2,7188424,125,1.23,avec le,yes,no,fragment; loose,,
de faire,2,7168389,126,1.77,de faire,yes,no,fragment; loose,,
à sa,2,7159831,127,1.93,à son,yes,no,fragment; loose,,
entre les,2,7138407,128,3.48,entrer le,yes,no,fragment,,
nous avons,2,7119826,129,7.73,nous avoir,yes,yes,,,
elle se,2,7116301,130,2.82,lui se,yes,no,fragment; loose,,
est un,2,7085973,131,0.87,être un,yes,no,fragment; loose,,
elle est,2,6976057,132,1.92,lui être,yes,no,loose,,
avant de,2,6933502,133,2.53,avant de,yes,no,fragment; loose,,
et de la,3,6915867,134,2.93,et de le,yes,no,fragment; loose,,
on ne,2,6883025,135,3.49,on ne,yes,no,fragment,,
par exemple,2,6851163,136,6.93,par exemple,yes,yes,,,
et se,2,6787056,137,0.86,et se,yes,no,fragment; loose,,
sur un,2,6767205,138,1.8,sur un,yes,no,fragment; loose,,
d ' un,3,6746866,139,,d ' un,no,no,fragment; rare word,,
ne se,2,6723982,140,2.75,ne se,yes,no,fragment; loose,,
ceux qui,2,6715190,141,5.99,celui qui,yes,yes,,,
par des,2,6669397,142,1.66,par un,yes,no,fragment; loose,,
je vous,2,6625543,143,3.24,je vous,yes,no,,,
par une,2,6587853,144,1.98,par un,yes,no,fragment; loose,,
et du,2,6586057,145,0.1,et du,yes,no,fragment; loose,,
la même,2,6401639,146,1.71,le même,yes,no,article + word; loose,,
elle ne,2,6384091,147,2.57,lui ne,yes,no,fragment; loose,,
elle avait,2,6367000,148,3.62,lui avoir,yes,yes,,,
pas le,2,6366816,149,0.52,pas le,yes,no,fragment; loose,,
tout ce,2,6322865,150,3.8,tout ce,yes,no,fragment,,
d ' une,3,6284954,151,,d ' un,no,no,fragment; rare word,,
plus tard,2,6221048,152,7.37,plus tard,yes,yes,,,
on peut,2,6214452,153,5.33,on pouvoir,yes,yes,,,
la plus,2,6123455,154,0.63,le plus,yes,no,article + word; loose,,
et un,2,6106486,155,-0.47,et un,yes,no,fragment; loose,,
de mon,2,6079640,156,1.6,de mon,yes,no,fragment; loose,,
un autre,2,6049468,157,3.74,un autre,yes,no,article + word,,
que l' on,3,5997475,158,8.23,que le on,yes,yes,,,
une fois,2,5971774,159,4.47,un fois,yes,no,article + word,,
la maison,2,5922375,160,4.23,le maison,yes,no,article + word,,
comme une,2,5920577,161,2.67,comme un,yes,no,fragment; loose,,
la fin,2,5888896,162,4.21,le fin,yes,no,article + word,,
de leurs,2,5876751,163,2.25,de leurs,yes,no,fragment; loose,,
ainsi que,2,5845506,164,4.41,ainsi que,yes,no,fragment; written style,,
et une,2,5833789,165,-0.25,et un,yes,no,fragment; loose,,
de ne,2,5832535,166,-0.53,de ne,yes,no,fragment; loose,,
à partir,2,5828983,167,5,à partir,yes,yes,,,
mais je,2,5810932,168,2.97,mais je,yes,no,loose,,
ne sont,2,5810503,169,3.79,ne être,yes,yes,,,
sans doute,2,5772022,170,8.66,sans doute,yes,yes,,,
d' abord,2,5727147,171,6.07,de abord,yes,yes,,,
l' air,2,5725403,172,4.91,le air,yes,no,article + word,,
il en,2,5671821,173,0.18,il en,yes,no,fragment; loose,,
alors que,2,5638601,174,4.11,alors que,yes,no,fragment,,
la ville,2,5622670,175,4.22,le ville,yes,no,article + word,,
que de,2,5570833,176,-1.42,que de,yes,no,fragment; loose,,
à cette,2,5555370,177,1.87,à ce,yes,no,fragment; loose,,
à ses,2,5521832,178,1.77,à son,yes,no,fragment; loose,,
du monde,2,5462072,179,4.78,du monde,yes,no,article + word,,
est le,2,5450663,180,-0.24,être le,yes,no,fragment; loose,,
qui lui,2,5435231,181,2.82,qui luire,yes,no,loose,,
un des,2,5414346,182,0.11,un un,yes,no,fragment; article + word; loose,,
avec des,2,5409669,183,1.92,avec un,yes,no,fragment; loose,,
de le,2,5371364,184,-2.47,de le,yes,no,fragment; loose,,
où il,2,5335615,185,3.28,où il,yes,yes,,,
vous avez,2,5325366,186,7.28,vous avoir,yes,yes,,,
est une,2,5297114,187,0.73,être un,yes,no,fragment; loose,,
elle a,2,5296313,188,2.48,lui avoir,yes,no,loose,,
et son,2,5292797,189,0.79,et son,yes,no,fragment; loose,,
dans cette,2,5275199,190,2.98,dans ce,yes,no,fragment; loose,,
un homme,2,5269374,191,4.1,un homme,yes,no,article + word,,
à se,2,5244901,192,0.67,à se,yes,no,fragment; loose,,
dans ses,2,5173123,193,2.87,dans son,yes,no,fragment; loose,,
une autre,2,5170388,194,3.8,un autre,yes,no,article + word,,
sur une,2,5163905,195,1.69,sur un,yes,no,fragment; loose,,
comme le,2,5148144,196,1.46,comme le,yes,no,fragment; loose,,
d' ailleurs,2,5131981,197,5.4,de ailleurs,yes,yes,,,
d' avoir,2,5128799,198,3.95,de avoir,yes,yes,,,
le premier,2,5110837,199,4.24,le premier,yes,no,article + word,,
tu as,2,5097039,200,7.91,tu avoir,yes,yes,,,
la mort,2,5094249,201,3.99,le mort,yes,no,article + word,,
la nuit,2,5088858,202,4.28,le nuit,yes,no,article + word,,
et ses,2,5006330,203,1.46,et son,yes,no,fragment; loose,,
tout à,2,5002911,204,1.68,tout à,yes,no,fragment; loose,,
de ma,2,4979459,205,1.82,de mon,yes,no,fragment; loose,,
en plus,2,4974706,206,1.41,en plus,yes,no,loose,,
je vais,2,4940538,207,6.98,je aller,yes,yes,,,
sur son,2,4930297,208,2.81,sur son,yes,no,fragment; loose,,
si vous,2,4923171,209,4.28,si vous,yes,no,,,
l' avait,2,4921325,210,1.67,le avoir,yes,no,article + word; loose,,
je l',2,4918777,211,0.46,je le,yes,no,fragment; loose,,
de notre,2,4913816,212,2.31,de notre,yes,no,fragment; loose,,
peut être,2,4911826,213,5.58,pouvoir être,yes,yes,,,
l' histoire,2,4910187,214,4.4,le histoire,yes,no,article + word,,
point de,2,4892583,215,2.69,point de,yes,no,fragment; loose,,
à faire,2,4860186,216,2.47,à faire,yes,no,loose,,
avec l',2,4859548,217,1.31,avec le,yes,no,fragment; loose,,
nous sommes,2,4849974,218,7.81,nous être,yes,yes,,,
le cas,2,4848672,219,3.77,le cas,yes,no,article + word,,
la loi,2,4839488,220,4.45,le loi,yes,no,article + word,,
pour une,2,4824794,221,1.11,pour un,yes,no,fragment; loose,,
pas la,2,4789698,222,-0.31,pas le,yes,no,fragment; loose,,
pour un,2,4750674,223,0.8,pour un,yes,no,fragment; loose,,
de même,2,4748582,224,0.53,de même,yes,no,fragment; loose,,
avait été,2,4720291,225,5.41,avoir être,yes,yes,,,
de tout,2,4711679,226,0.34,de tout,yes,no,fragment; loose,,
pour lui,2,4681266,227,2.73,pour luire,yes,no,loose,,
tout en,2,4680255,228,2.15,tout en,yes,no,fragment; loose,,
ont été,2,4677079,229,6.56,avoir être,yes,yes,,,
même si,2,4675478,230,4.81,même si,yes,yes,,,
à travers,2,4669311,231,5.28,à travers,yes,yes,,,
dans des,2,4627327,232,0.44,dans un,yes,no,fragment; loose,,
elle était,2,4625180,233,2.97,lui être,yes,no,loose,,
y avait,2,4622192,234,4.62,y avoir,yes,yes,,,
la société,2,4613281,235,4.22,le société,yes,no,article + word,,
et elle,2,4612272,236,0.2,et lui,yes,no,fragment; loose,,
l' eau,2,4600896,237,4.73,le eau,yes,no,article + word,,
la question,2,4587692,238,3.83,le question,yes,no,article + word,,
est de,2,4566215,239,-1.66,être de,yes,no,fragment; loose,,
bien que,2,4553149,240,2.75,bien que,yes,no,fragment; loose,,
de me,2,4537153,241,0.54,de me,yes,no,fragment; loose,,
mise en,2,4534212,242,5.65,mise en,yes,no,fragment,,
on a,2,4524717,243,3.06,on avoir,yes,no,,,
de toute,2,4519970,244,2.08,de toute,yes,no,fragment; loose,,
un petit,2,4473045,245,4.52,un petit,yes,no,article + word,,
le même,2,4459598,246,1.61,le même,yes,no,article + word; loose,,
pas d',2,4447828,247,0.73,pas de,yes,no,fragment; loose,,
vous êtes,2,4442542,248,7.69,vous être,yes,yes,,,
autour de,2,4430471,249,3.54,autour de,yes,no,fragment,,
peu de,2,4400764,250,1.68,peu de,yes,no,fragment; loose,,
sous le,2,4400696,251,2.9,sou le,yes,no,fragment; loose,,
qui l',2,4388629,252,0.06,qui le,yes,no,fragment; loose,,
quand il,2,4385620,253,3.58,quand il,yes,yes,,,
comme si,2,4356920,254,4.35,comme si,yes,no,,,
l' a,2,4350770,255,0.61,le avoir,yes,no,article + word; loose,,
au moins,2,4338486,256,5.07,au moins,yes,no,article + word,,
ne l',2,4295383,257,0.41,ne le,yes,no,fragment; loose,,
qui ont,2,4283820,258,3.83,qui avoir,yes,yes,,,
temps de,2,4283191,259,1.48,temps de,yes,no,fragment; loose,,
sous la,2,4276677,260,2.43,sou le,yes,no,fragment; loose,,
que des,2,4270112,261,0.04,que un,yes,no,fragment; loose,,
je le,2,4270065,262,0.03,je le,yes,no,fragment; loose,,
la fois,2,4248160,263,2.54,le fois,yes,no,article + word; loose,,
si elle,2,4241485,264,3.29,si lui,yes,no,,,
le fait,2,4238832,265,1.92,le faire,yes,no,article + word; loose,,
la guerre,2,4237080,266,4.1,le guerre,yes,no,article + word,,
est la,2,4230691,267,-1.02,être le,yes,no,fragment; loose,,
près de,2,4229604,268,3.24,près de,yes,no,fragment,,
de temps,2,4228210,269,1.46,de temps,yes,no,fragment; loose,,
plus que,2,4222453,270,1.52,plus que,yes,no,fragment; loose,,
tu es,2,4216768,271,8.24,tu être,yes,yes,,,
à leur,2,4207801,272,1.97,à son,yes,no,loose,,
besoin de,2,4205272,273,3.26,besoin de,yes,no,fragment,,
vers le,2,4197981,274,3.05,vers le,yes,no,fragment,,
la nature,2,4185200,275,4.24,le nature,yes,no,article + word,,
la France,2,4170463,276,3.53,le France,no,no,article + word; rare word,,
d' autre,2,4160703,277,3.21,de autre,yes,yes,,,
sont pas,2,4143285,278,3.06,être pas,yes,yes,,,
à la fois,3,4136859,279,8.13,à le fois,yes,yes,,,
afin de,2,4135793,280,3.57,afin de,yes,no,fragment,,
celle de,2,4128405,281,2.48,celui de,yes,no,fragment; loose,,
de vous,2,4124041,282,-0.27,de vous,yes,no,fragment; loose,,
de ne pas,3,4092296,283,6.07,de ne pas,yes,no,fragment,,
toute la,2,4071860,284,2.68,toute le,yes,no,fragment; loose,,
tandis que,2,4044323,285,6.04,tandis que,yes,no,fragment,,
en ce,2,4025269,286,0.81,en ce,yes,no,fragment; loose,,
de tous,2,4020014,287,1.34,de tout,yes,no,fragment; loose,,
à lui,2,4009104,288,1.05,à luire,yes,no,loose,,
l' idée,2,4002138,289,4.67,le idée,yes,no,article + word,,
ne me,2,4001257,290,3.33,ne me,yes,no,fragment,,
mais aussi,2,3988125,291,4.62,mais aussi,yes,yes,,,
pas un,2,3983000,292,0.57,pas un,yes,no,fragment; loose,,
il me,2,3972997,293,2.25,il me,yes,no,fragment; loose,,
et de l',3,3963386,294,2.77,et de le,yes,no,fragment; loose,,
plus en,2,3962537,295,1.08,plus en,yes,no,fragment; loose,,
le droit,2,3961470,296,3.67,le droit,yes,no,article + word,,
si l',2,3956991,297,1.61,si le,yes,no,fragment; loose,,
si je,2,3953849,298,3.05,si je,yes,no,,,
il lui,2,3938578,299,1.67,il luire,yes,no,loose,,
celui de,2,3917074,300,2.2,celui de,yes,no,fragment; loose,,
en France,2,3913873,301,4.52,en France,no,no,rare word,,
ce que je,3,3909311,302,8.31,ce que je,yes,yes,,,
la plupart,2,3902724,303,5.11,le plupart,yes,no,article + word,,
partir de,2,3899650,304,3.16,partir de,yes,no,fragment,,
tu ne,2,3879735,305,3.54,tu ne,yes,no,fragment,,
bien sûr,2,3875543,306,8.07,bien sûr,yes,yes,,,
qui sont,2,3871400,307,2.82,qui être,yes,no,loose,,
vers la,2,3867614,308,2.51,vers le,yes,no,fragment; loose,,
un grand,2,3860810,309,4.03,un grand,yes,no,article + word,,
qui avait,2,3857804,310,2.52,qui avoir,yes,no,loose,,
de moi,2,3811546,311,1.16,de moi,yes,no,fragment; loose,,
et sa,2,3807226,312,0.84,et son,yes,no,fragment; loose,,
sont les,2,3806267,313,1.66,être le,yes,no,fragment; loose,,
ne sont pas,3,3801967,314,10.29,ne être pas,yes,yes,,,
nombre de,2,3788765,315,3.28,nombre de,yes,no,fragment,,
je lui,2,3785747,316,2.54,je luire,yes,no,loose,,
les hommes,2,3782871,317,4.1,le homme,yes,no,article + word,,
mais elle,2,3777195,318,2.49,mais lui,yes,no,loose,,
l' une,2,3762676,319,-0.58,le un,yes,no,fragment; article + word; loose,,
celui qui,2,3739689,320,4.73,celui qui,yes,yes,,,
tout le monde,3,3720257,321,11.57,tout le monde,yes,yes,,,
l' esprit,2,3708938,322,4.44,le esprit,yes,no,article + word,,
et ne,2,3707095,323,-0.1,et ne,yes,no,fragment; loose,,
que son,2,3694791,324,1.35,que son,yes,no,fragment; loose,,
pour que,2,3688530,325,0.7,pour que,yes,no,fragment; loose,,
son père,2,3669754,326,5.74,son père,yes,no,article + word,,
pour se,2,3668797,327,1.61,pour se,yes,no,fragment; loose,,
et dans,2,3663417,328,-0.66,et dans,yes,no,fragment; loose,,
un coup,2,3660135,329,4.89,un coup,yes,no,article + word,,
au cours,2,3659877,330,6.14,au cours,yes,no,article + word,,
ils sont,2,3653019,331,4.61,il être,yes,yes,,,
de les,2,3649345,332,-2.74,de le,yes,no,fragment; loose,,
partie de,2,3648558,333,2.54,partie de,yes,no,fragment; loose,,
de nos,2,3636275,334,2.5,de notre,yes,no,fragment; loose,,
l' enfant,2,3626908,335,4.3,le enfant,yes,no,article + word,,
beaucoup de,2,3618626,336,2.61,beaucoup de,yes,no,fragment; loose,,
un jour,2,3614667,337,4.08,un jour,yes,no,article + word,,
est en,2,3614101,338,-0.17,être en,yes,no,fragment; loose,,
je te,2,3608035,339,5.01,je te,yes,no,fragment,,
lui avait,2,3607034,340,3.67,luire avoir,yes,yes,,,
sa mère,2,3603048,341,6.43,son mère,yes,no,article + word,,
tout de,2,3599791,342,-0.05,tout de,yes,no,fragment; loose,,
je sais,2,3578423,343,5.68,je savoir,yes,yes,,,
de votre,2,3576643,344,1.97,de votre,yes,no,fragment; loose,,
ce sont,2,3576499,345,3.15,ce être,yes,no,article + word,,
de mes,2,3561998,346,1.95,de mon,yes,no,fragment; loose,,
dont la,2,3553037,347,2.11,dont le,yes,no,fragment; written style; loose,,
sa vie,2,3536727,348,5.37,son vie,yes,no,article + word,,
des années,2,3529455,349,4.48,un année,yes,no,article + word,,
nous ne,2,3527499,350,2.61,nous ne,yes,no,fragment; loose,,
une des,2,3525929,351,-0.22,un un,yes,no,fragment; article + word; loose,,
la situation,2,3519702,352,4.06,le situation,yes,no,article + word,,
de la vie,3,3517281,353,6.59,de le vie,yes,no,fragment,,
une grande,2,3509304,354,4.66,un grand,yes,no,article + word,,
d' elle,2,3507770,355,0.62,de lui,yes,no,loose,,
fin de,2,3505305,356,2.71,fin de,yes,no,fragment; loose,,
ne pouvait,2,3505280,357,5.97,ne pouvoir,yes,yes,,,
du temps,2,3501295,358,3.54,du temps,yes,no,article + word,,
à partir de,3,3463586,359,8.62,à partir de,yes,no,fragment,,
ne le,2,3458446,360,-0.12,ne le,yes,no,fragment; loose,,
l' article,2,3457731,361,4.86,le article,yes,no,article + word,,
de nous,2,3455368,362,-0.4,de nous,yes,no,fragment; loose,,
et lui,2,3451220,363,0.66,et luire,yes,no,fragment; loose,,
l' État,2,3449827,364,,le État,no,no,article + word; rare word,,
l' amour,2,3435316,365,4.49,le amour,yes,no,article + word,,
après avoir,2,3422276,366,6.96,après avoir,yes,yes,,,
fait de,2,3399058,367,0.43,faire de,yes,no,fragment; loose,,
se sont,2,3393725,368,3.11,se être,yes,yes,,,
me suis,2,3388907,369,6.03,me être,yes,yes,,,
en fait,2,3388282,370,2.25,en faire,yes,no,loose,,
dont il,2,3385320,371,3.21,dont il,yes,no,written style,,
sur des,2,3382192,372,0.75,sur un,yes,no,fragment; loose,,
dont le,2,3381678,373,2.46,dont le,yes,no,fragment; written style; loose,,
dont les,2,3381309,374,2.75,dont le,yes,no,fragment; written style; loose,,
ses yeux,2,3375850,375,6.09,son oeil,yes,no,article + word,,
cas de,2,3354044,376,2.07,cas de,yes,no,fragment; loose,,
ne sais,2,3345925,377,5.73,ne savoir,yes,yes,,,
face à,2,3339741,378,4.27,face à,yes,no,fragment,,
à peine,2,3339440,379,4.57,à peiner,yes,yes,,,
au milieu,2,3339249,380,6.53,au milieu,yes,no,article + word,,
l' intérieur,2,3328124,381,5.12,le intérieur,yes,no,article + word,,
nous nous,2,3327641,382,3.41,nous nous,yes,no,,,
de Dieu,2,3327537,383,,de Dieu,no,no,fragment; rare word,,
vous ne,2,3323481,384,2.4,vous ne,yes,no,fragment; loose,,
et ce,2,3318147,385,-0.21,et ce,yes,no,fragment; loose,,
il y avait,3,3315797,386,10.43,il y avoir,yes,yes,,,
ce qui est,3,3303274,387,7.88,ce qui être,yes,yes,,,
de travail,2,3299634,388,2.32,de travail,yes,no,fragment; loose,,
de vie,2,3289241,389,1.38,de vie,yes,no,fragment; loose,,
ou d',2,3278795,390,1.43,ou de,yes,no,fragment; loose,,
et nous,2,3278087,391,0.61,et nous,yes,no,fragment; loose,,
le nom,2,3277122,392,3.83,le nom,yes,no,article + word,,
qui nous,2,3274268,393,2.11,qui nous,yes,no,loose,,
de plus en,3,3269011,394,5.18,de plus en,yes,no,fragment,,
en se,2,3268068,395,0.55,en se,yes,no,fragment; loose,,
lors de,2,3267444,396,3.12,lors de,yes,no,fragment,,
nom de,2,3251667,397,2.66,nom de,yes,no,fragment; loose,,
et si,2,3246646,398,1.02,et si,yes,no,fragment; loose,,
plus en plus,3,3242064,399,8.5,plus en plus,yes,yes,,,
au sein,2,3240128,400,7.07,au sein,yes,no,article + word; written style,,
de plus en plus,4,3236820,401,12.87,de plus en plus,yes,no,fragment,,
de façon,2,3234113,402,2.84,de façon,yes,no,fragment; loose,,
si le,2,3231555,403,1.09,si le,yes,no,fragment; loose,,
dire que,2,3228966,404,3.72,dire que,yes,no,fragment,,
l' ordre,2,3227184,405,4.61,le ordre,yes,no,article + word,,
et pour,2,3216818,406,-0.57,et pour,yes,no,fragment; loose,,
la place,2,3206346,407,2.98,le place,yes,no,article + word; loose,,
pas que,2,3204874,408,0.52,pas que,yes,no,fragment; loose,,
la famille,2,3194719,409,3.64,le famille,yes,no,article + word,,
doit être,2,3193756,410,6.71,doit être,yes,yes,,,
mais le,2,3187392,411,0.44,mais le,yes,no,fragment; loose,,
de vue,2,3170126,412,2.96,de vue,yes,no,fragment; loose,,
une nouvelle,2,3166293,413,5,un nouveau,yes,no,article + word,,
en lui,2,3165141,414,1.27,en luire,yes,no,loose,,
de deux,2,3163806,415,0.49,de deux,yes,no,fragment; loose,,
a fait,2,3156016,416,3.49,avoir faire,yes,yes,,,
de manière,2,3155262,417,2.95,de manière,yes,no,fragment; loose,,
et non,2,3153675,418,2.07,et non,yes,no,fragment; loose,,
de toutes,2,3149299,419,1.89,de tout,yes,no,fragment; loose,,
la suite,2,3145860,420,3.86,le suite,yes,no,article + word,,
la femme,2,3144807,421,2.86,le femme,yes,no,article + word; loose,,
d' en,2,3144177,422,-0.69,de en,yes,no,fragment; loose,,
qui était,2,3142376,423,2.03,qui être,yes,no,loose,,
a pas,2,3136792,424,1.49,avoir pas,yes,no,loose,,
je crois,2,3135154,425,6.47,je croire,yes,yes,,,
je veux,2,3134166,426,5.9,je vouloir,yes,yes,,,
je ne sais,3,3133429,427,12.84,je ne savoir,yes,yes,,,
l' ensemble,2,3127190,428,4.22,le ensemble,yes,no,article + word,,
la jeune,2,3121938,429,3.25,le jeune,yes,no,article + word,,
que cette,2,3120415,430,1.94,que ce,yes,no,fragment; loose,,
pour moi,2,3120152,431,3.59,pour moi,yes,yes,,,
et au,2,3117659,432,-0.31,et au,yes,no,fragment; loose,,
pas une,2,3115329,433,0.5,pas un,yes,no,fragment; loose,,
lieu de,2,3114428,434,2.6,lieu de,yes,no,fragment; loose,,
une petite,2,3104231,435,4.88,un petit,yes,no,article + word,,
l' ai,2,3092718,436,1.84,le avoir,yes,no,article + word; loose,,
grâce à,2,3082924,437,4.71,grâce à,yes,no,fragment,,
de nouveau,2,3078083,438,2.47,de nouveau,yes,no,fragment; loose,,
où l',2,3069101,439,1.96,où le,yes,no,fragment; loose,,
qui le,2,3069094,440,-0.68,qui le,yes,no,fragment; loose,,
une femme,2,3067011,441,4.26,un femme,yes,no,article + word,,
ils ont,2,3060684,442,5.21,il avoir,yes,yes,,,
à côté,2,3052497,443,3.76,à côté,yes,yes,,,
au moment,2,3051534,444,5.15,au moment,yes,no,article + word,,
un de,2,3047415,445,-2.56,un de,yes,no,fragment; article + word; loose,,
parmi les,2,3047320,446,4.96,parmi le,yes,no,fragment,,
de l' autre,3,3044320,447,6.62,de le autre,yes,no,fragment,,
la terre,2,3035061,448,3.5,le terrer,yes,no,article + word,,
qui me,2,3031019,449,2.55,qui me,yes,no,fragment; loose,,
la rue,2,3027544,450,4,le rue,yes,no,article + word,,
si tu,2,3025464,451,4.5,si tu,yes,no,,,
les enfants,2,3023289,452,3.97,le enfant,yes,no,article + word,,
sur ses,2,3021036,453,2.85,sur son,yes,no,fragment; loose,,
en train,2,3019200,454,5.62,en train,yes,yes,,,
et moi,2,3017610,455,1.91,et moi,yes,no,fragment; loose,,
la salle,2,3011753,456,4.38,le salle,yes,no,article + word,,
pas encore,2,3006194,457,3.72,pas encore,yes,yes,,,
je me suis,3,2999343,458,13.06,je me être,yes,yes,,,
côté de,2,2997690,459,2.48,côté de,yes,no,fragment; loose,,
quant à,2,2994882,460,5.08,quant à,yes,no,fragment,,
à mon,2,2994633,461,1.84,à mon,yes,no,fragment; loose,,
ou à,2,2987016,462,0.66,ou à,yes,no,fragment; loose,,
est à,2,2986823,463,-1.01,être à,yes,no,fragment; loose,,
l' heure,2,2982692,464,4.39,le heure,yes,no,article + word,,
l' objet,2,2979119,465,4.75,le objet,yes,no,article + word,,
cours de,2,2974793,466,2.82,cours de,yes,no,fragment; loose,,
se trouve,2,2974150,467,6.17,se trouver,yes,yes,,,
envie de,2,2972140,468,3.63,envie de,yes,no,fragment,,
ne lui,2,2971038,469,2.34,ne luire,yes,no,loose,,
que dans,2,2968284,470,0.12,que dans,yes,no,fragment; loose,,
de cet,2,2964094,471,1.83,de ce,yes,no,fragment; loose,,
que je ne,3,2963614,472,7.85,que je ne,yes,no,fragment,,
en l',2,2962012,473,-1.28,en le,yes,no,fragment; loose,,
tant que,2,2960676,474,4.53,tant que,yes,no,fragment,,
une voix,2,2953834,475,4.71,un voix,yes,no,article + word,,
sur ce,2,2948473,476,1.74,sur ce,yes,no,fragment; loose,,
en place,2,2945800,477,3.94,en place,yes,yes,,,
sur sa,2,2936366,478,2.59,sur son,yes,no,fragment; loose,,
même temps,2,2933936,479,5.27,même temps,yes,yes,,,
les gens,2,2933052,480,4.41,le gens,yes,no,article + word,,
mon père,2,2926488,481,7.12,mon père,yes,no,article + word,,
comme des,2,2923802,482,1.32,comme un,yes,no,fragment; loose,,
pas l',2,2918972,483,-0.39,pas le,yes,no,fragment; loose,,
mais la,2,2917863,484,-0.11,mais le,yes,no,fragment; loose,,
à tout,2,2916965,485,0.91,à tout,yes,no,loose,,
elle en,2,2913018,486,0.28,lui en,yes,no,fragment; loose,,
comme la,2,2912772,487,0.22,comme le,yes,no,fragment; loose,,
comme les,2,2910390,488,0.92,comme le,yes,no,fragment; loose,,
des hommes,2,2904964,489,4.11,un homme,yes,no,article + word,,
un moment,2,2895866,490,3.93,un moment,yes,no,article + word,,
si la,2,2894151,491,0.51,si le,yes,no,fragment; loose,,
les mains,2,2886615,492,4.4,le main,yes,no,article + word,,
plus d',2,2872781,493,0.7,plus de,yes,no,fragment; loose,,
qui les,2,2865920,494,-0.49,qui le,yes,no,fragment; loose,,
droit de,2,2855525,495,2.03,droit de,yes,no,fragment; loose,,
en tant,2,2853943,496,4.13,en tant,yes,yes,,,
sont des,2,2853847,497,1.63,être un,yes,no,fragment; loose,,
ou des,2,2842350,498,1.17,ou un,yes,no,fragment; loose,,
après la,2,2838874,499,1.68,après le,yes,no,fragment; loose,,
le cadre,2,2836325,500,4.77,le cadre,yes,no,article + word,,
chez les,2,2835990,501,3.25,chez le,yes,no,fragment,,
ils se,2,2834036,502,2.98,il se,yes,no,fragment; loose,,
que ça,2,2830231,503,3.32,que ça,yes,yes,,,
l' époque,2,2819606,504,4.75,le époque,yes,no,article + word,,
ils ne,2,2816445,505,2.88,il ne,yes,no,fragment; loose,,
l' un des,3,2803606,506,4.92,le un un,yes,no,fragment,,
fait que,2,2802197,507,2.32,faire que,yes,no,fragment; loose,,
le corps,2,2799538,508,3.34,le corps,yes,no,article + word,,
des autres,2,2785594,509,2.78,un autre,yes,no,article + word; loose,,
d' eau,2,2783658,510,4.51,de eau,yes,yes,,,
on se,2,2780614,511,2.28,on se,yes,no,fragment; loose,,
n o,2,2779518,512,,ne o,yes,no,,,
non plus,2,2773269,513,4.14,non plus,yes,yes,,,
et puis,2,2770828,514,2.41,et pouvoir,yes,no,fragment; loose,,
ce moment,2,2769353,515,5.01,ce moment,yes,no,article + word,,
l' espace,2,2764487,516,4.79,le espace,yes,no,article + word,,
ce dernier,2,2764097,517,6.03,ce dernier,yes,no,article + word,,
des deux,2,2757892,518,2.14,un deux,yes,no,article + word; loose,,
coup de,2,2752115,519,2.59,coup de,yes,no,fragment; loose,,
comme il,2,2750781,520,1.3,comme il,yes,no,loose,,
un certain,2,2749417,521,5.62,un certain,yes,no,article + word,,
dans l,2,2747355,522,,dans l,yes,no,,,
la table,2,2746216,523,4.08,le table,yes,no,article + word,,
pas les,2,2744042,524,-0.41,pas le,yes,no,fragment; loose,,
avec son,2,2743321,525,2.45,avec son,yes,no,fragment; loose,,
le jour,2,2742909,526,2.96,le jour,yes,no,article + word; loose,,
dans leur,2,2739936,527,2.54,dans son,yes,no,loose,,
comme l',2,2732974,528,0.77,comme le,yes,no,fragment; loose,,
l' année,2,2730022,529,4.51,le année,yes,no,article + word,,
la vérité,2,2726748,530,4.37,le vérité,yes,no,article + word,,
ce que tu,3,2726358,531,9.62,ce que tu,yes,yes,,,
la mise,2,2717814,532,3.84,le mise,yes,no,article + word,,
du travail,2,2715323,533,4.4,du travail,yes,no,article + word,,
rien de,2,2715022,534,1.22,rien de,yes,no,fragment; loose,,
les femmes,2,2712793,535,4.24,le femme,yes,no,article + word,,
entre le,2,2710405,536,1.79,entrer le,yes,no,fragment; loose,,
e siècle,2,2709962,537,,e siècle,yes,no,,,
de voir,2,2709105,538,1.47,de voir,yes,no,fragment; loose,,
train de,2,2708663,539,3.64,train de,yes,no,fragment,,
mettre en,2,2701218,540,4.6,mettre en,yes,no,fragment,,
bout de,2,2692913,541,3.29,bout de,yes,no,fragment,,
les choses,2,2690132,542,4.18,le chose,yes,no,article + word,,
pour faire,2,2687760,543,3.07,pour faire,yes,yes,,,
de la ville,3,2686905,544,7.53,de le ville,yes,no,fragment,,
et vous,2,2685597,545,0.19,et vous,yes,no,fragment; loose,,
et aux,2,2683723,546,0.92,et aux,yes,no,fragment; loose,,
en particulier,2,2680633,547,5.49,en particulier,yes,yes,,,
dit que,2,2667588,548,2.78,dire que,yes,no,fragment; loose,,
la seule,2,2659344,549,3.37,le seul,yes,no,article + word,,
une bonne,2,2654150,550,4.86,un bon,yes,no,article + word,,
au contraire,2,2647817,551,6.76,au contraire,yes,no,article + word,,
la lumière,2,2642611,552,4.17,le lumière,yes,no,article + word,,
la route,2,2640897,553,4.16,le router,yes,no,article + word,,
de nombreux,2,2640201,554,3.58,de nombreux,yes,no,fragment,,
où les,2,2635532,555,1.81,où le,yes,no,fragment; loose,,
même pas,2,2635132,556,2.42,même pas,yes,no,loose,,
a un,2,2632286,557,0.39,avoir un,yes,no,fragment; loose,,
première fois,2,2628883,558,7.89,première fois,yes,yes,,,
l' impression,2,2625308,559,5.25,le impression,yes,no,article + word,,
l' art,2,2620832,560,3.97,le art,yes,no,article + word,,
et même,2,2618129,561,0.76,et même,yes,no,fragment; loose,,
il l',2,2614636,562,-1.37,il le,yes,no,fragment; loose,,
est l',2,2607327,563,-1.08,être le,yes,no,fragment; loose,,
en même,2,2606733,564,1.49,en même,yes,no,loose,,
histoire de,2,2602010,565,2.1,histoire de,yes,no,fragment; loose,,
la recherche,2,2601198,566,4.01,le recherche,yes,no,article + word,,
ma mère,2,2587089,567,7.63,mon mère,yes,no,article + word,,
en même temps,3,2585087,568,11.28,en même temps,yes,yes,,,
d' après,2,2576531,569,2.69,de après,yes,no,loose,,
la pièce,2,2566318,570,4.28,le pièce,yes,no,article + word,,
la chambre,2,2558217,571,3.55,le chambre,yes,no,article + word,,
que cela,2,2553898,572,3.26,que celer,yes,yes,,,
état de,2,2553752,573,1.92,état de,yes,no,fragment; loose,,
une certaine,2,2552551,574,6.13,un certain,yes,no,article + word,,
et plus,2,2549248,575,-0.29,et plus,yes,no,fragment; loose,,
et par,2,2541303,576,-0.49,et par,yes,no,fragment; loose,,
les jours,2,2539486,577,3.65,le jour,yes,no,article + word,,
que tout,2,2539403,578,1.61,que tout,yes,no,loose,,
pas en,2,2537954,579,-0.15,pas en,yes,no,fragment; loose,,
d' où,2,2535836,580,2.2,de où,yes,no,loose,,
le visage,2,2533787,581,3.98,le visage,yes,no,article + word,,
à Paris,2,2533074,582,,à Paris,no,no,rare word,,
le roi,2,2532989,583,4.09,le roi,yes,no,article + word,,
à peu,2,2532890,584,2.14,à peu,yes,no,loose,,
en train de,3,2524796,585,9.73,en train de,yes,no,fragment,,
son visage,2,2521429,586,6.16,son visage,yes,no,article + word,,
quand on,2,2518931,587,4.65,quand on,yes,yes,,,
ne vous,2,2518242,588,2,ne vous,yes,no,loose,,
à cause,2,2518144,589,4.17,à cause,yes,yes,,,
au fond,2,2505243,590,6.2,au fond,yes,no,article + word,,
l' école,2,2502519,591,4.82,le école,yes,no,article + word,,
car il,2,2497602,592,3.5,car il,yes,yes,,,
la forme,2,2494885,593,3.27,le forme,yes,no,article + word,,
le temps de,3,2492518,594,6.23,le temps de,yes,no,fragment,,
avec lui,2,2486883,595,2.8,avec luire,yes,no,loose,,
de France,2,2486078,596,2.04,de France,no,no,fragment; rare word; loose,,
ne suis,2,2483474,597,4.15,ne être,yes,yes,,,
permet de,2,2481580,598,3.09,permettre de,yes,no,fragment,,
de l' homme,3,2481212,599,6.88,de le homme,yes,no,fragment,,
par rapport,2,2479140,600,5.89,par rapport,yes,yes,,,
l' action,2,2477477,601,4.42,le action,yes,no,article + word,,
moins de,2,2475720,602,1.24,moins de,yes,no,fragment; loose,,
ces deux,2,2475687,603,4.96,ce deux,yes,no,article + word,,
la petite,2,2474173,604,3.12,le petit,yes,no,article + word,,
l' entreprise,2,2474101,605,4.59,le entreprise,yes,no,article + word,,
la première fois,3,2471390,606,12.92,le première fois,yes,yes,,,
en un,2,2462360,607,-1.05,en un,yes,no,fragment; loose,,
si les,2,2461933,608,0.99,si le,yes,no,fragment; loose,,
avec ses,2,2461331,609,3.05,avec son,yes,no,fragment,,
la voix,2,2458440,610,3.01,le voix,yes,no,article + word,,
contre les,2,2453457,611,2.89,contre le,yes,no,fragment; loose,,
même de,2,2452677,612,-0.42,même de,yes,no,fragment; loose,,
forme de,2,2449788,613,2.5,forme de,yes,no,fragment; loose,,
que pour,2,2447547,614,0.11,que pour,yes,no,fragment; loose,,
non seulement,2,2438452,615,7.67,non seulement,yes,yes,,,
très bien,2,2434154,616,5.15,très bien,yes,yes,,,
au bout,2,2433662,617,6.17,au bout,yes,no,article + word,,
le cœur,2,2433090,618,3.44,le cœur,yes,no,article + word,,
une sorte,2,2430266,619,5.28,un sorte,yes,no,article + word,,
se faire,2,2425493,620,3.28,se faire,yes,yes,,,
entre eux,2,2422658,621,7.19,entrer lui,yes,yes,,,
le sens,2,2421871,622,3.14,le sens,yes,no,article + word,,
ou la,2,2419780,623,-0.16,ou le,yes,no,fragment; loose,,
contre le,2,2413981,624,2.58,contre le,yes,no,fragment; loose,,
pour ne,2,2410916,625,0.91,pour ne,yes,no,fragment; loose,,
à la fin,3,2410415,626,8.55,à le fin,yes,yes,,,
a une,2,2402450,627,0.54,avoir un,yes,no,fragment; loose,,
au début,2,2401802,628,6.11,au début,yes,no,article + word,,
au niveau,2,2401113,629,6.09,au niveau,yes,no,article + word,,
je ne suis,3,2400784,630,11.31,je ne être,yes,yes,,,
sorte de,2,2396871,631,3.08,sorte de,yes,no,fragment,,
l' image,2,2395215,632,4.71,le image,yes,no,article + word,,
la personne,2,2390194,633,2.61,le personne,yes,no,article + word; loose,,
de prendre,2,2388186,634,2.15,de prendre,yes,no,fragment; loose,,
où le,2,2383154,635,1.38,où le,yes,no,fragment; loose,,
que sa,2,2383100,636,1.24,que son,yes,no,fragment; loose,,
que d',2,2376534,637,-0.75,que de,yes,no,fragment; loose,,
une telle,2,2373797,638,5.23,un tel,yes,no,article + word,,
l' état,2,2368384,639,3.2,le état,yes,no,article + word,,
ou le,2,2366007,640,0.23,ou le,yes,no,fragment; loose,,
cette fois,2,2363867,641,5.15,ce fois,yes,no,article + word,,
cause de,2,2352546,642,2.81,cause de,yes,no,fragment; loose,,
personne ne,2,2350964,643,4.82,personne ne,yes,no,fragment,,
en cas,2,2350197,644,3.38,en cas,yes,yes,,,
le faire,2,2349804,645,1.33,le faire,yes,no,article + word; loose,,
pour des,2,2342251,646,-0.27,pour un,yes,no,fragment; loose,,
de Paris,2,2341560,647,,de Paris,no,no,fragment; rare word,,
l' auteur,2,2340177,648,4.86,le auteur,yes,no,article + word,,
que l,2,2338006,649,,que l,yes,no,,,
sais pas,2,2335309,650,4.97,savoir pas,yes,yes,,,
les années,2,2332431,651,3.5,le année,yes,no,article + word,,
la réalité,2,2329671,652,3.92,le réalité,yes,no,article + word,,
et à la,3,2329260,653,2.62,et à le,yes,no,fragment; loose,,
la fin de,3,2326344,654,7.24,le fin de,yes,no,fragment,,
à tous,2,2325381,655,1.81,à tout,yes,no,loose,,
mais ce,2,2319085,656,1.85,mais ce,yes,no,fragment; loose,,
eh bien,2,2314808,657,8.47,eh bien,yes,yes,,,
le seul,2,2312118,658,3.32,le seul,yes,no,article + word,,
moment où,2,2311615,659,6.73,moment où,yes,yes,,,
la force,2,2306416,660,3.55,le forcer,yes,no,article + word,,
un regard,2,2305692,661,4.13,un regard,yes,no,article + word,,
la grande,2,2304152,662,2.62,le grand,yes,no,article + word; loose,,
un instant,2,2303627,663,4.9,un instant,yes,no,article + word,,
de suite,2,2300137,664,2.67,de suite,yes,no,fragment; loose,,
des choses,2,2299440,665,4.34,un chose,yes,no,article + word,,
vers l',2,2298045,666,2.4,vers le,yes,no,fragment; loose,,
peu plus,2,2297515,667,4.08,peu plus,yes,yes,,,
sous les,2,2295236,668,2.24,sou le,yes,no,fragment; loose,,
la présence,2,2288633,669,3.89,le présence,yes,no,article + word,,
par son,2,2288534,670,1.64,par son,yes,no,fragment; loose,,
le regard,2,2288131,671,3.39,le regard,yes,no,article + word,,
la liberté,2,2287031,672,4.1,le liberté,yes,no,article + word,,
à fait,2,2282566,673,1.12,à faire,yes,no,loose,,
la population,2,2281976,674,4.62,le population,yes,no,article + word,,
question de,2,2280477,675,2.07,question de,yes,no,fragment; loose,,
point de vue,3,2278619,676,13.32,point de vue,yes,yes,,,
à nouveau,2,2278060,677,3.3,à nouveau,yes,yes,,,
en matière,2,2274731,678,5.27,en matière,yes,yes,,,
un sourire,2,2274334,679,4.93,un sourire,yes,no,article + word,,
en tout,2,2273879,680,1.11,en tout,yes,no,loose,,
tout à fait,3,2273749,681,9.65,tout à faire,yes,yes,,,
la région,2,2272714,682,4.47,le région,yes,no,article + word,,
les trois,2,2272474,683,2.98,le trois,yes,no,article + word; loose,,
le petit,2,2271985,684,2.82,le petit,yes,no,article + word; loose,,
de tous les,3,2269062,685,6.35,de tout le,yes,no,fragment,,
plupart des,2,2268305,686,5.43,plupart un,yes,no,fragment,,
la plupart des,3,2263562,687,10.54,le plupart un,yes,no,fragment,,
je l' ai,3,2263526,688,8.59,je le avoir,yes,yes,,,
le travail,2,2260688,689,2.94,le travail,yes,no,article + word; loose,,
les mêmes,2,2260217,690,4.41,le même,yes,no,article + word,,
à l' intérieur,3,2258999,691,10.19,à le intérieur,yes,yes,,,
ce soit,2,2253813,692,4.36,ce être,yes,no,article + word,,
à ces,2,2250364,693,1.19,à ce,yes,no,fragment; loose,,
un peu plus,3,2248289,694,10.31,un peu plus,yes,yes,,,
pas être,2,2247849,695,2.22,pas être,yes,no,loose,,
où la,2,2246290,696,0.87,où le,yes,no,fragment; loose,,
à chaque,2,2244730,697,3.06,à chaque,yes,yes,,,
quand je,2,2240310,698,3.53,quand je,yes,yes,,,
l' aide,2,2235687,699,4.6,le aide,yes,no,article + word,,
où elle,2,2235283,700,3.09,où lui,yes,yes,,,
le reste,2,2234452,701,3.39,le reste,yes,no,article + word,,
comme ça,2,2234325,702,4.8,comme ça,yes,yes,,,
tout cela,2,2232421,703,5.06,tout celer,yes,yes,,,
la dernière,2,2230579,704,3.82,le dernier,yes,no,article + word,,
dans ces,2,2228128,705,2.36,dans ce,yes,no,fragment; loose,,
l' existence,2,2225543,706,4.78,le existence,yes,no,article + word,,
d' accord,2,2220823,707,5.23,de accord,yes,yes,,,
le moment,2,2218041,708,2.83,le moment,yes,no,article + word; loose,,
l' occasion,2,2216855,709,5.06,le occasion,yes,no,article + word,,
dans le cadre,3,2216650,710,11.23,dans le cadre,yes,no,written style,,
mais les,2,2216158,711,0.2,mais le,yes,no,fragment; loose,,
que ce soit,3,2215948,712,10.87,que ce être,yes,yes,,,
rien à,2,2215671,713,2.18,rien à,yes,no,fragment; loose,,
la mer,2,2209860,714,4.25,le mer,yes,no,article + word,,
et leur,2,2208374,715,0.87,et son,yes,no,fragment; loose,,
idée de,2,2207415,716,2.43,idée de,yes,no,fragment; loose,,
la mise en,3,2207050,717,9.73,le mise en,yes,no,fragment,,
qui en,2,2202556,718,-0.5,qui en,yes,no,fragment; loose,,
entre la,2,2196378,719,1.07,entrer le,yes,no,fragment; loose,,
en a,2,2194956,720,0.06,en avoir,yes,no,loose,,
au lieu,2,2189149,721,5.11,au lieu,yes,no,article + word,,
de quoi,2,2187287,722,2,de quoi,yes,no,fragment; loose,,
suis pas,2,2184859,723,3.73,être pas,yes,yes,,,
vous pouvez,2,2184013,724,7.68,vous pouvoir,yes,yes,,,
quand elle,2,2183801,725,3.64,quand lui,yes,yes,,,
le long,2,2181493,726,3.83,le long,yes,no,article + word,,
à présent,2,2181367,727,4.23,à présent,yes,yes,,,
que ces,2,2180802,728,2.05,que ce,yes,no,fragment; loose,,
le sol,2,2180510,729,4.53,le sol,yes,no,article + word,,
son regard,2,2179872,730,5.51,son regard,yes,no,article + word,,
ou les,2,2179641,731,0.4,ou le,yes,no,fragment; loose,,
un seul,2,2179389,732,3.96,un seul,yes,no,article + word,,
je pense,2,2178099,733,6.15,je penser,yes,yes,,,
pour vous,2,2176802,734,1.52,pour vous,yes,no,loose,,
ce soir,2,2172118,735,5.66,ce soir,yes,no,article + word,,
son corps,2,2171067,736,5.16,son corps,yes,no,article + word,,
contre la,2,2169532,737,2.01,contre le,yes,no,fragment; loose,,
tout ce qui,3,2162041,738,9.22,tout ce qui,yes,yes,,,
mal à,2,2155078,739,3.27,mal à,yes,no,fragment,,
et on,2,2154726,740,-0.09,et on,yes,no,fragment; loose,,
si on,2,2153970,741,3.12,si on,yes,no,,,
du tout,2,2152402,742,1.57,du tout,yes,no,article + word; loose,,
dans ma,2,2150327,743,3.06,dans mon,yes,no,fragment,,
pour être,2,2146181,744,2.13,pour être,yes,no,loose,,
la politique,2,2144736,745,2.8,le politique,yes,no,article + word; loose,,
du droit,2,2143879,746,3.97,du droit,yes,no,article + word,,
des enfants,2,2143176,747,3.86,un enfant,yes,no,article + word,,
à cet,2,2141786,748,2.61,à ce,yes,no,loose,,
ne peux,2,2141069,749,5.93,ne pouvoir,yes,yes,,,
une partie,2,2140469,750,3.95,un partie,yes,no,article + word,,
dans mon,2,2135490,751,2.54,dans mon,yes,no,fragment; loose,,
ne sais pas,3,2129061,752,12.19,ne savoir pas,yes,yes,,,
la pensée,2,2127849,753,3.98,le penser,yes,no,article + word,,
on est,2,2127489,754,1.02,on être,yes,no,loose,,
pas été,2,2126230,755,2.97,pas être,yes,no,loose,,
la langue,2,2125785,756,3.94,le langue,yes,no,article + word,,
dont l',2,2102739,757,2,dont le,yes,no,fragment; written style; loose,,
qui vous,2,2095368,758,1.34,qui vous,yes,no,loose,,
il la,2,2094671,759,-2.34,il le,yes,no,fragment; loose,,
le pouvoir,2,2091379,760,3.11,le pouvoir,yes,no,article + word,,
un air,2,2089500,761,3.96,un air,yes,no,article + word,,
puis il,2,2089132,762,2.83,pouvoir il,yes,no,loose,,
le grand,2,2084296,763,2.41,le grand,yes,no,article + word; loose,,
en revanche,2,2083662,764,6.05,en revanche,yes,yes,,,
que lui,2,2083455,765,1.01,que luire,yes,no,loose,,
qui la,2,2080544,766,-1.66,qui le,yes,no,fragment; loose,,
d' entre,2,2078879,767,2.14,de entrer,yes,no,loose,,
le nombre,2,2077851,768,3.58,le nombre,yes,no,article + word,,
et me,2,2077481,769,0.49,et me,yes,no,fragment; loose,,
cela ne,2,2076743,770,3.78,celer ne,yes,no,fragment,,
des plus,2,2074445,771,0.17,un plus,yes,no,article + word; loose,,
et l,2,2074135,772,,et l,yes,no,fragment,,
raison de,2,2071338,773,2.15,raison de,yes,no,fragment; loose,,
a la,2,2068399,774,-1.11,avoir le,yes,no,fragment; loose,,
plus loin,2,2068352,775,5.62,plus loin,yes,yes,,,
et sur,2,2066350,776,-0.72,et sur,yes,no,fragment; loose,,
sa main,2,2066051,777,5.46,son main,yes,no,article + word,,
je peux,2,2061300,778,5.73,je pouvoir,yes,yes,,,
ou un,2,2061006,779,0.76,ou un,yes,no,fragment; loose,,
ce que vous,3,2058283,780,8.29,ce que vous,yes,yes,,,
en œuvre,2,2057603,781,4.44,en œuvre,yes,yes,,,
elle le,2,2052342,782,-0.88,lui le,yes,no,fragment; loose,,
à le,2,2051227,783,-2.6,à le,yes,no,fragment; loose,,
d' autant,2,2047897,784,4.15,de autant,yes,yes,,,
peuvent être,2,2047383,785,6.68,pouvoir être,yes,yes,,,
la création,2,2043326,786,4.42,le création,yes,no,article + word,,
après le,2,2040916,787,1.62,après le,yes,no,fragment; loose,,
jeune femme,2,2040510,788,8.41,jeune femme,yes,yes,,,
a des,2,2039384,789,-0.03,avoir un,yes,no,fragment; loose,,
a l',2,2036692,790,-0.48,avoir le,yes,no,fragment; loose,,
la raison,2,2035249,791,2.87,le raison,yes,no,article + word; loose,,
la cour,2,2029957,792,3.81,le cour,yes,no,article + word,,
un bon,2,2028231,793,3.6,un bon,yes,no,article + word,,
le ciel,2,2026815,794,4.37,le ciel,yes,no,article + word,,
mis en,2,2025869,795,4.59,mis en,yes,no,fragment,,
il fallait,2,2025114,796,5.3,il falloir,yes,yes,,,
les bras,2,2025046,797,3.71,le bras,yes,no,article + word,,
il le,2,2021248,798,-1.97,il le,yes,no,fragment; loose,,
et surtout,2,2020378,799,3.36,et surtout,yes,no,fragment,,
à vous,2,2019055,800,-0.05,à vous,yes,no,loose,,
avait fait,2,2014992,801,3.72,avoir faire,yes,yes,,,
depuis le,2,2012793,802,2.28,depuis le,yes,no,fragment; loose,,
je dois,2,2010598,803,6.5,je devoir,yes,yes,,,
à propos,2,2007481,804,4.52,à propos,yes,yes,,,
moment de,2,2004688,805,1.51,moment de,yes,no,fragment; loose,,
vous en,2,2003400,806,0.51,vous en,yes,no,fragment; loose,,
d' eux,2,2002368,807,3.57,de lui,yes,yes,,,
vous vous,2,2000924,808,2.42,vous vous,yes,no,loose,,
ce fut,2,2000716,809,4.5,ce être,yes,no,article + word,,
si l' on,3,2000608,810,8.78,si le on,yes,yes,,,
de la société,3,1999608,811,7.39,de le société,yes,no,fragment,,
je ne sais pas,4,1999373,812,19.3,je ne savoir pas,yes,yes,,,
la République,2,1999058,813,,le République,no,no,article + word; rare word,,
des gens,2,1999053,814,4.24,un gens,yes,no,article + word,,
des femmes,2,1999004,815,4.18,un femme,yes,no,article + word,,
le lendemain,2,1998754,816,5.14,le lendemain,yes,no,article + word,,
ça ne,2,1998440,817,3.63,ça ne,yes,no,fragment,,
devant la,2,1995783,818,2.28,devant le,yes,no,fragment; loose,,
l' argent,2,1995003,819,4.45,le argent,yes,no,article + word,,
et ils,2,1989373,820,0.48,et il,yes,no,fragment; loose,,
tu veux,2,1988164,821,7.08,tu vouloir,yes,yes,,,
encore plus,2,1987418,822,3.72,encore plus,yes,yes,,,
pour nous,2,1987147,823,1.52,pour nous,yes,no,loose,,
au point,2,1982744,824,4.42,au point,yes,no,article + word,,
sous l',2,1981434,825,1.97,sou le,yes,no,fragment; loose,,
est très,2,1980964,826,2.61,être très,yes,no,loose,,
de nombreuses,2,1980631,827,3.68,de nombreux,yes,no,fragment,,
pas du,2,1980472,828,0.02,pas du,yes,no,fragment; loose,,
se mit,2,1979903,829,6.76,se mettre,yes,yes,,,
par ailleurs,2,1978321,830,5.27,par ailleurs,yes,yes,,,
beaucoup plus,2,1974114,831,5.07,beaucoup plus,yes,yes,,,
en tant que,3,1970867,832,10.13,en tant que,yes,no,fragment,,
que si,2,1970552,833,1.38,que si,yes,no,loose,,
l' entrée,2,1969761,834,4.48,le entrée,yes,no,article + word,,
la journée,2,1969639,835,4.13,le journée,yes,no,article + word,,
à qui,2,1969284,836,-1.23,à qui,yes,no,loose,,
du pays,2,1968494,837,3.91,du pays,yes,no,article + word,,
un nouveau,2,1967852,838,3.72,un nouveau,yes,no,article + word,,
en fonction,2,1964662,839,4.78,en fonction,yes,yes,,,
le soir,2,1957129,840,3.64,le soir,yes,no,article + word,,
la cuisine,2,1956197,841,4.29,le cuisine,yes,no,article + word,,
la valeur,2,1953859,842,3.68,le valeur,yes,no,article + word,,
la parole,2,1948560,843,4.15,le parole,yes,no,article + word,,
ce pas,2,1947846,844,0.68,ce pas,yes,no,article + word; loose,,
le plan,2,1944642,845,3.89,le plan,yes,no,article + word,,
le jeune,2,1943051,846,2.98,le jeune,yes,no,article + word; loose,,
en est,2,1941558,847,-1.07,en être,yes,no,loose,,
du corps,2,1938133,848,4,du corps,yes,no,article + word,,
la mesure,2,1934896,849,3.48,le mesure,yes,no,article + word,,
le point,2,1929190,850,2.52,le point,yes,no,article + word; loose,,
du moins,2,1928278,851,3.23,du moins,yes,no,article + word,,
et sans,2,1928141,852,0.8,et sans,yes,no,fragment; loose,,
ma vie,2,1923928,853,6.17,mon vie,yes,no,article + word,,
d' une voix,3,1922019,854,10.36,de un voix,yes,yes,,,
était un,2,1919957,855,0.62,être un,yes,no,fragment; loose,,
est d',2,1919496,856,-1.01,être de,yes,no,fragment; loose,,
à l' autre,3,1919114,857,7.21,à le autre,yes,yes,,,
faire un,2,1916995,858,1.76,faire un,yes,no,fragment; loose,,
la bouche,2,1912696,859,3.93,le bouche,yes,no,article + word,,
venait de,2,1911818,860,3.27,venir de,yes,no,fragment,,
d' aller,2,1911291,861,4.13,de aller,yes,yes,,,
une part,2,1910899,862,3.81,un part,yes,no,article + word,,
pas pour,2,1909602,863,0.33,pas pour,yes,no,fragment; loose,,
jeune homme,2,1907929,864,7.66,jeune homme,yes,yes,,,
à deux,2,1907922,865,1.02,à deux,yes,no,loose,,
à me,2,1907319,866,0.54,à me,yes,no,fragment; loose,,
en la,2,1906183,867,-2.56,en le,yes,no,fragment; loose,,
le dos,2,1904087,868,4.51,le dos,yes,no,article + word,,
la mère,2,1899918,869,2.36,le mère,yes,no,article + word; loose,,
de ceux,2,1899464,870,1.58,de celui,yes,no,fragment; loose,,
besoin d',2,1898759,871,4.01,besoin de,yes,no,fragment,,
de savoir,2,1897626,872,2.01,de savoir,yes,no,fragment; loose,,
vous le,2,1897087,873,-0.23,vous le,yes,no,fragment; loose,,
la Cour,2,1894846,874,,le Cour,no,no,article + word; rare word,,
à ma,2,1894442,875,1.68,à mon,yes,no,fragment; loose,,
pour me,2,1890408,876,1.99,pour me,yes,no,fragment; loose,,
un mot,2,1890213,877,4.48,un mot,yes,no,article + word,,
l' origine,2,1888479,878,4.5,le origine,yes,no,article + word,,
une sorte de,3,1884790,879,9.28,un sorte de,yes,no,fragment,,
a eu,2,1880716,880,5.07,avoir avoir,yes,yes,,,
est plus,2,1878909,881,0.4,être plus,yes,no,loose,,
être un,2,1874709,882,1.11,être un,yes,no,fragment; loose,,
sa femme,2,1872012,883,5.26,son femme,yes,no,article + word,,
plus ou,2,1871218,884,2.06,plus ou,yes,no,fragment; loose,,
ou moins,2,1871146,885,4.71,ou moins,yes,yes,,,
la part,2,1866998,886,2.35,le part,yes,no,article + word; loose,,
le développement,2,1865985,887,3.88,le développement,yes,no,article + word,,
que par,2,1865042,888,0.14,que par,yes,no,fragment; loose,,
la culture,2,1864401,889,4.03,le culture,yes,no,article + word,,
la partie,2,1862244,890,2.31,le partie,yes,no,article + word; loose,,
loin de,2,1861257,891,2.14,loin de,yes,no,fragment; loose,,
se fait,2,1860308,892,2.64,se faire,yes,no,loose,,
pour ce,2,1859404,893,0.59,pour ce,yes,no,fragment; loose,,
avant d',2,1858300,894,2.53,avant de,yes,no,fragment; loose,,
un peu de,3,1857907,895,6.7,un peu de,yes,no,fragment,,
le rôle,2,1857537,896,3.97,le rôle,yes,no,article + word,,
aussi bien,2,1857055,897,4.32,aussi bien,yes,yes,,,
de Saint,2,1853906,898,,de Saint,no,no,fragment; rare word,,
le père,2,1849544,899,2.56,le père,yes,no,article + word; loose,,
le système,2,1848342,900,3.74,le système,yes,no,article + word,,
avec sa,2,1848257,901,2.41,avec son,yes,no,fragment; loose,,
se trouvait,2,1847432,902,6.84,se trouver,yes,yes,,,
pour ne pas,3,1847241,903,7.64,pour ne pas,yes,yes,,,
qui fait,2,1846564,904,2.15,qui faire,yes,no,loose,,
tu sais,2,1846225,905,6.56,tu savoir,yes,yes,,,
non pas,2,1844907,906,2.95,non pas,yes,no,loose,,
ne suis pas,3,1843918,907,10.83,ne être pas,yes,yes,,,
ou encore,2,1839230,908,4.16,ou encore,yes,yes,,,
à moi,2,1835527,909,1.37,à moi,yes,no,loose,,
au plus,2,1834862,910,1.18,au plus,yes,no,article + word; loose,,
tout de suite,3,1834042,911,10.88,tout de suite,yes,yes,,,
ou l',2,1832943,912,0.09,ou le,yes,no,fragment; loose,,
pas dans,2,1832824,913,0,pas dans,yes,no,fragment; loose,,
de pouvoir,2,1831250,914,1.75,de pouvoir,yes,no,fragment; loose,,
des personnes,2,1831008,915,4.03,un personne,yes,no,article + word,,
plus grand,2,1830276,916,4.39,plus grand,yes,yes,,,
son fils,2,1827595,917,5.61,son fils,yes,no,article + word,,
un ton,2,1827029,918,3.65,un ton,yes,no,fragment; article + word,,
je ne suis pas,4,1825030,919,18.02,je ne être pas,yes,yes,,,
chaque fois,2,1824667,920,7.27,chaque fois,yes,yes,,,
fin du,2,1820789,921,4.13,fin du,yes,no,fragment,,
la musique,2,1816548,922,4.22,le musique,yes,no,article + word,,
de quelques,2,1815573,923,0.87,de quelque,yes,no,fragment; loose,,
de l' État,3,1813101,924,,de le État,no,no,fragment; rare word,,
dès lors,2,1811300,925,9.46,dès lors,yes,yes,,,
la direction,2,1810707,926,3.73,le direction,yes,no,article + word,,
plus ou moins,3,1809700,927,12.37,plus ou moins,yes,yes,,,
et tout,2,1802513,928,0.04,et tout,yes,no,fragment; loose,,
tant de,2,1801218,929,1.65,tant de,yes,no,fragment; loose,,
dans le monde,3,1797960,930,8.8,dans le monde,yes,yes,,,
au cours de,3,1797733,931,9.49,au cours de,yes,no,fragment,,
l' expérience,2,1795570,932,4.45,le expérience,yes,no,article + word,,
la nouvelle,2,1793990,933,2.75,le nouveau,yes,no,article + word; loose,,
les conditions,2,1791275,934,4.41,le condition,yes,no,article + word,,
milieu de,2,1790572,935,2.61,milieu de,yes,no,fragment; loose,,
peu à,2,1789997,936,1.64,peu à,yes,no,fragment; loose,,
du mal,2,1787310,937,4.1,du mal,yes,no,article + word,,
l' armée,2,1784818,938,4.81,le armée,yes,no,article + word,,
l' être,2,1784606,939,0.54,le être,yes,no,article + word; loose,,
mais l',2,1783515,940,-0.18,mais le,yes,no,fragment; loose,,
fond de,2,1781679,941,2.68,fond de,yes,no,fragment; loose,,
que ses,2,1780920,942,1.04,que son,yes,no,fragment; loose,,
auprès de,2,1780888,943,3.33,auprès de,yes,no,fragment,,
le pays,2,1780758,944,2.58,le pays,yes,no,article + word; loose,,
niveau de,2,1780072,945,2.63,niveau de,yes,no,fragment; loose,,
des droits,2,1777178,946,4.78,un droit,yes,no,article + word,,
de mettre,2,1775295,947,2.17,de mettre,yes,no,fragment; loose,,
d' y,2,1772211,948,1.1,de y,yes,no,loose,,
peut pas,2,1771514,949,2.47,pouvoir pas,yes,no,loose,,
tout ce que,3,1768775,950,8.5,tout ce que,yes,no,fragment,,
l' œuvre,2,1766208,951,3.79,le œuvre,yes,no,article + word,,
lui a,2,1766132,952,1.77,luire avoir,yes,no,loose,,
que je suis,3,1765497,953,10.04,que je être,yes,yes,,,
ou non,2,1764948,954,4.03,ou non,yes,yes,,,
rapport à,2,1764534,955,3.52,rapport à,yes,no,fragment,,
début de,2,1761691,956,2.63,début de,yes,no,fragment; loose,,
la police,2,1759694,957,4.22,le police,yes,no,article + word,,
est donc,2,1759495,958,2.9,être donc,yes,no,loose,,
le choix,2,1758782,959,3.94,le choix,yes,no,article + word,,
en général,2,1756139,960,4.09,en général,yes,yes,,,
ou en,2,1755167,961,0.46,ou en,yes,no,fragment; loose,,
au cœur,2,1751475,962,4.83,au cœur,yes,no,article + word,,
en face,2,1749405,963,3.9,en face,yes,yes,,,
ou bien,2,1748552,964,3.09,ou bien,yes,yes,,,
dessus de,2,1745241,965,2.41,dessus de,yes,no,fragment; loose,,
d' œil,2,1744342,966,4.84,de œil,yes,yes,,,
la voiture,2,1744187,967,3.8,le voiture,yes,no,article + word,,
dans lequel,2,1742129,968,5.22,dans lequel,yes,no,written style,,
un tel,2,1741804,969,4.46,un tel,yes,no,article + word,,
plus grande,2,1741447,970,4.81,plus grand,yes,yes,,,
de ce que,3,1741429,971,4.31,de ce que,yes,no,fragment,,
pas plus,2,1741390,972,0.82,pas plus,yes,no,loose,,
à voir,2,1737788,973,2.08,à voir,yes,no,loose,,
jeune fille,2,1736800,974,8.94,jeune fille,yes,yes,,,
devant le,2,1736488,975,2.5,devant le,yes,no,fragment; loose,,
l' Église,2,1736355,976,,le Église,no,no,article + word; rare word,,
part de,2,1735685,977,1.5,part de,yes,no,fragment; loose,,
de l' eau,3,1735211,978,7.69,de le eau,yes,no,fragment,,
se passe,2,1733125,979,5.75,se passe,yes,yes,,,
du fait,2,1732834,980,1.82,du faire,yes,no,article + word; loose,,
l' âge,2,1732522,981,4.19,le âge,yes,no,article + word,,
de nouvelles,2,1729628,982,2.84,de nouveau,yes,no,fragment; loose,,
était en,2,1728816,983,0.4,être en,yes,no,fragment; loose,,
tous les jours,3,1727337,984,12.87,tout le jour,yes,yes,,,
l' expression,2,1726387,985,4.52,le expression,yes,no,article + word,,
salle de,2,1725629,986,2.84,salle de,yes,no,fragment; loose,,
ses bras,2,1725184,987,6.13,son bras,yes,no,article + word,,
ils étaient,2,1724885,988,5.31,il être,yes,yes,,,
ses mains,2,1723674,989,6.31,son main,yes,no,article + word,,
le mot,2,1721039,990,3.62,le mot,yes,no,article + word,,
plus à,2,1720554,991,-0.68,plus à,yes,no,fragment; loose,,
elles sont,2,1719452,992,5.2,lui être,yes,yes,,,
les premiers,2,1718383,993,4.8,le premier,yes,no,article + word,,
une de,2,1718293,994,-3.1,un de,yes,no,fragment; article + word; loose,,
l' absence,2,1716054,995,4.88,le absence,yes,no,article + word,,
à ce que,3,1715339,996,5.55,à ce que,yes,no,fragment,,
elle lui,2,1715079,997,1.54,lui luire,yes,no,loose,,
le soleil,2,1714266,998,4.14,le soleil,yes,no,article + word,,
à notre,2,1710566,999,2.04,à notre,yes,no,loose,,
fois que,2,1710341,1000,2.65,fois que,yes,no,fragment; loose,,
parler de,2,1710213,1001,2.14,parler de,yes,no,fragment; loose,,
plus tôt,2,1707753,1002,6.87,plus tôt,yes,yes,,,
rien ne,2,1706959,1003,3.53,rien ne,yes,no,fragment,,
coup d',2,1706025,1004,3.8,coup de,yes,no,fragment,,
il nous,2,1705549,1005,0.49,il nous,yes,no,loose,,
comme on,2,1705468,1006,2.48,comme on,yes,no,loose,,
moyen de,2,1705330,1007,2.74,moyen de,yes,no,fragment; loose,,
à leurs,2,1705319,1008,1.72,à leurs,yes,no,loose,,
a dit,2,1705072,1009,3.13,avoir dire,yes,yes,,,
selon les,2,1702461,1010,3.2,selon le,yes,no,fragment,,
je ne peux,3,1701690,1011,12.8,je ne pouvoir,yes,yes,,,
nous a,2,1701058,1012,1.74,nous avoir,yes,no,loose,,
ne peut pas,3,1700085,1013,9.77,ne pouvoir pas,yes,yes,,,
à laquelle,2,1699276,1014,3.46,à lequel,yes,no,written style,,
même que,2,1698247,1015,1.21,même que,yes,no,fragment; loose,,
la production,2,1692953,1016,4.01,le production,yes,no,article + word,,
avant que,2,1692573,1017,2.66,avant que,yes,no,fragment; loose,,
lui et,2,1692467,1018,-0.37,luire et,yes,no,fragment; loose,,
pour elle,2,1691899,1019,0.39,pour lui,yes,no,loose,,
de ce qui,3,1691213,1020,4.7,de ce qui,yes,no,fragment,,
le gouvernement,2,1689330,1021,4.18,le gouvernement,yes,no,article + word,,
homme qui,2,1688123,1022,3.16,homme qui,yes,yes,,,
est bien,2,1688012,1023,1.36,être bien,yes,no,loose,,
l' âme,2,1685477,1024,4.41,le âme,yes,no,article + word,,
la fin du,3,1684795,1025,9.13,le fin du,yes,no,fragment,,
le chemin,2,1683614,1026,4,le chemin,yes,no,article + word,,
vie de,2,1683435,1027,0.41,vie de,yes,no,fragment; loose,,
quand même,2,1679165,1028,4.63,quand même,yes,yes,,,
on le,2,1679088,1029,-0.36,on le,yes,no,fragment; loose,,
elle l',2,1677960,1030,-0.95,lui le,yes,no,fragment; loose,,
l' une des,3,1677332,1031,4.47,le un un,yes,no,fragment,,
la notion,2,1673128,1032,4.64,le notion,yes,no,article + word,,
ce qui se,3,1673056,1033,7.76,ce qui se,yes,no,fragment,,
tout au,2,1672273,1034,1.87,tout au,yes,no,fragment; loose,,
les pays,2,1670194,1035,2.77,le pays,yes,no,article + word; loose,,
sa propre,2,1668738,1036,6.24,son propre,yes,no,article + word,,
une personne,2,1667760,1037,3.52,un personne,yes,no,article + word,,
des yeux,2,1667726,1038,2.8,un oeil,yes,no,article + word; loose,,
la manière,2,1667564,1039,2.77,le manière,yes,no,article + word; loose,,
à votre,2,1667394,1040,2.13,à votre,yes,no,loose,,
une seule,2,1667328,1041,4.13,un seul,yes,no,article + word,,
le sujet,2,1667054,1042,3.51,le sujet,yes,no,article + word,,
of the,2,1666085,1043,,of the,yes,no,,,
en cas de,3,1665176,1044,7.26,en cas de,yes,no,fragment,,
faire de,2,1665082,1045,-0.34,faire de,yes,no,fragment; loose,,
en outre,2,1662747,1046,5.23,en outre,yes,yes,,,
de celui,2,1661949,1047,0.96,de celui,yes,no,fragment; loose,,
par sa,2,1658857,1048,1.7,par son,yes,no,fragment; loose,,
long de,2,1657813,1049,2.26,long de,yes,no,fragment; loose,,
les mots,2,1657032,1050,3.84,le mot,yes,no,article + word,,
la qualité,2,1655950,1051,3.77,le qualité,yes,no,article + word,,
plus souvent,2,1655590,1052,4.88,plus souvent,yes,yes,,,
la fenêtre,2,1653465,1053,4.57,le fenêtre,yes,no,article + word,,
la base,2,1651080,1054,3.74,le base,yes,no,article + word,,
on ne peut,3,1647561,1055,10.77,on ne pouvoir,yes,yes,,,
ne serait,2,1646966,1056,4.62,ne être,yes,yes,,,
et bien,2,1646227,1057,0.2,et bien,yes,no,fragment; loose,,
à être,2,1646150,1058,0.29,à être,yes,no,loose,,
et leurs,2,1645108,1059,1.5,et leurs,yes,no,fragment; loose,,
et d,2,1644861,1060,,et d,yes,no,fragment,,
ils avaient,2,1643233,1061,5.71,il avoir,yes,yes,,,
de chaque,2,1641049,1062,1.35,de chaque,yes,no,fragment; loose,,
la bonne,2,1639644,1063,2.73,le bon,yes,no,article + word; loose,,
la seconde,2,1636299,1064,3.77,le seconde,yes,no,article + word,,
l' instant,2,1633699,1065,3.9,le instant,yes,no,article + word,,
autre part,2,1633364,1066,6.72,autre part,yes,yes,,,
le nom de,3,1633174,1067,7.2,le nom de,yes,no,fragment,,
il peut,2,1631423,1068,1.53,il pouvoir,yes,no,loose,,
la scène,2,1630845,1069,3.79,le scène,yes,no,article + word,,
au monde,2,1630132,1070,3.71,au monde,yes,no,article + word,,
ou une,2,1627546,1071,0.7,ou un,yes,no,fragment; loose,,
en raison,2,1627439,1072,3.62,en raison,yes,yes,,,
mais en,2,1627282,1073,0.12,mais en,yes,no,fragment; loose,,
mit à,2,1626591,1074,4.66,mettre à,yes,no,fragment,,
sur lui,2,1626583,1075,1.7,sur luire,yes,no,loose,,
que celui,2,1625963,1076,3.09,que celui,yes,yes,,,
après l',2,1625443,1077,1.52,après le,yes,no,fragment; loose,,
le problème,2,1624285,1078,3.95,le problème,yes,no,article + word,,
chose de,2,1622104,1079,1.09,chose de,yes,no,fragment; loose,,
si nous,2,1621602,1080,2.8,si nous,yes,no,loose,,
capable de,2,1621564,1081,3.73,capable de,yes,no,fragment,,
compte de,2,1619981,1082,1.67,compte de,yes,no,fragment; loose,,
pour la première,3,1617957,1083,9.26,pour le première,yes,yes,,,
la possibilité,2,1617914,1084,4.52,le possibilité,yes,no,article + word,,
l' organisation,2,1617168,1085,4.46,le organisation,yes,no,article + word,,
sa tête,2,1616355,1086,4.9,son tête,yes,no,article + word,,
à cause de,3,1615762,1087,7.9,à cause de,yes,no,fragment,,
ensemble des,2,1614841,1088,3.72,ensemble un,yes,no,fragment,,
mais qui,2,1611830,1089,0.88,mais qui,yes,no,loose,,
du roi,2,1611824,1090,4.63,du roi,yes,no,article + word,,
ce genre,2,1610703,1091,5.89,ce genre,yes,no,article + word,,
tu me,2,1610286,1092,3.71,tu me,yes,no,fragment,,
l' effet,2,1608514,1093,2.85,le effet,yes,no,article + word; loose,,
autre chose,2,1607853,1094,6.39,autre chose,yes,yes,,,
et tu,2,1607612,1095,0.37,et tu,yes,no,fragment; loose,,
comme dans,2,1606306,1096,1.06,comme dans,yes,no,fragment; loose,,
le silence,2,1606154,1097,3.96,le silence,yes,no,article + word,,
pas ce,2,1603080,1098,0.4,pas ce,yes,no,fragment; loose,,
bien plus,2,1602044,1099,2.41,bien plus,yes,no,loose,,
de trois,2,1601822,1100,1.02,de trois,yes,no,fragment; loose,,
un point,2,1601362,1101,2.97,un point,yes,no,article + word; loose,,
sein de,2,1600658,1102,3.03,sein de,yes,no,fragment,,
l' Europe,2,1598449,1103,4.45,le Europe,no,no,article + word; rare word,,
de soi,2,1596219,1104,2.88,de soi,yes,no,fragment; loose,,
les personnes,2,1596071,1105,3.44,le personne,yes,no,article + word,,
je la,2,1595943,1106,-1.81,je le,yes,no,fragment; loose,,
cœur de,2,1595887,1107,1.67,cœur de,yes,no,fragment; loose,,
une main,2,1592251,1108,3.37,un main,yes,no,article + word,,
je les,2,1591205,1109,-1.1,je le,yes,no,fragment; loose,,
on y,2,1591103,1110,2.83,on y,yes,no,loose,,
fonction de,2,1590585,1111,2.65,fonction de,yes,no,fragment; loose,,
il pas,2,1590526,1112,-0.74,il pas,yes,no,loose,,
cet homme,2,1589346,1113,6.8,ce homme,yes,no,article + word,,
tous ces,2,1587300,1114,4.82,tout ce,yes,no,fragment,,
son nom,2,1585702,1115,4.98,son nom,yes,no,article + word,,
de La,2,1582680,1116,,de La,no,no,fragment; rare word,,
de la maison,3,1581178,1117,6.7,de le maison,yes,no,fragment,,
ce jour,2,1580036,1118,4.03,ce jour,yes,no,article + word,,
ce point,2,1577042,1119,4.1,ce point,yes,no,article + word,,
la paix,2,1576901,1120,4.15,le paix,yes,no,article + word,,
le début,2,1575198,1121,3.64,le début,yes,no,article + word,,
son cœur,2,1573244,1122,5.01,son cœur,yes,no,article + word,,
absence de,2,1571286,1123,3.36,absence de,yes,no,fragment,,
se mit à,3,1568919,1124,12.05,se mettre à,yes,no,fragment,,
toute l',2,1568793,1125,1.94,toute le,yes,no,fragment; loose,,
l' île,2,1568145,1126,4.99,le île,yes,no,article + word,,
à elle,2,1567285,1127,-1.18,à lui,yes,no,loose,,
faut que,2,1563198,1128,3.17,falloir que,yes,no,fragment,,
est aussi,2,1562943,1129,1.82,être aussi,yes,no,loose,,
que nous avons,3,1562076,1130,12.07,que nous avoir,yes,yes,,,
mort de,2,1560384,1131,1.53,mort de,yes,no,fragment; loose,,
ensemble de,2,1559641,1132,1.83,ensemble de,yes,no,fragment; loose,,
pour son,2,1559260,1133,0.66,pour son,yes,no,fragment; loose,,
peut se,2,1558566,1134,2.63,pouvoir se,yes,no,fragment; loose,,
à côté de,3,1558355,1135,7.16,à côté de,yes,no,fragment,,
un enfant,2,1556948,1136,3.58,un enfant,yes,no,article + word,,
de toutes les,3,1556125,1137,6.7,de tout le,yes,no,fragment,,
la peine,2,1556083,1138,2.96,le peiner,yes,no,article + word; loose,,
toutes ces,2,1555879,1139,5.69,tout ce,yes,no,fragment,,
crois que,2,1554447,1140,4.78,croire que,yes,no,fragment,,
mais à,2,1554359,1141,-0.51,mais à,yes,no,fragment; loose,,
autant que,2,1553691,1142,4.02,autant que,yes,no,fragment,,
où je,2,1552393,1143,2.42,où je,yes,no,loose,,
avec moi,2,1551626,1144,3.56,avec moi,yes,yes,,,
genre de,2,1550376,1145,2.8,genre de,yes,no,fragment; loose,,
faire des,2,1550308,1146,1.4,faire un,yes,no,fragment; loose,,
ce serait,2,1549472,1147,4.59,ce être,yes,no,article + word,,
il existe,2,1547747,1148,4.78,il exister,yes,yes,,,
de là,2,1546458,1149,0.12,de là,yes,no,fragment; loose,,
la construction,2,1545474,1150,4.25,le construction,yes,no,article + word,,
l' affaire,2,1545101,1151,4.3,le affaire,yes,no,article + word,,
là où,2,1544231,1152,5.13,là où,yes,yes,,,
ce cas,2,1542329,1153,3.99,ce cas,yes,no,article + word,,
avec elle,2,1540186,1154,1.23,avec lui,yes,no,loose,,
fils de,2,1537897,1155,2,fils de,yes,no,fragment; loose,,
sur cette,2,1536498,1156,1.96,sur ce,yes,no,fragment; loose,,
qui peut,2,1534536,1157,2.12,qui pouvoir,yes,no,loose,,
la formation,2,1533518,1158,3.78,le formation,yes,no,article + word,,
en une,2,1533515,1159,-1.44,en un,yes,no,fragment; loose,,
ne nous,2,1532309,1160,1.41,ne nous,yes,no,loose,,
New York,2,1531251,1161,,New York,no,no,rare word,,
le texte,2,1529875,1162,3.86,le texte,yes,no,article + word,,
au lieu de,3,1527585,1163,8.97,au lieu de,yes,no,fragment,,
à quoi,2,1527126,1164,2.74,à quoi,yes,no,loose,,
le principe,2,1526769,1165,4.01,le principe,yes,no,article + word,,
tout cas,2,1526206,1166,5.1,tout cas,yes,yes,,,
autant plus,2,1525958,1167,5.17,autant plus,yes,yes,,,
ne peuvent,2,1525949,1168,4.87,ne pouvoir,yes,yes,,,
nous étions,2,1525040,1169,7.96,nous être,yes,yes,,,
à nous,2,1524511,1170,-0.32,à nous,yes,no,loose,,
les épaules,2,1522845,1171,4.99,le épauler,yes,no,article + word,,
pour la première fois,4,1521249,1172,19.31,pour le première fois,yes,yes,,,
pendant la,2,1520636,1173,2,pendant le,yes,no,fragment; loose,,
la jeune femme,3,1520208,1174,13.1,le jeune femme,yes,yes,,,
pas seulement,2,1519115,1175,4.33,pas seulement,yes,yes,,,
son mari,2,1518689,1176,6.59,son mari,yes,no,article + word,,
de dire,2,1517801,1177,0.47,de dire,yes,no,fragment; loose,,
en tout cas,3,1517198,1178,11.28,en tout cas,yes,yes,,,
à l' heure,3,1513979,1179,9.04,à le heure,yes,yes,,,
à l' époque,3,1513639,1180,9.48,à le époque,yes,yes,,,
faire une,2,1513018,1181,1.7,faire un,yes,no,fragment; loose,,
en réalité,2,1512114,1182,4.38,en réalité,yes,yes,,,
l' intérêt,2,1511860,1183,4.09,le intérêt,yes,no,article + word,,
depuis la,2,1509797,1184,1.45,depuis le,yes,no,fragment; loose,,
chef de,2,1509290,1185,2.58,chef de,yes,no,fragment; loose,,
la volonté,2,1509090,1186,3.86,le volonté,yes,no,article + word,,
entre l',2,1507437,1187,1.17,entrer le,yes,no,fragment; loose,,
sens de,2,1506569,1188,1.29,sens de,yes,no,fragment; loose,,
droits de,2,1503275,1189,2.7,droit de,yes,no,fragment; loose,,
pendant que,2,1503193,1190,3.4,pendant que,yes,no,fragment,,
direction de,2,1502876,1191,2.72,direction de,yes,no,fragment; loose,,
la demande,2,1501290,1192,2.76,le demande,yes,no,article + word; loose,,
le droit de,3,1500621,1193,6.64,le droit de,yes,no,fragment,,
d' argent,2,1500067,1194,4.55,de argent,yes,yes,,,
à la maison,3,1499400,1195,7.88,à le maison,yes,yes,,,
où se,2,1497829,1196,2.62,où se,yes,no,fragment; loose,,
au sein de,3,1497785,1197,10.33,au sein de,yes,no,fragment; written style,,
où l' on,3,1497346,1198,9.08,où le on,yes,yes,,,
centre de,2,1497046,1199,2.5,centre de,yes,no,fragment; loose,,
sont en,2,1496774,1200,0.68,être en,yes,no,fragment; loose,,
hors de,2,1496064,1201,3.08,hors de,yes,no,fragment,,
vient de,2,1495518,1202,2.5,venir de,yes,no,fragment; loose,,
type de,2,1494952,1203,2.55,typer de,yes,no,fragment; loose,,
mais pas,2,1494110,1204,0.92,mais pas,yes,no,loose,,
lui aussi,2,1490804,1205,3.39,luire aussi,yes,yes,,,
le dernier,2,1490749,1206,3.27,le dernier,yes,no,article + word,,
il va,2,1490475,1207,2.98,il aller,yes,no,loose,,
plutôt que,2,1487105,1208,4.27,plutôt que,yes,no,fragment,,
jour de,2,1485329,1209,0.91,jour de,yes,no,fragment; loose,,
de la même,3,1484589,1210,3.97,de le même,yes,no,fragment,,
du jour,2,1483118,1211,3.26,du jour,yes,no,article + word,,
il fait,2,1482755,1212,1.15,il faire,yes,no,loose,,
et dont,2,1482125,1213,1.19,et dont,yes,no,fragment; written style; loose,,
son frère,2,1481909,1214,6.08,son frère,yes,no,article + word,,
avait pas,2,1481589,1215,1.28,avoir pas,yes,no,loose,,
vue de,2,1479928,1216,1.86,vue de,yes,no,fragment; loose,,
l' avenir,2,1479321,1217,4.86,le avenir,yes,no,article + word,,
le chef,2,1473519,1218,3.72,le chef,yes,no,article + word,,
une heure,2,1471652,1219,4.16,un heure,yes,no,article + word,,
ne veux,2,1470957,1220,4.96,ne vouloir,yes,yes,,,
fait un,2,1470454,1221,1.12,faire un,yes,no,fragment; loose,,
dès le,2,1469224,1222,2.86,dès le,yes,no,fragment; loose,,
de vivre,2,1468693,1223,2.66,de vivre,yes,no,fragment; loose,,
le domaine,2,1468339,1224,4.27,le domaine,yes,no,article + word,,
sa voix,2,1467923,1225,5.41,son voix,yes,no,article + word,,
le bras,2,1467809,1226,2.96,le bras,yes,no,article + word; loose,,
en dehors,2,1466054,1227,5.05,en dehors,yes,yes,,,
de l' histoire,3,1465790,1228,7.03,de le histoire,yes,no,fragment,,
dans notre,2,1464952,1229,3.01,dans notre,yes,no,,,
quelque chose de,3,1463636,1230,11.96,quelque chose de,yes,no,fragment,,
a de,2,1463532,1231,-2.35,avoir de,yes,no,fragment; loose,,
pour en,2,1462536,1232,-0.97,pour en,yes,no,fragment; loose,,
la justice,2,1461275,1233,3.83,le justice,yes,no,article + word,,
nous allons,2,1461174,1234,7.29,nous aller,yes,yes,,,
d' or,2,1461023,1235,4.04,de or,yes,yes,,,
on l',2,1459786,1236,-0.34,on le,yes,no,fragment; loose,,
ce que nous,3,1459557,1237,7.92,ce que nous,yes,yes,,,
en compte,2,1457525,1238,3.34,en compte,yes,yes,,,
chez lui,2,1457082,1239,4.68,chez luire,yes,yes,,,
dans tous,2,1456270,1240,2.32,dans tout,yes,no,loose,,
la différence,2,1456224,1241,4.33,le différence,yes,no,article + word,,
par rapport à,3,1454745,1242,10.75,par rapport à,yes,no,fragment,,
de celle,2,1454529,1243,0.98,de celui,yes,no,fragment; loose,,
de la loi,3,1454067,1244,7.09,de le loi,yes,no,fragment,,
la veille,2,1451754,1245,4.68,le veille,yes,no,article + word,,
ou du,2,1451397,1246,0.72,ou du,yes,no,fragment; loose,,
l' analyse,2,1451274,1247,4.32,le analyse,yes,no,article + word,,
de guerre,2,1447701,1248,1.8,de guerre,yes,no,fragment; loose,,
l' activité,2,1446899,1249,4.16,le activité,yes,no,article + word,,
tu te,2,1445988,1250,5.52,tu te,yes,no,fragment,,
l' économie,2,1444623,1251,4.84,le économie,yes,no,article + word,,
sa fille,2,1441614,1252,5.64,son fille,yes,no,article + word,,
celle qui,2,1440948,1253,3.56,celui qui,yes,yes,,,
il aurait,2,1440258,1254,3.15,il avoir,yes,yes,,,
une vie,2,1439676,1255,2.36,un vie,yes,no,article + word; loose,,
force de,2,1439653,1256,2.13,forcer de,yes,no,fragment; loose,,
que celle,2,1438907,1257,3.12,que celui,yes,yes,,,
la période,2,1438810,1258,3.71,le période,yes,no,article + word,,
vers les,2,1436376,1259,1.79,vers le,yes,no,fragment; loose,,
de droit,2,1436161,1260,1.04,de droit,yes,no,fragment; loose,,
lui faire,2,1434647,1261,3.29,luire faire,yes,yes,,,
une forme,2,1433820,1262,3.91,un forme,yes,no,article + word,,
avait un,2,1433585,1263,0.39,avoir un,yes,no,fragment; loose,,
matière de,2,1432940,1264,2.78,matière de,yes,no,fragment; loose,,
dont on,2,1432770,1265,3.84,dont on,yes,no,written style,,
risque de,2,1430764,1266,2.79,risque de,yes,no,fragment; loose,,
et à l',3,1430732,1267,2.56,et à le,yes,no,fragment; loose,,
la communauté,2,1430428,1268,4.18,le communauté,yes,no,article + word,,
il fut,2,1430367,1269,2.89,il être,yes,no,loose,,
à celui,2,1430350,1270,2.01,à celui,yes,no,loose,,
ses lèvres,2,1429768,1271,7.12,son lèvre,yes,no,article + word,,
à mes,2,1428785,1272,1.89,à mon,yes,no,fragment; loose,,
d' État,2,1428071,1273,,de État,no,no,rare word,,
beaucoup d',2,1427289,1274,3.17,beaucoup de,yes,no,fragment,,
je vois,2,1426764,1275,5.8,je voir,yes,yes,,,
peux pas,2,1423973,1276,5.1,pouvoir pas,yes,yes,,,
son tour,2,1422505,1277,5.5,son tour,yes,no,article + word,,
la façon,2,1421345,1278,2.4,le façon,yes,no,article + word; loose,,
un rôle,2,1421069,1279,4.31,un rôle,yes,no,article + word,,
donc pas,2,1418419,1280,3.12,donc pas,yes,yes,,,
de sécurité,2,1418007,1281,2.9,de sécurité,yes,no,fragment; loose,,
dans le cas,3,1417152,1282,8.81,dans le cas,yes,yes,,,
lui dit,2,1416287,1283,3.55,luire dire,yes,yes,,,
de vos,2,1414489,1284,2,de votre,yes,no,fragment; loose,,
l ' on,3,1412225,1285,,l ' on,no,no,rare word,,
le feu,2,1411774,1286,3.79,le feu,yes,no,article + word,,
afin d',2,1410648,1287,3.91,afin de,yes,no,fragment,,
pour autant,2,1410381,1288,4.43,pour autant,yes,yes,,,
les jeunes,2,1409983,1289,3.92,le jeune,yes,no,article + word,,
de la République,3,1409968,1290,,de le République,no,no,fragment; rare word,,
comme pour,2,1409893,1291,1.14,comme pour,yes,no,fragment; loose,,
pour cela,2,1409137,1292,2.95,pour celer,yes,no,loose,,
aux yeux,2,1408689,1293,5.19,aux oeil,yes,no,article + word,,
de terre,2,1408145,1294,1.65,de terrer,yes,no,fragment; loose,,
en avait,2,1407808,1295,0.29,en avoir,yes,no,loose,,
d' autre part,3,1403491,1296,12.77,de autre part,yes,yes,,,
prise de,2,1403188,1297,2.64,prise de,yes,no,fragment; loose,,
ne les,2,1401891,1298,-1.14,ne le,yes,no,fragment; loose,,
tête de,2,1400242,1299,0.8,tête de,yes,no,fragment; loose,,
à celle,2,1400103,1300,2.18,à celui,yes,no,loose,,
en charge,2,1399959,1301,4.93,en charge,yes,yes,,,
d' origine,2,1399671,1302,4.58,de origine,yes,yes,,,
la connaissance,2,1399416,1303,3.71,le connaissance,yes,no,article + word,,
et donc,2,1399281,1304,1.45,et donc,yes,no,fragment; loose,,
l' évolution,2,1399126,1305,4.7,le évolution,yes,no,article + word,,
de la famille,3,1398925,1306,6.82,de le famille,yes,no,fragment,,
si ce,2,1398624,1307,1.76,si ce,yes,no,fragment; loose,,
aurait pu,2,1397576,1308,8.48,avoir pouvoir,yes,yes,,,
une chose,2,1396810,1309,3.05,un chose,yes,no,article + word,,
à ne,2,1396124,1310,-1.34,à ne,yes,no,fragment; loose,,
du côté,2,1395004,1311,3.73,du côté,yes,no,article + word,,
au moment où,3,1394201,1312,13.4,au moment où,yes,yes,,,
pas trop,2,1394128,1313,3.65,pas trop,yes,yes,,,
le juge,2,1393856,1314,4.38,le juge,yes,no,article + word,,
l' est,2,1392834,1315,-1.98,le être,yes,no,article + word; loose,,
à prendre,2,1392414,1316,2.63,à prendre,yes,no,loose,,
mais je ne,3,1391562,1317,8.26,mais je ne,yes,no,fragment,,
de la nature,3,1389177,1318,7.02,de le nature,yes,no,fragment,,
elle me,2,1389018,1319,1.8,lui me,yes,no,fragment; loose,,
que mon,2,1387702,1320,1.63,que mon,yes,no,fragment; loose,,
avant la,2,1386046,1321,0.95,avant le,yes,no,fragment; loose,,
le président,2,1385517,1322,3.89,le président,yes,no,article + word,,
il faut que,3,1384977,1323,9.28,il falloir que,yes,no,fragment,,
l' endroit,2,1384925,1324,4.33,le endroit,yes,no,article + word,,
et comme,2,1384852,1325,-0.52,et comme,yes,no,fragment; loose,,
ce ne,2,1384802,1326,0.43,ce ne,yes,no,fragment; article + word; loose,,
la fonction,2,1383645,1327,3.2,le fonction,yes,no,article + word,,
au sens,2,1382116,1328,4.19,au sens,yes,no,article + word,,
par ses,2,1381069,1329,1.66,par son,yes,no,fragment; loose,,
quelques jours,2,1380986,1330,7.38,quelque jour,yes,yes,,,
de nouveaux,2,1377442,1331,3.13,de nouveau,yes,no,fragment,,
contre l',2,1377012,1332,2,contre le,yes,no,fragment; loose,,
propos de,2,1375225,1333,2.72,propos de,yes,no,fragment; loose,,
la relation,2,1374858,1334,3.54,le relation,yes,no,article + word,,
mais on,2,1374765,1335,1.84,mais on,yes,no,loose,,
autant de,2,1373871,1336,1.68,autant de,yes,no,fragment; loose,,
place de,2,1373480,1337,1.02,place de,yes,no,fragment; loose,,
était le,2,1372801,1338,-0.59,être le,yes,no,fragment; loose,,
de recherche,2,1372524,1339,2.35,de recherche,yes,no,fragment; loose,,
la science,2,1369015,1340,4.18,le science,yes,no,article + word,,
d' autant plus,3,1368204,1341,11.28,de autant plus,yes,yes,,,
tu vas,2,1368090,1342,8.41,tu aller,yes,yes,,,
l' hôtel,2,1367864,1343,4.53,le hôtel,yes,no,article + word,,
ce que l',3,1367359,1344,5.35,ce que le,yes,no,fragment,,
membres de,2,1365092,1345,2.63,membre de,yes,no,fragment; loose,,
pas si,2,1363584,1346,1.42,pas si,yes,no,loose,,
de te,2,1363389,1347,0.77,de te,yes,no,fragment; loose,,
par l,2,1362951,1348,,par l,yes,no,,,
du pouvoir,2,1361300,1349,3.68,du pouvoir,yes,no,article + word,,
vous voulez,2,1361164,1350,7.31,vous vouloir,yes,yes,,,
si bien,2,1360851,1351,3.14,si bien,yes,yes,,,
celle du,2,1360368,1352,3.24,celui du,yes,no,fragment,,
dans leurs,2,1359906,1353,2.58,dans leurs,yes,no,loose,,
un coup de,3,1359823,1354,7.84,un coup de,yes,no,fragment,,
un système,2,1357699,1355,4.02,un système,yes,no,article + word,,
y compris,2,1357633,1356,7.06,y compris,yes,yes,,,
peu à peu,3,1356934,1357,11.21,peu à peu,yes,yes,,,
comme je,2,1356458,1358,1.2,comme je,yes,no,loose,,
autre côté,2,1356177,1359,6.65,autre côté,yes,yes,,,
ce type,2,1355657,1360,5.45,ce typer,yes,no,article + word,,
les uns,2,1354906,1361,5.08,le un,yes,no,article + word,,
de la guerre,3,1354627,1362,6.83,de le guerre,yes,no,fragment,,
signe de,2,1354442,1363,2.93,signe de,yes,no,fragment; loose,,
du même,2,1354430,1364,1.08,du même,yes,no,article + word; loose,,
est toujours,2,1353397,1365,2.49,être toujours,yes,no,loose,,
porte de,2,1352142,1366,1.14,porte de,yes,no,fragment; loose,,
en avant,2,1351685,1367,1.99,en avant,yes,no,loose,,
l' importance,2,1351544,1368,4.44,le importance,yes,no,article + word,,
en matière de,3,1351198,1369,8.89,en matière de,yes,no,fragment,,
avaient été,2,1348970,1370,6.16,avoir être,yes,yes,,,
la prise,2,1348695,1371,3.32,le prise,yes,no,article + word,,
base de,2,1348415,1372,2.7,base de,yes,no,fragment; loose,,
système de,2,1347864,1373,2.12,système de,yes,no,fragment; loose,,
à part,2,1347451,1374,2.39,à part,yes,no,loose,,
l' Union,2,1346901,1375,,le Union,no,no,article + word; rare word,,
au milieu de,3,1346331,1376,9.6,au milieu de,yes,no,fragment,,
ne peux pas,3,1345916,1377,12.37,ne pouvoir pas,yes,yes,,,
temps à,2,1345434,1378,1.06,temps à,yes,no,fragment; loose,,
la peau,2,1344477,1379,3.82,le peau,yes,no,article + word,,
dans laquelle,2,1342915,1380,4.3,dans lequel,yes,no,written style,,
qui avaient,2,1342153,1381,3.54,qui avoir,yes,yes,,,
se leva,2,1340757,1382,6.5,se lever,no,no,rare word,,
coups de,2,1340631,1383,3.44,coup de,yes,no,fragment,,
la gestion,2,1340293,1384,3.89,le gestion,yes,no,article + word,,
dès que,2,1339104,1385,3.72,dès que,yes,no,fragment,,
de bois,2,1338269,1386,2.5,de bois,yes,no,fragment; loose,,
possible de,2,1338050,1387,1.8,possible de,yes,no,fragment; loose,,
la mort de,3,1336977,1388,6.43,le mort de,yes,no,fragment,,
la santé,2,1336709,1389,3.53,le santé,yes,no,article + word,,
la moindre,2,1336251,1390,3.91,le moindre,yes,no,article + word,,
sur l,2,1335664,1391,,sur l,yes,no,,,
maison de,2,1334859,1392,1.34,maison de,yes,no,fragment; loose,,
du système,2,1334314,1393,4.46,du système,yes,no,article + word,,
nous en,2,1331968,1394,0.04,nous en,yes,no,fragment; loose,,
un groupe,2,1330195,1395,4.04,un groupe,yes,no,article + word,,
celle des,2,1330144,1396,2.69,celui un,yes,no,fragment; loose,,
les moyens,2,1329950,1397,4.44,le moyen,yes,no,article + word,,
aussi de,2,1328190,1398,-0.62,aussi de,yes,no,fragment; loose,,
qui leur,2,1326841,1399,1.64,qui son,yes,no,loose,,
une manière,2,1325119,1400,3.87,un manière,yes,no,article + word,,
tout de même,3,1325044,1401,7.23,tout de même,yes,yes,,,
de plusieurs,2,1324991,1402,1.29,de plusieurs,yes,no,fragment; loose,,
à les,2,1324029,1403,-2.94,à le,yes,no,fragment; loose,,
bien des,2,1323766,1404,0.65,bien un,yes,no,fragment; loose,,
dans ce cas,3,1323485,1405,10.58,dans ce cas,yes,yes,,,
la lettre,2,1322283,1406,3.31,le lettre,yes,no,article + word,,
tout est,2,1322279,1407,0.72,tout être,yes,no,loose,,
occasion de,2,1322076,1408,2.93,occasion de,yes,no,fragment; loose,,
l' autorité,2,1321786,1409,4.62,le autorité,yes,no,article + word,,
l' église,2,1320366,1410,4.02,le église,yes,no,article + word,,
de passer,2,1318669,1411,1.97,de passer,yes,no,fragment; loose,,
encore une,2,1318557,1412,1.97,encore un,yes,no,fragment; loose,,
me dit,2,1317804,1413,4.01,me dire,yes,yes,,,
ceux de,2,1317695,1414,1.05,celui de,yes,no,fragment; loose,,
le fait que,3,1317453,1415,6.77,le faire que,yes,no,fragment,,
je voulais,2,1317044,1416,6.47,je vouloir,yes,yes,,,
ne fait,2,1316370,1417,2.05,ne faire,yes,no,loose,,
en vue,2,1313208,1418,3.51,en vue,yes,yes,,,
et al,2,1313151,1419,,et al,yes,no,fragment,,
où ils,2,1312561,1420,3.81,où il,yes,yes,,,
je crois que,3,1311144,1421,11.74,je croire que,yes,no,fragment,,
la décision,2,1311053,1422,3.61,le décision,yes,no,article + word,,
de sang,2,1310076,1423,2.4,de sang,yes,no,fragment; loose,,
processus de,2,1310073,1424,2.7,processus de,yes,no,fragment; loose,,
dans les années,3,1309009,1425,9.48,dans le année,yes,yes,,,
cadre de,2,1307852,1426,2.49,cadre de,yes,no,fragment; loose,,
en me,2,1307552,1427,0.56,en me,yes,no,fragment; loose,,
que vous avez,3,1306819,1428,11.79,que vous avoir,yes,yes,,,
que je me,3,1306482,1429,8.1,que je me,yes,no,fragment,,
avait eu,2,1305355,1430,5.42,avoir avoir,yes,yes,,,
à coup,2,1304724,1431,2.77,à coup,yes,no,loose,,
que leur,2,1303899,1432,1.19,que son,yes,no,loose,,
un geste,2,1303125,1433,5.25,un geste,yes,no,article + word,,
sais que,2,1302233,1434,3.55,savoir que,yes,no,fragment,,
fois de,2,1302093,1435,0.09,fois de,yes,no,fragment; loose,,
de parler,2,1300996,1436,1.75,de parler,yes,no,fragment; loose,,
la réponse,2,1300308,1437,3.38,le réponse,yes,no,article + word,,
avait une,2,1298086,1438,0.53,avoir un,yes,no,fragment; loose,,
l' ensemble des,3,1297431,1439,9.17,le ensemble un,yes,no,fragment,,
le marché,2,1297312,1440,3.68,le marché,yes,no,article + word,,
nombre d',2,1297089,1441,3.63,nombre de,yes,no,fragment,,
au nom,2,1296272,1442,4.35,au nom,yes,no,article + word,,
main sur,2,1295700,1443,4.1,main sur,yes,no,fragment,,
en faisant,2,1295539,1444,4.6,en faire,yes,yes,,,
la pratique,2,1295237,1445,3.38,le pratique,yes,no,article + word,,
pour sa,2,1295118,1446,0.92,pour son,yes,no,fragment; loose,,
un temps,2,1294903,1447,1.64,un temps,yes,no,article + word; loose,,
cette dernière,2,1293747,1448,6.48,ce dernier,yes,no,article + word,,
en arrière,2,1293158,1449,4.81,en arrière,yes,yes,,,
l' ombre,2,1293113,1450,4.9,le ombre,yes,no,article + word,,
dont elle,2,1291852,1451,2.88,dont lui,yes,no,written style; loose,,
me faire,2,1291849,1452,3.71,me faire,yes,yes,,,
jours de,2,1290802,1453,1.22,jour de,yes,no,fragment; loose,,
dans cet,2,1290759,1454,3.07,dans ce,yes,no,,,
et autres,2,1289846,1455,0.91,et autre,yes,no,fragment; loose,,
après les,2,1289569,1456,1.25,après le,yes,no,fragment; loose,,
était de,2,1286986,1457,-1.85,être de,yes,no,fragment; loose,,
principe de,2,1286696,1458,2.6,principe de,yes,no,fragment; loose,,
la voie,2,1286337,1459,3.72,le voie,yes,no,article + word,,
par ce,2,1285905,1460,0.48,par ce,yes,no,fragment; loose,,
ces derniers,2,1285774,1461,8.06,ce dernier,yes,no,article + word,,
la figure,2,1285717,1462,3.14,le figurer,yes,no,article + word,,
l' idée de,3,1284714,1463,7.41,le idée de,yes,no,fragment,,
la douleur,2,1283221,1464,4.01,le douleur,yes,no,article + word,,
aux autres,2,1282621,1465,4.29,aux autre,yes,no,article + word,,
sur mon,2,1280972,1466,2.56,sur mon,yes,no,fragment; loose,,
yeux de,2,1278485,1467,0.58,oeil de,yes,no,fragment; loose,,
à son tour,3,1277563,1468,10.97,à son tour,yes,yes,,,
le rapport,2,1276124,1469,2.96,le rapport,yes,no,article + word; loose,,
à savoir,2,1275872,1470,2.69,à savoir,yes,no,loose,,
pas moins,2,1275545,1471,3.02,pas moins,yes,yes,,,
faire le,2,1274523,1472,0.44,faire le,yes,no,fragment; loose,,
la mémoire,2,1273479,1473,3.64,le mémoire,yes,no,article + word,,
quand le,2,1273446,1474,1.05,quand le,yes,no,fragment; loose,,
la littérature,2,1273203,1475,4.45,le littérature,yes,no,article + word,,
mais ils,2,1272667,1476,2.41,mais il,yes,no,loose,,
la théorie,2,1272460,1477,4.13,le théorie,yes,no,article + word,,
de choses,2,1272007,1478,1.64,de chose,yes,no,fragment; loose,,
ne sait,2,1271550,1479,5.3,ne savoir,yes,yes,,,
au bord,2,1271412,1480,5.93,au bord,yes,no,article + word,,
mais de,2,1270770,1481,-2.05,mais de,yes,no,fragment; loose,,
de la France,3,1270691,1482,6.19,de le France,no,no,fragment; rare word,,
l' œil,2,1270618,1483,3.88,le œil,yes,no,article + word,,
tout comme,2,1269468,1484,2.44,tout comme,yes,no,loose,,
lorsque le,2,1269453,1485,2.62,lorsque le,yes,no,fragment; loose,,
présence de,2,1267673,1486,2.29,présence de,yes,no,fragment; loose,,
le prix,2,1267588,1487,3.27,le prix,yes,no,article + word,,
objet de,2,1266777,1488,2.13,objet de,yes,no,fragment; loose,,
être le,2,1265974,1489,-0.18,être le,yes,no,fragment; loose,,
de toi,2,1265796,1490,1.14,de toi,yes,no,fragment; loose,,
bord de,2,1265534,1491,2.89,bord de,yes,no,fragment; loose,,
pas toujours,2,1265160,1492,2.92,pas toujours,yes,no,loose,,
sa famille,2,1265053,1493,5.45,son famille,yes,no,article + word,,
le vent,2,1264617,1494,4.43,le vent,yes,no,article + word,,
le plus souvent,3,1263580,1495,10.03,le plus souvent,yes,yes,,,
ses parents,2,1263240,1496,6.32,son parent,yes,no,article + word,,
d ' autres,3,1263203,1497,,d ' autre,no,no,rare word,,
nous l',2,1261841,1498,-0.47,nous le,yes,no,fragment; loose,,
l' étude,2,1261715,1499,4.3,le étude,yes,no,article + word,,
et a,2,1261527,1500,-1.48,et avoir,yes,no,fragment; loose,,
par conséquent,2,1260786,1501,7.42,par conséquent,yes,yes,,,
de santé,2,1259682,1502,2.7,de santé,yes,no,fragment; loose,,
à de,2,1258929,1503,-4.47,à de,yes,no,fragment; loose,,
mis à,2,1258302,1504,3.34,mis à,yes,no,fragment,,
d' un air,3,1257193,1505,9.49,de un air,yes,yes,,,
veux pas,2,1256670,1506,4.49,vouloir pas,yes,yes,,,
vous savez,2,1256206,1507,7.42,vous savoir,yes,yes,,,
autour d',2,1255216,1508,3.62,autour de,yes,no,fragment,,
le sentiment,2,1254914,1509,4.12,le sentiment,yes,no,article + word,,
pas se,2,1254850,1510,0.09,pas se,yes,no,fragment; loose,,
dans tous les,3,1254101,1511,7.94,dans tout le,yes,no,fragment,,
d' amour,2,1254069,1512,3.55,de amour,yes,yes,,,
homme de,2,1253239,1513,0.14,homme de,yes,no,fragment; loose,,
la fille,2,1253095,1514,2.3,le fille,yes,no,article + word; loose,,
partie du,2,1253023,1515,3.36,partie du,yes,no,fragment,,
tous les deux,3,1252358,1516,10.38,tout le deux,yes,yes,,,
avoir été,2,1251980,1517,5.22,avoir être,yes,yes,,,
avoir une,2,1251426,1518,2.2,avoir un,yes,no,fragment; loose,,
ne faut,2,1251170,1519,3.67,ne falloir,yes,yes,,,
nous avions,2,1250673,1520,7.46,nous avions,yes,yes,,,
comme elle,2,1250577,1521,1.22,comme lui,yes,no,loose,,
de sa vie,3,1250323,1522,8.24,de son vie,yes,no,fragment,,
de trouver,2,1250077,1523,2.01,de trouver,yes,no,fragment; loose,,
la crise,2,1250033,1524,4.04,le crise,yes,no,article + word,,
coup d' œil,3,1248527,1525,15.92,coup de œil,yes,yes,,,
l' administration,2,1248326,1526,4.73,le administration,yes,no,article + word,,
début du,2,1248278,1527,4.49,début du,yes,no,fragment,,
le coup,2,1248102,1528,2.61,le coup,yes,no,article + word; loose,,
l' intention,2,1248073,1529,4.93,le intention,yes,no,article + word,,
un monde,2,1248056,1530,2.18,un monde,yes,no,article + word; loose,,
deux ans,2,1247559,1531,5.57,deux an,yes,yes,,,
le mouvement,2,1247530,1532,3.49,le mouvement,yes,no,article + word,,
la liste,2,1246949,1533,4.12,le liste,yes,no,article + word,,
le caractère,2,1246469,1534,3.89,le caractère,yes,no,article + word,,
mois de,2,1245723,1535,1.63,mois de,yes,no,fragment; loose,,
la conscience,2,1245020,1536,3.19,le conscience,yes,no,article + word,,
de rire,2,1244492,1537,2.8,de rire,yes,no,fragment; loose,,
l' égard,2,1244421,1538,4.7,le égard,yes,no,article + word,,
lui ai,2,1244187,1539,2.98,luire avoir,yes,no,loose,,
et cela,2,1242559,1540,1.14,et celer,yes,no,fragment; loose,,
le peuple,2,1241528,1541,3.82,le peuple,yes,no,article + word,,
la nécessité,2,1241295,1542,4.45,le nécessiter,yes,no,article + word,,
les États,2,1240642,1543,,le États,no,no,article + word; rare word,,
pas des,2,1239928,1544,-1.17,pas un,yes,no,fragment; loose,,
du Nord,2,1239546,1545,,du Nord,no,no,article + word; rare word,,
l' exercice,2,1239296,1546,4.63,le exercice,yes,no,article + word,,
selon la,2,1237847,1547,2.03,selon le,yes,no,fragment; loose,,
ne te,2,1237698,1548,3.62,ne te,yes,no,fragment,,
je ne veux,3,1237658,1549,11.91,je ne vouloir,yes,yes,,,
vous me,2,1236931,1550,2.4,vous me,yes,no,fragment; loose,,
réussi à,2,1236047,1551,5.04,réussir à,yes,no,fragment,,
le sang,2,1235682,1552,3.49,le sang,yes,no,article + word,,
mais si,2,1234524,1553,2.2,mais si,yes,no,loose,,
prise en,2,1234218,1554,4.27,prise en,yes,no,fragment,,
tout ça,2,1234073,1555,4.12,tout ça,yes,yes,,,
la responsabilité,2,1232200,1556,4.11,le responsabilité,yes,no,article + word,,
ses cheveux,2,1231015,1557,6.72,son cheveu,yes,no,article + word,,
la sécurité,2,1230537,1558,3.44,le sécurité,yes,no,article + word,,
à tous les,3,1230032,1559,6.72,à tout le,yes,no,fragment,,
qui va,2,1230031,1560,3.39,qui aller,yes,yes,,,
effet de,2,1229427,1561,1.07,effet de,yes,no,fragment; loose,,
le groupe,2,1228812,1562,3.2,le groupe,yes,no,article + word,,
delà de,2,1228072,1563,3.05,delà de,yes,no,fragment,,
l' extérieur,2,1228071,1564,4.89,le extérieur,yes,no,article + word,,
fait le,2,1227220,1565,0.13,faire le,yes,no,fragment; loose,,
ne doit,2,1226430,1566,3.94,ne doit,yes,yes,,,
pour y,2,1226131,1567,1.39,pour y,yes,no,loose,,
plus haut,2,1226024,1568,5.31,plus haut,yes,yes,,,
pour aller,2,1225619,1569,4.31,pour aller,yes,yes,,,
ne soit,2,1225533,1570,3.43,ne être,yes,yes,,,
les grands,2,1225250,1571,3.51,le grand,yes,no,article + word,,
une société,2,1224994,1572,3.74,un société,yes,no,article + word,,
son propre,2,1224964,1573,5.27,son propre,yes,no,article + word,,
au centre,2,1224393,1574,5.24,au centre,yes,no,article + word,,
est possible,2,1224351,1575,3.88,être possible,yes,yes,,,
de la population,3,1224298,1576,8.1,de le population,yes,no,fragment,,
l' éducation,2,1224036,1577,4.5,le éducation,yes,no,article + word,,
de la part,3,1223141,1578,6.11,de le part,yes,no,fragment,,
avoir un,2,1222441,1579,1.88,avoir un,yes,no,fragment; loose,,
de ton,2,1220963,1580,1.18,de ton,yes,no,fragment; loose,,
doivent être,2,1220260,1581,7.02,devoir être,yes,yes,,,
et d' une,3,1220243,1582,3.76,et de un,yes,no,fragment,,
l' environnement,2,1220078,1583,4.66,le environnement,yes,no,article + word,,
on va,2,1219582,1584,4.57,on aller,yes,yes,,,
en deux,2,1219066,1585,0.94,en deux,yes,no,loose,,
au même,2,1218490,1586,1.6,au même,yes,no,article + word; loose,,
lors de la,3,1218376,1587,6.81,lors de le,yes,no,fragment,,
le but,2,1217540,1588,3.92,le but,yes,no,article + word,,
pas du tout,3,1216689,1589,7.86,pas du tout,yes,yes,,,
est vrai,2,1216270,1590,4.15,être vrai,yes,yes,,,
ça va,2,1216140,1591,6.49,ça aller,yes,yes,,,
il doit,2,1215714,1592,2.85,il doit,yes,no,loose,,
le projet,2,1215541,1593,3.48,le projet,yes,no,article + word,,
la religion,2,1215195,1594,4.16,le religion,yes,no,article + word,,
pour avoir,2,1214555,1595,2.69,pour avoir,yes,no,loose,,
plus rien,2,1214337,1596,3.39,plus rien,yes,yes,,,
à dire,2,1212820,1597,1.4,à dire,yes,no,loose,,
était à,2,1212465,1598,-0.68,être à,yes,no,fragment; loose,,
les membres,2,1210368,1599,3.91,le membre,yes,no,article + word,,
taux de,2,1209330,1600,3.24,taux de,yes,no,fragment,,
la protection,2,1207600,1601,3.91,le protection,yes,no,article + word,,
et avec,2,1205965,1602,-1.01,et avec,yes,no,fragment; loose,,
l' histoire de,3,1205054,1603,6.75,le histoire de,yes,no,fragment,,
sa place,2,1204715,1604,4.71,son place,yes,no,article + word,,
peur de,2,1203953,1605,2.14,peur de,yes,no,fragment; loose,,
à toute,2,1203467,1606,1.43,à toute,yes,no,loose,,
se rendre,2,1202566,1607,5.2,se rendre,yes,yes,,,
de personnes,2,1202091,1608,1.58,de personne,yes,no,fragment; loose,,
l ' autre,3,1201395,1609,,l ' autre,no,no,rare word,,
de bien,2,1201054,1610,-1.34,de bien,yes,no,fragment; loose,,
rien d',2,1200414,1611,1.94,rien de,yes,no,fragment; loose,,
la philosophie,2,1198923,1612,4.22,le philosophie,yes,no,article + word,,
ne la,2,1198609,1613,-2.07,ne le,yes,no,fragment; loose,,
y a des,3,1198430,1614,8.01,y avoir un,yes,no,fragment,,
prêt à,2,1197908,1615,4.84,prêt à,yes,no,fragment,,
pas eu,2,1197136,1616,4,pas avoir,yes,yes,,,
la violence,2,1196938,1617,4.15,le violence,yes,no,article + word,,
faire la,2,1196494,1618,-0.07,faire le,yes,no,fragment; loose,,
ce matin,2,1196317,1619,5.2,ce matin,yes,no,article + word,,
lui en,2,1196004,1620,-0.13,luire en,yes,no,fragment; loose,,
vie et,2,1195797,1621,1,vie et,yes,no,fragment; loose,,
moi qui,2,1195385,1622,2.08,moi qui,yes,no,loose,,
on en,2,1194644,1623,-0.2,on en,yes,no,fragment; loose,,
à l' égard,3,1193905,1624,10.27,à le égard,yes,yes,,,
d' un ton,3,1191904,1625,9.31,de un ton,yes,no,fragment,,
que se,2,1191827,1626,-0.57,que se,yes,no,fragment; loose,,
la foule,2,1191549,1627,4.43,le foule,yes,no,article + word,,
la question de,3,1191331,1628,6.25,le question de,yes,no,fragment,,
au premier,2,1190915,1629,4,au premier,yes,no,article + word,,
la peur,2,1190493,1630,2.87,le peur,yes,no,article + word; loose,,
le site,2,1189431,1631,4.29,le site,yes,no,article + word,,
dit le,2,1189015,1632,0.62,dire le,yes,no,fragment; loose,,
un long,2,1188413,1633,3.67,un long,yes,no,article + word,,
en faire,2,1187457,1634,1,en faire,yes,no,loose,,
l' enseignement,2,1187429,1635,4.71,le enseignement,yes,no,article + word,,
au bout de,3,1186316,1636,9.5,au bout de,yes,no,fragment,,
je ne me,3,1185749,1637,8.78,je ne me,yes,no,fragment,,
notion de,2,1184856,1638,3.39,notion de,yes,no,fragment,,
était une,2,1184545,1639,0.21,être un,yes,no,fragment; loose,,
l' un de,3,1183359,1640,1.84,le un de,yes,no,fragment; loose,,
rôle de,2,1182411,1641,2.15,rôle de,yes,no,fragment; loose,,
en plein,2,1182311,1642,4.43,en plein,yes,yes,,,
le résultat,2,1182102,1643,4.42,le résultat,yes,no,article + word,,
qui concerne,2,1181709,1644,6.02,qui concerner,yes,yes,,,
pour leur,2,1181419,1645,1.6,pour son,yes,no,loose,,
tour de,2,1181236,1646,1.87,tour de,yes,no,fragment; loose,,
conditions de,2,1181116,1647,2.35,condition de,yes,no,fragment; loose,,
de l' entreprise,3,1181086,1648,7.9,de le entreprise,yes,no,fragment,,
après une,2,1179643,1649,1.84,après un,yes,no,fragment; loose,,
à ceux,2,1179142,1650,2.14,à celui,yes,no,loose,,
d' une part,3,1178878,1651,9.39,de un part,yes,yes,,,
peu d',2,1178101,1652,1.68,peu de,yes,no,fragment; loose,,
du groupe,2,1177408,1653,4.33,du groupe,yes,no,article + word,,
a toujours,2,1177276,1654,3.24,avoir toujours,yes,yes,,,
entre deux,2,1177229,1655,4.31,entrer deux,yes,yes,,,
que moi,2,1175115,1656,1.63,que moi,yes,no,loose,,
du Sud,2,1174300,1657,,du Sud,no,no,article + word; rare word,,
l' acte,2,1174195,1658,4.2,le acte,yes,no,article + word,,
la matière,2,1173999,1659,3.24,le matière,yes,no,article + word,,
un an,2,1173781,1660,4.61,un an,yes,no,article + word,,
que tu as,3,1173691,1661,12.32,que tu avoir,yes,yes,,,
la foi,2,1172877,1662,3.77,le foi,yes,no,article + word,,
pour l,2,1172799,1663,,pour l,yes,no,,,
la forêt,2,1172728,1664,4.46,le forêt,yes,no,article + word,,
et je ne,3,1171905,1665,5.44,et je ne,yes,no,fragment,,
mon cœur,2,1170866,1666,6.28,mon cœur,yes,no,article + word,,
ville de,2,1170263,1667,1.22,ville de,yes,no,fragment; loose,,
dans la mesure,3,1170025,1668,9.57,dans le mesure,yes,yes,,,
après un,2,1169575,1669,1.55,après un,yes,no,fragment; loose,,
la durée,2,1169401,1670,3.98,le durée,yes,no,article + word,,
y en,2,1169062,1671,0.42,y en,yes,no,fragment; loose,,
laquelle il,2,1167989,1672,3.57,lequel il,yes,no,written style,,
en direction,2,1166918,1673,4.17,en direction,yes,yes,,,
en elle,2,1165814,1674,-1.05,en lui,yes,no,loose,,
vous l',2,1165745,1675,-0.71,vous le,yes,no,fragment; loose,,
sans cesse,2,1165730,1676,8.38,sans cesser,yes,yes,,,
et cette,2,1165551,1677,-0.56,et ce,yes,no,fragment; loose,,
de production,2,1164275,1678,2.72,de production,yes,no,fragment; loose,,
commence à,2,1164163,1679,4.5,commencer à,yes,no,fragment,,
de l' article,3,1163093,1680,7.66,de le article,yes,no,fragment,,
sur le plan,3,1162847,1681,10.73,sur le plan,yes,yes,,,
depuis longtemps,2,1162509,1682,8.11,depuis longtemps,yes,yes,,,
fait l',2,1162138,1683,0.27,faire le,yes,no,fragment; loose,,
l' hôpital,2,1161896,1684,5.12,le hôpital,yes,no,article + word,,
sa bouche,2,1161512,1685,6.35,son bouche,yes,no,article + word,,
président de,2,1160907,1686,2.46,président de,yes,no,fragment; loose,,
de fer,2,1160752,1687,3.6,de fer,yes,no,fragment,,
temps que,2,1160717,1688,1.75,temps que,yes,no,fragment; loose,,
des relations,2,1159289,1689,4.5,un relation,yes,no,article + word,,
l' usage,2,1159233,1690,4.47,le usage,yes,no,article + word,,
le meilleur,2,1158557,1691,4.54,le meilleur,yes,no,article + word,,
d' ici,2,1158017,1692,2.49,de ici,yes,no,loose,,
cas d',2,1157571,1693,2.44,cas de,yes,no,fragment; loose,,
la porte de,3,1157449,1694,6.03,le porte de,yes,no,fragment,,
de développement,2,1155751,1695,2.03,de développement,yes,no,fragment; loose,,
en cause,2,1154775,1696,3.61,en cause,yes,yes,,,
avait l',2,1154705,1697,-0.43,avoir le,yes,no,fragment; loose,,
regard de,2,1153786,1698,1.24,regard de,yes,no,fragment; loose,,
ne plus,2,1152926,1699,0.46,ne plus,yes,no,loose,,
des mots,2,1152219,1700,3.7,un mot,yes,no,article + word,,
la moitié,2,1152107,1701,3.9,le moitié,yes,no,article + word,,
sont plus,2,1152065,1702,1.81,être plus,yes,no,loose,,
du Code,2,1151889,1703,,du Code,no,no,article + word; rare word,,
sur elle,2,1151583,1704,0.32,sur lui,yes,no,loose,,
se dit,2,1151539,1705,2.48,se dire,yes,no,loose,,
de penser,2,1150946,1706,2.46,de penser,yes,no,fragment; loose,,
quand ils,2,1149917,1707,4.2,quand il,yes,yes,,,
le lit,2,1149405,1708,3.36,le lit,yes,no,article + word,,
consiste à,2,1148243,1709,4.95,consister à,yes,no,fragment,,
l' attention,2,1148185,1710,3.63,le attention,yes,no,article + word,,
reste de,2,1146818,1711,1.27,reste de,yes,no,fragment; loose,,
la puissance,2,1146604,1712,3.76,le puissance,yes,no,article + word,,
des questions,2,1145824,1713,4.17,un question,yes,no,article + word,,
une idée,2,1144721,1714,3.66,un idée,yes,no,article + word,,
l' humanité,2,1143058,1715,5.08,le humanité,yes,no,article + word,,
pas besoin,2,1141756,1716,4.12,pas besoin,yes,yes,,,
à quel,2,1139975,1717,3.02,à quel,yes,yes,,,
projet de,2,1139757,1718,2.22,projet de,yes,no,fragment; loose,,
la ligne,2,1139643,1719,3.41,le ligne,yes,no,article + word,,
ce temps,2,1138990,1720,2.6,ce temps,yes,no,article + word; loose,,
possibilité de,2,1137955,1721,3.27,possibilité de,yes,no,fragment,,
et pourtant,2,1137851,1722,2.72,et pourtant,yes,no,fragment; loose,,
sans que,2,1137796,1723,1.12,sans que,yes,no,fragment; loose,,
pas très,2,1137597,1724,2.34,pas très,yes,no,loose,,
forme d',2,1137114,1725,3.29,forme de,yes,no,fragment,,
au sujet,2,1136551,1726,4.82,au sujet,yes,no,article + word,,
la carte,2,1136327,1727,3.63,le carte,yes,no,article + word,,
pas tout,2,1136095,1728,1.03,pas tout,yes,no,loose,,
lui qui,2,1136065,1729,0.56,luire qui,yes,no,loose,,
a le,2,1135813,1730,-1.55,avoir le,yes,no,fragment; loose,,
mesure de,2,1134462,1731,1.96,mesure de,yes,no,fragment; loose,,
pour cette,2,1133531,1732,1.03,pour ce,yes,no,fragment; loose,,
à en,2,1133378,1733,-2.8,à en,yes,no,fragment; loose,,
nous pouvons,2,1133348,1734,7.56,nous pouvoir,yes,yes,,,
droit à,2,1133062,1735,1.95,droit à,yes,no,fragment; loose,,
ne sera,2,1132978,1736,4.26,ne être,yes,yes,,,
l' avoir,2,1132636,1737,1.26,le avoir,yes,no,article + word; loose,,
du Conseil,2,1132429,1738,,du Conseil,no,no,article + word; rare word,,
après tout,2,1132214,1739,3.77,après tout,yes,yes,,,
il les,2,1131971,1740,-2.52,il le,yes,no,fragment; loose,,
de la mort,3,1131439,1741,6.19,de le mort,yes,no,fragment,,
en pleine,2,1131365,1742,4.92,en plein,yes,yes,,,
le champ,2,1131128,1743,4.03,le champ,yes,no,article + word,,
de la rue,3,1130960,1744,6.96,de le rue,yes,no,fragment,,
une question,2,1130772,1745,3.24,un question,yes,no,article + word,,
mais pour,2,1130207,1746,0.49,mais pour,yes,no,fragment; loose,,
avant tout,2,1129036,1747,4.08,avant tout,yes,yes,,,
elle et,2,1128561,1748,-1.83,lui et,yes,no,fragment; loose,,
à moins,2,1128530,1749,1.36,à moins,yes,no,loose,,
l' information,2,1128405,1750,4.23,le information,yes,no,article + word,,
la lecture,2,1128183,1751,3.92,le lecture,yes,no,article + word,,
tête et,2,1127585,1752,1.57,tête et,yes,no,fragment; loose,,
ordre de,2,1127483,1753,1.7,ordre de,yes,no,fragment; loose,,
de base,2,1127287,1754,2.44,de base,yes,no,fragment; loose,,
en ce qui,3,1127251,1755,5.94,en ce qui,yes,no,,,
comme nous,2,1126348,1756,1.97,comme nous,yes,no,loose,,
être une,2,1125831,1757,0.66,être un,yes,no,fragment; loose,,
des États,2,1125476,1758,,un États,no,no,article + word; rare word,,
en le,2,1124836,1759,-2.9,en le,yes,no,fragment; loose,,
permis de,2,1124737,1760,3.21,permis de,yes,no,fragment,,
tout d',2,1124060,1761,0.17,tout de,yes,no,fragment; loose,,
à quelques,2,1123334,1762,1.43,à quelque,yes,no,loose,,
sur la table,3,1123187,1763,10.37,sur le table,yes,yes,,,
quelques minutes,2,1122872,1764,8.45,quelque minuter,yes,yes,,,
mode de,2,1119612,1765,2.83,mode de,yes,no,fragment; loose,,
je fais,2,1119088,1766,5.29,je faire,yes,yes,,,
la reine,2,1118690,1767,4.39,le reine,yes,no,article + word,,
une seconde,2,1118304,1768,4.65,un seconde,yes,no,article + word,,
y a un,3,1118079,1769,7.96,y avoir un,yes,no,fragment,,
en termes,2,1118020,1770,4.64,en terme,yes,yes,,,
les règles,2,1117816,1771,4.36,le règle,yes,no,article + word,,
les relations,2,1117690,1772,4.06,le relation,yes,no,article + word,,
toute sa,2,1117689,1773,3.95,toute son,yes,no,fragment,,
celui des,2,1116329,1774,2.23,celui un,yes,no,fragment; loose,,
un pas,2,1114707,1775,-1.27,un pas,yes,no,article + word; loose,,
la presse,2,1113193,1776,4.16,le presse,yes,no,article + word,,
car elle,2,1113017,1777,3.39,car lui,yes,yes,,,
selon le,2,1112830,1778,2.3,selon le,yes,no,fragment; loose,,
chez moi,2,1112256,1779,5.74,chez moi,yes,yes,,,
pense que,2,1112232,1780,4.51,penser que,yes,no,fragment,,
le second,2,1112058,1781,4.16,le second,yes,no,article + word,,
service de,2,1112053,1782,1.88,service de,yes,no,fragment; loose,,
des produits,2,1111724,1783,4.35,un produit,yes,no,article + word,,
la zone,2,1111564,1784,4.04,le zone,yes,no,article + word,,
sa chambre,2,1109887,1785,5.49,son chambre,yes,no,article + word,,
les cheveux,2,1109575,1786,3.92,le cheveu,yes,no,article + word,,
le passé,2,1109511,1787,2.73,le passé,yes,no,article + word; loose,,
en temps,2,1109228,1788,1.35,en temps,yes,no,loose,,
une longue,2,1108304,1789,4.92,un longue,yes,no,article + word,,
l' équipe,2,1108140,1790,4.53,le équipe,yes,no,article + word,,
des pays,2,1108138,1791,2.57,un pays,yes,no,article + word; loose,,
la vieille,2,1107165,1792,3.9,le vieux,yes,no,article + word,,
peu près,2,1107134,1793,6.9,peu près,yes,yes,,,
le risque,2,1106531,1794,3.59,le risque,yes,no,article + word,,
un coup d',3,1106199,1795,9.44,un coup de,yes,no,fragment,,
ne veux pas,3,1105489,1796,11.66,ne vouloir pas,yes,yes,,,
fait une,2,1105147,1797,0.99,faire un,yes,no,fragment; loose,,
tu peux,2,1104970,1798,6.66,tu pouvoir,yes,yes,,,
la surface,2,1104921,1799,4.33,le surface,yes,no,article + word,,
pas vraiment,2,1104769,1800,4.3,pas vraiment,yes,yes,,,
mais ne,2,1104567,1801,0.72,mais ne,yes,no,fragment; loose,,
l' arrivée,2,1104470,1802,4.25,le arrivée,yes,no,article + word,,
la deuxième,2,1103916,1803,3.37,le deuxième,yes,no,article + word,,
le lieu,2,1102985,1804,2.27,le lieu,yes,no,article + word; loose,,
ce sont les,3,1102614,1805,7.28,ce être le,yes,no,fragment,,
moins que,2,1102547,1806,2.23,moins que,yes,no,fragment; loose,,
suite de,2,1102265,1807,1.61,suite de,yes,no,fragment; loose,,
à la main,3,1101989,1808,7.04,à le main,yes,yes,,,
un lieu,2,1100853,1809,2.99,un lieu,yes,no,article + word; loose,,
l' ont,2,1100655,1810,0.66,le avoir,yes,no,article + word; loose,,
dans la salle,3,1100508,1811,9.75,dans le salle,yes,yes,,,
le Conseil,2,1100263,1812,,le Conseil,no,no,article + word; rare word,,
le voir,2,1099703,1813,1.33,le voir,yes,no,article + word; loose,,
le contrôle,2,1099269,1814,3.77,le contrôler,yes,no,article + word,,
ce sera,2,1099021,1815,4.27,ce être,yes,no,article + word,,
groupe de,2,1098795,1816,1.88,groupe de,yes,no,fragment; loose,,
le désir,2,1098730,1817,3.87,le désir,yes,no,article + word,,
par cette,2,1097922,1818,1.41,par ce,yes,no,fragment; loose,,
d' entre eux,3,1097921,1819,12.32,de entrer lui,yes,yes,,,
et quand,2,1097471,1820,0.76,et quand,yes,no,fragment; loose,,
combien de,2,1097468,1821,2.97,combien de,yes,no,fragment; loose,,
avant le,2,1097114,1822,1.04,avant le,yes,no,fragment; loose,,
toute façon,2,1096818,1823,7.25,toute façon,yes,yes,,,
pour toi,2,1096410,1824,3.64,pour toi,yes,yes,,,
le terme,2,1095982,1825,3.42,le terme,yes,no,article + word,,
pas au,2,1095696,1826,-0.16,pas au,yes,no,fragment; loose,,
travail de,2,1094838,1827,0.73,travail de,yes,no,fragment; loose,,
aussi des,2,1094314,1828,0.94,aussi un,yes,no,fragment; loose,,
de toute façon,3,1094238,1829,11.61,de toute façon,yes,no,fragment,,
du premier,2,1093993,1830,3.21,du premier,yes,no,article + word,,
en Europe,2,1093969,1831,4.34,en Europe,no,no,rare word,,
les résultats,2,1093567,1832,4.52,le résultat,yes,no,article + word,,
sur place,2,1092515,1833,3.89,sur place,yes,yes,,,
sortir de,2,1091836,1834,2.55,sortir de,yes,no,fragment; loose,,
cour de,2,1091789,1835,2.17,cour de,yes,no,fragment; loose,,
les premières,2,1091375,1836,4.54,le premier,yes,no,article + word,,
politique de,2,1091229,1837,1.08,politique de,yes,no,fragment; loose,,
grand nombre,2,1090525,1838,7.73,grand nombre,yes,yes,,,
de donner,2,1090374,1839,1.7,de donner,yes,no,fragment; loose,,
deux fois,2,1089837,1840,4.73,deux fois,yes,yes,,,
la cause,2,1089754,1841,2.45,le cause,yes,no,article + word; loose,,
une belle,2,1088822,1842,4.18,un beau,yes,no,article + word,,
la vue,2,1086604,1843,2.16,le vue,yes,no,article + word; loose,,
de grands,2,1086030,1844,1.88,de grand,yes,no,fragment; loose,,
de ceux qui,3,1085986,1845,7.74,de celui qui,yes,no,fragment,,
dans la vie,3,1085029,1846,7.34,dans le vie,yes,yes,,,
à la suite,3,1084691,1847,7.96,à le suite,yes,yes,,,
la campagne,2,1084466,1848,4.15,le campagne,yes,no,article + word,,
air de,2,1083940,1849,1.12,air de,yes,no,fragment; loose,,
de fait,2,1083800,1850,-1.22,de faire,yes,no,fragment; loose,,
met en,2,1082380,1851,4.56,mettre en,yes,no,fragment,,
façon de,2,1082364,1852,1.26,façon de,yes,no,fragment; loose,,
sont à,2,1081687,1853,-0.36,être à,yes,no,fragment; loose,,
une situation,2,1079281,1854,3.79,un situation,yes,no,article + word,,
en bas,2,1078759,1855,3.58,en bas,yes,yes,,,
de l' enfant,3,1078384,1856,6.92,de le enfant,yes,no,fragment,,
cinq ans,2,1078274,1857,8.26,cinq an,yes,yes,,,
encore un,2,1077734,1858,1.39,encore un,yes,no,fragment; loose,,
qualité de,2,1077705,1859,2.41,qualité de,yes,no,fragment; loose,,
le bon,2,1077353,1860,1.96,le bon,yes,no,article + word; loose,,
tout à coup,3,1076218,1861,11.03,tout à coup,yes,yes,,,
que tous,2,1076150,1862,1.6,que tout,yes,no,loose,,
à propos de,3,1076043,1863,8,à propos de,yes,no,fragment,,
cette époque,2,1075215,1864,6.16,ce époque,yes,no,article + word,,
même à,2,1074525,1865,-0.35,même à,yes,no,fragment; loose,,
ce qui concerne,3,1074061,1866,13.29,ce qui concerner,yes,yes,,,
manque de,2,1073804,1867,2.9,manque de,yes,no,fragment; loose,,
à ce moment,3,1073682,1868,9.28,à ce moment,yes,yes,,,
pas avoir,2,1073314,1869,2.54,pas avoir,yes,no,loose,,
de certains,2,1073243,1870,1.31,de certain,yes,no,fragment; loose,,
d ' être,3,1072385,1871,,d ' être,no,no,rare word,,
de l' ordre,3,1072209,1872,7.39,de le ordre,yes,no,fragment,,
finit par,2,1072019,1873,6.91,finir par,yes,no,fragment,,
corps de,2,1071111,1874,0.78,corps de,yes,no,fragment; loose,,
le passage,2,1070948,1875,3.69,le passage,yes,no,article + word,,
les grandes,2,1070848,1876,3.85,le grand,yes,no,article + word,,
avait déjà,2,1069736,1877,4.58,avoir déjà,yes,yes,,,
ses propres,2,1069680,1878,6.89,son propre,yes,no,article + word,,
il serait,2,1069497,1879,2.93,il être,yes,no,loose,,
son esprit,2,1068296,1880,4.61,son esprit,yes,no,article + word,,
tous ses,2,1068104,1881,3.54,tout son,yes,no,fragment,,
ne peut être,3,1067869,1882,10.73,ne pouvoir être,yes,yes,,,
ne voulait,2,1067618,1883,5.2,ne vouloir,yes,yes,,,
le mur,2,1066667,1884,4.29,le mur,yes,no,article + word,,
la tradition,2,1066375,1885,4.26,le tradition,yes,no,article + word,,
sujet de,2,1066355,1886,1.7,sujet de,yes,no,fragment; loose,,
une partie de,3,1065197,1887,7.31,un partie de,yes,no,fragment,,
des conditions,2,1064520,1888,4.04,un condition,yes,no,article + word,,
le processus,2,1063155,1889,3.57,le processus,yes,no,article + word,,
le centre,2,1062569,1890,3.17,le centre,yes,no,article + word,,
nous le,2,1061940,1891,-0.94,nous le,yes,no,fragment; loose,,
avec de,2,1060906,1892,-2.28,avec de,yes,no,fragment; loose,,
à toutes,2,1060859,1893,1.58,à tout,yes,no,loose,,
que soit,2,1060857,1894,2.4,que être,yes,no,loose,,
de son père,3,1060317,1895,8.32,de son père,yes,no,fragment,,
être à,2,1060109,1896,-0.35,être à,yes,no,fragment; loose,,
en scène,2,1059788,1897,4.24,en scène,yes,yes,,,
a pris,2,1059614,1898,4.68,avoir pris,yes,yes,,,
devant les,2,1058363,1899,2.08,devant le,yes,no,fragment; loose,,
entre ses,2,1057784,1900,3.38,entrer son,yes,no,fragment,,
l' énergie,2,1057576,1901,4.18,le énergie,yes,no,article + word,,
en passant,2,1057406,1902,5.48,en passant,yes,yes,,,
esprit de,2,1057292,1903,1.24,esprit de,yes,no,fragment; loose,,
à droite,2,1057100,1904,3.73,à droite,yes,yes,,,
fait la,2,1056337,1905,-0.51,faire le,yes,no,fragment; loose,,
a pas de,3,1056164,1906,4.29,avoir pas de,yes,no,fragment,,
dix ans,2,1056005,1907,8.33,dix an,yes,yes,,,
mieux que,2,1055889,1908,3.24,mieux que,yes,no,fragment,,
bien de,2,1055834,1909,-1.52,bien de,yes,no,fragment; loose,,
millions de,2,1055772,1910,3.19,million de,yes,no,fragment,,
tous ceux,2,1055406,1911,6.12,tout celui,yes,yes,,,
autour du,2,1053898,1912,3.83,autour du,yes,no,fragment,,
la jeune fille,3,1053338,1913,13.34,le jeune fille,yes,yes,,,
à mesure,2,1053196,1914,3.11,à mesure,yes,yes,,,
ni de,2,1053103,1915,0.56,ni de,yes,no,fragment; loose,,
au service,2,1052761,1916,4.82,au service,yes,no,article + word,,
intention de,2,1052746,1917,3.3,intention de,yes,no,fragment,,
de la main,3,1052340,1918,5.71,de le main,yes,no,fragment,,
on les,2,1052274,1919,-0.75,on le,yes,no,fragment; loose,,
bien entendu,2,1051964,1920,6.93,bien entendu,yes,yes,,,
a pu,2,1051790,1921,4.45,avoir pouvoir,yes,yes,,,
moi et,2,1050407,1922,0.39,moi et,yes,no,fragment; loose,,
partie de la,3,1050335,1923,5.86,partie de le,yes,no,fragment,,
la maladie,2,1049970,1924,3.87,le maladie,yes,no,article + word,,
l' absence de,3,1049783,1925,8.54,le absence de,yes,no,fragment,,
être en,2,1048841,1926,0.2,être en,yes,no,fragment; loose,,
un mouvement,2,1048257,1927,3.96,un mouvement,yes,no,article + word,,
on pourrait,2,1047783,1928,5.54,on pouvoir,yes,yes,,,
fait des,2,1047529,1929,0.58,faire un,yes,no,fragment; loose,,
du matin,2,1047389,1930,4.34,du matin,yes,no,article + word,,
à peu près,3,1047381,1931,12.45,à peu près,yes,yes,,,
en faveur,2,1046862,1932,5.41,en faveur,yes,yes,,,
dans le même,3,1046774,1933,6.34,dans le même,yes,yes,,,
œuvre de,2,1046114,1934,1.64,œuvre de,yes,no,fragment; loose,,
et d' un,3,1045972,1935,3.25,et de un,yes,no,fragment,,
sur moi,2,1045531,1936,2.5,sur moi,yes,no,loose,,
DE LA,2,1045357,1937,,DE LA,no,no,rare word,,
dans ses bras,3,1045212,1938,12.23,dans son bras,yes,yes,,,
le cadre de,3,1044911,1939,7.71,le cadre de,yes,no,fragment,,
difficile de,2,1044840,1940,2.43,difficile de,yes,no,fragment; loose,,
à l' aide,3,1044731,1941,9.13,à le aide,yes,yes,,,
la lutte,2,1044483,1942,4.12,le lutte,yes,no,article + word,,
mesure où,2,1044322,1943,6.86,mesure où,yes,yes,,,
plus vite,2,1043976,1944,5.31,plus vite,yes,yes,,,
des services,2,1043141,1945,4.27,un service,yes,no,article + word,,
général de,2,1042382,1946,1.51,général de,yes,no,fragment; loose,,
en question,2,1042036,1947,2.77,en question,yes,no,loose,,
la propriété,2,1041992,1948,4.08,le propriété,yes,no,article + word,,
se sentait,2,1041791,1949,6.43,se sentir,yes,yes,,,
une lettre,2,1041718,1950,4.4,un lettre,yes,no,article + word,,
d' années,2,1041401,1951,2.78,de année,yes,no,loose,,
le point de,3,1040868,1952,6,le point de,yes,no,fragment,,
entre les deux,3,1040557,1953,9.96,entrer le deux,yes,yes,,,
tous deux,2,1040432,1954,4.29,tout deux,yes,yes,,,
la procédure,2,1039854,1955,4.07,le procédure,yes,no,article + word,,
la taille,2,1039795,1956,3.67,le taille,yes,no,article + word,,
en cours,2,1039767,1957,3.12,en cours,yes,yes,,,
mais que,2,1039724,1958,-0.18,mais que,yes,no,fragment; loose,,
à gauche,2,1039145,1959,3.61,à gauche,yes,yes,,,
chaque jour,2,1039070,1960,7.09,chaque jour,yes,yes,,,
des éléments,2,1038970,1961,4.28,un élément,yes,no,article + word,,
en attendant,2,1038935,1962,5.77,en attendre,yes,yes,,,
je sais que,3,1038898,1963,10.43,je savoir que,yes,no,fragment,,
à plusieurs,2,1038458,1964,2.2,à plusieurs,yes,no,loose,,
a pour,2,1038419,1965,-0.13,avoir pour,yes,no,fragment; loose,,
en ligne,2,1038382,1966,4.35,en ligne,yes,yes,,,
tout simplement,2,1038297,1967,6.53,tout simplement,yes,yes,,,
la naissance,2,1037662,1968,3.8,le naissance,yes,no,article + word,,
la majorité,2,1037275,1969,4.29,le majorité,yes,no,article + word,,
de très,2,1036933,1970,-0.53,de très,yes,no,fragment; loose,,
sa sœur,2,1036845,1971,6.56,son sœur,yes,no,article + word,,
est encore,2,1035024,1972,1.65,être encore,yes,no,loose,,
du mal à,3,1034989,1973,8.94,du mal à,yes,no,fragment,,
la mesure où,3,1034474,1974,11.96,le mesure où,yes,yes,,,
vous allez,2,1034202,1975,6.63,vous aller,yes,yes,,,
la capacité,2,1033098,1976,3.95,le capacité,yes,no,article + word,,
que sur,2,1032954,1977,-0.64,que sur,yes,no,fragment; loose,,
côté de la,3,1032588,1978,6.06,côté de le,yes,no,fragment,,
aussi à,2,1032186,1979,0.27,aussi à,yes,no,fragment; loose,,
trop de,2,1031933,1980,0.48,trop de,yes,no,fragment; loose,,
dans la mesure où,4,1031656,1981,18.77,dans le mesure où,yes,yes,,,
à l' origine,3,1031604,1982,9.26,à le origine,yes,yes,,,
en moi,2,1031255,1983,1.1,en moi,yes,no,loose,,
l' univers,2,1030846,1984,4.62,le univers,yes,no,article + word,,
je ne peux pas,4,1030781,1985,19.19,je ne pouvoir pas,yes,yes,,,
dans mes,2,1030673,1986,2.61,dans mon,yes,no,fragment; loose,,
le général,2,1030486,1987,2.66,le général,yes,no,article + word; loose,,
eu le,2,1030329,1988,2.21,avoir le,yes,no,fragment; loose,,
mise en œuvre,3,1029892,1989,15.53,mise en œuvre,yes,yes,,,
plus le,2,1029601,1990,-1.52,plus le,yes,no,fragment; loose,,
de gestion,2,1029293,1991,2.77,de gestion,yes,no,fragment; loose,,
les parents,2,1028701,1992,3.37,le parent,yes,no,article + word,,
le moindre,2,1027295,1993,3.95,le moindre,yes,no,article + word,,
loi du,2,1027225,1994,3.83,loi du,yes,no,fragment,,
aussi le,2,1026792,1995,0.17,aussi le,yes,no,fragment; loose,,
la chose,2,1026472,1996,1.17,le chose,yes,no,article + word; loose,,
faut pas,2,1026281,1997,3.14,falloir pas,yes,yes,,,
le modèle,2,1025749,1998,3.8,le modèle,yes,no,article + word,,
le titre,2,1025722,1999,3.29,le titre,yes,no,article + word,,
l' ancien,2,1025507,2000,3.94,le ancien,yes,no,article + word,,
lui dire,2,1025363,2001,3.75,luire dire,yes,yes,,,
y est,2,1025269,2002,0.62,y être,yes,no,loose,,
le tout,2,1025155,2003,-0.69,le tout,yes,no,article + word; loose,,
ses doigts,2,1024975,2004,6.91,son doigt,yes,no,article + word,,
intérieur de,2,1024628,2005,2.03,intérieur de,yes,no,fragment; loose,,
celles qui,2,1024604,2006,4.62,celui qui,yes,yes,,,
les lieux,2,1024213,2007,4.28,le lieu,yes,no,article + word,,
la notion de,3,1023868,2008,8.3,le notion de,yes,no,fragment,,
de l' année,3,1022925,2009,7.47,de le année,yes,no,fragment,,
la structure,2,1022333,2010,3.96,le structure,yes,no,article + word,,
les éléments,2,1021623,2011,3.87,le élément,yes,no,article + word,,
me semble,2,1021560,2012,6.15,me sembler,yes,yes,,,
de formation,2,1021375,2013,2.45,de formation,yes,no,fragment; loose,,
en Afrique,2,1021114,2014,4.66,en Afrique,no,no,rare word,,
mais il ne,3,1021024,2015,6.89,mais il ne,yes,no,fragment,,
la communication,2,1020974,2016,3.66,le communication,yes,no,article + word,,
au travail,2,1020792,2017,3.66,au travail,yes,no,article + word,,
la classe,2,1020518,2018,3.56,le classe,yes,no,article + word,,
de rester,2,1019895,2019,2.49,de rester,yes,no,fragment; loose,,
une série,2,1019084,2020,5.42,un série,yes,no,article + word,,
de comprendre,2,1018638,2021,1.96,de comprendre,yes,no,fragment; loose,,
le bien,2,1018584,2022,-0.41,le bien,yes,no,article + word; loose,,
le livre,2,1018332,2023,2.94,le livre,yes,no,article + word; loose,,
la position,2,1018281,2024,3.26,le position,yes,no,article + word,,
par la suite,3,1017923,2025,9.75,par le suite,yes,yes,,,
à la porte,3,1017647,2026,7.1,à le porte,yes,yes,,,
objet d',2,1016764,2027,3.71,objet de,yes,no,fragment,,
le lui,2,1016180,2028,-1.02,le luire,yes,no,article + word; loose,,
celle d',2,1016039,2029,2.36,celui de,yes,no,fragment; loose,,
mais nous,2,1015999,2030,1.49,mais nous,yes,no,loose,,
une histoire,2,1015200,2031,2.92,un histoire,yes,no,article + word; loose,,
partie des,2,1015179,2032,2.54,partie un,yes,no,fragment; loose,,
le matin,2,1014932,2033,3.1,le matin,yes,no,article + word,,
les effets,2,1014503,2034,4.4,le effet,yes,no,article + word,,
la date,2,1014436,2035,3.6,le date,yes,no,article + word,,
comme à,2,1014114,2036,-0.79,comme à,yes,no,fragment; loose,,
de l' art,3,1013773,2037,6.98,de le art,yes,no,fragment,,
entrer dans,2,1012887,2038,5.31,entrer dans,yes,no,fragment,,
peine de,2,1012872,2039,1.6,peiner de,yes,no,fragment; loose,,
celui du,2,1012607,2040,2.61,celui du,yes,no,fragment; loose,,
ou dans,2,1012530,2041,0.29,ou dans,yes,no,fragment; loose,,
y a une,3,1012245,2042,8.1,y avoir un,yes,no,fragment,,
celui de la,3,1012220,2043,5.37,celui de le,yes,no,fragment,,
hommes et,2,1011948,2044,1.83,homme et,yes,no,fragment; loose,,
sentiment de,2,1011757,2045,2.65,sentiment de,yes,no,fragment; loose,,
l' emploi,2,1011012,2046,4.26,le emploi,yes,no,article + word,,
de la nuit,3,1010865,2047,6.32,de le nuit,yes,no,fragment,,
incapable de,2,1010403,2048,3.91,incapable de,yes,no,fragment,,
l' utilisation,2,1010122,2049,4.74,le utilisation,yes,no,article + word,,
moi aussi,2,1010007,2050,4.28,moi aussi,yes,yes,,,
en son,2,1009780,2051,-0.86,en son,yes,no,fragment; loose,,
le nombre de,3,1009315,2052,6.91,le nombre de,yes,no,fragment,,
où nous,2,1009206,2053,2.84,où nous,yes,no,loose,,
ce sujet,2,1008984,2054,4.66,ce sujet,yes,no,article + word,,
un de ses,3,1008754,2055,4.33,un de son,yes,no,fragment,,
je viens,2,1008515,2056,5.99,je venir,yes,yes,,,
toutes ses,2,1007973,2057,4.36,tout son,yes,no,fragment,,
puis elle,2,1007926,2058,2.84,pouvoir lui,yes,no,loose,,
le dire,2,1007782,2059,1.04,le dire,yes,no,article + word; loose,,
pour tout,2,1007089,2060,0.83,pour tout,yes,no,loose,,
avec ce,2,1006898,2061,0.68,avec ce,yes,no,fragment; loose,,
il a été,3,1006703,2062,8.59,il avoir être,yes,yes,,,
l ' homme,3,1006425,2063,,l ' homme,no,no,rare word,,
une façon,2,1006192,2064,3.34,un façon,yes,no,article + word,,
quand la,2,1005803,2065,0.29,quand le,yes,no,fragment; loose,,
le bruit,2,1005719,2066,3.98,le bruit,yes,no,article + word,,
croire que,2,1005479,2067,4.63,croire que,yes,no,fragment,,
et de ses,3,1005439,2068,3.51,et de son,yes,no,fragment,,
nous devons,2,1004805,2069,8,nous devoir,yes,yes,,,
il ne faut,3,1004764,2070,9.64,il ne falloir,yes,yes,,,
de police,2,1004646,2071,2.67,de police,yes,no,fragment; loose,,
les droits,2,1004027,2072,3.57,le droit,yes,no,article + word,,
par leur,2,1003871,2073,1.79,par son,yes,no,loose,,
pour éviter,2,1003861,2074,5.5,pour éviter,yes,yes,,,
voix de,2,1003412,2075,0.97,voix de,yes,no,fragment; loose,,
temps et,2,1002941,2076,0.46,temps et,yes,no,fragment; loose,,
je lui ai,3,1002181,2077,9.87,je luire avoir,yes,yes,,,
du gouvernement,2,1000722,2078,4.61,du gouvernement,yes,no,article + word,,
en partie,2,999859,2079,2.49,en partie,yes,no,loose,,
l' individu,2,999499,2080,4.7,le individu,yes,no,article + word,,
vers lui,2,999015,2081,3.65,vers luire,yes,yes,,,
volonté de,2,998867,2082,2.52,volonté de,yes,no,fragment; loose,,
du peuple,2,998437,2083,4.69,du peuple,yes,no,article + word,,
un état,2,998156,2084,2.45,un état,yes,no,article + word; loose,,
on avait,2,998058,2085,1.76,on avoir,yes,no,loose,,
des jeunes,2,997863,2086,3.81,un jeune,yes,no,article + word,,
ne saurait,2,996960,2087,7.1,ne savoir,yes,yes,,,
ou de la,3,996757,2088,2.94,ou de le,yes,no,fragment; loose,,
tu le,2,995429,2089,-0.23,tu le,yes,no,fragment; loose,,
chemin de,2,995224,2090,2.07,chemin de,yes,no,fragment; loose,,
au courant,2,994870,2091,5.76,au courant,yes,no,article + word,,
de retour,2,994591,2092,1.83,de retour,yes,no,fragment; loose,,
les murs,2,993651,2093,4.8,le mur,yes,no,article + word,,
lorsque la,2,993409,2094,1.84,lorsque le,yes,no,fragment; loose,,
mise à,2,993052,2095,2.9,mise à,yes,no,fragment; loose,,
dans votre,2,992732,2096,2.57,dans votre,yes,no,loose,,
le moins,2,992209,2097,1.08,le moins,yes,no,article + word; loose,,
un jeune,2,991728,2098,2.74,un jeune,yes,no,article + word; loose,,
est dans,2,991668,2099,-1.42,être dans,yes,no,fragment; loose,,
d' un coup,3,991398,2100,9.28,de un coup,yes,yes,,,
image de,2,991071,2101,2.05,image de,yes,no,fragment; loose,,
il semble,2,990672,2102,3.6,il sembler,yes,yes,,,
en raison de,3,988851,2103,7.28,en raison de,yes,no,fragment,,
d' un autre,3,988246,2104,7.4,de un autre,yes,yes,,,
ce livre,2,987732,2105,4.76,ce livre,yes,no,article + word,,
des informations,2,987148,2106,4.54,un information,yes,no,article + word,,
pays de,2,986477,2107,0.56,pays de,yes,no,fragment; loose,,
en fonction de,3,986339,2108,8.16,en fonction de,yes,no,fragment,,
qui permet,2,986321,2109,4.35,qui permettre,yes,yes,,,
dans le domaine,3,986252,2110,10.51,dans le domaine,yes,yes,,,
plus fort,2,986221,2111,4.84,plus fort,yes,yes,,,
ce sens,2,983951,2112,3.71,ce sens,yes,no,article + word,,
devant lui,2,983698,2113,4.36,devant luire,yes,yes,,,
la vie de,3,983098,2114,4.75,le vie de,yes,no,fragment,,
demande de,2,983028,2115,1.4,demande de,yes,no,fragment; loose,,
de la porte,3,983013,2116,5.8,de le porte,yes,no,fragment,,
la salle de,3,982972,2117,7.14,le salle de,yes,no,fragment,,
on voit,2,982902,2118,6.17,on voir,yes,yes,,,
il dit,2,982643,2119,1.09,il dire,yes,no,loose,,
la chaleur,2,982281,2120,4.11,le chaleur,yes,no,article + word,,
ne savait,2,981947,2121,5.25,ne savoir,yes,yes,,,
le long de,3,981826,2122,7.05,le long de,yes,no,fragment,,
termes de,2,981749,2123,2.63,terme de,yes,no,fragment; loose,,
une place,2,981462,2124,2.71,un place,yes,no,article + word; loose,,
l' établissement,2,981364,2125,4.58,le établissement,yes,no,article + word,,
dans de,2,981208,2126,-3.64,dans de,yes,no,fragment; loose,,
du regard,2,980644,2127,3.36,du regard,yes,no,article + word,,
l' oreille,2,980236,2128,4.82,le oreille,yes,no,article + word,,
développement de,2,980075,2129,1.79,développement de,yes,no,fragment; loose,,
l' autre côté,3,980034,2130,11.94,le autre côté,yes,yes,,,
était la,2,979965,2131,-1.5,être le,yes,no,fragment; loose,,
la méthode,2,978585,2132,3.93,le méthode,yes,no,article + word,,
sur leur,2,978285,2133,1.82,sur son,yes,no,loose,,
que ceux,2,977984,2134,2.78,que celui,yes,no,loose,,
quelques années,2,977845,2135,6.85,quelque année,yes,yes,,,
cette question,2,977843,2136,5.05,ce question,yes,no,article + word,,
contre lui,2,975923,2137,3.96,contre luire,yes,yes,,,
du marché,2,975875,2138,4.46,du marché,yes,no,article + word,,
mais un,2,975169,2139,-0.54,mais un,yes,no,fragment; loose,,
de force,2,974830,2140,1.57,de forcer,yes,no,fragment; loose,,
cours des,2,974575,2141,3.05,cours un,yes,no,fragment,,
ne va,2,974425,2142,3.44,ne aller,yes,yes,,,
dont je,2,973857,2143,2.33,dont je,yes,no,written style; loose,,
de Jean,2,973505,2144,,de Jean,no,no,fragment; rare word,,
se tourna,2,971422,2145,6.61,se tourner,no,no,rare word,,
au long,2,971404,2146,4.52,au long,yes,no,article + word,,
les pieds,2,971227,2147,3.77,le pied,yes,no,article + word,,
de famille,2,970994,2148,1.18,de famille,yes,no,fragment; loose,,
impossible de,2,970631,2149,2.64,impossible de,yes,no,fragment; loose,,
un sens,2,970628,2150,2.55,un sens,yes,no,article + word; loose,,
gens qui,2,967360,2151,3.95,gens qui,yes,yes,,,
la capitale,2,966503,2152,4.4,le capital,yes,no,article + word,,
chose à,2,965935,2153,1.6,chose à,yes,no,fragment; loose,,
in the,2,965303,2154,,in the,yes,no,,,
au moment de,3,964160,2155,7.86,au moment de,yes,no,fragment,,
les lèvres,2,963896,2156,3.9,le lèvre,yes,no,article + word,,
le terrain,2,963540,2157,4.16,le terrain,yes,no,article + word,,
ne fut,2,963531,2158,3.39,ne être,yes,yes,,,
l' occasion de,3,963095,2159,8.23,le occasion de,yes,no,fragment,,
et pas,2,962933,2160,-2.29,et pas,yes,no,fragment; loose,,
jour où,2,962929,2161,5.3,jour où,yes,yes,,,
entre nous,2,962749,2162,3,entrer nous,yes,yes,,,
il à,2,962609,2163,-2.95,il à,yes,no,fragment; loose,,
un véritable,2,962380,2164,4.36,un véritable,yes,no,article + word,,
période de,2,961937,2165,2.39,période de,yes,no,fragment; loose,,
pour eux,2,961733,2166,3.33,pour lui,yes,yes,,,
celles de,2,961346,2167,1.93,celui de,yes,no,fragment; loose,,
à nos,2,961320,2168,1.84,à notre,yes,no,loose,,
les différents,2,961037,2169,3.74,le différent,yes,no,article + word,,
l' Afrique,2,960830,2170,4.14,le Afrique,no,no,article + word; rare word,,
très vite,2,960561,2171,7.32,très vite,yes,yes,,,
de rien,2,960419,2172,-0.28,de rien,yes,no,fragment; loose,,
titre de,2,960367,2173,2.03,titre de,yes,no,fragment; loose,,
des lieux,2,959464,2174,4.58,un lieu,yes,no,article + word,,
code de,2,959243,2175,2.6,code de,yes,no,fragment; loose,,
un premier,2,958885,2176,2.55,un premier,yes,no,article + word; loose,,
il y a des,4,958778,2177,13.97,il y avoir un,yes,no,fragment,,
donc de,2,958661,2178,-0.18,donc de,yes,no,fragment; loose,,
plan de,2,958023,2179,1.7,plan de,yes,no,fragment; loose,,
la plage,2,957647,2180,4.47,le plage,yes,no,article + word,,
homme et,2,956591,2181,0.83,homme et,yes,no,fragment; loose,,
l' arrière,2,956481,2182,3.95,le arrière,yes,no,article + word,,
l' étranger,2,956414,2183,4.64,le étranger,yes,no,article + word,,
à la recherche,3,956384,2184,8.2,à le recherche,yes,yes,,,
un problème,2,956370,2185,3.91,un problème,yes,no,article + word,,
travers les,2,955778,2186,3.19,travers le,yes,no,fragment,,
en les,2,955574,2187,-2.85,en le,yes,no,fragment; loose,,
et encore,2,955378,2188,0.41,et encore,yes,no,fragment; loose,,
pas non,2,953881,2189,2,pas non,yes,no,loose,,
du bien,2,953483,2190,0.69,du bien,yes,no,article + word; loose,,
à venir,2,953463,2191,3.36,à venir,yes,yes,,,
a vu,2,953341,2192,4.35,avoir voir,yes,yes,,,
pour tous,2,953132,2193,1.98,pour tout,yes,no,loose,,
un coup d' œil,4,952758,2194,21.79,un coup de œil,yes,yes,,,
la semaine,2,952574,2195,3.4,le semaine,yes,no,article + word,,
et tous,2,951979,2196,0.35,et tout,yes,no,fragment; loose,,
plein de,2,951419,2197,2.3,plein de,yes,no,fragment; loose,,
se mettre,2,951336,2198,4.35,se mettre,yes,yes,,,
l' été,2,951141,2199,0.46,le être,yes,no,article + word; loose,,
le service,2,951108,2200,2.82,le service,yes,no,article + word; loose,,
petit déjeuner,2,951101,2201,9.62,petit déjeuner,yes,yes,,,
yeux et,2,950496,2202,1.23,oeil et,yes,no,fragment; loose,,
que les autres,3,950342,2203,7.37,que le autre,yes,yes,,,
des entreprises,2,949742,2204,4.41,un entreprise,yes,no,article + word,,
que ma,2,949691,2205,1.59,que mon,yes,no,fragment; loose,,
ont fait,2,949655,2206,3.79,avoir faire,yes,yes,,,
d' action,2,948606,2207,3.54,de action,yes,yes,,,
certain nombre,2,948363,2208,9.6,certain nombre,yes,yes,,,
sont de,2,946789,2209,-1.8,être de,yes,no,fragment; loose,,
trois ans,2,946416,2210,6.67,trois an,yes,yes,,,
parce que je,3,946334,2211,10.01,parce que je,yes,yes,,,
au fond de,3,945974,2212,9.17,au fond de,yes,no,fragment,,
sans le,2,945426,2213,-0.14,sans le,yes,no,fragment; loose,,
chez le,2,945050,2214,1.38,chez le,yes,no,fragment; loose,,
sur ces,2,944296,2215,1.88,sur ce,yes,no,fragment; loose,,
temps d',2,943817,2216,1.19,temps de,yes,no,fragment; loose,,
dans le cadre de,4,943785,2217,14.38,dans le cadre de,yes,no,fragment; written style,,
fait d',2,943650,2218,0.48,faire de,yes,no,fragment; loose,,
ne veut,2,943155,2219,4.73,ne vouloir,yes,yes,,,
de sa mère,3,941076,2220,8.87,de son mère,yes,no,fragment,,
être que,2,941004,2221,0.39,être que,yes,no,fragment; loose,,
sur le sol,3,940564,2222,10.9,sur le sol,yes,yes,,,
université de,2,940219,2223,2.88,université de,yes,no,fragment; loose,,
commencé à,2,939651,2224,4.6,commencer à,yes,no,fragment,,
mais une,2,939596,2225,-0.31,mais un,yes,no,fragment; loose,,
l' on peut,3,939446,2226,8.36,le on pouvoir,yes,yes,,,
est au,2,937958,2227,-0.92,être au,yes,no,fragment; loose,,
d' intérêt,2,937876,2228,3.91,de intérêt,yes,yes,,,
on lui,2,937687,2229,1.48,on luire,yes,no,loose,,
de communication,2,937181,2230,2.79,de communication,yes,no,fragment; loose,,
et aussi,2,936281,2231,-0.04,et aussi,yes,no,fragment; loose,,
ce sont des,3,936144,2232,7.43,ce être un,yes,no,fragment,,
quand les,2,935669,2233,0.9,quand le,yes,no,fragment; loose,,
il est vrai,3,935504,2234,10.05,il être vrai,yes,yes,,,
même le,2,935183,2235,-0.64,même le,yes,no,fragment; loose,,
un pays,2,934909,2236,2.37,un pays,yes,no,article + word; loose,,
et où,2,934559,2237,-0.06,et où,yes,no,fragment; loose,,
on trouve,2,934548,2238,5.21,on trouver,yes,yes,,,
et je me,3,934224,2239,6.54,et je me,yes,no,fragment,,
devait être,2,934180,2240,6.08,devoir être,yes,yes,,,
décidé de,2,933786,2241,3.14,décidé de,yes,no,fragment,,
et de son,3,933728,2242,2.66,et de son,yes,no,fragment; loose,,
me fait,2,933608,2243,2.98,me faire,yes,no,loose,,
par là,2,932893,2244,2.53,par là,yes,no,loose,,
de l' autre côté,4,932205,2245,16.24,de le autre côté,yes,no,fragment,,
un signe,2,931777,2246,4.28,un signe,yes,no,article + word,,
manière de,2,931416,2247,1.18,manière de,yes,no,fragment; loose,,
le cas de,3,931389,2248,5.76,le cas de,yes,no,fragment,,
et là,2,931345,2249,0.47,et là,yes,no,fragment; loose,,
voir le,2,930965,2250,1.09,voir le,yes,no,fragment; loose,,
ouvert du,2,930608,2251,4.43,ouvert du,yes,no,fragment,,
père et,2,929707,2252,1.49,père et,yes,no,fragment; loose,,
de l' argent,3,929632,2253,7.73,de le argent,yes,no,fragment,,
de la terre,3,929603,2254,6.17,de le terrer,yes,no,fragment,,
les entreprises,2,929068,2255,3.99,le entreprise,yes,no,article + word,,
je voudrais,2,928997,2256,6.73,je vouloir,yes,yes,,,
je ne veux pas,4,928387,2257,18.61,je ne vouloir pas,yes,yes,,,
et celle,2,928225,2258,1.41,et celui,yes,no,fragment; loose,,
va pas,2,928141,2259,3.13,aller pas,yes,yes,,,
ses deux,2,927057,2260,2.83,son deux,yes,no,article + word; loose,,
au nord,2,927012,2261,5.08,au nord,yes,no,article + word,,
deux hommes,2,926967,2262,5.51,deux homme,yes,yes,,,
penser à,2,926648,2263,3.41,penser à,yes,no,fragment,,
chose qui,2,926474,2264,2.87,chose qui,yes,no,loose,,
mettre à,2,926333,2265,2.49,mettre à,yes,no,fragment; loose,,
l' écriture,2,926264,2266,4.59,le écriture,yes,no,article + word,,
ce genre de,3,926228,2267,9.46,ce genre de,yes,no,fragment,,
aussi la,2,926115,2268,-0.4,aussi le,yes,no,fragment; loose,,
le fond,2,926050,2269,2.9,le fond,yes,no,article + word; loose,,
de partir,2,926013,2270,1.08,de partir,yes,no,fragment; loose,,
chez elle,2,925925,2271,3.15,chez lui,yes,yes,,,
de répondre,2,925719,2272,2.5,de répondre,yes,no,fragment; loose,,
près de la,3,925195,2273,6.16,près de le,yes,no,fragment,,
l' exemple,2,924921,2274,2.29,le exemple,yes,no,article + word; loose,,
l' escalier,2,924157,2275,5.04,le escalier,yes,no,article + word,,
ce monde,2,924092,2276,2.9,ce monde,yes,no,article + word; loose,,
permet d',2,923681,2277,3.56,permettre de,yes,no,fragment,,
celle de la,3,923412,2278,5.44,celui de le,yes,no,fragment,,
tout son,2,923044,2279,1.35,tout son,yes,no,fragment; loose,,
près du,2,922306,2280,3.4,près du,yes,no,fragment,,
pour ses,2,921932,2281,0.65,pour son,yes,no,fragment; loose,,
pas non plus,3,921623,2282,9.66,pas non plus,yes,yes,,,
et mon,2,921339,2283,-0.04,et mon,yes,no,fragment; loose,,
l' application,2,921225,2284,4.15,le application,yes,no,article + word,,
la gorge,2,921221,2285,4.16,le gorge,yes,no,article + word,,
son ami,2,920979,2286,5.42,son ami,yes,no,article + word,,
répondre à,2,920913,2287,3.75,répondre à,yes,no,fragment,,
une véritable,2,920815,2288,4.59,un véritable,yes,no,article + word,,
de la région,3,920314,2289,7.54,de le région,yes,no,fragment,,
la sienne,2,920283,2290,4.91,le sien,yes,no,article + word,,
le nouveau,2,920213,2291,1.9,le nouveau,yes,no,article + word; loose,,
le vieux,2,920143,2292,3.19,le vieux,yes,no,article + word,,
pouvait pas,2,919759,2293,3.8,pouvoir pas,yes,yes,,,
moyens de,2,919407,2294,2.46,moyen de,yes,no,fragment; loose,,
l' essentiel,2,919134,2295,4.66,le essentiel,yes,no,article + word,,
faire l',2,918790,2296,0.19,faire le,yes,no,fragment; loose,,
âge de,2,918515,2297,1.88,âge de,yes,no,fragment; loose,,
aussi un,2,918445,2298,0.74,aussi un,yes,no,fragment; loose,,
aux États,2,918298,2299,,aux États,no,no,article + word; rare word,,
encore à,2,918273,2300,0.53,encore à,yes,no,fragment; loose,,
la sortie,2,918052,2301,3.8,le sortie,yes,no,article + word,,
à ne pas,3,917717,2302,5.17,à ne pas,yes,no,,,
sorte que,2,917627,2303,3.86,sorte que,yes,no,fragment,,
prendre le,2,917295,2304,1.93,prendre le,yes,no,fragment; loose,,
a bien,2,916675,2305,1.43,avoir bien,yes,no,loose,,
à travers les,3,916398,2306,8.76,à travers le,yes,no,fragment,,
visage de,2,916175,2307,1.34,visage de,yes,no,fragment; loose,,
l' honneur,2,915961,2308,4.36,le honneur,yes,no,article + word,,
de ta,2,915220,2309,1.68,de ton,yes,no,fragment; loose,,
un espace,2,915204,2310,3.7,un espace,yes,no,article + word,,
en dépit,2,914638,2311,5.92,en dépit,yes,yes,,,
champ de,2,914267,2312,2.56,champ de,yes,no,fragment; loose,,
qui étaient,2,914159,2313,2.52,qui être,yes,no,loose,,
depuis des,2,913790,2314,1.82,depuis un,yes,no,fragment; loose,,
du village,2,913655,2315,4.82,du village,yes,no,article + word,,
a plus,2,913539,2316,0.3,avoir plus,yes,no,loose,,
de petits,2,913511,2317,1.9,de petit,yes,no,fragment; loose,,
mais cette,2,912578,2318,1.66,mais ce,yes,no,fragment; loose,,
recherche de,2,912396,2319,1.76,recherche de,yes,no,fragment; loose,,
à mettre,2,912152,2320,2.47,à mettre,yes,no,loose,,
et celui,2,911771,2321,1.18,et celui,yes,no,fragment; loose,,
une maison,2,911707,2322,2.97,un maison,yes,no,article + word; loose,,
sûr que,2,911664,2323,3.68,sûr que,yes,no,fragment,,
les services,2,911655,2324,3.69,le service,yes,no,article + word,,
ces mots,2,911456,2325,6.34,ce mot,yes,no,article + word,,
un certain nombre,3,910930,2326,15.81,un certain nombre,yes,yes,,,
un travail,2,910863,2327,2.36,un travail,yes,no,article + word; loose,,
au sud,2,909894,2328,5.12,au sud,yes,no,article + word,,
milieu des,2,909679,2329,3.48,milieu un,yes,no,fragment,,
le plus grand,3,909425,2330,8.92,le plus grand,yes,yes,,,
la tête de,3,909392,2331,5.3,le tête de,yes,no,fragment,,
mise en place,3,908816,2332,14.33,mise en place,yes,yes,,,
quel point,2,907900,2333,7.89,quel point,yes,yes,,,
avoir des,2,907884,2334,1.4,avoir un,yes,no,fragment; loose,,
au fil,2,907505,2335,6.11,au fil,yes,no,article + word,,
en bois,2,907401,2336,3.76,en bois,yes,yes,,,
où est,2,907367,2337,1.03,où être,yes,no,loose,,
plusieurs fois,2,906868,2338,6.51,plusieurs fois,yes,yes,,,
les rues,2,906638,2339,5.09,le rue,yes,no,article + word,,
le plaisir,2,906411,2340,3.21,le plaisir,yes,no,article + word,,
là que,2,906290,2341,1.51,là que,yes,no,fragment; loose,,
point d',2,905548,2342,2.16,point de,yes,no,fragment; loose,,
un ensemble,2,905530,2343,2.94,un ensemble,yes,no,article + word; loose,,
de bonne,2,905204,2344,1.13,de bon,yes,no,fragment; loose,,
un verre,2,904710,2345,4.61,un verre,yes,no,article + word,,
la côte,2,904689,2346,3.91,le côte,yes,no,article + word,,
même les,2,904640,2347,-0.4,même le,yes,no,fragment; loose,,
eut un,2,904047,2348,3.73,avoir un,yes,no,fragment,,
lorsque l',2,903669,2349,2.35,lorsque le,yes,no,fragment; loose,,
chose que,2,903617,2350,2.4,chose que,yes,no,fragment; loose,,
de données,2,903444,2351,2.38,de donner,yes,no,fragment; loose,,
en haut,2,903188,2352,3.35,en haut,yes,yes,,,
les autorités,2,902679,2353,4.98,le autorité,yes,no,article + word,,
rue de,2,902606,2354,1.51,rue de,yes,no,fragment; loose,,
ou par,2,902249,2355,0.82,ou par,yes,no,fragment; loose,,
mais vous,2,902209,2356,1.19,mais vous,yes,no,loose,,
ne faut pas,3,902129,2357,10.31,ne falloir pas,yes,yes,,,
en quelque,2,902127,2358,2.26,en quelque,yes,no,loose,,
désir de,2,901750,2359,2.42,désir de,yes,no,fragment; loose,,
les questions,2,901682,2360,3.43,le question,yes,no,article + word,,
les travaux,2,901320,2361,3.99,le travail,yes,no,article + word,,
est également,2,900847,2362,3.04,être également,yes,yes,,,
a déjà,2,900680,2363,3.45,avoir déjà,yes,yes,,,
le respect,2,900380,2364,4.11,le respect,yes,no,article + word,,
côté du,2,899514,2365,3.1,côté du,yes,no,fragment,,
à la fin de,4,898756,2366,11.5,à le fin de,yes,no,fragment,,
les sourcils,2,898072,2367,5.43,le sourcil,yes,no,article + word,,
en ce moment,3,897953,2368,9.58,en ce moment,yes,yes,,,
devant l',2,897623,2369,1.77,devant le,yes,no,fragment; loose,,
à l' école,3,897620,2370,8.97,à le école,yes,yes,,,
de contrôle,2,896704,2371,2.3,de contrôler,yes,no,fragment; loose,,
celui d',2,896556,2372,1.97,celui de,yes,no,fragment; loose,,
on sait,2,896484,2373,5.6,on savoir,yes,yes,,,
fois par,2,896154,2374,2.69,fois par,yes,no,fragment; loose,,
ou au,2,895350,2375,0.69,ou au,yes,no,fragment; loose,,
loi de,2,895274,2376,1.27,loi de,yes,no,fragment; loose,,
mais cela,2,894464,2377,3.24,mais celer,yes,yes,,,
je savais,2,894429,2378,6.13,je savoir,yes,yes,,,
il faudrait,2,894119,2379,5.42,il falloir,yes,yes,,,
ne pouvait pas,3,893860,2380,11.11,ne pouvoir pas,yes,yes,,,
du soleil,2,893416,2381,4.39,du soleil,yes,no,article + word,,
de bon,2,893375,2382,0.52,de bon,yes,no,fragment; loose,,
accès à,2,892000,2383,3.85,accès à,yes,no,fragment,,
l' habitude,2,891366,2384,4.36,le habitude,yes,no,article + word,,
les quatre,2,891129,2385,2.59,le quatre,yes,no,article + word; loose,,
en ce qui concerne,4,891002,2386,19.21,en ce qui concerner,yes,yes,,,
se trouvent,2,890368,2387,6.73,se trouver,yes,yes,,,
pouvoir de,2,889800,2388,0.71,pouvoir de,yes,no,fragment; loose,,
tels que,2,889636,2389,5.17,tel que,yes,no,fragment,,
partir du,2,888859,2390,3.38,partir du,yes,no,fragment,,
cette histoire,2,888766,2391,4.74,ce histoire,yes,no,article + word,,
chacun de,2,888679,2392,1.69,chacun de,yes,no,fragment; loose,,
au pied,2,888507,2393,5.06,au pied,yes,no,article + word,,
plus la,2,887982,2394,-2.15,plus le,yes,no,fragment; loose,,
la beauté,2,887743,2395,3.83,le beauté,yes,no,article + word,,
des données,2,887575,2396,4.19,un donner,yes,no,article + word,,
encore de,2,887487,2397,-0.78,encore de,yes,no,fragment; loose,,
mais dans,2,886712,2398,-0.13,mais dans,yes,no,fragment; loose,,
pas comme,2,886510,2399,0.49,pas comme,yes,no,loose,,
le régime,2,886481,2400,3.75,le régime,yes,no,article + word,,
l' objectif,2,886066,2401,4.28,le objectif,yes,no,article + word,,
à manger,2,885376,2402,4.13,à manger,yes,yes,,,
dans la chambre,3,885188,2403,8.84,dans le chambre,yes,yes,,,
dans la rue,3,884349,2404,9.05,dans le rue,yes,yes,,,
il fit,2,884156,2405,2.83,il faire,yes,no,loose,,
comme de,2,883662,2406,-2.25,comme de,yes,no,fragment; loose,,
le front,2,883468,2407,4.01,le front,yes,no,article + word,,
temps pour,2,883440,2408,1.91,temps pour,yes,no,fragment; loose,,
mais tu,2,883387,2409,2.09,mais tu,yes,no,loose,,
le jeu,2,882726,2410,3.47,le jeu,yes,no,article + word,,
le médecin,2,882685,2411,4.1,le médecin,yes,no,article + word,,
les cas,2,882506,2412,1.6,le cas,yes,no,article + word; loose,,
autour de la,3,882165,2413,6.33,autour de le,yes,no,fragment,,
lorsque les,2,882149,2414,2.38,lorsque le,yes,no,fragment; loose,,
le bureau,2,880872,2415,3.36,le bureau,yes,no,article + word,,
comme vous,2,880206,2416,1.49,comme vous,yes,no,loose,,
ne put,2,879745,2417,6.57,ne pouvoir,yes,yes,,,
en fin,2,879640,2418,2.54,en fin,yes,no,loose,,
avait des,2,879270,2419,-0.37,avoir un,yes,no,fragment; loose,,
conscience de,2,879009,2420,1.94,conscience de,yes,no,fragment; loose,,
de type,2,878214,2421,1.79,de typer,yes,no,fragment; loose,,
ses amis,2,878070,2422,6.13,son ami,yes,no,article + word,,
essayer de,2,878025,2423,3.58,essayer de,yes,no,fragment,,
car le,2,877828,2424,1.24,car le,yes,no,fragment; loose,,
par jour,2,877743,2425,3.29,par jour,yes,yes,,,
de dix,2,877378,2426,1.65,de dix,yes,no,fragment; loose,,
une jeune,2,877087,2427,2.85,un jeune,yes,no,article + word; loose,,
vrai que,2,877022,2428,3.63,vrai que,yes,no,fragment,,
dit à,2,876830,2429,0.27,dire à,yes,no,fragment; loose,,
des problèmes,2,876785,2430,4.41,un problème,yes,no,article + word,,
la preuve,2,876776,2431,3.56,le preuve,yes,no,article + word,,
en tête,2,876642,2432,1.95,en tête,yes,no,loose,,
types de,2,876615,2433,3.31,typer de,yes,no,fragment,,
cours d',2,876237,2434,2.95,cours de,yes,no,fragment; loose,,
l' influence,2,876062,2435,4.39,le influencer,yes,no,article + word,,
la meilleure,2,875941,2436,3.99,le meilleur,yes,no,article + word,,
des activités,2,875871,2437,4.26,un activité,yes,no,article + word,,
me demande,2,875799,2438,5.65,me demande,yes,yes,,,
une fille,2,875446,2439,3.21,un fille,yes,no,article + word,,
rendre compte,2,875280,2440,8.71,rendre compte,yes,yes,,,
la Révolution,2,875275,2441,,le Révolution,no,no,article + word; rare word,,
les parties,2,875236,2442,4.07,le partie,yes,no,article + word,,
vous a,2,875191,2443,0.65,vous avoir,yes,no,loose,,
il y a un,4,874771,2444,13.89,il y avoir un,yes,no,fragment,,
son temps,2,874695,2445,2.54,son temps,yes,no,article + word; loose,,
des raisons,2,874590,2446,4.68,un raison,yes,no,article + word,,
et peut,2,874497,2447,-0.2,et pouvoir,yes,no,fragment; loose,,
le maître,2,874377,2448,3.15,le maître,yes,no,article + word,,
fin de la,3,874242,2449,5.83,fin de le,yes,no,fragment,,
d' une manière,3,874038,2450,9.54,de un manière,yes,yes,,,
les filles,2,873822,2451,3.95,le fille,yes,no,article + word,,
un livre,2,873561,2452,3.44,un livre,yes,no,article + word,,
la conversation,2,873408,2453,3.89,le conversation,yes,no,article + word,,
mon frère,2,873249,2454,7.02,mon frère,yes,no,article + word,,
cette femme,2,872906,2455,4.46,ce femme,yes,no,article + word,,
état d',2,872876,2456,2.27,état de,yes,no,fragment; loose,,
l' identité,2,872687,2457,4.22,le identité,yes,no,article + word,,
est là,2,872607,2458,1.5,être là,yes,no,loose,,
liste des,2,871800,2459,4.7,liste un,yes,no,fragment,,
des ressources,2,871717,2460,4.67,un ressourcer,yes,no,article + word,,
l' unité,2,871714,2461,4.51,le unité,yes,no,article + word,,
les différentes,2,871641,2462,3.66,le différent,yes,no,article + word,,
l' Allemagne,2,871547,2463,4.54,le Allemagne,no,no,article + word; rare word,,
l' objet d',3,870870,2464,9.24,le objet de,yes,no,fragment,,
la soirée,2,870340,2465,3.94,le soirée,yes,no,article + word,,
un côté,2,870311,2466,2.58,un côté,yes,no,article + word; loose,,
de mal,2,870219,2467,0.7,de mal,yes,no,fragment; loose,,
la cité,2,869868,2468,3.43,le cité,yes,no,article + word,,
mais non,2,869771,2469,2.79,mais non,yes,no,loose,,
de nature,2,869413,2470,1.22,de nature,yes,no,fragment; loose,,
père de,2,868948,2471,0.3,père de,yes,no,fragment; loose,,
il d',2,868893,2472,-2.45,il de,yes,no,fragment; loose,,
sur lequel,2,868391,2473,4.98,sur lequel,yes,no,written style,,
le docteur,2,867881,2474,4.42,le docteur,yes,no,article + word,,
place à,2,867837,2475,1.61,place à,yes,no,fragment; loose,,
être la,2,867566,2476,-1.15,être le,yes,no,fragment; loose,,
sous un,2,867552,2477,1.28,sou un,yes,no,fragment; loose,,
impression de,2,867307,2478,2.26,impression de,yes,no,fragment; loose,,
par contre,2,867138,2479,3.08,par contre,yes,yes,,,
qui vient,2,866692,2480,4.3,qui venir,yes,yes,,,
d' hommes,2,866344,2481,2.42,de homme,yes,no,loose,,
pas sur,2,865846,2482,-0.32,pas sur,yes,no,fragment; loose,,
il devait,2,865528,2483,3.51,il devoir,yes,yes,,,
prix de,2,865449,2484,1.55,prix de,yes,no,fragment; loose,,
près d',2,864840,2485,2.84,près de,yes,no,fragment; loose,,
à la vie,3,864814,2486,5.82,à le vie,yes,yes,,,
le retour,2,864803,2487,2.8,le retour,yes,no,article + word; loose,,
la Commission,2,864358,2488,,le Commission,no,no,article + word; rare word,,
en toute,2,864350,2489,1.52,en toute,yes,no,loose,,
proche de,2,862555,2490,2.73,proche de,yes,no,fragment; loose,,
la plus grande,3,862449,2491,8.91,le plus grand,yes,yes,,,
pour voir,2,861917,2492,2.53,pour voir,yes,no,loose,,
de la situation,3,861536,2493,6.4,de le situation,yes,no,fragment,,
le capitaine,2,861294,2494,4.39,le capitaine,yes,no,article + word,,
trouver un,2,861258,2495,3.36,trouver un,yes,no,fragment,,
de tête,2,861046,2496,0.1,de tête,yes,no,fragment; loose,,
lors d',2,860784,2497,3.09,lors de,yes,no,fragment,,
on dit,2,860717,2498,2.77,on dire,yes,no,loose,,
lui est,2,860490,2499,-0.22,luire être,yes,no,loose,,
loin d',2,860295,2500,2.92,loin de,yes,no,fragment; loose,,
cet instant,2,860210,2501,7.9,ce instant,yes,no,article + word,,
aurait été,2,859859,2502,5.7,avoir être,yes,yes,,,
avait pris,2,859807,2503,5.26,avoir pris,yes,yes,,,
ce que l' on,4,859782,2504,12.84,ce que le on,yes,yes,,,
sans se,2,859433,2505,1.63,sans se,yes,no,fragment; loose,,
des idées,2,859355,2506,4.28,un idée,yes,no,article + word,,
car la,2,859325,2507,0.79,car le,yes,no,fragment; loose,,
choix de,2,859198,2508,1.74,choix de,yes,no,fragment; loose,,
entre elles,2,858890,2509,5.11,entrer lui,yes,yes,,,
même en,2,858814,2510,-0.11,même en,yes,no,fragment; loose,,
d' esprit,2,858618,2511,2.84,de esprit,yes,no,loose,,
le tableau,2,858423,2512,3.67,le tableau,yes,no,article + word,,
de justice,2,858333,2513,2.32,de justice,yes,no,fragment; loose,,
l' accès,2,858037,2514,3.92,le accès,yes,no,article + word,,
pas là,2,857795,2515,2.01,pas là,yes,no,loose,,
prendre la,2,857728,2516,1.41,prendre le,yes,no,fragment; loose,,
conseil de,2,857505,2517,1.74,conseil de,yes,no,fragment; loose,,
tendance à,2,856938,2518,4.67,tendance à,yes,no,fragment,,
a besoin,2,856251,2519,4.12,avoir besoin,yes,yes,,,
pendant les,2,856189,2520,1.88,pendant le,yes,no,fragment; loose,,
entre autres,2,856001,2521,4.48,entrer autre,yes,yes,,,
cas où,2,855920,2522,5.12,cas où,yes,yes,,,
un objet,2,855744,2523,3.45,un objet,yes,no,article + word,,
avec eux,2,855025,2524,4.14,avec lui,yes,yes,,,
l' intérieur de,3,855018,2525,7.53,le intérieur de,yes,no,fragment,,
qui y,2,854994,2526,0.75,qui y,yes,no,loose,,
est que,2,854568,2527,-1.91,être que,yes,no,fragment; loose,,
pas et,2,854539,2528,-2.46,pas et,yes,no,fragment; loose,,
pas faire,2,854536,2529,1.44,pas faire,yes,no,loose,,
l' après,2,854134,2530,0.59,le après,yes,no,article + word; loose,,
main de,2,853742,2531,0.29,main de,yes,no,fragment; loose,,
elle aussi,2,853513,2532,1.71,lui aussi,yes,no,loose,,
le savoir,2,853258,2533,2.02,le savoir,yes,no,article + word; loose,,
donc à,2,853158,2534,0.91,donc à,yes,no,fragment; loose,,
les petits,2,853115,2535,3.25,le petit,yes,no,article + word,,
la fête,2,852933,2536,3.97,le fête,yes,no,article + word,,
ainsi que les,3,852815,2537,7.46,ainsi que le,yes,no,fragment; written style,,
le côté,2,852782,2538,1.83,le côté,yes,no,article + word; loose,,
me dire,2,852666,2539,4.05,me dire,yes,yes,,,
deux ou,2,852637,2540,2.48,deux ou,yes,no,fragment; loose,,
conduit à,2,852114,2541,4.28,conduit à,yes,no,fragment,,
quelque part,2,851912,2542,7.12,quelque part,yes,yes,,,
de service,2,851884,2543,1.49,de service,yes,no,fragment; loose,,
dire à,2,851841,2544,0.89,dire à,yes,no,fragment; loose,,
vingt ans,2,851321,2545,8.36,vingt an,yes,yes,,,
retour à,2,851274,2546,2.86,retour à,yes,no,fragment; loose,,
le niveau,2,851225,2547,2.74,le niveau,yes,no,article + word; loose,,
façon dont,2,851122,2548,6.51,façon dont,yes,no,written style,,
qui aurait,2,850992,2549,3.08,qui avoir,yes,yes,,,
tout un,2,850830,2550,-0.24,tout un,yes,no,fragment; loose,,
le contenu,2,850686,2551,4.31,le contenu,yes,no,article + word,,
un projet,2,850460,2552,3.69,un projet,yes,no,article + word,,
la loi du,3,849502,2553,8.67,le loi du,yes,no,fragment,,
en forme,2,849235,2554,2.79,en forme,yes,no,loose,,
grande partie,2,849164,2555,7.17,grand partie,yes,yes,,,
afin que,2,848957,2556,3.44,afin que,yes,no,fragment,,
série de,2,848716,2557,2.98,série de,yes,no,fragment; loose,,
comme si elle,3,848370,2558,9.33,comme si lui,yes,yes,,,
l' aise,2,848105,2559,5.27,le aise,yes,no,article + word,,
il faudra,2,847971,2560,5.57,il falloir,yes,yes,,,
femme de,2,847806,2561,0.23,femme de,yes,no,fragment; loose,,
la présence de,3,847777,2562,6.83,le présence de,yes,no,fragment,,
temps en,2,847155,2563,0.96,temps en,yes,no,fragment; loose,,
le fils,2,846466,2564,2.3,le fils,yes,no,article + word; loose,,
des grands,2,846395,2565,3.36,un grand,yes,no,article + word,,
le comte,2,846380,2566,4.52,le comte,yes,no,article + word,,
à la tête,3,845793,2567,6.45,à le tête,yes,yes,,,
depuis l',2,845499,2568,1.26,depuis le,yes,no,fragment; loose,,
elles ne,2,845261,2569,2.82,lui ne,yes,no,fragment; loose,,
pas assez,2,845240,2570,3.81,pas assez,yes,yes,,,
est tout,2,844665,2571,0.07,être tout,yes,no,loose,,
de la tête,3,844629,2572,5.19,de le tête,yes,no,fragment,,
France et,2,844010,2573,1.57,France et,no,no,fragment; rare word; loose,,
contrairement à,2,843921,2574,5.08,contrairement à,yes,no,fragment,,
la rivière,2,843587,2575,4.48,le rivière,yes,no,article + word,,
le bonheur,2,843532,2576,3.7,le bonheur,yes,no,article + word,,
il sera,2,843323,2577,2.76,il être,yes,no,loose,,
être de,2,843144,2578,-1.93,être de,yes,no,fragment; loose,,
en était,2,842678,2579,-0.64,en être,yes,no,loose,,
vous devez,2,841898,2580,7.91,vous devoir,yes,yes,,,
de la première,3,841711,2581,5.6,de le première,yes,no,fragment,,
le dimanche,2,841497,2582,4.25,le dimanche,yes,no,article + word,,
qui doit,2,841186,2583,3.01,qui doit,yes,yes,,,
à l' aise,3,840812,2584,10.88,à le aise,yes,yes,,,
je pense que,3,840738,2585,11.31,je penser que,yes,no,fragment,,
son bureau,2,840638,2586,5.49,son bureau,yes,no,article + word,,
il convient,2,840240,2587,5.41,il convier,yes,no,written style,,
coin de,2,839855,2588,2.79,coin de,yes,no,fragment; loose,,
la façon dont,3,839820,2589,11.61,le façon dont,yes,no,written style,,
elle aurait,2,839697,2590,3.43,lui avoir,yes,yes,,,
mouvement de,2,839208,2591,1.75,mouvement de,yes,no,fragment; loose,,
président de la,3,839080,2592,7.11,président de le,yes,no,fragment,,
de nuit,2,838879,2593,0.93,de nuit,yes,no,fragment; loose,,
le mal,2,838783,2594,1.82,le mal,yes,no,article + word; loose,,
de venir,2,838385,2595,1.92,de venir,yes,no,fragment; loose,,
y avoir,2,838150,2596,3.88,y avoir,yes,yes,,,
le jeune homme,3,837644,2597,12.01,le jeune homme,yes,yes,,,
l' ouverture,2,837567,2598,4.52,le ouverture,yes,no,article + word,,
l' université,2,837064,2599,4.1,le université,yes,no,article + word,,
de quatre,2,836883,2600,1.04,de quatre,yes,no,fragment; loose,,
la représentation,2,836569,2601,3.88,le représentation,yes,no,article + word,,
d' art,2,836534,2602,2.84,de art,yes,no,loose,,
bout du,2,836413,2603,3.96,bout du,yes,no,fragment,,
une famille,2,836056,2604,3.14,un famille,yes,no,article + word,,
un moyen,2,835277,2605,3.6,un moyen,yes,no,article + word,,
est pas,2,834799,2606,-1.37,être pas,yes,no,loose,,
années de,2,834694,2607,0.56,année de,yes,no,fragment; loose,,
toujours à,2,834611,2608,0.84,toujours à,yes,no,fragment; loose,,
la pression,2,834501,2609,4.12,le pression,yes,no,article + word,,
la tête et,3,834274,2610,6.26,le tête et,yes,no,fragment,,
du reste,2,832977,2611,3.16,du reste,yes,no,article + word,,
bien le,2,832881,2612,-0.7,bien le,yes,no,fragment; loose,,
la pluie,2,832530,2613,4.33,le pluie,yes,no,article + word,,
que je vous,3,832398,2614,6.78,que je vous,yes,yes,,,
d' affaires,2,832367,2615,3.91,de affairer,yes,yes,,,
le contexte,2,832113,2616,3.91,le contexte,yes,no,article + word,,
aller à,2,831475,2617,2.29,aller à,yes,no,fragment; loose,,
de moins,2,831401,2618,-0.34,de moins,yes,no,fragment; loose,,
sa mort,2,831172,2619,4.51,son mort,yes,no,article + word,,
face de,2,830209,2620,1.01,face de,yes,no,fragment; loose,,
que personne,2,830145,2621,2.5,que personne,yes,no,loose,,
but de,2,829998,2622,2.2,but de,yes,no,fragment; loose,,
pas fait,2,829427,2623,1.14,pas faire,yes,no,loose,,
jamais été,2,829408,2624,4.92,jamais être,yes,yes,,,
tout l',2,829283,2625,-0.78,tout le,yes,no,fragment; loose,,
un mois,2,827726,2626,2.93,un mois,yes,no,article + word; loose,,
le nez,2,827597,2627,4.09,le nez,yes,no,article + word,,
ans et,2,827419,2628,1.17,an et,yes,no,fragment; loose,,
son travail,2,827370,2629,3.69,son travail,yes,no,article + word,,
à d',2,826406,2630,-3.18,à de,yes,no,fragment; loose,,
aussi les,2,826313,2631,0.15,aussi le,yes,no,fragment; loose,,
lui était,2,825773,2632,1.35,luire être,yes,no,loose,,
un vrai,2,825280,2633,3.27,un vrai,yes,no,article + word,,
ou d' une,3,825132,2634,5.99,ou de un,yes,no,fragment,,
quoi que,2,824849,2635,2.75,quoi que,yes,no,fragment; loose,,
ce que le,3,824845,2636,4.4,ce que le,yes,no,fragment,,
perte de,2,824086,2637,3.23,perte de,yes,no,fragment,,
le prince,2,823982,2638,4.01,le prince,yes,no,article + word,,
avant l',2,823883,2639,0.85,avant le,yes,no,fragment; loose,,
des règles,2,823782,2640,4.31,un règle,yes,no,article + word,,
avec cette,2,823649,2641,1.55,avec ce,yes,no,fragment; loose,,
et très,2,823641,2642,0.22,et très,yes,no,fragment; loose,,
l' espoir,2,823119,2643,4.44,le espoir,yes,no,article + word,,
avec toi,2,822302,2644,4.21,avec toi,yes,yes,,,
de l' esprit,3,822209,2645,6.64,de le esprit,yes,no,fragment,,
et l' on,3,822057,2646,4.28,et le on,yes,no,fragment,,
il y en,3,821806,2647,6.2,il y en,yes,no,fragment,,
la troisième,2,821478,2648,3.17,le troisième,yes,no,article + word,,
la réalisation,2,821006,2649,4.42,le réalisation,yes,no,article + word,,
les données,2,820742,2650,3.69,le donner,yes,no,article + word,,
en présence,2,820252,2651,3.48,en présence,yes,yes,,,
lui donner,2,820245,2652,5.14,luire donner,yes,yes,,,
bras et,2,819911,2653,2.03,bras et,yes,no,fragment; loose,,
la démocratie,2,819647,2654,4.44,le démocratie,yes,no,article + word,,
même pour,2,819618,2655,0.72,même pour,yes,no,fragment; loose,,
sur ma,2,819590,2656,2.43,sur mon,yes,no,fragment; loose,,
endroit où,2,819411,2657,7.2,endroit où,yes,yes,,,
d' entrée,2,819406,2658,3.73,de entrée,yes,yes,,,
travail et,2,819336,2659,1.4,travail et,yes,no,fragment; loose,,
d' un homme,3,819160,2660,7.69,de un homme,yes,yes,,,
d' information,2,819010,2661,4.28,de information,yes,yes,,,
du point,2,818443,2662,2.47,du point,yes,no,article + word; loose,,
la croissance,2,818362,2663,3.96,le croissance,yes,no,article + word,,
comme en,2,816995,2664,-0.54,comme en,yes,no,fragment; loose,,
fait pour,2,816564,2665,1.09,faire pour,yes,no,fragment; loose,,
une relation,2,816434,2666,4.22,un relation,yes,no,article + word,,
domaine de,2,816178,2667,2.25,domaine de,yes,no,fragment; loose,,
à quel point,3,815805,2668,13.37,à quel point,yes,yes,,,
ça me,2,815038,2669,3.77,ça me,yes,no,fragment,,
de quelque,2,814623,2670,0.29,de quelque,yes,no,fragment; loose,,
au cours des,3,813826,2671,10.19,au cours un,yes,no,fragment,,
mes yeux,2,813594,2672,6.1,mon oeil,yes,no,article + word,,
à pied,2,813424,2673,3.17,à pied,yes,yes,,,
son lit,2,813397,2674,5.06,son lit,yes,no,article + word,,
a dû,2,813382,2675,4.87,avoir devoir,yes,yes,,,
travers la,2,813271,2676,2.25,travers le,yes,no,fragment; loose,,
est devenu,2,813264,2677,4.9,être devenir,yes,yes,,,
se tenait,2,813116,2678,5.83,se tenir,yes,yes,,,
la colère,2,812902,2679,3.37,le colère,yes,no,article + word,,
fait pas,2,812484,2680,1.11,faire pas,yes,no,loose,,
la Constitution,2,812024,2681,,le Constitution,no,no,article + word; rare word,,
dans toute,2,811457,2682,2.05,dans toute,yes,no,loose,,
quelques secondes,2,811236,2683,9.48,quelque second,yes,yes,,,
ministre de,2,811226,2684,2.49,ministre de,yes,no,fragment; loose,,
des formes,2,811088,2685,4.19,un forme,yes,no,article + word,,
d' ordre,2,810991,2686,3.12,de ordre,yes,yes,,,
de Jésus,2,810921,2687,,de Jésus,no,no,fragment; rare word,,
ce que les,3,810304,2688,4.66,ce que le,yes,no,fragment,,
politique et,2,810277,2689,1.74,politique et,yes,no,fragment; loose,,
du ciel,2,809746,2690,4.23,du ciel,yes,no,article + word,,
à toi,2,809562,2691,1.75,à toi,yes,no,loose,,
la chance,2,809449,2692,3.3,le chance,yes,no,article + word,,
de sortir,2,809322,2693,2.12,de sortir,yes,no,fragment; loose,,
la fin de la,4,809158,2694,10.83,le fin de le,yes,no,fragment,,
il y a une,4,809157,2695,14.06,il y avoir un,yes,no,fragment,,
là pour,2,808931,2696,1.9,là pour,yes,no,fragment; loose,,
corps et,2,808793,2697,1.46,corps et,yes,no,fragment; loose,,
dehors de,2,808372,2698,2.37,dehors de,yes,no,fragment; loose,,
son côté,2,807959,2699,3.95,son côté,yes,no,article + word,,
ans plus,2,807869,2700,3.38,an plus,yes,yes,,,
un rapport,2,807141,2701,3.02,un rapport,yes,no,article + word,,
la révolution,2,807116,2702,3.54,le révolution,yes,no,article + word,,
l' écart,2,807078,2703,5.2,le écart,yes,no,article + word,,
il vous,2,806713,2704,-0.72,il vous,yes,no,loose,,
autre que,2,806189,2705,1.1,autre que,yes,no,fragment; loose,,
de grandes,2,805943,2706,1.98,de grand,yes,no,fragment; loose,,
lors des,2,805853,2707,2.94,lors un,yes,no,fragment; loose,,
de l' Union,3,805837,2708,,de le Union,no,no,fragment; rare word,,
les lois,2,805613,2709,4.21,le loi,yes,no,article + word,,
je ne l',3,805571,2710,5.2,je ne le,yes,no,fragment,,
mais au,2,804900,2711,0.31,mais au,yes,no,fragment; loose,,
heures de,2,804834,2712,0.92,heure de,yes,no,fragment; loose,,
points de,2,804757,2713,2.44,point de,yes,no,fragment; loose,,
l' ouvrage,2,804290,2714,3.86,le ouvrage,yes,no,article + word,,
tout aussi,2,804256,2715,2.82,tout aussi,yes,no,loose,,
un endroit,2,804110,2716,4.05,un endroit,yes,no,article + word,,
quand tu,2,804042,2717,3.89,quand tu,yes,yes,,,
un acte,2,804034,2718,4.15,un acte,yes,no,article + word,,
l' Etat,2,803883,2719,,le Etat,no,no,article + word; rare word,,
car les,2,803362,2720,1.4,car le,yes,no,fragment; loose,,
prendre en,2,803254,2721,2.4,prendre en,yes,no,fragment; loose,,
la Grande,2,803233,2722,,le Grande,no,no,article + word; rare word,,
les faits,2,803171,2723,3.94,le faire,yes,no,article + word,,
et que je,3,803098,2724,4.07,et que je,yes,no,fragment,,
tout au long,3,803015,2725,12.78,tout au long,yes,yes,,,
la règle,2,802784,2726,3.82,le règle,yes,no,article + word,,
tant d',2,802737,2727,2.38,tant de,yes,no,fragment; loose,,
cette nuit,2,802505,2728,5.06,ce nuit,yes,no,article + word,,
depuis que,2,802045,2729,1.95,depuis que,yes,no,fragment; loose,,
prendre un,2,801957,2730,2.46,prendre un,yes,no,fragment; loose,,
des membres,2,801470,2731,3.7,un membre,yes,no,article + word,,
du développement,2,801325,2732,3.86,du développement,yes,no,article + word,,
vous ai,2,801317,2733,2.24,vous avoir,yes,no,loose,,
tout d' abord,3,800849,2734,11.77,tout de abord,yes,yes,,,
dans toutes,2,800693,2735,2.36,dans tout,yes,no,loose,,
veux dire,2,800606,2736,7.02,vouloir dire,yes,yes,,,
le jardin,2,800342,2737,3.89,le jardin,yes,no,article + word,,
sous forme,2,799840,2738,6.54,sou forme,yes,yes,,,
fini par,2,799416,2739,5.89,fini par,yes,no,fragment,,
soin de,2,798796,2740,3.05,soin de,yes,no,fragment,,
par de,2,798552,2741,-3.24,par de,yes,no,fragment; loose,,
tous ceux qui,3,798204,2742,12.69,tout celui qui,yes,yes,,,
ou trois,2,798197,2743,3.89,ou trois,yes,yes,,,
dernière fois,2,798023,2744,7.36,dernier fois,yes,yes,,,
les conséquences,2,797731,2745,4.57,le conséquence,yes,no,article + word,,
une semaine,2,797126,2746,4.57,un semaine,yes,no,article + word,,
le secteur,2,797065,2747,4.16,le secteur,yes,no,article + word,,
ou deux,2,796875,2748,2.39,ou deux,yes,no,loose,,
de gens,2,796465,2749,1.07,de gens,yes,no,fragment; loose,,
et ça,2,796412,2750,0.41,et ça,yes,no,fragment; loose,,
acte de,2,796219,2751,2.25,acte de,yes,no,fragment; loose,,
contact avec,2,796071,2752,6.44,contact avec,yes,no,fragment,,
le poids,2,795729,2753,4.05,le poids,yes,no,article + word,,
peu de temps,3,795630,2754,9.02,peu de temps,yes,yes,,,
mon Dieu,2,795353,2755,,mon Dieu,no,no,article + word; rare word,,
la Terre,2,795219,2756,,le Terre,no,no,article + word; rare word,,
un plan,2,794637,2757,3.32,un plan,yes,no,article + word,,
des affaires,2,794518,2758,3.79,un affairer,yes,no,article + word,,
du projet,2,794394,2759,4.06,du projet,yes,no,article + word,,
qui peuvent,2,794361,2760,3.54,qui pouvoir,yes,yes,,,
dont nous,2,794126,2761,3.07,dont nous,yes,no,written style,,
des groupes,2,794057,2762,4.39,un groupe,yes,no,article + word,,
l' avons,2,793966,2763,2.08,le avoir,yes,no,article + word; loose,,
la suite de,3,793737,2764,6.25,le suite de,yes,no,fragment,,
un être,2,793533,2765,-0.13,un être,yes,no,article + word; loose,,
du grand,2,793491,2766,2.21,du grand,yes,no,article + word; loose,,
de départ,2,792808,2767,2.15,de départ,yes,no,fragment; loose,,
la définition,2,792072,2768,3.78,le définition,yes,no,article + word,,
quelque sorte,2,791903,2769,8.13,quelque sorte,yes,yes,,,
aide de,2,791729,2770,1.72,aide de,yes,no,fragment; loose,,
même dans,2,791705,2771,0.39,même dans,yes,no,fragment; loose,,
droit d',2,791654,2772,2.08,droit de,yes,no,fragment; loose,,
qui a été,3,791313,2773,8.93,qui avoir être,yes,yes,,,
et maintenant,2,790783,2774,1.87,et maintenant,yes,no,fragment; loose,,
les a,2,790343,2775,-1.78,le avoir,yes,no,article + word; loose,,
la possibilité de,3,790295,2776,7.86,le possibilité de,yes,no,fragment,,
tout à l',3,790191,2777,4.78,tout à le,yes,no,fragment,,
ce qui lui,3,789960,2778,7.45,ce qui luire,yes,yes,,,
au regard,2,789936,2779,3.72,au regard,yes,no,article + word,,
fit un,2,789866,2780,2.65,faire un,yes,no,fragment; loose,,
et toi,2,789757,2781,1.54,et toi,yes,no,fragment; loose,,
dans la maison,3,789657,2782,8.14,dans le maison,yes,yes,,,
de mieux,2,789456,2783,0.66,de mieux,yes,no,fragment; loose,,
à titre,2,789442,2784,3,à titre,yes,yes,,,
de l' action,3,789236,2785,7.14,de le action,yes,no,fragment,,
hommes de,2,788763,2786,0.39,homme de,yes,no,fragment; loose,,
les habitants,2,788754,2787,4.3,le habitant,yes,no,article + word,,
le reste de,3,788712,2788,6.26,le reste de,yes,no,fragment,,
se met,2,788667,2789,5.36,se mettre,yes,yes,,,
de mort,2,788537,2790,0.55,de mort,yes,no,fragment; loose,,
le tour,2,788258,2791,2.46,le tour,yes,no,article + word; loose,,
le duc,2,787355,2792,4.43,le duc,yes,no,article + word,,
femme qui,2,787224,2793,2.71,femme qui,yes,no,loose,,
pour prendre,2,787142,2794,3.26,pour prendre,yes,yes,,,
impression que,2,787088,2795,4.28,impression que,yes,no,fragment,,
chargé de,2,786972,2796,3.41,chargé de,yes,no,fragment,,
histoire de la,3,786916,2797,5.49,histoire de le,yes,no,fragment,,
autrement dit,2,786829,2798,8.11,autrement dire,yes,yes,,,
aussi une,2,786279,2799,0.8,aussi un,yes,no,fragment; loose,,
ou plutôt,2,786220,2800,5.07,ou plutôt,yes,yes,,,
aider à,2,785796,2801,3.68,aider à,yes,no,fragment,,
de lumière,2,785420,2802,1.68,de lumière,yes,no,fragment; loose,,
mais il est,3,785326,2803,5.74,mais il être,yes,no,,,
considéré comme,2,785311,2804,7.62,considérer comme,yes,yes,,,
de la mer,3,785000,2805,7.13,de le mer,yes,no,fragment,,
la consommation,2,784908,2806,4.14,le consommation,yes,no,article + word,,
mes parents,2,784869,2807,7.7,mon parent,yes,no,article + word,,
au profit,2,784830,2808,6.42,au profit,yes,no,article + word,,
en vigueur,2,784557,2809,5.68,en vigueur,yes,yes,,,
doit pas,2,784440,2810,3.05,doit pas,yes,yes,,,
pour mieux,2,784383,2811,3.36,pour mieux,yes,yes,,,
sa peau,2,784175,2812,6.19,son peau,yes,no,article + word,,
en quelque sorte,3,784143,2813,14.31,en quelque sorte,yes,yes,,,
a donné,2,783805,2814,4.74,avoir donné,yes,yes,,,
du centre,2,783553,2815,3.92,du centre,yes,no,article + word,,
droits de l',3,783386,2816,7.52,droit de le,yes,no,fragment,,
le taux,2,783159,2817,3.78,le taux,yes,no,article + word,,
quelques instants,2,783086,2818,9.87,quelque instant,yes,yes,,,
je comprends,2,782887,2819,5.99,je comprendre,yes,yes,,,
les formes,2,782789,2820,3.75,le forme,yes,no,article + word,,
date de,2,782210,2821,2.48,date de,yes,no,fragment; loose,,
fille de,2,782079,2822,0.87,fille de,yes,no,fragment; loose,,
mère et,2,781982,2823,1.42,mère et,yes,no,fragment; loose,,
à travers la,3,781597,2824,7.82,à travers le,yes,no,fragment,,
en nous,2,781253,2825,-0.72,en nous,yes,no,loose,,
de vingt,2,781204,2826,1.82,de vingt,yes,no,fragment; loose,,
roi de,2,781105,2827,1.22,roi de,yes,no,fragment; loose,,
l' opinion,2,781040,2828,4.64,le opinion,yes,no,article + word,,
des trois,2,780542,2829,1.82,un trois,yes,no,article + word; loose,,
de l' Église,3,780293,2830,,de le Église,no,no,fragment; rare word,,
ne va pas,3,779769,2831,10.23,ne aller pas,yes,yes,,,
le lien,2,779702,2832,3.77,le lien,yes,no,article + word,,
situation de,2,779579,2833,1.14,situation de,yes,no,fragment; loose,,
et l' autre,3,779434,2834,5.74,et le autre,yes,no,fragment,,
ce qui ne,3,779300,2835,6.56,ce qui ne,yes,no,fragment,,
milieu du,2,779277,2836,3.77,milieu du,yes,no,fragment,,
personnes qui,2,779029,2837,3.55,personne qui,yes,yes,,,
origine de,2,778758,2838,1.83,origine de,yes,no,fragment; loose,,
se retourna,2,778709,2839,6.81,se retourner,no,no,rare word,,
avait toujours,2,778385,2840,3.52,avoir toujours,yes,yes,,,
l' épaule,2,778164,2841,4.51,le épauler,yes,no,article + word,,
du lundi,2,778163,2842,5.58,du lundi,yes,no,article + word,,
qui font,2,776750,2843,4.07,qui faire,yes,yes,,,
à rien,2,776646,2844,0.67,à rien,yes,no,loose,,
par terre,2,776507,2845,3.93,par terrer,yes,yes,,,
la condition,2,776470,2846,3.42,le condition,yes,no,article + word,,
contrôle de,2,776424,2847,2.1,contrôler de,yes,no,fragment; loose,,
prête à,2,775646,2848,4.71,prêt à,yes,no,fragment,,
l' avais,2,775529,2849,1.75,le avoir,yes,no,article + word; loose,,
des droits de,3,775490,2850,7.96,un droit de,yes,no,fragment,,
dont ils,2,775140,2851,3.63,dont il,yes,no,written style,,
un sentiment,2,774400,2852,4.15,un sentiment,yes,no,article + word,,
vous pourrez,2,774032,2853,7.91,vous pouvoir,yes,yes,,,
d' énergie,2,773724,2854,4.24,de énergie,yes,yes,,,
deux ou trois,3,773635,2855,13.11,deux ou trois,yes,yes,,,
de l' amour,3,773541,2856,6.71,de le amour,yes,no,fragment,,
deux jours,2,773016,2857,5.37,deux jour,yes,yes,,,
d' une autre,3,772922,2858,7.33,de un autre,yes,yes,,,
les rapports,2,772536,2859,4.26,le rapport,yes,no,article + word,,
de cinq,2,772475,2860,1.36,de cinq,yes,no,fragment; loose,,
du Christ,2,772046,2861,,du Christ,no,no,article + word; rare word,,
en français,2,771933,2862,2.79,en français,yes,no,loose,,
que notre,2,771853,2863,1.8,que notre,yes,no,loose,,
heure de,2,771418,2864,1.05,heure de,yes,no,fragment; loose,,
des travaux,2,771375,2865,4.15,un travail,yes,no,article + word,,
le récit,2,771246,2866,4.06,le récit,yes,no,article + word,,
la joie,2,770218,2867,3.32,le joie,yes,no,article + word,,
du sang,2,770048,2868,3.99,du sang,yes,no,article + word,,
main et,2,769834,2869,1.23,main et,yes,no,fragment; loose,,
pu être,2,769503,2870,5.21,pouvoir être,yes,yes,,,
la Chine,2,769398,2871,4.19,le Chine,no,no,article + word; rare word,,
à partir du,3,769397,2872,8.8,à partir du,yes,no,fragment,,
même un,2,769334,2873,-0.2,même un,yes,no,fragment; loose,,
haut de,2,769246,2874,1.3,haut de,yes,no,fragment; loose,,
jeta un,2,769119,2875,5.28,jeter un,no,no,fragment; rare word,,
connaissance de,2,768966,2876,2.1,connaissance de,yes,no,fragment; loose,,
cela est,2,768736,2877,1.57,celer être,yes,no,loose,,
ne doit pas,3,768146,2878,10.37,ne doit pas,yes,yes,,,
sont très,2,767729,2879,3.37,être très,yes,yes,,,
samedi de,2,767311,2880,2.99,samedi de,yes,no,fragment; loose,,
de joie,2,766885,2881,2.57,de joie,yes,no,fragment; loose,,
voulait pas,2,766696,2882,4.48,vouloir pas,yes,yes,,,
à bord,2,766495,2883,3.43,à bord,yes,yes,,,
la frontière,2,766154,2884,4.61,le frontière,yes,no,article + word,,
l' ensemble de,3,765703,2885,6.56,le ensemble de,yes,no,fragment,,
me sens,2,764784,2886,4.72,me sens,yes,yes,,,
et ceux,2,764683,2887,1.35,et celui,yes,no,fragment; loose,,
en prenant,2,764508,2888,5.06,en prenant,yes,yes,,,
lettre de,2,764494,2889,1.78,lettre de,yes,no,fragment; loose,,
de la salle,3,764478,2890,6.78,de le salle,yes,no,fragment,,
mon corps,2,764356,2891,5.35,mon corps,yes,no,article + word,,
création de,2,764315,2892,2.25,création de,yes,no,fragment; loose,,
il ne faut pas,4,764255,2893,16.35,il ne falloir pas,yes,yes,,,
travers le,2,764232,2894,2.58,travers le,yes,no,fragment; loose,,
l' écran,2,764147,2895,4.89,le écran,yes,no,article + word,,
car je,2,764146,2896,2.71,car je,yes,no,loose,,
conseil d',2,763864,2897,3.47,conseil de,yes,no,fragment,,
le salon,2,763480,2898,4,le salon,yes,no,article + word,,
suite à,2,763087,2899,2.33,suite à,yes,no,fragment; loose,,
l' objet de,3,763053,2900,7.16,le objet de,yes,no,fragment,,
la charge,2,762719,2901,2.98,le charge,yes,no,article + word; loose,,
savoir si,2,762669,2902,4.99,savoir si,yes,yes,,,
dans les yeux,3,762277,2903,8.1,dans le oeil,yes,yes,,,
l' intention de,3,762088,2904,8.59,le intention de,yes,no,fragment,,
fait partie,2,762081,2905,5.01,faire partie,yes,yes,,,
ses pieds,2,761694,2906,6.07,son pied,yes,no,article + word,,
il faisait,2,761542,2907,3.09,il faire,yes,yes,,,
de la politique,3,761525,2908,5.68,de le politique,yes,no,fragment,,
la mission,2,761470,2909,3.19,le mission,yes,no,article + word,,
la défense,2,761049,2910,3.64,le défense,yes,no,article + word,,
livre de,2,761029,2911,1.35,livre de,yes,no,fragment; loose,,
le genre,2,761026,2912,2.94,le genre,yes,no,article + word; loose,,
de la pièce,3,760892,2913,6.9,de le pièce,yes,no,fragment,,
la gare,2,760872,2914,4.38,le gare,yes,no,article + word,,
il savait,2,760626,2915,3.81,il savoir,yes,yes,,,
tu l',2,760092,2916,-0.4,tu le,yes,no,fragment; loose,,
les idées,2,759780,2917,3.72,le idée,yes,no,article + word,,
la rencontre,2,759735,2918,3.07,le rencontre,yes,no,article + word,,
l' empereur,2,759529,2919,4.79,le empereur,yes,no,article + word,,
en dehors de,3,759468,2920,8.47,en dehors de,yes,no,fragment,,
trop tard,2,759288,2921,7.49,trop tard,yes,yes,,,
le départ,2,759251,2922,3.25,le départ,yes,no,article + word,,
au nom de,3,759191,2923,7.96,au nom de,yes,no,fragment,,
l ' un,3,759017,2924,,l ' un,no,no,fragment; rare word,,
tourna vers,2,758599,2925,9.04,tourner vers,no,no,rare word,,
avait dit,2,758021,2926,2.84,avoir dire,yes,no,loose,,
leur vie,2,757955,2927,3.96,son vie,yes,no,article + word,,
application de,2,757687,2928,2.48,application de,yes,no,fragment; loose,,
même chose,2,757635,2929,4.33,même chose,yes,yes,,,
serait pas,2,757496,2930,3.26,être pas,yes,yes,,,
de protection,2,757353,2931,2.5,de protection,yes,no,fragment; loose,,
me souviens,2,757073,2932,8.08,me souvenir,yes,yes,,,
que votre,2,756795,2933,1.89,que votre,yes,no,loose,,
commençait à,2,756766,2934,5.17,commencer à,yes,no,fragment,,
retour au,2,756617,2935,4.46,retour au,yes,no,fragment,,
crois pas,2,756610,2936,4.32,croire pas,yes,yes,,,
les produits,2,756513,2937,3.41,le produit,yes,no,article + word,,
elle peut,2,756432,2938,1.48,lui pouvoir,yes,no,loose,,
les portes,2,755820,2939,4.53,le porte,yes,no,article + word,,
des objets,2,755674,2940,4.42,un objet,yes,no,article + word,,
le village,2,755534,2941,3.36,le village,yes,no,article + word,,
membres du,2,755445,2942,4.13,membre du,yes,no,fragment,,
ans de,2,755181,2943,-0.05,an de,yes,no,fragment; loose,,
idée d',2,755115,2944,2.78,idée de,yes,no,fragment; loose,,
au milieu des,3,754930,2945,10.6,au milieu un,yes,no,fragment,,
au fait,2,754897,2946,1.29,au faire,yes,no,article + word; loose,,
mais ça,2,754843,2947,2.91,mais ça,yes,no,loose,,
expression de,2,754539,2948,1.94,expression de,yes,no,fragment; loose,,
de laquelle,2,753707,2949,1.03,de lequel,yes,no,fragment; written style; loose,,
la couleur,2,753168,2950,3.36,le couleur,yes,no,article + word,,
le quartier,2,753142,2951,3.86,le quartier,yes,no,article + word,,
même la,2,752049,2952,-1.38,même le,yes,no,fragment; loose,,
on dirait,2,750895,2953,7.54,on dire,yes,yes,,,
la reconnaissance,2,750702,2954,3.82,le reconnaissance,yes,no,article + word,,
de certaines,2,750697,2955,1.59,de certain,yes,no,fragment; loose,,
mère de,2,750683,2956,0.28,mère de,yes,no,fragment; loose,,
être plus,2,750587,2957,1.23,être plus,yes,no,loose,,
source de,2,750559,2958,2.38,source de,yes,no,fragment; loose,,
l' échelle,2,750276,2959,4.73,le échelle,yes,no,article + word,,
deux autres,2,749972,2960,3.93,deux autre,yes,yes,,,
un de ces,3,749750,2961,4.61,un de ce,yes,no,fragment,,
auprès des,2,749538,2962,3.92,auprès un,yes,no,fragment,,
sans avoir,2,749447,2963,4.11,sans avoir,yes,yes,,,
le mariage,2,749386,2964,3.45,le mariage,yes,no,article + word,,
de telles,2,749155,2965,3.05,de tel,yes,no,fragment,,
mais sans,2,748684,2966,2.01,mais sans,yes,no,loose,,
des cas,2,748374,2967,1.75,un cas,yes,no,article + word; loose,,
la perte,2,748166,2968,3.83,le perte,yes,no,article + word,,
pour ça,2,748071,2969,1.95,pour ça,yes,no,loose,,
deux heures,2,748041,2970,5.71,deux heure,yes,yes,,,
en soi,2,747796,2971,3.61,en soi,yes,yes,,,
la montagne,2,747776,2972,4.1,le montagne,yes,no,article + word,,
lundi au,2,747416,2973,6.19,lundi au,yes,no,fragment,,
ce petit,2,747356,2974,3.09,ce petit,yes,no,article + word,,
le discours,2,747229,2975,3.16,le discours,yes,no,article + word,,
lieu d',2,747177,2976,2.44,lieu de,yes,no,fragment; loose,,
ou d' un,3,746940,2977,5.56,ou de un,yes,no,fragment,,
voir la,2,746736,2978,0.35,voir le,yes,no,fragment; loose,,
à l' occasion,3,746677,2979,9.12,à le occasion,yes,yes,,,
penser que,2,746039,2980,4,penser que,yes,no,fragment,,
la belle,2,745675,2981,2.2,le beau,yes,no,article + word; loose,,
permettent de,2,745475,2982,3.07,permettre de,yes,no,fragment,,
à la fin du,4,745206,2983,13.58,à le fin du,yes,no,fragment,,
vous dire,2,744869,2984,3.18,vous dire,yes,yes,,,
de conscience,2,744853,2985,1.71,de conscience,yes,no,fragment; loose,,
les élèves,2,744740,2986,4.17,le élève,yes,no,article + word,,
que cet,2,744368,2987,1.99,que ce,yes,no,loose,,
au cœur de,3,744353,2988,7.97,au cœur de,yes,no,fragment,,
que leurs,2,744228,2989,1.43,que leurs,yes,no,loose,,
le sens de,3,744085,2990,5.81,le sens de,yes,no,fragment,,
les problèmes,2,743797,2991,3.78,le problème,yes,no,article + word,,
lequel il,2,743673,2992,3.46,lequel il,yes,no,written style,,
l' état de,3,743612,2993,5.9,le état de,yes,no,fragment,,
de loin,2,743600,2994,0.81,de loin,yes,no,fragment; loose,,
avec leurs,2,743553,2995,2.97,avec leurs,yes,no,loose,,
des biens,2,742970,2996,4.56,un bien,yes,no,article + word,,
toujours été,2,742889,2997,4.61,toujours être,yes,yes,,,
en évidence,2,742761,2998,4.79,en évidence,yes,yes,,,
des sociétés,2,742584,2999,4.46,un société,yes,no,article + word,,
des faits,2,742518,3000,4.22,un faire,yes,no,article + word,,
lorsque je,2,742379,3001,3.51,lorsque je,yes,yes,,,
du lundi au,3,742312,3002,12.91,du lundi au,yes,no,fragment,,
toute une,2,742225,3003,1.65,toute un,yes,no,fragment; loose,,
pas à la,3,742156,3004,2.62,pas à le,yes,no,fragment; loose,,
un corps,2,741364,3005,2.14,un corps,yes,no,article + word; loose,,
était déjà,2,740998,3006,3.86,être déjà,yes,yes,,,
de la pensée,3,740984,3007,6.83,de le penser,yes,no,fragment,,
l' opération,2,740243,3008,4.45,le opération,yes,no,article + word,,
le besoin,2,740182,3009,1.92,le besoin,yes,no,article + word; loose,,
de l' époque,3,739595,3010,7.19,de le époque,yes,no,fragment,,
que l ' on,4,739297,3011,,que l ' on,no,no,rare word,,
l' avant,2,738991,3012,0.69,le avant,yes,no,article + word; loose,,
ce qui a,3,738943,3013,6.67,ce qui avoir,yes,yes,,,
pas me,2,738905,3014,0.66,pas me,yes,no,fragment; loose,,
sa poitrine,2,738622,3015,6.95,son poitrine,yes,no,article + word,,
la vision,2,738510,3016,3.31,le vision,yes,no,article + word,,
les activités,2,738463,3017,3.63,le activité,yes,no,article + word,,
mon ami,2,738083,3018,6.8,mon ami,yes,no,article + word,,
la vallée,2,737976,3019,4.53,le vallée,yes,no,article + word,,
appel à,2,737860,3020,3.54,appel à,yes,no,fragment,,
exemple de,2,737819,3021,0.57,exemple de,yes,no,fragment; loose,,
de chacun,2,737543,3022,1.42,de chacun,yes,no,fragment; loose,,
cette situation,2,737456,3023,5.26,ce situation,yes,no,article + word,,
les doigts,2,737345,3024,3.78,le doigt,yes,no,article + word,,
jeu de,2,737120,3025,2.04,jeu de,yes,no,fragment; loose,,
eu l',2,737016,3026,1.95,avoir le,yes,no,fragment; loose,,
de commerce,2,736972,3027,2.56,de commerce,yes,no,fragment; loose,,
je serai,2,736907,3028,6.73,je être,yes,yes,,,
nous l' avons,3,736451,3029,10.22,nous le avoir,yes,yes,,,
un ou,2,735795,3030,-0.73,un ou,yes,no,fragment; article + word; loose,,
des valeurs,2,735733,3031,4.37,un valeur,yes,no,article + word,,
pour pouvoir,2,735729,3032,3.15,pour pouvoir,yes,yes,,,
monsieur le,2,735486,3033,2.53,monsieur le,yes,no,fragment; loose,,
l' ennemi,2,735313,3034,4.72,le ennemi,yes,no,article + word,,
du moment,2,735256,3035,2.42,du moment,yes,no,article + word; loose,,
la découverte,2,735039,3036,3.85,le découverte,yes,no,article + word,,
les sociétés,2,735028,3037,4.05,le société,yes,no,article + word,,
ne pouvais,2,735007,3038,6.22,ne pouvoir,yes,yes,,,
la maison de,3,734960,3039,5.59,le maison de,yes,no,fragment,,
et d' autres,3,734733,3040,6.37,et de autre,yes,no,fragment,,
faire du,2,734074,3041,0.84,faire du,yes,no,fragment; loose,,
le langage,2,734061,3042,3.82,le langage,yes,no,article + word,,
le territoire,2,734024,3043,3.83,le territoire,yes,no,article + word,,
des lois,2,734020,3044,4.46,un loi,yes,no,article + word,,
monde de,2,733969,3045,-0.47,monde de,yes,no,fragment; loose,,
ce que la,3,733898,3046,3.81,ce que le,yes,no,fragment,,
de la personne,3,733761,3047,5.27,de le personne,yes,no,fragment,,
des mesures,2,733715,3048,4.57,un mesure,yes,no,article + word,,
moins d',2,733715,3049,1.38,moins de,yes,no,fragment; loose,,
des forces,2,733590,3050,4.19,un forcer,yes,no,article + word,,
une pièce,2,733240,3051,3.91,un pièce,yes,no,article + word,,
je pourrais,2,733019,3052,6.27,je pouvoir,yes,yes,,,
les jambes,2,732920,3053,4.17,le jambe,yes,no,article + word,,
en silence,2,732462,3054,3.48,en silence,yes,yes,,,
qui fut,2,732203,3055,2.61,qui être,yes,no,loose,,
toujours pas,2,732155,3056,2.13,toujours pas,yes,no,loose,,
malgré tout,2,732006,3057,5.57,malgré tout,yes,yes,,,
des moyens,2,731930,3058,3.97,un moyen,yes,no,article + word,,
une entreprise,2,731874,3059,3.63,un entreprise,yes,no,article + word,,
des études,2,731421,3060,3.97,un étude,yes,no,article + word,,
aussi que,2,731374,3061,0.68,aussi que,yes,no,fragment; loose,,
place dans,2,731345,3062,2.55,place dans,yes,no,fragment; loose,,
les événements,2,730978,3063,4.19,le événement,yes,no,article + word,,
de chez,2,730952,3064,-0.16,de chez,yes,no,fragment; loose,,
l' exécution,2,730784,3065,4.57,le exécution,yes,no,article + word,,
vers une,2,730770,3066,1.53,vers un,yes,no,fragment; loose,,
l' industrie,2,730327,3067,4.96,le industrie,yes,no,article + word,,
gestion des,2,730069,3068,4.12,gestion un,yes,no,fragment,,
au niveau de,3,729824,3069,8.75,au niveau de,yes,no,fragment,,
est celui,2,729781,3070,1.99,être celui,yes,no,loose,,
vers elle,2,729665,3071,2.33,vers lui,yes,no,loose,,
parle de,2,729566,3072,1.86,parler de,yes,no,fragment; loose,,
que jamais,2,729538,3073,1.69,que jamais,yes,no,loose,,
l' Empire,2,729328,3074,,le Empire,no,no,article + word; rare word,,
tout à l' heure,4,729265,3075,16.52,tout à le heure,yes,yes,,,
d' habitude,2,728723,3076,4.58,de habitude,yes,yes,,,
des petits,2,728713,3077,3.41,un petit,yes,no,article + word,,
un cadre,2,728571,3078,3.54,un cadre,yes,no,article + word,,
se tourna vers,3,728296,3079,16.43,se tourner vers,no,no,rare word,,
espèce de,2,728194,3080,2.84,espèce de,yes,no,fragment; loose,,
face à la,3,728067,3081,7.19,face à le,yes,no,fragment,,
au sol,2,727913,3082,4.81,au sol,yes,no,article + word,,
lieu à,2,726784,3083,1.75,lieu à,yes,no,fragment; loose,,
manière dont,2,726783,3084,6.42,manière dont,yes,no,written style,,
l' odeur,2,726624,3085,4.51,le odeur,yes,no,article + word,,
quand vous,2,726547,3086,2.82,quand vous,yes,no,loose,,
je pensais,2,726499,3087,6.62,je penser,yes,yes,,,
bien à,2,726432,3088,-0.81,bien à,yes,no,fragment; loose,,
ce fait,2,726319,3089,1.24,ce faire,yes,no,article + word; loose,,
malgré les,2,726078,3090,2.85,malgré le,yes,no,fragment; loose,,
pourrait être,2,725386,3091,5.59,pouvoir être,yes,yes,,,
du texte,2,725096,3092,3.97,du texte,yes,no,article + word,,
de l' école,3,724928,3093,7.41,de le école,yes,no,fragment,,
dans nos,2,724797,3094,2.62,dans notre,yes,no,loose,,
le mieux,2,724780,3095,1.7,le mieux,yes,no,article + word; loose,,
une très,2,724205,3096,1.13,un très,yes,no,article + word; loose,,
des heures,2,724120,3097,2.61,un heure,yes,no,article + word; loose,,
le public,2,723928,3098,2.58,le public,yes,no,article + word; loose,,
il leur,2,723920,3099,0.09,il son,yes,no,loose,,
toujours en,2,723864,3100,1.2,toujours en,yes,no,fragment; loose,,
elles ont,2,723698,3101,4.81,lui avoir,yes,yes,,,
à terre,2,723343,3102,1.95,à terrer,yes,no,loose,,
les Français,2,723315,3103,,le Français,no,no,article + word; rare word,,
quand nous,2,723114,3104,2.94,quand nous,yes,no,loose,,
comme d',2,723068,3105,-0.64,comme de,yes,no,fragment; loose,,
la part de,3,722845,3106,5.35,le part de,yes,no,fragment,,
il suffit,2,722717,3107,4.86,il suffire,yes,yes,,,
la visite,2,722546,3108,3,le visiter,yes,no,article + word,,
un d',2,722040,3109,-2.74,un de,yes,no,fragment; article + word; loose,,
avait le,2,721839,3110,-1.33,avoir le,yes,no,fragment; loose,,
personne qui,2,721594,3111,2.73,personne qui,yes,no,loose,,
l' obligation,2,721395,3112,4.61,le obligation,yes,no,article + word,,
difficile à,2,721300,3113,3.15,difficile à,yes,no,fragment,,
existence de,2,721178,3114,1.76,existence de,yes,no,fragment; loose,,
était encore,2,721075,3115,2.77,être encore,yes,no,loose,,
le type,2,720929,3116,2.67,le typer,yes,no,article + word; loose,,
ne voulait pas,3,720919,3117,11.74,ne vouloir pas,yes,yes,,,
en avoir,2,720917,3118,1.04,en avoir,yes,no,loose,,
de qualité,2,720474,3119,1.83,de qualité,yes,no,fragment; loose,,
formes de,2,720471,3120,2.18,forme de,yes,no,fragment; loose,,
de la femme,3,720003,3121,5.11,de le femme,yes,no,fragment,,
était bien,2,719825,3122,1.77,être bien,yes,no,loose,,
de jeunes,2,719731,3123,1.5,de jeune,yes,no,fragment; loose,,
l' avaient,2,719695,3124,1.44,le avoir,yes,no,article + word; loose,,
trois jours,2,719548,3125,6.78,trois jour,yes,yes,,,
qui se passe,3,719214,3126,11.45,qui se passe,yes,yes,,,
ses enfants,2,719199,3127,4.55,son enfant,yes,no,article + word,,
une image,2,718653,3128,3.76,un image,yes,no,article + word,,
ne pourrait,2,718491,3129,4.19,ne pouvoir,yes,yes,,,
enfants de,2,718406,3130,0.44,enfant de,yes,no,fragment; loose,,
la solution,2,718367,3131,3.41,le solution,yes,no,article + word,,
que Dieu,2,718246,3132,,que Dieu,no,no,rare word,,
la force de,3,717994,3133,6.24,le forcer de,yes,no,fragment,,
mais d',2,717714,3134,-0.98,mais de,yes,no,fragment; loose,,
ce dont,2,717241,3135,2.09,ce dont,yes,no,article + word; written style; loose,,
est souvent,2,717127,3136,2.55,être souvent,yes,no,loose,,
la manière dont,3,717103,3137,11.52,le manière dont,yes,no,written style,,
sa présence,2,717019,3138,5.36,son présence,yes,no,article + word,,
le traitement,2,716896,3139,3.63,le traitement,yes,no,article + word,,
veut dire,2,716480,3140,7.28,vouloir dire,yes,yes,,,
la conception,2,715875,3141,3.69,le conception,yes,no,article + word,,
cette idée,2,715860,3142,5,ce idée,yes,no,article + word,,
sa part,2,715581,3143,4.11,son part,yes,no,article + word,,
son petit,2,715435,3144,3.35,son petit,yes,no,article + word,,
cet ouvrage,2,715200,3145,8.61,ce ouvrage,yes,no,article + word,,
ces dernières,2,715038,3146,7.47,ce dernier,yes,no,article + word,,
le pas,2,715018,3147,-2.64,le pas,yes,no,article + word; loose,,
de bains,2,715008,3148,3.92,de bain,yes,no,fragment,,
heures du,2,714854,3149,3.11,heure du,yes,no,fragment,,
y en a,3,714820,3150,7.25,y en avoir,yes,yes,,,
de vin,2,714667,3151,2.61,de vin,yes,no,fragment; loose,,
à comprendre,2,714335,3152,2.7,à comprendre,yes,no,loose,,
pas de la,3,714248,3153,1.31,pas de le,yes,no,fragment; loose,,
de la langue,3,714118,3154,6.74,de le langue,yes,no,fragment,,
un œil,2,714052,3155,3.55,un œil,yes,no,article + word,,
de la jeune,3,713912,3156,5.49,de le jeune,yes,no,fragment,,
idée que,2,713622,3157,2.96,idée que,yes,no,fragment; loose,,
une première,2,713253,3158,2.42,un première,yes,no,article + word; loose,,
à toutes les,3,713185,3159,6.83,à tout le,yes,no,fragment,,
de créer,2,712873,3160,2.72,de créer,yes,no,fragment; loose,,
lutte contre,2,712636,3161,9.03,lutte contre,yes,yes,,,
le milieu,2,712434,3162,2.45,le milieu,yes,no,article + word; loose,,
a aussi,2,712285,3163,1.64,avoir aussi,yes,no,loose,,
à trois,2,712263,3164,1.11,à trois,yes,no,loose,,
dernières années,2,712177,3165,9.53,dernier année,yes,yes,,,
quelques mois,2,712015,3166,6.88,quelque mois,yes,yes,,,
ma tête,2,711981,3167,5.39,mon tête,yes,no,article + word,,
d' enfants,2,711802,3168,2.32,de enfant,yes,no,loose,,
derrière lui,2,711741,3169,5,derrière luire,yes,yes,,,
que tu ne,3,711164,3170,7.63,que tu ne,yes,no,fragment,,
la source,2,710831,3171,3.05,le source,yes,no,article + word,,
vous faire,2,710673,3172,2.18,vous faire,yes,no,loose,,
en droit,2,710409,3173,1.84,en droit,yes,no,loose,,
en face de,3,710144,3174,6.98,en face de,yes,no,fragment,,
à l' idée,3,710126,3175,7.81,à le idée,yes,yes,,,
au début du,3,710122,3176,11.08,au début du,yes,no,fragment,,
la voix de,3,709375,3177,5.59,le voix de,yes,no,fragment,,
pour obtenir,2,709055,3178,5.22,pour obtenir,yes,yes,,,
de le faire,3,708361,3179,3.97,de le faire,yes,no,fragment,,
et de sa,3,707940,3180,2.79,et de son,yes,no,fragment; loose,,
la logique,2,707897,3181,3.38,le logique,yes,no,article + word,,
les informations,2,707332,3182,3.67,le information,yes,no,article + word,,
g de,2,707313,3183,,g de,yes,no,fragment,,
du sujet,2,706932,3184,3.47,du sujet,yes,no,article + word,,
à eux,2,706713,3185,1.43,à lui,yes,no,loose,,
contrat de,2,706630,3186,2.36,contrat de,yes,no,fragment; loose,,
milliers de,2,706535,3187,3.59,millier de,yes,no,fragment,,
pouvait être,2,706459,3188,5.05,pouvoir être,yes,yes,,,
un processus,2,706238,3189,3.7,un processus,yes,no,article + word,,
dans certains,2,706206,3190,3.15,dans certain,yes,yes,,,
de sens,2,706180,3191,0.2,de sens,yes,no,fragment; loose,,
secoua la,2,706168,3192,4.72,secoua le,no,no,fragment; rare word,,
les forces,2,705997,3193,3.75,le forcer,yes,no,article + word,,
si un,2,705932,3194,-0.38,si un,yes,no,fragment; loose,,
du contrat,2,705751,3195,4.72,du contrat,yes,no,article + word,,
nos jours,2,705712,3196,7.05,notre jour,yes,no,article + word,,
le souvenir,2,705463,3197,3.71,le souvenir,yes,no,article + word,,
elles se,2,705443,3198,2.66,lui se,yes,no,fragment; loose,,
à travers le,3,705308,3199,8.09,à travers le,yes,no,fragment,,
règles de,2,705300,3200,2.24,règle de,yes,no,fragment; loose,,
ce qui était,3,705252,3201,7.28,ce qui être,yes,yes,,,
avait de,2,705247,3202,-2.53,avoir de,yes,no,fragment; loose,,
bras de,2,705204,3203,0.73,bras de,yes,no,fragment; loose,,
terme de,2,705123,3204,1.62,terme de,yes,no,fragment; loose,,
milieu de la,3,705094,3205,6.38,milieu de le,yes,no,fragment,,
permettre de,2,704860,3206,2.71,permettre de,yes,no,fragment; loose,,
est nécessaire,2,704851,3207,4.08,être nécessaire,yes,yes,,,
duc de,2,704682,3208,3.1,duc de,yes,no,fragment,,
l' ancienne,2,704670,3209,4.18,le ancien,yes,no,article + word,,
a donc,2,704428,3210,2.53,avoir donc,yes,no,loose,,
le sais,2,704108,3211,1.67,le savoir,yes,no,article + word; loose,,
un même,2,704040,3212,-0.33,un même,yes,no,article + word; loose,,
face aux,2,703122,3213,5.24,face aux,yes,no,fragment,,
des sciences,2,703023,3214,4.56,un science,yes,no,article + word,,
mais comme,2,702980,3215,1.08,mais comme,yes,no,loose,,
du genre,2,702883,3216,4.01,du genre,yes,no,article + word,,
la victime,2,702519,3217,3.87,le victime,yes,no,article + word,,
sur leurs,2,702269,3218,2.39,sur leurs,yes,no,loose,,
impression d',2,702182,3219,3.85,impression de,yes,no,fragment,,
il eut,2,701846,3220,3.38,il avoir,yes,yes,,,
la ville de,3,701663,3221,5.59,le ville de,yes,no,fragment,,
se pencha,2,701619,3222,7.29,se pencha,no,no,rare word,,
autour de lui,3,701591,3223,9.1,autour de luire,yes,yes,,,
ministère de,2,701297,3224,3.05,ministère de,yes,no,fragment,,
quelque temps,2,700813,3225,5.51,quelque temps,yes,yes,,,
de quitter,2,700719,3226,2.73,de quitter,yes,no,fragment; loose,,
va bien,2,700575,3227,4.44,aller bien,yes,yes,,,
de feu,2,700540,3228,1.61,de feu,yes,no,fragment; loose,,
est déjà,2,700515,3229,2.14,être déjà,yes,no,loose,,
la direction de,3,700181,3230,6.73,le direction de,yes,no,fragment,,
que tu es,3,699892,3231,12.18,que tu être,yes,yes,,,
dans le temps,3,699495,3232,6.84,dans le temps,yes,yes,,,
la pointe,2,699491,3233,4.02,le pointe,yes,no,article + word,,
terre et,2,699472,3234,1.72,terrer et,yes,no,fragment; loose,,
que nous sommes,3,699097,3235,11.54,que nous être,yes,yes,,,
gens de,2,698942,3236,0.88,gens de,yes,no,fragment; loose,,
je dis,2,698808,3237,4.23,je dire,yes,yes,,,
de main,2,698728,3238,0.01,de main,yes,no,fragment; loose,,
des mains,2,698664,3239,2.74,un main,yes,no,article + word; loose,,
on pouvait,2,698641,3240,4.45,on pouvoir,yes,yes,,,
les valeurs,2,697975,3241,3.91,le valeur,yes,no,article + word,,
du service,2,697704,3242,3.56,du service,yes,no,article + word,,
vers un,2,697643,3243,1.18,vers un,yes,no,fragment; loose,,
la vente,2,697598,3244,3.68,le vente,yes,no,article + word,,
y a de,3,697377,3245,5.39,y avoir de,yes,no,fragment,,
de la culture,3,697293,3246,6.98,de le culture,yes,no,fragment,,
des événements,2,697194,3247,4.51,un événement,yes,no,article + word,,
même et,2,697115,3248,-1.15,même et,yes,no,fragment; loose,,
l' abri,2,696545,3249,5.18,le abri,yes,no,article + word,,
la droite,2,696301,3250,2.62,le droite,yes,no,article + word; loose,,
vous de,2,695979,3251,-2.84,vous de,yes,no,fragment; loose,,
un coin,2,695888,3252,4.41,un coin,yes,no,article + word,,
sous son,2,695877,3253,2.43,sou son,yes,no,fragment; loose,,
je en,2,695845,3254,-1.93,je en,yes,no,fragment; loose,,
eu un,2,695818,3255,2.37,avoir un,yes,no,fragment; loose,,
du point de,3,695745,3256,6.61,du point de,yes,no,fragment,,
chambre de,2,695740,3257,0.93,chambre de,yes,no,fragment; loose,,
du passé,2,695354,3258,3.25,du passé,yes,no,article + word,,
quant aux,2,694936,3259,6.19,quant aux,yes,no,fragment,,
que du,2,694763,3260,-2.07,que du,yes,no,fragment; loose,,
de l' Europe,3,694754,3261,7.62,de le Europe,no,no,fragment; rare word,,
un cri,2,694485,3262,5.17,un cri,yes,no,article + word,,
ce qui se passe,4,694480,3263,18.81,ce qui se passe,yes,yes,,,
il est possible,3,694452,3264,9.34,il être possible,yes,yes,,,
elle à,2,694318,3265,-2.36,lui à,yes,no,fragment; loose,,
que vous ne,3,693983,3266,6.67,que vous ne,yes,no,fragment,,
un gros,2,693601,3267,3.94,un gros,yes,no,article + word,,
son bras,2,693531,3268,4.07,son bras,yes,no,article + word,,
fin des,2,693486,3269,2.22,fin un,yes,no,fragment; loose,,
l' âge de,3,693343,3270,7.24,le âge de,yes,no,fragment,,
une dizaine,2,693157,3271,6.34,un dizaine,yes,no,article + word,,
l' obscurité,2,693056,3272,5.31,le obscurité,yes,no,article + word,,
pourquoi ne,2,692529,3273,3.2,pourquoi ne,yes,no,fragment,,
selon l',2,692447,3274,1.84,selon le,yes,no,fragment; loose,,
secoua la tête,3,692326,3275,15.44,secoua le tête,no,no,rare word,,
en quelques,2,691968,3276,1.29,en quelque,yes,no,loose,,
être pas,2,691512,3277,0.52,être pas,yes,no,loose,,
l' approche,2,691298,3278,3.65,le approche,yes,no,article + word,,
dans tout,2,691139,3279,0.02,dans tout,yes,no,loose,,
le concept,2,691097,3280,4.25,le concept,yes,no,article + word,,
est mort,2,690839,3281,2.57,être mort,yes,no,loose,,
la hauteur,2,690721,3282,3.79,le hauteur,yes,no,article + word,,
présence d',2,690707,3283,3.31,présence de,yes,no,fragment,,
une période,2,690615,3284,4.09,un période,yes,no,article + word,,
le directeur,2,690368,3285,3.89,le directeur,yes,no,article + word,,
elle pas,2,690212,3286,-0.88,lui pas,yes,no,loose,,
la même chose,3,690077,3287,9.32,le même chose,yes,yes,,,
de devenir,2,690054,3288,2.05,de devenir,yes,no,fragment; loose,,
les acteurs,2,689962,3289,4.14,le acteur,yes,no,article + word,,
on aurait,2,689481,3290,3.96,on avoir,yes,yes,,,
le cours,2,689146,3291,1.88,le cours,yes,no,article + word; loose,,
de produits,2,688672,3292,1.82,de produit,yes,no,fragment; loose,,
toutes sortes,2,688135,3293,10.03,tout sorte,yes,yes,,,
tout autre,2,688093,3294,2.88,tout autre,yes,no,loose,,
bien d',2,687455,3295,-0.24,bien de,yes,no,fragment; loose,,
permettant de,2,687343,3296,3.06,permettre de,yes,no,fragment,,
un ami,2,687285,3297,3.53,un ami,yes,no,article + word,,
et après,2,687226,3298,-0.03,et après,yes,no,fragment; loose,,
de même que,3,687165,3299,4.28,de même que,yes,no,fragment,,
et avait,2,687154,3300,-1.48,et avoir,yes,no,fragment; loose,,
le haut,2,687052,3301,2.3,le haut,yes,no,article + word; loose,,
une demi,2,686939,3302,4.31,un demi,yes,no,article + word,,
économique et,2,686822,3303,2.89,économique et,yes,no,fragment; loose,,
la confiance,2,686795,3304,2.74,le confiance,yes,no,article + word; loose,,
un simple,2,686788,3305,3.19,un simple,yes,no,article + word,,
monde et,2,686764,3306,0.51,monde et,yes,no,fragment; loose,,
charge de,2,686655,3307,2.08,charge de,yes,no,fragment; loose,,
faire face,2,686507,3308,5.72,faire face,yes,yes,,,
à plus,2,686409,3309,-2.01,à plus,yes,no,loose,,
ça fait,2,686170,3310,3.84,ça faire,yes,yes,,,
vous y,2,685637,3311,1.57,vous y,yes,no,loose,,
de femmes,2,685297,3312,0.8,de femme,yes,no,fragment; loose,,
Union européenne,2,685104,3313,,Union européen,no,no,rare word,,
vers moi,2,684833,3314,4.55,vers moi,yes,yes,,,
majorité des,2,684762,3315,4.79,majorité un,yes,no,fragment,,
le visage de,3,684726,3316,6.46,le visage de,yes,no,fragment,,
fut le,2,684537,3317,1.08,être le,yes,no,fragment; loose,,
donner un,2,684437,3318,2.92,donner un,yes,no,fragment; loose,,
le fait de,3,684379,3319,3.66,le faire de,yes,no,fragment,,
au point de,3,684342,3320,7.26,au point de,yes,no,fragment,,
de sorte,2,684194,3321,1.27,de sorte,yes,no,fragment; loose,,
de plus de,3,684041,3322,1.1,de plus de,yes,no,fragment; loose,,
il allait,2,683973,3323,3.28,il aller,yes,yes,,,
and the,2,683328,3324,,and the,yes,no,,,
les avait,2,683277,3325,-1.12,le avoir,yes,no,article + word; loose,,
le ton,2,682779,3326,1.51,le ton,yes,no,fragment; article + word; loose,,
de tes,2,682733,3327,1.85,de ton,yes,no,fragment; loose,,
l' appartement,2,682600,3328,4.37,le appartement,yes,no,article + word,,
guerre mondiale,2,682593,3329,10.4,guerre mondial,yes,yes,,,
de la chambre,3,682543,3330,6.02,de le chambre,yes,no,fragment,,
des actions,2,682538,3331,4.25,un action,yes,no,article + word,,
de plaisir,2,682255,3332,1.63,de plaisir,yes,no,fragment; loose,,
je ne pouvais,3,682133,3333,13.31,je ne pouvoir,yes,yes,,,
un modèle,2,682016,3334,3.93,un modèle,yes,no,article + word,,
l' un d',3,681807,3335,2.94,le un de,yes,no,fragment; loose,,
l' horizon,2,681633,3336,5.01,le horizon,yes,no,article + word,,
le pont,2,681617,3337,4.24,le pont,yes,no,article + word,,
sait que,2,681435,3338,3.58,savoir que,yes,no,fragment,,
la télévision,2,681192,3339,4.38,le télévision,yes,no,article + word,,
une activité,2,681109,3340,3.86,un activité,yes,no,article + word,,
je devais,2,680945,3341,6.82,je devoir,yes,yes,,,
que vous êtes,3,680820,3342,11.52,que vous être,yes,yes,,,
la voir,2,680459,3343,0.22,le voir,yes,no,article + word; loose,,
une table,2,679979,3344,3.5,un table,yes,no,article + word,,
voir les,2,679676,3345,0.93,voir le,yes,no,fragment; loose,,
hocha la,2,679563,3346,4.93,hocha le,no,no,fragment; rare word,,
responsable de,2,679327,3347,2.88,responsable de,yes,no,fragment; loose,,
en ce sens,3,679249,3348,9.37,en ce sens,yes,yes,,,
rapport de,2,678933,3349,0.88,rapport de,yes,no,fragment; loose,,
l' air de,3,678907,3350,6.2,le air de,yes,no,fragment,,
hocha la tête,3,678754,3351,15.68,hocha le tête,no,no,rare word,,
les principes,2,678229,3352,4.07,le principe,yes,no,article + word,,
lui fit,2,677964,3353,4.39,luire faire,yes,yes,,,
la gauche,2,677932,3354,2.48,le gauche,yes,no,article + word; loose,,
chez nous,2,677725,3355,3.6,chez nous,yes,yes,,,
y eut,2,677614,3356,5.86,y avoir,yes,yes,,,
la place de,3,677112,3357,5.11,le place de,yes,no,fragment,,
pas pu,2,676898,3358,3.39,pas pouvoir,yes,yes,,,
de rendre,2,676736,3359,1.3,de rendre,yes,no,fragment; loose,,
chaque année,2,676608,3360,7.81,chaque année,yes,yes,,,
était plus,2,676442,3361,0.56,être plus,yes,no,loose,,
je ne le,3,676104,3362,4.73,je ne le,yes,no,fragment,,
petite fille,2,676067,3363,7.79,petit fille,yes,yes,,,
les arbres,2,675980,3364,4.34,le arbre,yes,no,article + word,,
derrière le,2,675883,3365,2.25,derrière le,yes,no,fragment; loose,,
de mise,2,675833,3366,1.09,de mise,yes,no,fragment; loose,,
il l' avait,3,675808,3367,5.08,il le avoir,yes,yes,,,
d' obtenir,2,675566,3368,4.33,de obtenir,yes,yes,,,
où vous,2,675412,3369,2.13,où vous,yes,no,loose,,
tu vois,2,675059,3370,6.55,tu voir,yes,yes,,,
ou même,2,674989,3371,1.6,ou même,yes,no,loose,,
sur le point,3,674714,3372,8.58,sur le point,yes,yes,,,
de l' espace,3,674639,3373,7.13,de le espace,yes,no,fragment,,
dans la pièce,3,674371,3374,9.17,dans le pièce,yes,yes,,,
compte que,2,674261,3375,2.57,compte que,yes,no,fragment; loose,,
les auteurs,2,674104,3376,4.25,le auteur,yes,no,article + word,,
à trouver,2,674095,3377,2.38,à trouver,yes,no,loose,,
à cette époque,3,673788,3378,11.12,à ce époque,yes,yes,,,
pas besoin de,3,673748,3379,7.73,pas besoin de,yes,no,fragment,,
pendant un,2,673676,3380,1.97,pendant un,yes,no,fragment; loose,,
une vision,2,673471,3381,4.61,un vision,yes,no,article + word,,
par ces,2,673444,3382,1.33,par ce,yes,no,fragment; loose,,
à vivre,2,673347,3383,2.79,à vivre,yes,no,loose,,
avec vous,2,673089,3384,0.81,avec vous,yes,no,loose,,
de temps en,3,672960,3385,5,de temps en,yes,no,fragment,,
un beau,2,672877,3386,3.37,un beau,yes,no,article + word,,
à d' autres,3,672765,3387,6.41,à de autre,yes,yes,,,
la souffrance,2,672605,3388,4.06,le souffrance,yes,no,article + word,,
du lit,2,672500,3389,3.78,du lit,yes,no,article + word,,
la main de,3,672477,3390,5.07,le main de,yes,no,fragment,,
bout d',2,672213,3391,3.18,bout de,yes,no,fragment,,
cette période,2,671907,3392,6.07,ce période,yes,no,article + word,,
à avoir,2,671867,3393,0.38,à avoir,yes,no,loose,,
ne pas être,3,671768,3394,7.83,ne pas être,yes,yes,,,
veut pas,2,671655,3395,4,vouloir pas,yes,yes,,,
elle qui,2,671407,3396,-1.07,lui qui,yes,no,loose,,
est trop,2,671270,3397,2.07,être trop,yes,no,loose,,
le couloir,2,671064,3398,4.63,le couloir,yes,no,article + word,,
ou pour,2,670996,3399,-0.04,ou pour,yes,no,fragment; loose,,
fois le,2,670982,3400,0.3,fois le,yes,no,fragment; loose,,
pas sans,2,670867,3401,0.93,pas sans,yes,no,loose,,
la Cour de,3,670783,3402,,le Cour de,no,no,fragment; rare word,,
l' impression que,3,670605,3403,9.81,le impression que,yes,no,fragment,,
l' ordre de,3,670243,3404,6.71,le ordre de,yes,no,fragment,,
la chair,2,670146,3405,3.85,le chair,yes,no,article + word,,
plus important,2,669502,3406,5.17,plus important,yes,yes,,,
l' enquête,2,669450,3407,4.19,le enquête,yes,no,article + word,,
avant de se,3,669322,3408,6.61,avant de se,yes,no,fragment,,
quoi que ce,3,669313,3409,9.86,quoi que ce,yes,no,fragment,,
l' inverse,2,669290,3410,4.96,le inverse,yes,no,article + word,,
de ma vie,3,669083,3411,9.02,de mon vie,yes,no,fragment,,
ne vois,2,668909,3412,4.85,ne voir,yes,yes,,,
mon fils,2,668678,3413,5.85,mon fils,yes,no,article + word,,
nous y,2,668617,3414,1.67,nous y,yes,no,loose,,
vous que,2,668606,3415,-0.74,vous que,yes,no,fragment; loose,,
un nombre,2,668397,3416,2.67,un nombre,yes,no,article + word; loose,,
histoire du,2,668358,3417,2.49,histoire du,yes,no,fragment; loose,,
égard de,2,668344,3418,2.41,égard de,yes,no,fragment; loose,,
la neige,2,668132,3419,4.11,le neige,yes,no,article + word,,
travaux de,2,668044,3420,2.1,travail de,yes,no,fragment; loose,,
les limites,2,668034,3421,4.4,le limite,yes,no,article + word,,
de confiance,2,667980,3422,1.95,de confiance,yes,no,fragment; loose,,
dans la région,3,667882,3423,9.52,dans le région,yes,yes,,,
pas dire,2,667844,3424,2.02,pas dire,yes,no,loose,,
le ministre,2,667735,3425,3.38,le ministre,yes,no,article + word,,
d' entrer,2,667633,3426,4.17,de entrer,yes,yes,,,
se situe,2,667619,3427,7.21,se situer,yes,yes,,,
je pouvais,2,667325,3428,5.93,je pouvoir,yes,yes,,,
au samedi,2,667281,3429,5.81,au samedi,yes,no,article + word,,
puis le,2,667106,3430,0.44,pouvoir le,yes,no,fragment; loose,,
l' ouest,2,666974,3431,3.86,le ouest,yes,no,article + word,,
des résultats,2,666856,3432,4.19,un résultat,yes,no,article + word,,
nécessité de,2,666497,3433,2.81,nécessiter de,yes,no,fragment; loose,,
malgré la,2,666488,3434,2.02,malgré le,yes,no,fragment; loose,,
encore une fois,3,666401,3435,11.13,encore un fois,yes,yes,,,
se fit,2,666300,3436,3.59,se faire,yes,yes,,,
de laisser,2,666164,3437,1.41,de laisser,yes,no,fragment; loose,,
où on,2,666030,3438,2.15,où on,yes,no,loose,,
une réponse,2,666030,3439,3.85,un réponse,yes,no,article + word,,
centaines de,2,666000,3440,3.84,centaine de,yes,no,fragment,,
ai dit,2,665681,3441,3.49,avoir dire,yes,yes,,,
la garde,2,665641,3442,2.5,le garde,yes,no,article + word; loose,,
ou de l',3,665448,3443,3,ou de le,yes,no,fragment; loose,,
ont une,2,665446,3444,0.73,avoir un,yes,no,fragment; loose,,
la recherche de,3,665427,3445,6.42,le recherche de,yes,no,fragment,,
des nouvelles,2,665386,3446,3.31,un nouveau,yes,no,article + word,,
valeur de,2,665349,3447,1.38,valeur de,yes,no,fragment; loose,,
de Louis,2,665185,3448,,de Louis,no,no,fragment; rare word,,
bas de,2,665058,3449,1.06,bas de,yes,no,fragment; loose,,
soit le,2,664973,3450,0.73,être le,yes,no,fragment; loose,,
chez l',2,664759,3451,1.09,chez le,yes,no,fragment; loose,,
il ne se,3,664692,3452,5.69,il ne se,yes,no,fragment,,
pas mal,2,664581,3453,3.05,pas mal,yes,yes,,,
souvenir de,2,664295,3454,2.46,souvenir de,yes,no,fragment; loose,,
au pouvoir,2,664229,3455,3.31,au pouvoir,yes,no,article + word,,
l' Assemblée,2,664159,3456,,le Assemblée,no,no,article + word; rare word,,
problème de,2,664020,3457,1.49,problème de,yes,no,fragment; loose,,
la dimension,2,664010,3458,3.75,le dimension,yes,no,article + word,,
est celle,2,663977,3459,2.05,être celui,yes,no,loose,,
faire pour,2,663858,3460,1.05,faire pour,yes,no,fragment; loose,,
mais son,2,663798,3461,0.37,mais son,yes,no,fragment; loose,,
de l' armée,3,663673,3462,7.75,de le armée,yes,no,fragment,,
l' appareil,2,663527,3463,4.77,le appareil,yes,no,article + word,,
pour laquelle,2,663342,3464,3.56,pour lequel,yes,no,written style,,
quel est,2,663231,3465,3.19,quel être,yes,yes,,,
on doit,2,663174,3466,3.85,on doit,yes,yes,,,
lors du,2,663070,3467,3.17,lors du,yes,no,fragment,,
qui pourrait,2,663034,3468,3.69,qui pouvoir,yes,yes,,,
en mesure,2,662743,3469,3.01,en mesure,yes,yes,,,
départ de,2,662717,3470,1.89,départ de,yes,no,fragment; loose,,
que tous les,3,662535,3471,6.73,que tout le,yes,no,fragment,,
une ville,2,662371,3472,2.57,un ville,yes,no,article + word; loose,,
pour l' instant,3,662327,3473,9.68,pour le instant,yes,yes,,,
je me sens,3,662319,3474,11.72,je me sens,yes,yes,,,
ligne de,2,662276,3475,1.88,ligne de,yes,no,fragment; loose,,
premier ministre,2,662241,3476,8.98,premier ministre,yes,yes,,,
maître de,2,662207,3477,1.59,maître de,yes,no,fragment; loose,,
même des,2,662010,3478,-0.47,même un,yes,no,fragment; loose,,
ni l',2,661847,3479,1.28,ni le,yes,no,fragment; loose,,
les yeux et,3,661742,3480,6.54,le oeil et,yes,no,fragment,,
XIX e,2,661593,3481,,XIX e,no,no,rare word,,
pour qui,2,661427,3482,-1.34,pour qui,yes,no,loose,,
une fois de,3,661194,3483,5.66,un fois de,yes,no,fragment,,
en fin de,3,661158,3484,6.5,en fin de,yes,no,fragment,,
changement de,2,661072,3485,2.41,changement de,yes,no,fragment; loose,,
et ces,2,661062,3486,-0.76,et ce,yes,no,fragment; loose,,
et il est,3,660834,3487,2.92,et il être,yes,no,fragment; loose,,
le mode,2,660578,3488,3.23,le mode,yes,no,article + word,,
de paix,2,660327,3489,2.15,de paix,yes,no,fragment; loose,,
en direction de,3,659312,3490,7.72,en direction de,yes,no,fragment,,
de celles,2,659277,3491,1.39,de celui,yes,no,fragment; loose,,
derrière la,2,659228,3492,1.79,derrière le,yes,no,fragment; loose,,
vie à,2,659071,3493,0.32,vie à,yes,no,fragment; loose,,
de référence,2,658946,3494,2.68,de référence,yes,no,fragment; loose,,
sous une,2,658834,3495,1.17,sou un,yes,no,fragment; loose,,
je vous ai,3,658728,3496,9.16,je vous avoir,yes,yes,,,
d' un côté,3,658647,3497,8.45,de un côté,yes,yes,,,
durée de,2,658415,3498,2.41,durée de,yes,no,fragment; loose,,
modèle de,2,658373,3499,1.99,modèle de,yes,no,fragment; loose,,
de temps à,3,658349,3500,4.4,de temps à,yes,no,fragment,,
assez de,2,658282,3501,0.71,assez de,yes,no,fragment; loose,,
peut aussi,2,658223,3502,3.33,pouvoir aussi,yes,yes,,,
des rapports,2,657975,3503,4.42,un rapport,yes,no,article + word,,
il de,2,657830,3504,-4.75,il de,yes,no,fragment; loose,,
et que les,3,657665,3505,2.41,et que le,yes,no,fragment; loose,,
voie de,2,657480,3506,2.01,voie de,yes,no,fragment; loose,,
la diversité,2,657404,3507,4.39,le diversité,yes,no,article + word,,
on fait,2,657383,3508,1.85,on faire,yes,no,loose,,
bien au,2,657370,3509,0.82,bien au,yes,no,fragment; loose,,
dans la nuit,3,657280,3510,8.14,dans le nuit,yes,yes,,,
sur la route,3,657275,3511,9.73,sur le router,yes,yes,,,
sans la,2,657240,3512,-1.09,sans le,yes,no,fragment; loose,,
ce pays,2,657206,3513,3.01,ce pays,yes,no,article + word,,
plus les,2,656894,3514,-1.88,plus le,yes,no,fragment; loose,,
était si,2,656562,3515,1.47,être si,yes,no,loose,,
des images,2,656556,3516,4.37,un image,yes,no,article + word,,
au bord de,3,656482,3517,9.34,au bord de,yes,no,fragment,,
tenter de,2,656460,3518,3.37,tenter de,yes,no,fragment,,
cherche à,2,656087,3519,4.07,cherche à,yes,no,fragment,,
et ma,2,656054,3520,-0.02,et mon,yes,no,fragment; loose,,
la lune,2,656032,3521,3.91,le lune,yes,no,article + word,,
bord du,2,655960,3522,4.3,bord du,yes,no,fragment,,
l ' histoire,3,655841,3523,,l ' histoire,no,no,rare word,,
un élément,2,654981,3524,4.81,un élément,yes,no,article + word,,
savait que,2,654967,3525,3.84,savoir que,yes,no,fragment,,
la bataille,2,654833,3526,3.79,le bataille,yes,no,article + word,,
de l' île,3,654524,3527,8.1,de le île,yes,no,fragment,,
à Dieu,2,654277,3528,,à Dieu,no,no,rare word,,
une série de,3,654112,3529,9.15,un série de,yes,no,fragment,,
l' intervention,2,654021,3530,4.29,le intervention,yes,no,article + word,,
en premier,2,653966,3531,1.93,en premier,yes,no,loose,,
bien la,2,653914,3532,-1.47,bien le,yes,no,fragment; loose,,
table de,2,653905,3533,1.26,table de,yes,no,fragment; loose,,
étude de,2,653429,3534,1.96,étude de,yes,no,fragment; loose,,
sur mes,2,652981,3535,2.71,sur mon,yes,no,fragment; loose,,
le principe de,3,652828,3536,7.16,le principe de,yes,no,fragment,,
il ne peut,3,652668,3537,7.56,il ne pouvoir,yes,yes,,,
liberté de,2,652500,3538,1.54,liberté de,yes,no,fragment; loose,,
pas son,2,652448,3539,-0.58,pas son,yes,no,fragment; loose,,
en souriant,2,652325,3540,5.6,en souriant,yes,yes,,,
à l' extérieur,3,652318,3541,9.61,à le extérieur,yes,yes,,,
rapport au,2,652300,3542,3.85,rapport au,yes,no,fragment,,
je suppose,2,652226,3543,6.03,je supposer,yes,yes,,,
de mettre en,3,652152,3544,6.92,de mettre en,yes,no,fragment,,
des effets,2,652087,3545,4.15,un effet,yes,no,article + word,,
avait dû,2,652002,3546,5.43,avoir devoir,yes,yes,,,
l' équilibre,2,651860,3547,4.38,le équilibre,yes,no,article + word,,
me le,2,651762,3548,-1.1,me le,yes,no,fragment; loose,,
de Gaulle,2,651375,3549,,de Gaulle,no,no,fragment; rare word,,
de la liberté,3,651365,3550,6.66,de le liberté,yes,no,fragment,,
le sien,2,651081,3551,5.04,le sien,yes,no,article + word,,
certain nombre de,3,650945,3552,13.43,certain nombre de,yes,no,fragment,,
me l',2,650862,3553,-0.88,me le,yes,no,fragment; loose,,
je sens,2,650643,3554,2.91,je sens,yes,no,loose,,
de travailler,2,650631,3555,2.46,de travailler,yes,no,fragment; loose,,
un point de,3,650392,3556,6.05,un point de,yes,no,fragment,,
aurait dû,2,650391,3557,8.16,avoir devoir,yes,yes,,,
chose d',2,650311,3558,1.67,chose de,yes,no,fragment; loose,,
plus jamais,2,650275,3559,2.7,plus jamais,yes,no,loose,,
le contrat,2,650258,3560,3.41,le contrat,yes,no,article + word,,
au départ,2,649984,3561,4.89,au départ,yes,no,article + word,,
de jouer,2,649951,3562,2.24,de jouer,yes,no,fragment; loose,,
et comment,2,649882,3563,1.06,et comment,yes,no,fragment; loose,,
les affaires,2,649869,3564,3.11,le affairer,yes,no,article + word,,
et les autres,3,649333,3565,5.74,et le autre,yes,no,fragment,,
et deux,2,649113,3566,-0.71,et deux,yes,no,fragment; loose,,
cette nouvelle,2,649051,3567,4.73,ce nouveau,yes,no,article + word,,
est alors,2,648989,3568,1.03,être alors,yes,no,loose,,
le samedi,2,648969,3569,3.91,le samedi,yes,no,article + word,,
la page,2,648694,3570,2.84,le page,yes,no,article + word; loose,,
l' abbé,2,648537,3571,5.19,le abbé,yes,no,article + word,,
d' éviter,2,648379,3572,4.05,de éviter,yes,yes,,,
il reste,2,648335,3573,2.35,il reste,yes,no,loose,,
de découvrir,2,648282,3574,2.5,de découvrir,yes,no,fragment; loose,,
du point de vue,4,647735,3575,18.23,du point de vue,yes,yes,,,
il ne pouvait,3,647187,3576,9.82,il ne pouvoir,yes,yes,,,
continuer à,2,647135,3577,4.34,continuer à,yes,no,fragment,,
les textes,2,647071,3578,3.96,le texte,yes,no,article + word,,
été le,2,646924,3579,-0.32,être le,yes,no,fragment; loose,,
cet endroit,2,646592,3580,8.16,ce endroit,yes,no,article + word,,
il voulait,2,646456,3581,3.41,il vouloir,yes,yes,,,
en leur,2,645893,3582,-0.17,en son,yes,no,loose,,
en route,2,645845,3583,3.2,en router,yes,yes,,,
pour de,2,645784,3584,-3.97,pour de,yes,no,fragment; loose,,
d' informations,2,645753,3585,3.98,de information,yes,yes,,,
des parents,2,645683,3586,3.09,un parent,yes,no,article + word,,
en vain,2,645548,3587,5.83,en vain,yes,yes,,,
sur laquelle,2,645480,3588,4.01,sur lequel,yes,no,written style,,
la poésie,2,645428,3589,4.32,le poésie,yes,no,article + word,,
capacité de,2,645378,3590,2.52,capacité de,yes,no,fragment; loose,,
long terme,2,645274,3591,9.08,long terme,yes,yes,,,
ne serait pas,3,645082,3592,10.38,ne être pas,yes,yes,,,
se passer,2,644927,3593,4.02,se passer,yes,yes,,,
une action,2,644870,3594,3.26,un action,yes,no,article + word,,
se dirigea,2,644797,3595,7.27,se dirigea,no,no,rare word,,
semble que,2,644283,3596,3.23,sembler que,yes,no,fragment,,
recours à,2,643842,3597,4.06,recours à,yes,no,fragment,,
de bonnes,2,643780,3598,2.76,de bon,yes,no,fragment; loose,,
était très,2,643714,3599,2.62,être très,yes,no,loose,,
il prit,2,643259,3600,3.66,il prendre,yes,yes,,,
la chaîne,2,643188,3601,4.1,le chaîne,yes,no,article + word,,
le compte,2,643076,3602,1.51,le compte,yes,no,article + word; loose,,
d' histoire,2,643061,3603,1.98,de histoire,yes,no,loose,,
de son côté,3,642994,3604,7.99,de son côté,yes,no,fragment,,
ne l' avait,3,642648,3605,6.08,ne le avoir,yes,yes,,,
de petites,2,642544,3606,2.13,de petit,yes,no,fragment; loose,,
correspond à,2,642444,3607,4.56,correspondre à,yes,no,fragment,,
histoire des,2,642388,3608,1.92,histoire un,yes,no,fragment; loose,,
du mouvement,2,642351,3609,3.72,du mouvement,yes,no,article + word,,
la jeunesse,2,642331,3610,3.61,le jeunesse,yes,no,article + word,,
savoir que,2,642318,3611,2.61,savoir que,yes,no,fragment; loose,,
fait du,2,642243,3612,0.39,faire du,yes,no,fragment; loose,,
la distance,2,642114,3613,3.28,le distance,yes,no,article + word,,
l' on ne,3,642061,3614,5.83,le on ne,yes,no,fragment,,
alors que les,3,641968,3615,6.8,alors que le,yes,no,fragment,,
la qualité de,3,641761,3616,6.78,le qualité de,yes,no,fragment,,
l' idée d',3,641577,3617,8.3,le idée de,yes,no,fragment,,
nord de,2,641415,3618,1.52,nord de,yes,no,fragment; loose,,
en ville,2,641386,3619,2.17,en ville,yes,no,loose,,
la constitution,2,641386,3620,3.44,le constitution,yes,no,article + word,,
dans le sens,3,641344,3621,8.04,dans le sens,yes,yes,,,
l' association,2,641261,3622,4.01,le association,yes,no,article + word,,
temps en temps,3,641161,3623,10.36,temps en temps,yes,yes,,,
plus d' un,3,641102,3624,4.8,plus de un,yes,no,fragment,,
l' origine de,3,641033,3625,7.31,le origine de,yes,no,fragment,,
le siège,2,641028,3626,3.84,le siège,yes,no,article + word,,
l' intelligence,2,640526,3627,4.4,le intelligence,yes,no,article + word,,
le ventre,2,640513,3628,3.92,le ventre,yes,no,article + word,,
alors que le,3,640477,3629,6.51,alors que le,yes,no,fragment,,
quoi que ce soit,4,640311,3630,20.38,quoi que ce être,yes,yes,,,
celle de l',3,640196,3631,5.55,celui de le,yes,no,fragment,,
et quelques,2,640150,3632,0.44,et quelque,yes,no,fragment; loose,,
donner une,2,640148,3633,3.11,donner un,yes,no,fragment,,
le secret,2,640128,3634,3.66,le secret,yes,no,article + word,,
se sent,2,640039,3635,6.21,se sentir,yes,yes,,,
du livre,2,640036,3636,3.46,du livre,yes,no,article + word,,
de temps en temps,4,639982,3637,14.73,de temps en temps,yes,no,fragment,,
commença à,2,639893,3638,4.58,commencer à,yes,no,fragment,,
à la place,3,639823,3639,6.29,à le place,yes,yes,,,
la fin des,3,639789,3640,7.22,le fin un,yes,no,fragment,,
par an,2,639699,3641,4.98,par an,yes,yes,,,
Arvensa Editions,2,638931,3642,,Arvensa Editions,no,no,rare word,,
de papier,2,638679,3643,2.56,de papier,yes,no,fragment; loose,,
les derniers,2,638380,3644,3.69,le dernier,yes,no,article + word,,
liée à,2,638086,3645,4.89,lier à,yes,no,fragment,,
pendant le,2,637994,3646,1.17,pendant le,yes,no,fragment; loose,,
elle les,2,637988,3647,-2.28,lui le,yes,no,fragment; loose,,
faveur de,2,637773,3648,2.88,faveur de,yes,no,fragment; loose,,
les noms,2,637729,3649,4.33,le nom,yes,no,article + word,,
en termes de,3,637712,3650,8.2,en terme de,yes,no,fragment,,
que possible,2,637704,3651,2.89,que possible,yes,no,loose,,
ne crois,2,637390,3652,4.32,ne croire,yes,yes,,,
de pierre,2,637261,3653,0.99,de pierre,yes,no,fragment; loose,,
d' une certaine,3,636892,3654,10.4,de un certain,yes,yes,,,
la commission,2,636781,3655,3.31,le commission,yes,no,article + word,,
que deux,2,636654,3656,0.34,que deux,yes,no,loose,,
maintenant que,2,636512,3657,2.63,maintenant que,yes,no,fragment; loose,,
être humain,2,636497,3658,6.58,être humain,yes,yes,,,
viens de,2,636351,3659,2.5,venir de,yes,no,fragment; loose,,
quelques heures,2,636102,3660,6.65,quelque heure,yes,yes,,,
nom du,2,636083,3661,2.66,nom du,yes,no,fragment; loose,,
un nom,2,635914,3662,2.19,un nom,yes,no,article + word; loose,,
de la musique,3,635796,3663,7.08,de le musique,yes,no,fragment,,
la main sur,3,635732,3664,8.19,le main sur,yes,no,fragment,,
face au,2,635545,3665,3.65,face au,yes,no,fragment,,
sortes de,2,634984,3666,3.62,sorte de,yes,no,fragment,,
que nous ne,3,634948,3667,6.67,que nous ne,yes,no,fragment,,
est venu,2,634760,3668,4.45,être venir,yes,yes,,,
avec l,2,634759,3669,,avec l,yes,no,,,
l' image de,3,634648,3670,7.16,le image de,yes,no,fragment,,
le Christ,2,634621,3671,,le Christ,no,no,article + word; rare word,,
important de,2,633554,3672,1.76,important de,yes,no,fragment; loose,,
d' une grande,3,633254,3673,8.46,de un grand,yes,yes,,,
femme et,2,633196,3674,0.89,femme et,yes,no,fragment; loose,,
fois la,2,633188,3675,-0.2,fois le,yes,no,fragment; loose,,
dans toutes les,3,633167,3676,7.85,dans tout le,yes,no,fragment,,
la mienne,2,633162,3677,5.03,le mien,yes,no,article + word,,
l' arrêt,2,633095,3678,4.05,le arrêt,yes,no,article + word,,
la victoire,2,633082,3679,3.97,le victoire,yes,no,article + word,,
en vue de,3,632271,3680,6.83,en vue de,yes,no,fragment,,
dire de,2,632171,3681,-0.8,dire de,yes,no,fragment; loose,,
qui il,2,632101,3682,-2.22,qui il,yes,no,loose,,
qui ne sont,3,631810,3683,7.56,qui ne être,yes,yes,,,
et je suis,3,631794,3684,7.48,et je être,yes,no,fragment,,
et que le,3,631704,3685,2.06,et que le,yes,no,fragment; loose,,
la mise en place,4,631695,3686,18.92,le mise en place,yes,yes,,,
pas avec,2,631674,3687,-0.28,pas avec,yes,no,fragment; loose,,
envie d',2,631578,3688,3.29,envie de,yes,no,fragment,,
ma sœur,2,631480,3689,7.52,mon sœur,yes,no,article + word,,
la concurrence,2,631467,3690,4.15,le concurrence,yes,no,article + word,,
mises en,2,631428,3691,5.47,mises en,yes,no,fragment,,
au début de,3,631428,3692,8.55,au début de,yes,no,fragment,,
du fait de,3,631383,3693,4.74,du faire de,yes,no,fragment,,
une nuit,2,631183,3694,2.7,un nuit,yes,no,article + word; loose,,
Copyright Arvensa,2,630844,3695,,Copyright Arvensa,no,no,rare word,,
Copyright Arvensa Editions,3,630843,3696,,Copyright Arvensa Editions,no,no,rare word,,
le lecteur,2,630737,3697,4.47,le lecteur,yes,no,article + word,,
habitude de,2,630720,3698,2.47,habitude de,yes,no,fragment; loose,,
pas lui,2,630539,3699,-0.14,pas luire,yes,no,loose,,
tu étais,2,630193,3700,5.26,tu être,yes,yes,,,
pas bien,2,630171,3701,0.47,pas bien,yes,no,loose,,
de la communauté,3,630032,3702,7.37,de le communauté,yes,no,fragment,,
une solution,2,629958,3703,4.66,un solution,yes,no,article + word,,
encore que,2,629951,3704,0.89,encore que,yes,no,fragment; loose,,
la base de,3,629905,3705,6.72,le base de,yes,no,fragment,,
à l' esprit,3,629612,3706,7.51,à le esprit,yes,yes,,,
le rôle de,3,629159,3707,6.78,le rôle de,yes,no,fragment,,
toujours le,2,629154,3708,0.34,toujours le,yes,no,fragment; loose,,
ont un,2,629100,3709,0.36,avoir un,yes,no,fragment; loose,,
très peu,2,629072,3710,4.35,très peu,yes,yes,,,
l' aide de,3,629003,3711,7.15,le aide de,yes,no,fragment,,
à l' intérieur de,4,628942,3712,12.72,à le intérieur de,yes,no,fragment,,
il y eut,3,628726,3713,12.03,il y avoir,yes,yes,,,
ses pensées,2,628720,3714,6.6,son penser,yes,no,article + word,,
sud de,2,628670,3715,1.56,sud de,yes,no,fragment; loose,,
elle fut,2,628643,3716,2.76,lui être,yes,no,loose,,
ses jambes,2,628395,3717,6.6,son jambe,yes,no,article + word,,
au grand,2,628261,3718,2.54,au grand,yes,no,article + word; loose,,
traité de,2,627952,3719,2.73,traité de,yes,no,fragment; loose,,
des pratiques,2,627689,3720,4.07,un pratique,yes,no,article + word,,
de l' être,3,627548,3721,3.4,de le être,yes,no,fragment,,
de près,2,627372,3722,0.48,de près,yes,no,fragment; loose,,
la Convention,2,627328,3723,,le Convention,no,no,article + word; rare word,,
prise en charge,3,627324,3724,16.35,prise en charge,yes,yes,,,
moi de,2,627254,3725,-1.44,moi de,yes,no,fragment; loose,,
le goût,2,627084,3726,3.61,le goût,yes,no,article + word,,
se présente,2,627084,3727,4.86,se présente,yes,yes,,,
un certain nombre de,4,627014,3728,19.64,un certain nombre de,yes,no,fragment,,
à ce sujet,3,626924,3729,9.6,à ce sujet,yes,yes,,,
je vis,2,626777,3730,4.78,je vis,yes,yes,,,
dans l' espace,3,626712,3731,9.47,dans le espace,yes,yes,,,
l' hiver,2,626663,3732,4.35,le hiver,yes,no,article + word,,
ceux qui ont,3,626581,3733,12.14,celui qui avoir,yes,yes,,,
de questions,2,626533,3734,1.46,de question,yes,no,fragment; loose,,
de mer,2,626498,3735,1.69,de mer,yes,no,fragment; loose,,
le vide,2,626365,3736,3.44,le vide,yes,no,article + word,,
à parler,2,626297,3737,1.95,à parler,yes,no,loose,,
l' impression d',3,626293,3738,9.45,le impression de,yes,no,fragment,,
membre de,2,626269,3739,2.82,membre de,yes,no,fragment; loose,,
met à,2,626097,3740,3.21,mettre à,yes,no,fragment,,
partir d',2,626039,3741,2.42,partir de,yes,no,fragment; loose,,
si elles,2,625831,3742,3.7,si lui,yes,no,,,
ont des,2,625725,3743,0.3,avoir un,yes,no,fragment; loose,,
l' exception,2,625544,3744,4.51,le exception,yes,no,article + word,,
au loin,2,625535,3745,3.59,au loin,yes,no,article + word,,
ma fille,2,625087,3746,6.11,mon fille,yes,no,article + word,,
encore le,2,624991,3747,-0.12,encore le,yes,no,fragment; loose,,
auteur de,2,624963,3748,1.57,auteur de,yes,no,fragment; loose,,
et pourquoi,2,624747,3749,1.15,et pourquoi,yes,no,fragment; loose,,
les yeux de,3,624653,3750,5.37,le oeil de,yes,no,fragment,,
au sujet de,3,624619,3751,8.33,au sujet de,yes,no,fragment,,
compte des,2,624403,3752,2.14,compte un,yes,no,fragment; loose,,
la réflexion,2,624205,3753,3.42,le réflexion,yes,no,article + word,,
un très,2,623960,3754,0.62,un très,yes,no,article + word; loose,,
un homme qui,3,623906,3755,7.99,un homme qui,yes,yes,,,
avec qui,2,623886,3756,-0.45,avec qui,yes,no,loose,,
la pierre,2,623768,3757,1.71,le pierre,yes,no,article + word; loose,,
par lui,2,623730,3758,0.25,par luire,yes,no,loose,,
qui venait,2,623728,3759,4.25,qui venir,yes,yes,,,
l' animal,2,623708,3760,4.32,le animal,yes,no,article + word,,
théorie de,2,623678,3761,2.36,théorie de,yes,no,fragment; loose,,
se trouvaient,2,623355,3762,7.03,se trouver,yes,yes,,,
depuis les,2,623320,3763,0.88,depuis le,yes,no,fragment; loose,,
hommes qui,2,623314,3764,2.64,homme qui,yes,no,loose,,
éléments de,2,623255,3765,1.7,élément de,yes,no,fragment; loose,,
chacun des,2,623067,3766,3.02,chacun un,yes,no,fragment,,
relation avec,2,622646,3767,5.35,relation avec,yes,no,fragment,,
de tout ce,3,622535,3768,4.83,de tout ce,yes,no,fragment,,
durant la,2,622354,3769,2.55,durer le,yes,no,fragment; loose,,
la perspective,2,622299,3770,3.64,le perspective,yes,no,article + word,,
des risques,2,622221,3771,4.59,un risque,yes,no,article + word,,
et sont,2,622145,3772,-1.33,et être,yes,no,fragment; loose,,
se laisser,2,622080,3773,4.38,se laisser,yes,yes,,,
de cela,2,621971,3774,-0.94,de celer,yes,no,fragment; loose,,
les larmes,2,621808,3775,3.83,le larme,yes,no,article + word,,
leur propre,2,621665,3776,5.63,son propre,yes,no,article + word,,
et il ne,3,621571,3777,3.6,et il ne,yes,no,fragment,,
ni les,2,621505,3778,1.25,ni le,yes,no,fragment; loose,,
de liberté,2,621421,3779,1.47,de liberté,yes,no,fragment; loose,,
une simple,2,621417,3780,3.34,un simple,yes,no,article + word,,
mon cher,2,621315,3781,7.49,mon cher,yes,no,article + word,,
en disant,2,621294,3782,4.8,en dire,yes,yes,,,
l' impression de,3,621264,3783,7.54,le impression de,yes,no,fragment,,
ni le,2,621221,3784,0.97,ni le,yes,no,fragment; loose,,
la chute,2,621166,3785,4.08,le chute,yes,no,article + word,,
vous aurez,2,621114,3786,7.54,vous avoir,yes,yes,,,
long du,2,620854,3787,3.2,long du,yes,no,fragment,,
devant un,2,620773,3788,1.74,devant un,yes,no,fragment; loose,,
aucun doute,2,620735,3789,8.09,aucun doute,yes,yes,,,
en Allemagne,2,620523,3790,4.48,en Allemagne,no,no,rare word,,
a mis,2,620362,3791,4.22,avoir mis,yes,yes,,,
et alors,2,620335,3792,-0.16,et alors,yes,no,fragment; loose,,
le deuxième,2,620252,3793,2.96,le deuxième,yes,no,article + word; loose,,
à l' article,3,620244,3794,8.01,à le article,yes,yes,,,
ainsi de,2,620121,3795,-0.99,ainsi de,yes,no,fragment; loose,,
ainsi que le,3,619812,3796,6.71,ainsi que le,yes,no,fragment; written style,,
mais il y,3,619797,3797,7.63,mais il y,yes,yes,,,
le dossier,2,619595,3798,3.94,le dossier,yes,no,article + word,,
se retrouve,2,619436,3799,5.67,se retrouver,yes,yes,,,
à Saint,2,619318,3800,,à Saint,no,no,rare word,,
des individus,2,619131,3801,4.57,un individu,yes,no,article + word,,
alors à,2,619045,3802,0.01,alors à,yes,no,fragment; loose,,
des grandes,2,618977,3803,3.44,un grand,yes,no,article + word,,
ma femme,2,618957,3804,5.34,mon femme,yes,no,article + word,,
je me souviens,3,618312,3805,14.99,je me souvenir,yes,yes,,,
partir des,2,618259,3806,2.34,partir un,yes,no,fragment; loose,,
sans être,2,618199,3807,2.45,sans être,yes,no,loose,,
de longues,2,618022,3808,3.05,de long,yes,no,fragment,,
ne veut pas,3,617973,3809,11.23,ne vouloir pas,yes,yes,,,
que je vais,3,617965,3810,10.51,que je aller,yes,yes,,,
homme à,2,617932,3811,0.37,homme à,yes,no,fragment; loose,,
pendant des,2,617901,3812,1.8,pendant un,yes,no,fragment; loose,,
plus près,2,617776,3813,3.8,plus près,yes,yes,,,
nous les,2,617758,3814,-1.43,nous le,yes,no,fragment; loose,,
l' aspect,2,617482,3815,4.22,le aspect,yes,no,article + word,,
une ou,2,617447,3816,-0.69,un ou,yes,no,fragment; article + word; loose,,
est sans,2,617417,3817,0.28,être sans,yes,no,loose,,
l' hypothèse,2,617245,3818,4.55,le hypothèse,yes,no,article + word,,
un sujet,2,617101,3819,2.81,un sujet,yes,no,article + word; loose,,
des situations,2,616968,3820,4.76,un situation,yes,no,article + word,,
art de,2,616873,3821,0.5,art de,yes,no,fragment; loose,,
obligé de,2,616861,3822,3.6,obliger de,yes,no,fragment,,
par la loi,3,616811,3823,8.99,par le loi,yes,yes,,,
ne pas avoir,3,616225,3824,9.09,ne pas avoir,yes,yes,,,
tandis que les,3,616092,3825,9.15,tandis que le,yes,no,fragment,,
le moyen,2,615971,3826,2.44,le moyen,yes,no,article + word; loose,,
en regardant,2,615889,3827,5.14,en regardant,yes,yes,,,
la masse,2,615562,3828,3.61,le masse,yes,no,article + word,,
ai pas,2,615197,3829,0.86,avoir pas,yes,no,loose,,
si cela,2,615139,3830,3.34,si celer,yes,yes,,,
à croire,2,615112,3831,3.01,à croire,yes,yes,,,
aussi l',2,614858,3832,-0.34,aussi le,yes,no,fragment; loose,,
elle d',2,614793,3833,-1.89,lui de,yes,no,fragment; loose,,
essayé de,2,614721,3834,3.68,essayer de,yes,no,fragment,,
un effet,2,614553,3835,1.96,un effet,yes,no,article + word; loose,,
sentiment d',2,614541,3836,3.83,sentiment de,yes,no,fragment,,
des prix,2,614489,3837,2.9,un prix,yes,no,article + word; loose,,
retour de,2,613909,3838,1.13,retour de,yes,no,fragment; loose,,
pied de,2,613763,3839,1.5,pied de,yes,no,fragment; loose,,
salle de bains,3,613660,3840,16.18,salle de bain,yes,yes,,,
à penser,2,613281,3841,2.81,à penser,yes,no,loose,,
ni la,2,613208,3842,0.52,ni le,yes,no,fragment; loose,,
que je lui,3,613110,3843,6.45,que je luire,yes,yes,,,
pris la,2,613091,3844,1.48,pris le,yes,no,fragment; loose,,
ton père,2,613061,3845,6.75,ton père,yes,no,article + word,,
nulle part,2,612841,3846,10.23,nulle part,yes,yes,,,
l' accord,2,612809,3847,2.86,le accord,yes,no,article + word; loose,,
entrée de,2,612768,3848,1.41,entrée de,yes,no,fragment; loose,,
long de la,3,612749,3849,5.94,long de le,yes,no,fragment,,
en quoi,2,612693,3850,1.98,en quoi,yes,no,loose,,
apprendre à,2,612677,3851,3.75,apprendre à,yes,no,fragment,,
les animaux,2,612305,3852,4.01,le animal,yes,no,article + word,,
de côté,2,612297,3853,0.19,de côté,yes,no,fragment; loose,,
est si,2,612276,3854,-0.26,être si,yes,no,loose,,
je ne vous,3,612216,3855,7.16,je ne vous,yes,yes,,,
à ton,2,612174,3856,1.44,à ton,yes,no,fragment; loose,,
quant à la,3,611963,3857,7.91,quant à le,yes,no,fragment,,
la nation,2,611959,3858,3.88,le nation,yes,no,article + word,,
l' atmosphère,2,611803,3859,4.92,le atmosphère,yes,no,article + word,,
arriver à,2,611784,3860,3.57,arriver à,yes,no,fragment,,
des acteurs,2,611605,3861,4.36,un acteur,yes,no,article + word,,
un service,2,611596,3862,2.91,un service,yes,no,article + word; loose,,
fois de plus,3,611440,3863,6.71,fois de plus,yes,yes,,,
cours de la,3,611220,3864,5.65,cours de le,yes,no,fragment,,
jamais de,2,611161,3865,-0.72,jamais de,yes,no,fragment; loose,,
la marque,2,610968,3866,3.37,le marque,yes,no,article + word,,
nous nous sommes,3,610716,3867,13.06,nous nous être,yes,yes,,,
analyse de,2,610546,3868,1.69,analyse de,yes,no,fragment; loose,,
à Londres,2,610354,3869,4.1,à Londres,no,no,rare word,,
un bruit,2,610256,3870,3.98,un bruit,yes,no,article + word,,
part des,2,610164,3871,1.83,part un,yes,no,fragment; loose,,
d' études,2,609647,3872,3.76,de étude,yes,yes,,,
nécessaire de,2,609400,3873,1.66,nécessaire de,yes,no,fragment; loose,,
encore en,2,609302,3874,0.5,encore en,yes,no,fragment; loose,,
avait besoin,2,608890,3875,4.51,avoir besoin,yes,yes,,,
de la route,3,608571,3876,6.41,de le router,yes,no,fragment,,
et de l,3,608442,3877,,et de l,yes,no,fragment,,
est arrivé,2,608305,3878,4.55,être arrivé,yes,yes,,,
compte tenu,2,608131,3879,9.7,compte tenu,yes,yes,,,
une décision,2,608101,3880,3.93,un décision,yes,no,article + word,,
une chambre,2,608098,3881,2.91,un chambre,yes,no,article + word; loose,,
en soit,2,607978,3882,1.26,en être,yes,no,loose,,
l' esprit de,3,607955,3883,6.2,le esprit de,yes,no,fragment,,
tout se,2,607785,3884,0.46,tout se,yes,no,fragment; loose,,
six mois,2,607541,3885,9.06,six mois,yes,yes,,,
avec un sourire,3,607263,3886,11.1,avec un sourire,yes,yes,,,
le présent,2,607227,3887,2.3,le présent,yes,no,article + word; loose,,
de peur,2,607143,3888,1.15,de peur,yes,no,fragment; loose,,
quant au,2,606675,3889,4.55,quant au,yes,no,fragment,,
un message,2,606592,3890,4.55,un message,yes,no,article + word,,
président du,2,606578,3891,3.89,président du,yes,no,fragment,,
la mise en œuvre,4,606447,3892,19.88,le mise en œuvre,yes,yes,,,
rapport aux,2,606375,3893,5.19,rapport aux,yes,no,fragment,,
le garçon,2,606306,3894,3.35,le garçon,yes,no,article + word,,
par deux,2,606288,3895,1.25,par deux,yes,no,loose,,
du feu,2,606274,3896,3.76,du feu,yes,no,article + word,,
le courage,2,606207,3897,4.05,le courage,yes,no,article + word,,
le souffle,2,605790,3898,3.6,le souffler,yes,no,article + word,,
un vieux,2,605694,3899,3.31,un vieux,yes,no,article + word,,
la Société,2,605389,3900,,le Société,no,no,article + word; rare word,,
et enfin,2,605247,3901,1.35,et enfin,yes,no,fragment; loose,,
nature de,2,605150,3902,0.7,nature de,yes,no,fragment; loose,,
ce type de,3,604854,3903,8.66,ce typer de,yes,no,fragment,,
soit pas,2,604823,3904,2.17,être pas,yes,no,loose,,
alors que la,3,604810,3905,6,alors que le,yes,no,fragment,,
sorte d',2,604622,3906,2.99,sorte de,yes,no,fragment; loose,,
une même,2,604561,3907,-0.26,un même,yes,no,article + word; loose,,
ni à,2,604528,3908,1.02,ni à,yes,no,fragment; loose,,
voir avec,2,604492,3909,3,voir avec,yes,no,fragment,,
l' Université,2,604464,3910,,le Université,no,no,article + word; rare word,,
dans les deux,3,604394,3911,6.38,dans le deux,yes,yes,,,
telles que,2,604374,3912,4.9,tel que,yes,no,fragment,,
la formule,2,604142,3913,3.72,le formule,yes,no,article + word,,
gestion de,2,603539,3914,2,gestion de,yes,no,fragment; loose,,
était d',2,603491,3915,-1.04,être de,yes,no,fragment; loose,,
eu une,2,603487,3916,2.45,avoir un,yes,no,fragment; loose,,
on veut,2,603376,3917,4.89,on vouloir,yes,yes,,,
avait la,2,603204,3918,-2.01,avoir le,yes,no,fragment; loose,,
sous la forme,3,602987,3919,11.25,sou le forme,yes,yes,,,
obligation de,2,602929,3920,2.96,obligation de,yes,no,fragment; loose,,
plus belle,2,602652,3921,4.49,plus beau,yes,yes,,,
dans les pays,3,602627,3922,8.12,dans le pays,yes,yes,,,
sera pas,2,602610,3923,3.1,être pas,yes,yes,,,
faute de,2,602588,3924,2.41,faute de,yes,no,fragment; loose,,
sein du,2,602480,3925,3.98,sein du,yes,no,fragment,,
à l' abri,3,602412,3926,10.6,à le abri,yes,yes,,,
du territoire,2,602296,3927,4.74,du territoire,yes,no,article + word,,
pour le moment,3,602265,3928,8.03,pour le moment,yes,yes,,,
morceau de,2,602208,3929,3.59,morceau de,yes,no,fragment,,
du cœur,2,602040,3930,2.62,du cœur,yes,no,article + word; loose,,
avoir de,2,601854,3931,-1.04,avoir de,yes,no,fragment; loose,,
tu en,2,601547,3932,-0.31,tu en,yes,no,fragment; loose,,
de se faire,3,601541,3933,5.64,de se faire,yes,no,fragment,,
avoir à,2,601371,3934,0.22,avoir à,yes,no,fragment; loose,,
venait d',2,601328,3935,3.5,venir de,yes,no,fragment,,
de Rome,2,601148,3936,,de Rome,no,no,fragment; rare word,,
les jours de,3,600964,3937,5.95,le jour de,yes,no,fragment,,
ou pas,2,600934,3938,-0.17,ou pas,yes,no,loose,,
au long de,3,600874,3939,8.2,au long de,yes,no,fragment,,
a permis,2,600808,3940,5.46,avoir permis,yes,yes,,,
dépit de,2,600670,3941,3.49,dépit de,yes,no,fragment,,
plaisir de,2,600472,3942,1.45,plaisir de,yes,no,fragment; loose,,
elle doit,2,600450,3943,2.9,lui doit,yes,no,loose,,
une valeur,2,600342,3944,3.41,un valeur,yes,no,article + word,,
la poitrine,2,600295,3945,3.51,le poitrine,yes,no,article + word,,
avec nous,2,600195,3946,0.77,avec nous,yes,no,loose,,
quand l',2,600092,3947,0.19,quand le,yes,no,fragment; loose,,
millions d',2,599984,3948,4.27,million de,yes,no,fragment,,
été un,2,599972,3949,0.29,être un,yes,no,fragment; loose,,
la loi de,3,599928,3950,5.81,le loi de,yes,no,fragment,,
la vitesse,2,599853,3951,3.64,le vitesse,yes,no,article + word,,
un silence,2,599801,3952,3.27,un silence,yes,no,article + word,,
à quatre,2,599596,3953,1.82,à quatre,yes,no,loose,,
des parties,2,599541,3954,3.91,un partie,yes,no,article + word,,
les mesures,2,599313,3955,3.89,le mesure,yes,no,article + word,,
les nouvelles,2,599228,3956,2.77,le nouveau,yes,no,article + word; loose,,
le montant,2,599133,3957,4.28,le montant,yes,no,article + word,,
de la place,3,599102,3958,4.94,de le place,yes,no,fragment,,
prendre des,2,598960,3959,1.99,prendre un,yes,no,fragment; loose,,
plus d' une,3,598728,3960,4.98,plus de un,yes,no,fragment,,
eu la,2,598711,3961,1.01,avoir le,yes,no,fragment; loose,,
une politique,2,598608,3962,2.4,un politique,yes,no,article + word; loose,,
lui demanda,2,598385,3963,4.95,luire demander,yes,yes,,,
à ceux qui,3,598253,3964,8.13,à celui qui,yes,yes,,,
au sommet,2,598218,3965,6.26,au sommet,yes,no,article + word,,
de revenir,2,597763,3966,2.46,de revenir,yes,no,fragment; loose,,
du sol,2,597758,3967,3.86,du sol,yes,no,article + word,,
directeur de,2,597667,3968,2.52,directeur de,yes,no,fragment; loose,,
donner à,2,597585,3969,2.09,donner à,yes,no,fragment; loose,,
nécessaire pour,2,597573,3970,4.34,nécessaire pour,yes,no,fragment,,
rapport avec,2,597474,3971,4.39,rapport avec,yes,no,fragment,,
avait vu,2,597384,3972,4.55,avoir voir,yes,yes,,,
la prise de,3,597310,3973,6.52,le prise de,yes,no,fragment,,
tel que,2,597281,3974,3.19,tel que,yes,no,fragment,,
en compagnie,2,597151,3975,4.13,en compagnie,yes,yes,,,
quelque chose d',3,597028,3976,12.56,quelque chose de,yes,no,fragment,,
de la Cour,3,596942,3977,,de le Cour,no,no,fragment; rare word,,
était là,2,596819,3978,2.59,être là,yes,no,loose,,
en vertu,2,596736,3979,4.89,en vertu,yes,yes,,,
mais avec,2,596655,3980,0.55,mais avec,yes,no,fragment; loose,,
son dos,2,596628,3981,5.03,son dos,yes,no,article + word,,
Mme de,2,596605,3982,,Mme de,no,no,fragment; rare word,,
les risques,2,596526,3983,4.14,le risque,yes,no,article + word,,
quelque peu,2,596515,3984,5.44,quelque peu,yes,yes,,,
des actes,2,596511,3985,4.09,un acte,yes,no,article + word,,
l' opposition,2,596404,3986,4.36,le opposition,yes,no,article + word,,
une voiture,2,596360,3987,3.68,un voiture,yes,no,article + word,,
la Russie,2,596152,3988,4.19,le Russie,no,no,article + word; rare word,,
une fois de plus,4,596005,3989,13.22,un fois de plus,yes,yes,,,
la peinture,2,595878,3990,4.16,le peinture,yes,no,article + word,,
à autre,2,595465,3991,-0.24,à autre,yes,no,loose,,
ces gens,2,595439,3992,5.47,ce gens,yes,no,article + word,,
dans sa chambre,3,594982,3993,11.41,dans son chambre,yes,yes,,,
eau et,2,594950,3994,1.47,eau et,yes,no,fragment; loose,,
mais quand,2,594851,3995,2.45,mais quand,yes,no,loose,,
preuve de,2,594640,3996,2.26,preuve de,yes,no,fragment; loose,,
en conséquence,2,594597,3997,4.79,en conséquence,yes,yes,,,
amour de,2,594111,3998,0.57,amour de,yes,no,fragment; loose,,
route de,2,594031,3999,1.26,router de,yes,no,fragment; loose,,
des textes,2,593891,4000,4.22,un texte,yes,no,article + word,,
il avec,2,593848,4001,-1.2,il avec,yes,no,fragment; loose,,
le seuil,2,593404,4002,3.98,le seuil,yes,no,article + word,,
nom d',2,593301,4003,2.1,nom de,yes,no,fragment; loose,,
la participation,2,593016,4004,3.92,le participation,yes,no,article + word,,
un lien,2,592857,4005,4.1,un lien,yes,no,article + word,,
à l' étranger,3,592847,4006,9.57,à le étranger,yes,yes,,,
mais également,2,592822,4007,3.88,mais également,yes,yes,,,
que je l',3,592814,4008,3.94,que je le,yes,no,fragment,,
on ne peut pas,4,592394,4009,16.4,on ne pouvoir pas,yes,yes,,,
début des,2,592284,4010,2.9,début un,yes,no,fragment; loose,,
un nouvel,2,592209,4011,4.92,un nouveau,yes,no,article + word,,
bord de la,3,592158,4012,6.91,bord de le,yes,no,fragment,,
un à,2,592145,4013,-3.67,un à,yes,no,fragment; article + word; loose,,
ne sommes,2,591921,4014,3.88,ne être,yes,yes,,,
l' appel,2,591733,4015,3.35,le appel,yes,no,article + word,,
je ne vois,3,591553,4016,11.88,je ne voir,yes,yes,,,
son épaule,2,591404,4017,6.09,son épauler,yes,no,article + word,,
que mes,2,591387,4018,1.52,que mon,yes,no,fragment; loose,,
une étude,2,591286,4019,3.99,un étude,yes,no,article + word,,
est à la,3,591085,4020,1.77,être à le,yes,no,fragment; loose,,
que quelques,2,590952,4021,1.41,que quelque,yes,no,loose,,
se passait,2,590944,4022,5.96,se passer,yes,yes,,,
du nom,2,590782,4023,2.55,du nom,yes,no,article + word; loose,,
tout le temps,3,590658,4024,8.32,tout le temps,yes,yes,,,
l' envie,2,590607,4025,2.69,le envie,yes,no,article + word; loose,,
services de,2,590355,4026,1.61,service de,yes,no,fragment; loose,,
tout seul,2,590300,4027,4.35,tout seul,yes,yes,,,
un texte,2,589984,4028,3.21,un texte,yes,no,article + word,,
de l' économie,3,589898,4029,7.92,de le économie,yes,no,fragment,,
chaque fois que,3,589772,4030,12.18,chaque fois que,yes,no,fragment,,
de la réalité,3,589708,4031,6.32,de le réalité,yes,no,fragment,,
de valeur,2,589610,4032,1.21,de valeur,yes,no,fragment; loose,,
je connais,2,589592,4033,5.56,je connaître,yes,yes,,,
il me semble,3,589575,4034,11.64,il me sembler,yes,yes,,,
lui demander,2,589466,4035,5.48,luire demander,yes,yes,,,
l' indépendance,2,589305,4036,4.55,le indépendance,yes,no,article + word,,
et mes,2,589264,4037,0.44,et mon,yes,no,fragment; loose,,
bureau de,2,589194,4038,1.62,bureau de,yes,no,fragment; loose,,
sur la base,3,589192,4039,9.83,sur le base,yes,yes,,,
le programme,2,589049,4040,3.45,le programme,yes,no,article + word,,
mais tout,2,588972,4041,1,mais tout,yes,no,loose,,
de son corps,3,588849,4042,7.65,de son corps,yes,no,fragment,,
mains de,2,588847,4043,0.65,main de,yes,no,fragment; loose,,
tu dois,2,588825,4044,6.56,tu devoir,yes,yes,,,
tenté de,2,588795,4045,3.64,tenter de,yes,no,fragment,,
d' accueil,2,588487,4046,4.48,de accueil,yes,yes,,,
des difficultés,2,588430,4047,4.39,un difficulté,yes,no,article + word,,
les raisons,2,588251,4048,3.71,le raison,yes,no,article + word,,
sous ses,2,588216,4049,2.93,sou son,yes,no,fragment; loose,,
en vous,2,588163,4050,-1.26,en vous,yes,no,loose,,
il vit,2,588137,4051,3.66,il vit,yes,yes,,,
est ainsi,2,588050,4052,1.15,être ainsi,yes,no,loose,,
qui sera,2,587989,4053,2.92,qui être,yes,no,loose,,
une espèce,2,587903,4054,4.71,un espèce,yes,no,article + word,,
les images,2,587734,4055,3.82,le image,yes,no,article + word,,
et que la,3,587683,4056,1.54,et que le,yes,no,fragment; loose,,
un exemple,2,587588,4057,2.13,un exemple,yes,no,article + word; loose,,
alors je,2,587542,4058,1.51,alors je,yes,no,loose,,
dans l' eau,3,587190,4059,8.57,dans le eau,yes,yes,,,
la critique,2,587165,4060,2.95,le critique,yes,no,article + word; loose,,
avec mon,2,587136,4061,1.93,avec mon,yes,no,fragment; loose,,
peut faire,2,587084,4062,3.13,pouvoir faire,yes,yes,,,
l' as,2,587029,4063,1.51,le avoir,yes,no,article + word; loose,,
eu de,2,586947,4064,0.23,avoir de,yes,no,fragment; loose,,
le troisième,2,586923,4065,3.11,le troisième,yes,no,article + word,,
exercice de,2,586854,4066,2.17,exercice de,yes,no,fragment; loose,,
mal de,2,586800,4067,0.13,mal de,yes,no,fragment; loose,,
une expérience,2,586772,4068,3.63,un expérience,yes,no,article + word,,
le fonctionnement,2,586750,4069,3.95,le fonctionnement,yes,no,article + word,,
capacité à,2,586596,4070,3.64,capacité à,yes,no,fragment,,
moyen d',2,586508,4071,3.1,moyen de,yes,no,fragment,,
les objets,2,586462,4072,3.67,le objet,yes,no,article + word,,
sortie de,2,586394,4073,2.41,sortie de,yes,no,fragment; loose,,
de retrouver,2,586232,4074,1.96,de retrouver,yes,no,fragment; loose,,
trouver une,2,586226,4075,3.1,trouver un,yes,no,fragment,,
tous les autres,3,586220,4076,9.91,tout le autre,yes,yes,,,
la disparition,2,586045,4077,4.35,le disparition,yes,no,article + word,,
repose sur,2,585921,4078,6.58,repose sur,yes,no,fragment,,
une approche,2,585890,4079,4.2,un approche,yes,no,article + word,,
dans la cuisine,3,585802,4080,9.37,dans le cuisine,yes,yes,,,
les individus,2,585700,4081,4.1,le individu,yes,no,article + word,,
au sein du,3,585642,4082,11.34,au sein du,yes,no,fragment; written style,,
moi je,2,585635,4083,1.29,moi je,yes,no,loose,,
la terrasse,2,585632,4084,3.77,le terrasse,yes,no,article + word,,
le temps d',3,585590,4085,6.04,le temps de,yes,no,fragment,,
du côté de,3,584500,4086,6.85,du côté de,yes,no,fragment,,
dans la même,3,584485,4087,5.07,dans le même,yes,yes,,,
fait à,2,584239,4088,-0.85,faire à,yes,no,fragment; loose,,
des amis,2,584190,4089,3.28,un ami,yes,no,article + word,,
puis la,2,584036,4090,-0.18,pouvoir le,yes,no,fragment; loose,,
le statut,2,583949,4091,3.73,le statut,yes,no,article + word,,
toi et,2,583898,4092,1.1,toi et,yes,no,fragment; loose,,
en sa,2,583763,4093,-1.13,en son,yes,no,fragment; loose,,
a tout,2,583687,4094,0.49,avoir tout,yes,no,loose,,
alors de,2,583606,4095,-1.33,alors de,yes,no,fragment; loose,,
sa petite,2,583539,4096,4.18,son petit,yes,no,article + word,,
en moins,2,583501,4097,0.97,en moins,yes,no,loose,,
du petit,2,583450,4098,2.05,du petit,yes,no,article + word; loose,,
une porte,2,583321,4099,2.1,un porte,yes,no,article + word; loose,,
à l' entrée,3,583221,4100,8.36,à le entrée,yes,yes,,,
à l' hôpital,3,583050,4101,9.76,à le hôpital,yes,yes,,,
les paroles,2,582999,4102,3.67,le parole,yes,no,article + word,,
et y,2,582976,4103,-1.32,et y,yes,no,fragment; loose,,
trois fois,2,582943,4104,5.33,trois fois,yes,yes,,,
la tâche,2,582939,4105,3.73,le tâcher,yes,no,article + word,,
pas vous,2,582556,4106,-0.36,pas vous,yes,no,loose,,
était trop,2,582406,4107,3.5,être trop,yes,yes,,,
l' existence de,3,582323,4108,7.21,le existence de,yes,no,fragment,,
le Grand,2,582302,4109,,le Grand,no,no,article + word; rare word,,
de tels,2,582150,4110,2.39,de tel,yes,no,fragment; loose,,
l' égard de,3,582123,4111,7.97,le égard de,yes,no,fragment,,
est difficile,2,582014,4112,3.79,être difficile,yes,yes,,,
un droit,2,581655,4113,1.62,un droit,yes,no,article + word; loose,,
au bout d',3,581317,4114,10.37,au bout de,yes,no,fragment,,
les villes,2,581173,4115,3.95,le ville,yes,no,article + word,,
le début de,3,581093,4116,6.57,le début de,yes,no,fragment,,
qui devait,2,581058,4117,3.62,qui devoir,yes,yes,,,
on parle,2,580726,4118,5.32,on parler,yes,yes,,,
qui l' avait,3,580630,4119,5.55,qui le avoir,yes,yes,,,
chance de,2,580562,4120,2.08,chance de,yes,no,fragment; loose,,
d ' abord,3,580393,4121,,d ' abord,no,no,rare word,,
la doctrine,2,580248,4122,4.28,le doctrine,no,no,article + word; rare word,,
le journal,2,580223,4123,3.22,le journal,yes,no,article + word,,
y aller,2,580215,4124,4.95,y aller,yes,yes,,,
la mode,2,580135,4125,2.62,le mode,yes,no,article + word; loose,,
ou sur,2,579965,4126,0.24,ou sur,yes,no,fragment; loose,,
la peine de,3,579893,4127,5.91,le peiner de,yes,no,fragment,,
Cliquez ici,2,579853,4128,,Cliquez ici,no,no,rare word,,
en voyant,2,579498,4129,4.66,en voyant,yes,yes,,,
le commerce,2,579370,4130,3.38,le commerce,yes,no,article + word,,
et dans les,3,579268,4131,2.51,et dans le,yes,no,fragment; loose,,
qui veut,2,579207,4132,3.64,qui vouloir,yes,yes,,,
le chapitre,2,579021,4133,2.26,le chapitrer,yes,no,article + word; loose,,
en cas d',3,578983,4134,7.63,en cas de,yes,no,fragment,,
un ordre,2,578879,4135,2.63,un ordre,yes,no,article + word; loose,,
de l' environnement,3,578713,4136,7.95,de le environnement,yes,no,fragment,,
soit la,2,578701,4137,0.11,être le,yes,no,fragment; loose,,
cours du,2,578588,4138,2.81,cours du,yes,no,fragment; loose,,
une force,2,578444,4139,2.99,un forcer,yes,no,article + word; loose,,
devant moi,2,578438,4140,5.04,devant moi,yes,yes,,,
autour des,2,578329,4141,2.45,autour un,yes,no,fragment; loose,,
sait pas,2,578121,4142,3.92,savoir pas,yes,yes,,,
je trouve,2,578121,4143,3.56,je trouver,yes,yes,,,
prendre une,2,577874,4144,2.28,prendre un,yes,no,fragment; loose,,
la nécessité de,3,577799,4145,7.72,le nécessiter de,yes,no,fragment,,
d' un geste,3,577786,4146,10.34,de un geste,yes,yes,,,
femmes et,2,577731,4147,1.63,femme et,yes,no,fragment; loose,,
les circonstances,2,577239,4148,4.28,le circonstance,yes,no,article + word,,
de la journée,3,577162,4149,6.73,de le journée,yes,no,fragment,,
ma main,2,577048,4150,5.29,mon main,yes,no,article + word,,
existence d',2,576869,4151,3.34,existence de,yes,no,fragment,,
ne leur,2,576691,4152,0.83,ne son,yes,no,loose,,
le changement,2,576674,4153,3.38,le changement,yes,no,article + word,,
monde entier,2,576572,4154,8.85,monde entier,yes,yes,,,
la liste des,3,576400,4155,9.22,le liste un,yes,no,fragment,,
d' un pas,3,576156,4156,4.05,de un pas,yes,no,,,
de mots,2,576144,4157,0.86,de mot,yes,no,fragment; loose,,
d' entreprise,2,575946,4158,3,de entreprise,yes,yes,,,
pourquoi il,2,575787,4159,1.86,pourquoi il,yes,no,loose,,
que celles,2,575575,4160,3.35,que celui,yes,yes,,,
construction de,2,575496,4161,2.08,construction de,yes,no,fragment; loose,,
une de ses,3,575268,4162,3.8,un de son,yes,no,fragment,,
les eaux,2,575245,4163,4.47,le eau,yes,no,article + word,,
d' une façon,3,575231,4164,8.8,de un façon,yes,yes,,,
sein de la,3,574966,4165,6.67,sein de le,yes,no,fragment,,
à distance,2,574861,4166,3.63,à distance,yes,yes,,,
d' honneur,2,574832,4167,4.2,de honneur,yes,yes,,,
encore la,2,574805,4168,-0.66,encore le,yes,no,fragment; loose,,
soumis à,2,574802,4169,4.63,soumis à,yes,no,fragment,,
alors le,2,574794,4170,-0.18,alors le,yes,no,fragment; loose,,
la boîte,2,574721,4171,3.75,le boîte,yes,no,article + word,,
en plus de,3,574690,4172,2.67,en plus de,yes,no,fragment; loose,,
la démarche,2,574350,4173,3.51,le démarcher,yes,no,article + word,,
compagnie de,2,574218,4174,2.25,compagnie de,yes,no,fragment; loose,,
à proximité,2,574118,4175,4.36,à proximité,yes,yes,,,
à un autre,3,573962,4176,5.97,à un autre,yes,yes,,,
importance de,2,573898,4177,1.82,importance de,yes,no,fragment; loose,,
était toujours,2,573787,4178,2.88,être toujours,yes,no,loose,,
sa maison,2,573689,4179,4.01,son maison,yes,no,article + word,,
mot de,2,573664,4180,0.87,mot de,yes,no,fragment; loose,,
elle savait,2,573641,4181,4.46,lui savoir,yes,yes,,,
l' homme qui,3,573570,4182,7.36,le homme qui,yes,yes,,,
à voix,2,573477,4183,1.42,à voix,yes,no,loose,,
je veux dire,3,573403,4184,13.74,je vouloir dire,yes,yes,,,
jamais vu,2,573308,4185,6.5,jamais voir,yes,yes,,,
se serait,2,573227,4186,3.2,se être,yes,yes,,,
des liens,2,573125,4187,4.71,un lien,yes,no,article + word,,
de vente,2,572920,4188,2.65,de vente,yes,no,fragment; loose,,
les livres,2,572833,4189,3.35,le livre,yes,no,article + word,,
la face,2,572747,4190,1.22,le face,yes,no,article + word; loose,,
la réforme,2,572705,4191,3.98,le réforme,yes,no,article + word,,
en commun,2,572574,4192,3.89,en commun,yes,yes,,,
une vieille,2,572573,4193,4.38,un vieux,yes,no,article + word,,
qui te,2,572293,4194,2.12,qui te,yes,no,fragment; loose,,
espace de,2,572176,4195,1.13,espace de,yes,no,fragment; loose,,
les pratiques,2,572157,4196,3.54,le pratique,yes,no,article + word,,
vis de,2,572053,4197,1.82,vis de,yes,no,fragment; loose,,
ces trois,2,572023,4198,4.35,ce trois,yes,no,article + word,,
l' évaluation,2,571920,4199,4.17,le évaluation,yes,no,article + word,,
on me,2,571884,4200,1.33,on me,yes,no,fragment; loose,,
était l',2,571688,4201,-1.63,être le,yes,no,fragment; loose,,
du personnel,2,571514,4202,4.44,du personnel,yes,no,article + word,,
ainsi le,2,571497,4203,0.06,ainsi le,yes,no,fragment; loose,,
à vos,2,571258,4204,1.95,à votre,yes,no,loose,,
la compagnie,2,571092,4205,2.99,le compagnie,yes,no,article + word; loose,,
ce qui me,3,570978,4206,7.55,ce qui me,yes,no,fragment,,
pas le temps,3,570972,4207,6.85,pas le temps,yes,yes,,,
un type,2,570900,4208,3.06,un typer,yes,no,article + word,,
même temps que,3,570894,4209,9.45,même temps que,yes,no,fragment,,
tu crois,2,570891,4210,5.84,tu croire,yes,yes,,,
de grande,2,570826,4211,-0.13,de grand,yes,no,fragment; loose,,
une forte,2,570662,4212,4.17,un forte,yes,no,article + word,,
dès la,2,570648,4213,1.07,dès le,yes,no,fragment; loose,,
les difficultés,2,570533,4214,3.96,le difficulté,yes,no,article + word,,
de la table,3,570519,4215,6.18,de le table,yes,no,fragment,,
à partir des,3,570500,4216,7.86,à partir un,yes,no,fragment,,
ainsi la,2,570475,4217,-0.36,ainsi le,yes,no,fragment; loose,,
savoir ce,2,570425,4218,3.31,savoir ce,yes,no,fragment,,
droits de l' homme,4,570379,4219,17.3,droit de le homme,yes,yes,,,
bien et,2,570266,4220,-1.33,bien et,yes,no,fragment; loose,,
son sac,2,570200,4221,5.84,son sac,yes,no,article + word,,
au temps,2,570198,4222,1.59,au temps,yes,no,article + word; loose,,
enfants et,2,569889,4223,1.19,enfant et,yes,no,fragment; loose,,
des milliers,2,569814,4224,5.12,un millier,yes,no,article + word,,
le parc,2,569717,4225,3.87,le parc,yes,no,article + word,,
ne crois pas,3,569541,4226,11.27,ne croire pas,yes,yes,,,
rien d' autre,3,569369,4227,10.55,rien de autre,yes,yes,,,
les soldats,2,569361,4228,4.05,le soldat,yes,no,article + word,,
que certains,2,569266,4229,2.56,que certain,yes,no,loose,,
dit de,2,569173,4230,-1.61,dire de,yes,no,fragment; loose,,
passant par,2,568589,4231,5.9,passant par,yes,no,fragment,,
vous serez,2,568394,4232,7.76,vous être,yes,yes,,,
le théâtre,2,568360,4233,3.48,le théâtre,yes,no,article + word,,
son premier,2,568272,4234,3.27,son premier,yes,no,article + word,,
du coup,2,568074,4235,2.67,du coup,yes,no,article + word; loose,,
sur le site,3,568060,4236,10.8,sur le site,yes,yes,,,
elle devait,2,567909,4237,3.96,lui devoir,yes,yes,,,
prit la,2,567593,4238,2.32,prendre le,yes,no,fragment; loose,,
celui de l',3,567514,4239,5.18,celui de le,yes,no,fragment,,
dans d',2,567510,4240,-2.53,dans de,yes,no,fragment; loose,,
en état,2,567413,4241,1.57,en état,yes,no,loose,,
pris en,2,567360,4242,2.44,pris en,yes,no,fragment; loose,,
l' aube,2,567303,4243,5.28,le aube,yes,no,article + word,,
l' une de,3,567109,4244,1.06,le un de,yes,no,fragment; loose,,
confiance en,2,567105,4245,3.54,confiance en,yes,no,fragment,,
expérience de,2,566987,4246,1.4,expérience de,yes,no,fragment; loose,,
le numéro,2,566982,4247,3.85,le numéro,yes,no,article + word,,
l' assemblée,2,566954,4248,4.01,le assemblée,yes,no,article + word,,
à ce qui,3,566908,4249,4.38,à ce qui,yes,no,,,
la planète,2,566874,4250,4.35,le planète,yes,no,article + word,,
de services,2,566866,4251,1.55,de service,yes,no,fragment; loose,,
plus proche,2,566728,4252,5.46,plus proche,yes,yes,,,
à donner,2,566685,4253,2.02,à donner,yes,no,loose,,
sous le nom,3,566614,4254,11.32,sou le nom,yes,yes,,,
cette affaire,2,566507,4255,5.66,ce affaire,yes,no,article + word,,
sur le terrain,3,566495,4256,10.97,sur le terrain,yes,yes,,,
est devenue,2,566248,4257,5.09,être devenir,yes,yes,,,
la nourriture,2,566233,4258,4,le nourriture,yes,no,article + word,,
recherche d',2,566218,4259,2.97,recherche de,yes,no,fragment; loose,,
homme est,2,566191,4260,1.2,homme être,yes,no,loose,,
le patient,2,566026,4261,3.99,le patient,yes,no,article + word,,
et est,2,565897,4262,-3.59,et être,yes,no,fragment; loose,,
en être,2,565704,4263,-0.69,en être,yes,no,loose,,
du soir,2,565509,4264,3.04,du soir,yes,no,article + word,,
l' idée que,3,565499,4265,8.38,le idée que,yes,no,fragment,,
odeur de,2,565428,4266,2.76,odeur de,yes,no,fragment; loose,,
quelle est,2,565083,4267,3.21,quel être,yes,yes,,,
de la production,3,565063,4268,6.8,de le production,yes,no,fragment,,
le téléphone,2,564765,4269,3.31,le téléphoner,yes,no,article + word,,
si je ne,3,564721,4270,7.6,si je ne,yes,no,fragment,,
le film,2,564628,4271,3.65,le film,yes,no,article + word,,
la machine,2,564488,4272,3.91,le machine,yes,no,article + word,,
l' épreuve,2,564377,4273,4.64,le épreuve,yes,no,article + word,,
son âme,2,564207,4274,4.8,son âme,yes,no,article + word,,
elle avec,2,563822,4275,-0.22,lui avec,yes,no,fragment; loose,,
cadre d',2,563817,4276,3.17,cadre de,yes,no,fragment,,
la faire,2,563802,4277,-1.15,le faire,yes,no,article + word; loose,,
en main,2,563743,4278,1.52,en main,yes,no,loose,,
Editions Page,2,563665,4279,,Editions Page,no,no,rare word,,
et dans le,3,563647,4280,2.18,et dans le,yes,no,fragment; loose,,
en dépit de,3,563579,4281,9.59,en dépit de,yes,no,fragment,,
Arvensa Editions Page,3,563579,4282,,Arvensa Editions Page,no,no,rare word,,
Copyright Arvensa Editions Page,4,563507,4283,,Copyright Arvensa Editions Page,no,no,rare word,,
car ils,2,563455,4284,3.9,car il,yes,yes,,,
le jour où,3,563387,4285,10.07,le jour où,yes,yes,,,
la limite,2,563126,4286,3.67,le limite,yes,no,article + word,,
bruit de,2,563103,4287,1.98,bruit de,yes,no,fragment; loose,,
ne rien,2,563080,4288,1.93,ne rien,yes,no,loose,,
de fois,2,563076,4289,-1.12,de fois,yes,no,fragment; loose,,
question de la,3,563003,4290,5.17,question de le,yes,no,fragment,,
d' air,2,562877,4291,2.07,de air,yes,no,loose,,
elle la,2,562763,4292,-3.17,lui le,yes,no,fragment; loose,,
mètres de,2,562744,4293,2.36,mètre de,yes,no,fragment; loose,,
pas ce que,3,562697,4294,5.42,pas ce que,yes,no,fragment,,
les besoins,2,562603,4295,3.93,le besoin,yes,no,article + word,,
mesure que,2,562332,4296,3.11,mesure que,yes,no,fragment,,
accord avec,2,562262,4297,5.04,accord avec,yes,no,fragment,,
à l' égard de,4,562152,4298,13.55,à le égard de,yes,no,fragment,,
au cas,2,562115,4299,2.52,au cas,yes,no,article + word; loose,,
tout au long de,4,562093,4300,16.64,tout au long de,yes,no,fragment,,
a commencé,2,562003,4301,5.76,avoir commencer,yes,yes,,,
production de,2,561907,4302,1.67,production de,yes,no,fragment; loose,,
respect de,2,561868,4303,2.27,respect de,yes,no,fragment; loose,,
rendre à,2,561861,4304,2.29,rendre à,yes,no,fragment; loose,,
qui donne,2,561736,4305,3.61,qui donne,yes,yes,,,
des premiers,2,561723,4306,3.58,un premier,yes,no,article + word,,
création d',2,561607,4307,3.71,création de,yes,no,fragment,,
comte de,2,561469,4308,2.76,comte de,yes,no,fragment; loose,,
sociale et,2,561296,4309,2.4,social et,yes,no,fragment; loose,,
sept ans,2,560924,4310,8.45,sept an,yes,yes,,,
on l' a,3,560746,4311,5.81,on le avoir,yes,no,,,
rien que,2,560723,4312,1.11,rien que,yes,no,fragment; loose,,
que rien,2,560578,4313,1.11,que rien,yes,no,loose,,
ne savais,2,560445,4314,5.61,ne savoir,yes,yes,,,
tu fais,2,560435,4315,6.13,tu faire,yes,yes,,,
faut que je,3,560291,4316,8.9,falloir que je,yes,yes,,,
par leurs,2,560165,4317,2,par leurs,yes,no,loose,,
la création de,3,560127,4318,6.92,le création de,yes,no,fragment,,
poste de,2,559954,4319,2.33,poste de,yes,no,fragment; loose,,
direction du,2,559556,4320,3.65,direction du,yes,no,fragment,,
un soupir,2,559542,4321,5.54,un soupir,yes,no,article + word,,
quelque chose qui,3,559251,4322,13.16,quelque chose qui,yes,yes,,,
les dents,2,559008,4323,4.2,le dent,yes,no,article + word,,
au moyen,2,558979,4324,4.16,au moyen,yes,no,article + word,,
pas possible,2,558876,4325,3.28,pas possible,yes,yes,,,
tout va,2,558606,4326,3.82,tout aller,yes,yes,,,
dit la,2,558591,4327,-0.89,dire le,yes,no,fragment; loose,,
taux d',2,558578,4328,4.02,taux de,yes,no,fragment,,
les points,2,558393,4329,3.37,le point,yes,no,article + word,,
l' adresse,2,558333,4330,3.54,le adresse,yes,no,article + word,,
je croyais,2,558170,4331,6.62,je croire,yes,yes,,,
en même temps que,4,557970,4332,15.61,en même temps que,yes,no,fragment,,
des comptes,2,557916,4333,4.61,un compte,yes,no,article + word,,
pour ceux,2,557891,4334,2.52,pour celui,yes,no,loose,,
fin de l',3,557794,4335,5.82,fin de le,yes,no,fragment,,
statut de,2,557701,4336,2.5,statut de,yes,no,fragment; loose,,
sans aucun,2,557677,4337,5.4,sans aucun,yes,yes,,,
la somme,2,557666,4338,3.22,le sommer,yes,no,article + word,,
les dispositions,2,557553,4339,4.11,le disposition,yes,no,article + word,,
son épouse,2,557510,4340,6.07,son épouse,yes,no,article + word,,
plusieurs reprises,2,557489,4341,10.28,plusieurs reprise,yes,yes,,,
l' apparition,2,557270,4342,4.67,le apparition,yes,no,article + word,,
le conseil,2,557168,4343,2.28,le conseil,yes,no,article + word; loose,,
en principe,2,556957,4344,3.21,en principe,yes,yes,,,
toute cette,2,556637,4345,3.26,toute ce,yes,no,fragment,,
du régime,2,556617,4346,4.27,du régime,yes,no,article + word,,
concept de,2,556272,4347,2.77,concept de,yes,no,fragment; loose,,
Dieu et,2,556206,4348,,Dieu et,no,no,fragment; rare word,,
en colère,2,556198,4349,3.9,en colère,yes,yes,,,
l' égalité,2,556194,4350,4.66,le égalité,yes,no,article + word,,
air d',2,556177,4351,2.05,air de,yes,no,fragment; loose,,
l' aurait,2,556164,4352,1.26,le avoir,yes,no,article + word; loose,,
plus encore,2,556051,4353,1.88,plus encore,yes,no,loose,,
protection de,2,556013,4354,2.05,protection de,yes,no,fragment; loose,,
l' examen,2,555841,4355,4.33,le examen,yes,no,article + word,,
l' efficacité,2,555711,4356,4.54,le efficacité,yes,no,article + word,,
fois dans,2,555662,4357,1.31,fois dans,yes,no,fragment; loose,,
plutôt que de,3,555647,4358,7.22,plutôt que de,yes,no,fragment,,
réponse à,2,555396,4359,2.67,réponse à,yes,no,fragment; loose,,
huit ans,2,555376,4360,8.4,huit an,yes,yes,,,
une dernière,2,555322,4361,3.25,un dernier,yes,no,article + word,,
attention à,2,555279,4362,2.45,attention à,yes,no,fragment; loose,,
considérée comme,2,555009,4363,7.82,considérer comme,yes,yes,,,
des matières,2,554984,4364,5.18,un matière,yes,no,article + word,,
la ferme,2,554916,4365,3.07,le ferme,yes,no,article + word,,
son rôle,2,554815,4366,4.42,son rôle,yes,no,article + word,,
sa poche,2,554809,4367,6.74,son poche,yes,no,article + word,,
décision de,2,554309,4368,1.62,décision de,yes,no,fragment; loose,,
me voir,2,554228,4369,3.59,me voir,yes,yes,,,
la gloire,2,554191,4370,3.94,le gloire,yes,no,article + word,,
d ' avoir,3,553923,4371,,d ' avoir,no,no,rare word,,
quatre ans,2,553789,4372,6.86,quatre an,yes,yes,,,
sont aussi,2,553775,4373,2.45,être aussi,yes,no,loose,,
d' appel,2,553475,4374,3.77,de appel,yes,yes,,,
des temps,2,553353,4375,0.37,un temps,yes,no,article + word; loose,,
sur le marché,3,553131,4376,10.03,sur le marché,yes,yes,,,
ne pourra,2,553058,4377,5.44,ne pouvoir,yes,yes,,,
XIX e siècle,3,552975,4378,,XIX e siècle,no,no,rare word,,
avoir fait,2,552905,4379,3.57,avoir faire,yes,yes,,,
un contexte,2,552825,4380,4.04,un contexte,yes,no,article + word,,
suis un,2,552789,4381,0.89,être un,yes,no,fragment; loose,,
du sens,2,552776,4382,2.2,du sens,yes,no,article + word; loose,,
chez eux,2,552680,4383,6.17,chez lui,yes,yes,,,
on la,2,552652,4384,-2.39,on le,yes,no,fragment; loose,,
le succès,2,552636,4385,3.28,le succès,yes,no,article + word,,
se font,2,552610,4386,4.06,se faire,yes,yes,,,
la bibliothèque,2,552556,4387,3.75,le bibliothèque,yes,no,article + word,,
toi qui,2,552550,4388,2.53,toi qui,yes,no,loose,,
on retrouve,2,552526,4389,6.21,on retrouver,yes,yes,,,
d' agir,2,552517,4390,4.35,de agir,yes,yes,,,
du père,2,552469,4391,2.01,du père,yes,no,article + word; loose,,
le message,2,552363,4392,3.69,le message,yes,no,article + word,,
de reprendre,2,552226,4393,2.52,de reprendre,yes,no,fragment; loose,,
devant elle,2,552148,4394,2.65,devant lui,yes,no,loose,,
être l',2,552136,4395,-1.16,être le,yes,no,fragment; loose,,
capables de,2,551699,4396,3.77,capable de,yes,no,fragment,,
fonction des,2,551127,4397,2.97,fonction un,yes,no,fragment; loose,,
pas question,2,551099,4398,2.76,pas question,yes,no,loose,,
les conditions de,3,550996,4399,7.08,le condition de,yes,no,fragment,,
et que l',3,550967,4400,2.09,et que le,yes,no,fragment; loose,,
l' Union européenne,3,550954,4401,,le Union européen,no,no,rare word,,
tente de,2,550939,4402,3,tente de,yes,no,fragment; loose,,
une vraie,2,550909,4403,4.99,un vrai,yes,no,article + word,,
la circulation,2,550856,4404,4.23,le circulation,yes,no,article + word,,
avec d',2,550588,4405,-1.32,avec de,yes,no,fragment; loose,,
sans un,2,550560,4406,-0.2,sans un,yes,no,fragment; loose,,
de la part de,4,550523,4407,9.33,de le part de,yes,no,fragment,,
va se,2,550366,4408,2.71,aller se,yes,no,fragment; loose,,
celui que,2,550307,4409,1.53,celui que,yes,no,fragment; loose,,
d' elles,2,550172,4410,1.12,de lui,yes,no,loose,,
de la justice,3,550156,4411,6.79,de le justice,yes,no,fragment,,
raison pour,2,550144,4412,2.95,raison pour,yes,no,fragment; loose,,
autre de,2,550083,4413,-1.61,autre de,yes,no,fragment; loose,,
de couleur,2,550042,4414,2.16,de couleur,yes,no,fragment; loose,,
par rapport aux,3,549975,4415,12.56,par rapport aux,yes,no,fragment,,
il pouvait,2,549910,4416,2.23,il pouvoir,yes,no,loose,,
que je te,3,549906,4417,8.83,que je te,yes,no,fragment,,
son cou,2,549877,4418,5.94,son cou,yes,no,article + word,,
son grand,2,549837,4419,2.68,son grand,yes,no,article + word; loose,,
pas même,2,549602,4420,0.16,pas même,yes,no,loose,,
ne pouvaient,2,549384,4421,5.64,ne pouvoir,yes,yes,,,
sans l',2,549107,4422,-0.71,sans le,yes,no,fragment; loose,,
l' Angleterre,2,548958,4423,4.19,le Angleterre,no,no,article + word; rare word,,
du nombre,2,548925,4424,2.85,du nombre,yes,no,article + word; loose,,
plus grands,2,548826,4425,4.23,plus grand,yes,yes,,,
l' attitude,2,548612,4426,3.95,le attitude,yes,no,article + word,,
un soir,2,548496,4427,2.53,un soir,yes,no,article + word; loose,,
doit se,2,548356,4428,2.87,doit se,yes,no,fragment; loose,,
une expression,2,548348,4429,3.66,un expression,yes,no,article + word,,
place des,2,548261,4430,1.54,place un,yes,no,fragment; loose,,
un contrat,2,548227,4431,3.89,un contrat,yes,no,article + word,,
ne sera pas,3,548190,4432,10.32,ne être pas,yes,yes,,,
alors il,2,548051,4433,0.49,alors il,yes,no,loose,,
il en est,3,548000,4434,3.39,il en être,yes,no,,,
cela se,2,547955,4435,1.95,celer se,yes,no,fragment; loose,,
avec les autres,3,547846,4436,8.11,avec le autre,yes,yes,,,
à moitié,2,547815,4437,3.34,à moitié,yes,yes,,,
avait bien,2,547742,4438,1.57,avoir bien,yes,no,loose,,
la perception,2,547640,4439,4.17,le perception,yes,no,article + word,,
l' existence d',3,547631,4440,9.02,le existence de,yes,no,fragment,,
je serais,2,547619,4441,6.06,je être,yes,yes,,,
en valeur,2,547476,4442,2.92,en valeur,yes,no,loose,,
des élèves,2,547293,4443,4.12,un élève,yes,no,article + word,,
du secteur,2,547191,4444,4.81,du secteur,yes,no,article + word,,
cela me,2,546968,4445,3.28,celer me,yes,no,fragment,,
à l' écart,3,546891,4446,10.27,à le écart,yes,yes,,,
la volonté de,3,546797,4447,6.77,le volonté de,yes,no,fragment,,
la difficulté,2,546688,4448,3.49,le difficulté,yes,no,article + word,,
que d' autres,3,546539,4449,7.02,que de autre,yes,yes,,,
des livres,2,546523,4450,3.67,un livre,yes,no,article + word,,
il y en a,4,546519,4451,13.14,il y en avoir,yes,yes,,,
l' accueil,2,546280,4452,3.86,le accueil,yes,no,article + word,,
du langage,2,546278,4453,4.59,du langage,yes,no,article + word,,
au travers,2,546202,4454,3.95,au travers,yes,no,article + word,,
une minute,2,545896,4455,5.42,un minute,yes,no,article + word,,
parlé de,2,545823,4456,2.29,parlé de,yes,no,fragment; loose,,
des projets,2,545743,4457,4.32,un projet,yes,no,article + word,,
courant de,2,545615,4458,1.87,courant de,yes,no,fragment; loose,,
d' apprendre,2,545593,4459,4.22,de apprendre,yes,yes,,,
qui l' a,3,545404,4460,4.58,qui le avoir,yes,no,,,
d' activité,2,545363,4461,3.26,de activité,yes,yes,,,
tas de,2,545202,4462,3.76,tas de,yes,no,fragment,,
te faire,2,545189,4463,4.44,te faire,yes,yes,,,
le train,2,544977,4464,2.49,le train,yes,no,article + word; loose,,
le port,2,544870,4465,3.67,le port,yes,no,article + word,,
pas envie,2,544740,4466,3.92,pas envie,yes,yes,,,
à partir d',3,544653,4467,7.85,à partir de,yes,no,fragment,,
au sein de la,4,544603,4468,13.99,au sein de le,yes,no,fragment; written style,,
tout était,2,544534,4469,1.07,tout être,yes,no,loose,,
ne comprends,2,544398,4470,5.62,ne comprendre,yes,yes,,,
de six,2,544167,4471,1.54,de six,yes,no,fragment; loose,,
de soleil,2,543998,4472,1.32,de soleil,yes,no,fragment; loose,,
vous et,2,543961,4473,-2.11,vous et,yes,no,fragment; loose,,
à Rome,2,543865,4474,,à Rome,no,no,rare word,,
l' enfance,2,543797,4475,3.96,le enfance,yes,no,article + word,,
des institutions,2,543790,4476,4.55,un institution,yes,no,article + word,,
de l' existence,3,543661,4477,7.11,de le existence,yes,no,fragment,,
sur ce point,3,543401,4478,10.14,sur ce point,yes,yes,,,
à chacun,2,543151,4479,2.23,à chacun,yes,no,loose,,
place du,2,543145,4480,2.04,place du,yes,no,fragment; loose,,
la sensation,2,543030,4481,3.86,le sensation,yes,no,article + word,,
le bas,2,542888,4482,1.93,le bas,yes,no,article + word; loose,,
même d',2,542877,4483,-0.7,même de,yes,no,fragment; loose,,
en Italie,2,542877,4484,4.63,en Italie,no,no,rare word,,
pendant une,2,542792,4485,1.95,pendant un,yes,no,fragment; loose,,
nous ne sommes,3,542753,4486,12,nous ne être,yes,yes,,,
l' aider,2,542507,4487,3.27,le aider,yes,no,article + word,,
en riant,2,542486,4488,5.87,en riant,yes,yes,,,
un jeu,2,542469,4489,3.49,un jeu,yes,no,article + word,,
les traits,2,542453,4490,4.22,le trait,yes,no,article + word,,
ne soit pas,3,542230,4491,9.36,ne être pas,yes,yes,,,
ne voulais,2,542087,4492,5.34,ne vouloir,yes,yes,,,
pour comprendre,2,542029,4493,3.76,pour comprendre,yes,yes,,,
ainsi que la,3,541810,4494,6.1,ainsi que le,yes,no,fragment; written style,,
référence à,2,541808,4495,3.65,référence à,yes,no,fragment,,
trois mois,2,541803,4496,6.82,trois mois,yes,yes,,,
partie de l',3,541782,4497,5.55,partie de le,yes,no,fragment,,
moitié de,2,541753,4498,2.07,moitié de,yes,no,fragment; loose,,
la personnalité,2,541748,4499,3.87,le personnalité,yes,no,article + word,,
des êtres,2,541726,4500,4.69,un être,yes,no,article + word,,
l' événement,2,541700,4501,4.2,le événement,yes,no,article + word,,
guerre de,2,541672,4502,0.39,guerre de,yes,no,fragment; loose,,
y sont,2,541611,4503,1.83,y être,yes,no,loose,,
être aussi,2,541563,4504,2.46,être aussi,yes,no,loose,,
de la recherche,3,541294,4505,6.12,de le recherche,yes,no,fragment,,
de l' âme,3,541293,4506,7.15,de le âme,yes,no,fragment,,
visant à,2,541266,4507,5.14,viser à,yes,no,fragment,,
à personne,2,541254,4508,0.98,à personne,yes,no,loose,,
une salle,2,541216,4509,3.34,un salle,yes,no,article + word,,
encore moins,2,541167,4510,4.5,encore moins,yes,yes,,,
cette année,2,540992,4511,4.99,ce année,yes,no,article + word,,
plus facile,2,540919,4512,5.53,plus facile,yes,yes,,,
de connaître,2,540844,4513,1.82,de connaître,yes,no,fragment; loose,,
le recours,2,540831,4514,3.72,le recours,yes,no,article + word,,
une carte,2,540647,4515,3.99,un carte,yes,no,article + word,,
le professeur,2,540414,4516,3.69,le professeur,yes,no,article + word,,
ma chambre,2,540330,4517,6.13,mon chambre,yes,no,article + word,,
à chaque fois,3,540211,4518,11.15,à chaque fois,yes,yes,,,
le sourire,2,540177,4519,2.13,le sourire,yes,no,article + word; loose,,
son œuvre,2,540140,4520,4.05,son œuvre,yes,no,article + word,,
de ce fait,3,539939,4521,5.19,de ce faire,yes,no,fragment,,
position de,2,539826,4522,1.6,position de,yes,no,fragment; loose,,
haussa les,2,539734,4523,5.54,haussa le,no,no,fragment; rare word,,
combien de temps,3,539728,4524,11.75,combien de temps,yes,yes,,,
mais bien,2,539605,4525,1.17,mais bien,yes,no,loose,,
dans l' histoire,3,539434,4526,8.03,dans le histoire,yes,yes,,,
côté d',2,539376,4527,1.9,côté de,yes,no,fragment; loose,,
des politiques,2,539348,4528,3.14,un politique,yes,no,article + word,,
pour mettre,2,539298,4529,3.17,pour mettre,yes,yes,,,
ce même,2,539177,4530,0.43,ce même,yes,no,article + word; loose,,
la saison,2,539083,4531,3.33,le saison,yes,no,article + word,,
a priori,2,538927,4532,7.42,avoir priori,yes,yes,,,
mais surtout,2,538840,4533,4.03,mais surtout,yes,yes,,,
l' offre,2,538723,4534,3.31,le offre,yes,no,article + word,,
sont le,2,538585,4535,-1.45,être le,yes,no,fragment; loose,,
la prise en,3,538548,4536,8.19,le prise en,yes,no,fragment,,
ses épaules,2,538524,4537,6.15,son épauler,yes,no,article + word,,
seulement de,2,538415,4538,0.1,seulement de,yes,no,fragment; loose,,
si cette,2,538404,4539,1.54,si ce,yes,no,fragment; loose,,
membres de la,3,538383,4540,6.4,membre de le,yes,no,fragment,,
intérêt de,2,538217,4541,1.21,intérêt de,yes,no,fragment; loose,,
comme tu,2,538080,4542,1.7,comme tu,yes,no,loose,,
par tous,2,538066,4543,1.59,par tout,yes,no,loose,,
la jurisprudence,2,538005,4544,4.55,le jurisprudence,no,no,article + word; rare word,,
de ne plus,3,537991,4545,3.73,de ne plus,yes,no,fragment,,
vous étiez,2,537887,4546,7.75,vous être,yes,yes,,,
du conseil,2,537860,4547,3.42,du conseil,yes,no,article + word,,
la marche,2,537856,4548,2.74,le marche,yes,no,article + word; loose,,
ou plus,2,537719,4549,0.26,ou plus,yes,no,loose,,
se rendit,2,537677,4550,6.63,se rendre,no,no,rare word,,
puis se,2,537667,4551,2.03,pouvoir se,yes,no,fragment; loose,,
sont souvent,2,537649,4552,4.26,être souvent,yes,yes,,,
ci est,2,537583,4553,2.14,ci être,yes,no,loose,,
qui vont,2,537511,4554,4.34,qui aller,yes,yes,,,
sont d',2,537387,4555,-0.72,être de,yes,no,fragment; loose,,
cesse de,2,537382,4556,2.44,cesser de,yes,no,fragment; loose,,
liés à,2,537237,4557,4.53,lier à,yes,no,fragment,,
a d',2,536963,4558,-1.9,avoir de,yes,no,fragment; loose,,
une journée,2,536947,4559,3.68,un journée,yes,no,article + word,,
les actes,2,536873,4560,3.55,le acte,yes,no,article + word,,
des cours,2,536696,4561,2.19,un cours,yes,no,article + word; loose,,
en Angleterre,2,536608,4562,4.59,en Angleterre,no,no,rare word,,
des animaux,2,536373,4563,4.21,un animal,yes,no,article + word,,
les actions,2,536357,4564,3.52,le action,yes,no,article + word,,
l' Histoire,2,536353,4565,,le Histoire,no,no,article + word; rare word,,
d' un grand,3,536216,4566,7.45,de un grand,yes,yes,,,
jeunes gens,2,536120,4567,8.53,jeune gens,yes,yes,,,
sur le dos,3,535881,4568,10.27,sur le dos,yes,yes,,,
ce mot,2,535768,4569,3.81,ce mot,yes,no,article + word,,
cette ville,2,535601,4570,4.28,ce ville,yes,no,article + word,,
problèmes de,2,535432,4571,1.85,problème de,yes,no,fragment; loose,,
toujours la,2,535323,4572,-0.32,toujours le,yes,no,fragment; loose,,
la passion,2,535301,4573,3.41,le passion,yes,no,article + word,,
les ressources,2,535205,4574,3.58,le ressourcer,yes,no,article + word,,
reste du,2,535205,4575,2.52,reste du,yes,no,fragment; loose,,
pas à l',3,534874,4576,2.8,pas à le,yes,no,fragment; loose,,
de l' humanité,3,534862,4577,8.35,de le humanité,yes,no,fragment,,
évolution de,2,534698,4578,1.93,évolution de,yes,no,fragment; loose,,
se lève,2,534660,4579,6.23,se lève,yes,yes,,,
une œuvre,2,534402,4580,2.85,un œuvre,yes,no,article + word; loose,,
usage de,2,534401,4581,1.96,usage de,yes,no,fragment; loose,,
étant donné,2,534383,4582,8.88,étant donné,yes,yes,,,
ceux que,2,534234,4583,1.91,celui que,yes,no,fragment; loose,,
à bout,2,534148,4584,2.21,à bout,yes,no,loose,,
je ne savais,3,533860,4585,12.74,je ne savoir,yes,yes,,,
des opérations,2,533754,4586,4.6,un opération,yes,no,article + word,,
un des plus,3,533707,4587,4.48,un un plus,yes,no,,,
les prix,2,533700,4588,2.31,le prix,yes,no,article + word; loose,,
un caractère,2,533691,4589,3.39,un caractère,yes,no,article + word,,
main dans,2,533664,4590,2.06,main dans,yes,no,fragment; loose,,
avons vu,2,533648,4591,7.44,avoir voir,yes,yes,,,
donc un,2,533565,4592,0.86,donc un,yes,no,fragment; loose,,
pas aussi,2,533491,4593,0.8,pas aussi,yes,no,loose,,
grand nombre de,3,533407,4594,11.07,grand nombre de,yes,no,fragment,,
utilisation de,2,533403,4595,2.43,utilisation de,yes,no,fragment; loose,,
ne faisait,2,532670,4596,3.64,ne faire,yes,yes,,,
puis je,2,532612,4597,1.78,pouvoir je,yes,no,loose,,
la technique,2,532605,4598,2.93,le technique,yes,no,article + word; loose,,
que l' on peut,4,532583,4599,14.08,que le on pouvoir,yes,yes,,,
du jeune,2,532525,4600,2.31,du jeune,yes,no,article + word; loose,,
du président,2,532431,4601,3.7,du président,yes,no,article + word,,
à voir avec,3,532304,4602,8.45,à voir avec,yes,no,fragment,,
d' accès,2,531869,4603,3.74,de accès,yes,yes,,,
la morale,2,531830,4604,3.17,le morale,yes,no,article + word,,
à plusieurs reprises,3,531777,4605,15.84,à plusieurs reprise,yes,yes,,,
je leur,2,531759,4606,0.56,je son,yes,no,loose,,
eau de,2,531674,4607,0.23,eau de,yes,no,fragment; loose,,
l ' eau,3,531628,4608,,l ' eau,no,no,rare word,,
on ne sait,3,531604,4609,12.2,on ne savoir,yes,yes,,,
est important,2,531420,4610,3.71,être important,yes,yes,,,
eu lieu,2,531411,4611,7.11,avoir lieu,yes,yes,,,
la stratégie,2,531408,4612,3.56,le stratégie,yes,no,article + word,,
le contraire,2,531402,4613,2.58,le contraire,yes,no,article + word; loose,,
de saint,2,530903,4614,0.32,de saint,yes,no,fragment; loose,,
en sorte,2,530613,4615,2.73,en sorte,yes,no,loose,,
risque d',2,530578,4616,3.26,risque de,yes,no,fragment,,
vous les,2,530577,4617,-1.78,vous le,yes,no,fragment; loose,,
dès l',2,530463,4618,1.61,dès le,yes,no,fragment; loose,,
l' interprétation,2,530401,4619,4.26,le interprétation,yes,no,article + word,,
l ' air,3,530188,4620,,l ' air,no,no,rare word,,
on vous,2,530135,4621,0.55,on vous,yes,no,loose,,
pour savoir,2,530110,4622,2.89,pour savoir,yes,no,loose,,
celle que,2,530031,4623,1.68,celui que,yes,no,fragment; loose,,
le signe,2,529919,4624,2.74,le signe,yes,no,article + word; loose,,
un grand nombre,3,529894,4625,12.95,un grand nombre,yes,yes,,,
l' effort,2,529816,4626,3.99,le effort,yes,no,article + word,,
du mois,2,529508,4627,2.75,du mois,yes,no,article + word; loose,,
de lire,2,529420,4628,2,de lire,yes,no,fragment; loose,,
le parti,2,529377,4629,2.6,le parti,yes,no,article + word; loose,,
la haine,2,529373,4630,3.98,le haine,yes,no,article + word,,
les liens,2,529345,4631,4.21,le lien,yes,no,article + word,,
dire la,2,529340,4632,-0.31,dire le,yes,no,fragment; loose,,
par hasard,2,529256,4633,5.78,par hasard,yes,yes,,,
des jours,2,529250,4634,1.78,un jour,yes,no,article + word; loose,,
ans plus tard,3,529067,4635,14.6,an plus tard,yes,yes,,,
grâce aux,2,529015,4636,5.38,grâce aux,yes,no,fragment,,
au milieu de la,4,528894,4637,13.37,au milieu de le,yes,no,fragment,,
effets de,2,528733,4638,2,effet de,yes,no,fragment; loose,,
je prends,2,528634,4639,5.74,je prendre,yes,yes,,,
mais elle ne,3,528573,4640,7,mais lui ne,yes,no,fragment,,
prêts à,2,528305,4641,4.8,prêt à,yes,no,fragment,,
en grande,2,528302,4642,1.58,en grand,yes,no,loose,,
des siècles,2,528159,4643,4.46,un siècle,yes,no,article + word,,
se pose,2,528048,4644,5.27,se pose,yes,yes,,,
car l',2,527959,4645,0.73,car le,yes,no,fragment; loose,,
se retrouver,2,527834,4646,4.88,se retrouver,yes,yes,,,
du commerce,2,527778,4647,4.44,du commerce,yes,no,article + word,,
le produit,2,527719,4648,2.7,le produit,yes,no,article + word; loose,,
à condition,2,527651,4649,3.37,à condition,yes,yes,,,
qui est le,3,527649,4650,3.36,qui être le,yes,no,fragment,,
les petites,2,527506,4651,3.3,le petit,yes,no,article + word,,
derrière les,2,527459,4652,2.18,derrière le,yes,no,fragment; loose,,
soit à,2,527424,4653,0.49,être à,yes,no,fragment; loose,,
a rien,2,527366,4654,2.02,avoir rien,yes,no,loose,,
équipe de,2,527309,4655,2.07,équipe de,yes,no,fragment; loose,,
moitié du,2,527179,4656,4.38,moitié du,yes,no,fragment,,
même une,2,527169,4657,-0.46,même un,yes,no,fragment; loose,,
société de,2,527154,4658,0.35,société de,yes,no,fragment; loose,,
ainsi à,2,527067,4659,0.03,ainsi à,yes,no,fragment; loose,,
le paysage,2,526958,4660,4.33,le paysage,yes,no,article + word,,
à la mort,3,526917,4661,6.34,à le mort,yes,yes,,,
action de,2,526912,4662,0.79,action de,yes,no,fragment; loose,,
histoire et,2,526904,4663,0.88,histoire et,yes,no,fragment; loose,,
se faisait,2,526808,4664,3.72,se faire,yes,yes,,,
vient d',2,526670,4665,2.89,venir de,yes,no,fragment; loose,,
son existence,2,526665,4666,4.67,son existence,yes,no,article + word,,
l' Italie,2,526557,4667,4.15,le Italie,no,no,article + word; rare word,,
aide à,2,526527,4668,2.38,aide à,yes,no,fragment; loose,,
pendant ce,2,526516,4669,2.76,pendant ce,yes,no,fragment; loose,,
dessus du,2,526205,4670,3.04,dessus du,yes,no,fragment,,
pris le,2,525957,4671,1.68,pris le,yes,no,fragment; loose,,
type d',2,525839,4672,2.94,typer de,yes,no,fragment; loose,,
ça se,2,525741,4673,1.8,ça se,yes,no,fragment; loose,,
le développement de,3,525691,4674,6.43,le développement de,yes,no,fragment,,
je suis un,3,525520,4675,8.03,je être un,yes,no,fragment,,
du château,2,525513,4676,4.66,du château,yes,no,article + word,,
l' Homme,2,525401,4677,,le Homme,no,no,article + word; rare word,,
pour chaque,2,525369,4678,2.43,pour chaque,yes,no,loose,,
les mouvements,2,525260,4679,3.95,le mouvement,yes,no,article + word,,
que tout le,3,525042,4680,4.88,que tout le,yes,no,fragment,,
sans rien,2,524942,4681,3.68,sans rien,yes,yes,,,
du mardi,2,524937,4682,5.62,du mardi,yes,no,article + word,,
pleine de,2,524794,4683,1.99,plein de,yes,no,fragment; loose,,
pour rien,2,524782,4684,1.57,pour rien,yes,no,loose,,
possibilité d',2,524759,4685,4.05,possibilité de,yes,no,fragment,,
ce nom,2,524744,4686,3.06,ce nom,yes,no,article + word,,
et à mesure,3,524737,4687,7.56,et à mesure,yes,no,fragment,,
de l' un,3,524712,4688,0.66,de le un,yes,no,fragment; loose,,
d' écrire,2,524658,4689,4.14,de écrire,yes,yes,,,
lié à,2,524597,4690,4.68,lié à,yes,no,fragment,,
plus longtemps,2,524558,4691,4.13,plus longtemps,yes,yes,,,
pas beaucoup,2,524510,4692,2.57,pas beaucoup,yes,no,loose,,
les termes,2,524485,4693,3.18,le terme,yes,no,article + word,,
les chambres,2,524432,4694,3.73,le chambre,yes,no,article + word,,
que je le,3,524428,4695,3.54,que je le,yes,no,fragment,,
avec leur,2,524388,4696,1.41,avec son,yes,no,loose,,
le comportement,2,524379,4697,3.64,le comportement,yes,no,article + word,,
cessé de,2,524353,4698,3.57,cesser de,yes,no,fragment,,
son histoire,2,524295,4699,3.14,son histoire,yes,no,article + word,,
convient de,2,524293,4700,2.82,convier de,yes,no,fragment; loose,,
les groupes,2,524240,4701,3.4,le groupe,yes,no,article + word,,
contre son,2,524012,4702,2.57,contre son,yes,no,fragment; loose,,
le Seigneur,2,523989,4703,,le Seigneur,no,no,article + word; rare word,,
en permanence,2,523976,4704,5.69,en permanence,yes,yes,,,
la grâce,2,523847,4705,1.64,le grâce,yes,no,article + word; loose,,
de l' information,3,523711,4706,7.5,de le information,yes,no,fragment,,
toujours plus,2,523705,4707,2.24,toujours plus,yes,no,loose,,
hors du,2,523646,4708,3.92,hors du,yes,no,fragment,,
une analyse,2,523537,4709,3.64,un analyse,yes,no,article + word,,
de transport,2,523463,4710,3.21,de transport,yes,no,fragment,,
je fus,2,523403,4711,6.84,je être,yes,yes,,,
donc la,2,523288,4712,-0.31,donc le,yes,no,fragment; loose,,
en d',2,523268,4713,-3.27,en de,yes,no,fragment; loose,,
deux mois,2,523253,4714,5.27,deux mois,yes,yes,,,
parler à,2,523119,4715,1.69,parler à,yes,no,fragment; loose,,
facile de,2,523096,4716,2.15,facile de,yes,no,fragment; loose,,
nature et,2,522692,4717,1.57,nature et,yes,no,fragment; loose,,
servir de,2,522617,4718,2.25,servir de,yes,no,fragment; loose,,
devant une,2,522545,4719,1.78,devant un,yes,no,fragment; loose,,
une de ces,3,522540,4720,4.37,un de ce,yes,no,fragment,,
poussa un,2,522538,4721,5.29,poussa un,no,no,fragment; rare word,,
donc une,2,522530,4722,1.12,donc un,yes,no,fragment; loose,,
que de la,3,522342,4723,0.28,que de le,yes,no,fragment; loose,,
ne devait,2,522333,4724,3.85,ne devoir,yes,yes,,,
de la police,3,522293,4725,6.84,de le police,yes,no,fragment,,
et parfois,2,522284,4726,1.65,et parfois,yes,no,fragment; loose,,
niveau des,2,522284,4727,2.71,niveau un,yes,no,fragment; loose,,
du fond,2,522259,4728,3.27,du fond,yes,no,article + word,,
un chemin,2,522245,4729,3.03,un chemin,yes,no,article + word,,
que dans les,3,522127,4730,3.44,que dans le,yes,no,fragment,,
le voyage,2,522101,4731,2.82,le voyage,yes,no,article + word; loose,,
a deux,2,522083,4732,1.05,avoir deux,yes,no,loose,,
l' Esprit,2,522006,4733,,le Esprit,no,no,article + word; rare word,,
avoir le,2,521848,4734,-0.08,avoir le,yes,no,fragment; loose,,
de haut,2,521848,4735,0.74,de haut,yes,no,fragment; loose,,
trouve dans,2,521843,4736,3.03,trouver dans,yes,no,fragment,,
se trouver,2,521803,4737,3.83,se trouver,yes,yes,,,
l' exploitation,2,521802,4738,4.33,le exploitation,yes,no,article + word,,
des systèmes,2,521691,4739,4.62,un système,yes,no,article + word,,
et ainsi,2,521261,4740,-0.16,et ainsi,yes,no,fragment; loose,,
à jamais,2,521251,4741,0.3,à jamais,yes,no,loose,,
en anglais,2,521178,4742,3.67,en anglais,yes,yes,,,
est vrai que,3,521149,4743,9.46,être vrai que,yes,no,fragment,,
trente ans,2,521141,4744,8.61,trente an,yes,yes,,,
à y,2,520986,4745,-1.31,à y,yes,no,loose,,
qui serait,2,520875,4746,2.58,qui être,yes,no,loose,,
de suivre,2,520853,4747,1.92,de suivre,yes,no,fragment; loose,,
dessus de la,3,520848,4748,5.78,dessus de le,yes,no,fragment,,
la Bible,2,520797,4749,,le Bible,no,no,article + word; rare word,,
jours plus,2,520664,4750,3.25,jour plus,yes,yes,,,
ne fait pas,3,520623,4751,7.82,ne faire pas,yes,yes,,,
de perdre,2,520408,4752,2.02,de perdre,yes,no,fragment; loose,,
de fleurs,2,520267,4753,2.54,de fleur,yes,no,fragment; loose,,
modes de,2,520256,4754,3.43,mode de,no,no,fragment; rare word,,
son attention,2,520246,4755,4.46,son attention,yes,no,article + word,,
fil des,2,520137,4756,4.12,fil un,yes,no,fragment,,
vous voyez,2,520105,4757,6.65,vous voir,yes,yes,,,
du haut,2,520075,4758,3.09,du haut,yes,no,article + word,,
comprendre que,2,519993,4759,3.15,comprendre que,yes,no,fragment,,
puis de,2,519939,4760,-1.09,pouvoir de,yes,no,fragment; loose,,
fur et,2,519786,4761,5.37,fur et,yes,no,fragment,,
ville et,2,519343,4762,1.13,ville et,yes,no,fragment; loose,,
la richesse,2,519264,4763,4.22,le richesse,yes,no,article + word,,
vois pas,2,519094,4764,4.24,voir pas,yes,yes,,,
du chef,2,518994,4765,3.4,du chef,yes,no,article + word,,
de la santé,3,518961,4766,6.54,de le santé,yes,no,fragment,,
pas grand,2,518845,4767,1.98,pas grand,yes,no,loose,,
soit en,2,518778,4768,1.03,être en,yes,no,fragment; loose,,
de gauche,2,518665,4769,1.35,de gauche,yes,no,fragment; loose,,
le domaine de,3,518575,4770,7.14,le domaine de,yes,no,fragment,,
rien à voir,3,518563,4771,10.55,rien à voir,yes,yes,,,
sort de,2,518541,4772,1.98,sort de,yes,no,fragment; loose,,
les dernières,2,518517,4773,3.64,le dernier,yes,no,article + word,,
en parler,2,518487,4774,2.24,en parler,yes,no,loose,,
fin d',2,518487,4775,1.85,fin de,yes,no,fragment; loose,,
de mon père,3,518408,4776,8.99,de mon père,yes,no,fragment,,
au développement,2,518330,4777,3.9,au développement,yes,no,article + word,,
l' artiste,2,518146,4778,4.53,le artiste,yes,no,article + word,,
quantité de,2,518138,4779,2.94,quantité de,yes,no,fragment; loose,,
la compréhension,2,518121,4780,3.92,le compréhension,yes,no,article + word,,
et faire,2,517821,4781,-0.94,et faire,yes,no,fragment; loose,,
concernant les,2,517679,4782,3.65,concerner le,yes,no,fragment,,
comme moi,2,517594,4783,2.27,comme moi,yes,no,loose,,
côté des,2,517551,4784,1.79,côté un,yes,no,fragment; loose,,
en contact,2,517296,4785,3.94,en contact,yes,yes,,,
de musique,2,517290,4786,1.67,de musique,yes,no,fragment; loose,,
le chef de,3,517043,4787,6.58,le chef de,yes,no,fragment,,
qui sait,2,516949,4788,3.62,qui savoir,yes,yes,,,
bien en,2,516784,4789,-0.73,bien en,yes,no,fragment; loose,,
alors la,2,516745,4790,-0.76,alors le,yes,no,fragment; loose,,
elle va,2,516537,4791,2.52,lui aller,yes,no,loose,,
fais pas,2,516492,4792,4.09,faire pas,yes,yes,,,
d' un seul,3,516334,4793,8.16,de un seul,yes,yes,,,
dirigea vers,2,516239,4794,9.74,dirigea vers,no,no,rare word,,
pays d',2,516093,4795,1.52,pays de,yes,no,fragment; loose,,
ne sait pas,3,515980,4796,11.11,ne savoir pas,yes,yes,,,
pour des raisons,3,515841,4797,11,pour un raison,yes,yes,,,
les nouveaux,2,515791,4798,3.17,le nouveau,yes,no,article + word,,
de constater,2,515746,4799,3.3,de constater,yes,no,fragment,,
et fait,2,515694,4800,-1.2,et faire,yes,no,fragment; loose,,
raisons de,2,515673,4801,2.07,raison de,yes,no,fragment; loose,,
jamais eu,2,515634,4802,6.09,jamais avoir,yes,yes,,,
en trois,2,515579,4803,1.2,en trois,yes,no,loose,,
l' agriculture,2,515518,4804,4.85,le agriculture,yes,no,article + word,,
de rentrer,2,515432,4805,2.74,de rentrer,yes,no,fragment; loose,,
donc le,2,515422,4806,0.09,donc le,yes,no,fragment; loose,,
l' entretien,2,515283,4807,3.95,le entretien,yes,no,article + word,,
si ça,2,515073,4808,2.99,si ça,yes,no,loose,,
au fur,2,515051,4809,7.3,au fur,yes,no,article + word,,
le jour de,3,514763,4810,4.92,le jour de,yes,no,fragment,,
les intérêts,2,514661,4811,3.77,le intérêt,yes,no,article + word,,
tête en,2,514611,4812,1.18,tête en,yes,no,fragment; loose,,
te le,2,514583,4813,0.54,te le,yes,no,fragment; loose,,
fur et à,3,514541,4814,10.99,fur et à,yes,no,fragment,,
quelque chose à,3,514415,4815,11.71,quelque chose à,yes,no,fragment,,
toujours un,2,514245,4816,0.77,toujours un,yes,no,fragment; loose,,
pour ces,2,514202,4817,0.52,pour ce,yes,no,fragment; loose,,
organisation de,2,514158,4818,1.42,organisation de,yes,no,fragment; loose,,
ta mère,2,514149,4819,7.6,ton mère,yes,no,article + word,,
que l' homme,3,514087,4820,6.77,que le homme,yes,yes,,,
le sort,2,514079,4821,3.14,le sort,yes,no,article + word,,
au titre,2,513815,4822,4.15,au titre,yes,no,article + word,,
fondée sur,2,513482,4823,6.66,fonder sur,yes,no,fragment,,
quelques semaines,2,513472,4824,8.19,quelque semaine,yes,yes,,,
ce travail,2,513463,4825,2.67,ce travail,yes,no,article + word; loose,,
développement des,2,513460,4826,2.7,développement un,yes,no,fragment; loose,,
fur et à mesure,4,513447,4827,23.2,fur et à mesure,yes,yes,,,
si peu,2,513396,4828,2.87,si peu,yes,no,loose,,
plus forte,2,513318,4829,5.18,plus forte,yes,yes,,,
l' institution,2,513310,4830,4.47,le institution,yes,no,article + word,,
au passage,2,513293,4831,4.49,au passage,yes,no,article + word,,
de la fin,3,513180,4832,5.06,de le fin,yes,no,fragment,,
il semblait,2,513110,4833,3.3,il sembler,yes,yes,,,
tandis que le,3,512936,4834,8.6,tandis que le,yes,no,fragment,,
juste à,2,512925,4835,1.66,juste à,yes,no,fragment; loose,,
école de,2,512822,4836,1.15,école de,yes,no,fragment; loose,,
que nos,2,512783,4837,1.84,que notre,yes,no,loose,,
en relation,2,512631,4838,3.19,en relation,yes,yes,,,
de changer,2,512616,4839,2.17,de changer,yes,no,fragment; loose,,
la fin de l',4,512615,4840,10.82,le fin de le,yes,no,fragment,,
sur le côté,3,512486,4841,8.68,sur le côté,yes,yes,,,
sous sa,2,512379,4842,2.51,sou son,yes,no,fragment; loose,,
se demander,2,512374,4843,4.51,se demander,yes,yes,,,
de l' activité,3,512316,4844,7.03,de le activité,yes,no,fragment,,
si une,2,512250,4845,-0.55,si un,yes,no,fragment; loose,,
en faveur de,3,512178,4846,8.76,en faveur de,yes,no,fragment,,
sur votre,2,512161,4847,2.37,sur votre,yes,no,loose,,
des points,2,511983,4848,3.63,un point,yes,no,article + word,,
grâce à la,3,511971,4849,7.24,grâce à le,yes,no,fragment,,
elle fait,2,511846,4850,0.67,lui faire,yes,no,loose,,
des coups,2,511722,4851,3.9,un coup,yes,no,article + word,,
lien avec,2,511686,4852,5.69,lien avec,yes,no,fragment,,
aussi pour,2,511655,4853,0.72,aussi pour,yes,no,fragment; loose,,
des lettres,2,511506,4854,3.61,un lettre,yes,no,article + word,,
à temps,2,511448,4855,-0.33,à temps,yes,no,loose,,
auprès du,2,511366,4856,3.89,auprès du,yes,no,fragment,,
cause de la,3,511239,4857,5.73,cause de le,yes,no,fragment,,
la traduction,2,511148,4858,3.67,le traduction,yes,no,article + word,,
en ces,2,510974,4859,-0.39,en ce,yes,no,fragment; loose,,
amour et,2,510865,4860,1.44,amour et,yes,no,fragment; loose,,
va de,2,510807,4861,-0.47,aller de,yes,no,fragment; loose,,
famille de,2,510621,4862,0.25,famille de,yes,no,fragment; loose,,
encore des,2,510617,4863,0.27,encore un,yes,no,fragment; loose,,
au fur et,3,510585,4864,12.75,au fur et,yes,no,fragment,,
était dans,2,510401,4865,-0.74,être dans,yes,no,fragment; loose,,
aussi dans,2,510200,4866,0.44,aussi dans,yes,no,fragment; loose,,
un peu d',3,510033,4867,6.73,un peu de,yes,no,fragment,,
sur le lit,3,509837,4868,9.77,sur le lit,yes,yes,,,
la dernière fois,3,509757,4869,11.83,le dernier fois,yes,yes,,,
ne pouvons,2,509651,4870,5.52,ne pouvoir,yes,yes,,,
je me demande,3,509609,4871,12.07,je me demande,yes,yes,,,
l' endroit où,3,509496,4872,12.28,le endroit où,yes,yes,,,
en cette,2,509440,4873,-1.02,en ce,yes,no,fragment; loose,,
à mesure que,3,509424,4874,8.6,à mesure que,yes,no,fragment,,
il que,2,509352,4875,-2.96,il que,yes,no,fragment; loose,,
vu le,2,509328,4876,1.45,voir le,yes,no,fragment; loose,,
vous faites,2,509291,4877,5.3,vous faire,yes,yes,,,
contre un,2,509113,4878,1.06,contre un,yes,no,fragment; loose,,
le regard de,3,509050,4879,5.6,le regard de,yes,no,fragment,,
la résistance,2,508989,4880,3.42,le résistance,yes,no,article + word,,
te plaît,2,508967,4881,9.2,te plaire,yes,yes,,,
ne pense,2,508891,4882,4.21,ne penser,yes,yes,,,
je viens de,3,508751,4883,9.38,je venir de,yes,no,fragment,,
que je veux,3,508716,4884,9.81,que je vouloir,yes,yes,,,
la conduite,2,508667,4885,3.5,le conduite,yes,no,article + word,,
l' impact,2,508501,4886,4.52,le impact,yes,no,article + word,,
savait pas,2,508412,4887,4.05,savoir pas,yes,yes,,,
des populations,2,508258,4888,4.86,un population,no,no,article + word; rare word,,
appris à,2,508223,4889,3.57,apprendre à,yes,no,fragment,,
de la cuisine,3,508223,4890,6.72,de le cuisine,yes,no,fragment,,
de cassation,2,508210,4891,4.04,de cassation,no,no,fragment; rare word,,
fait de la,3,508210,4892,2.81,faire de le,yes,no,fragment; loose,,
qui ne se,3,508025,4893,5.99,qui ne se,yes,no,fragment,,
les deux hommes,3,507986,4894,10.47,le deux homme,yes,yes,,,
au cours de la,4,507946,4895,12.78,au cours de le,yes,no,fragment,,
milieu d',2,507925,4896,2.69,milieu de,yes,no,fragment; loose,,
nombre des,2,507892,4897,2.22,nombre un,yes,no,fragment; loose,,
mes amis,2,507827,4898,7.41,mon ami,yes,no,article + word,,
en vérité,2,507777,4899,3.02,en vérité,yes,yes,,,
l' arbre,2,507762,4900,4.17,le arbre,yes,no,article + word,,
à la même,3,507758,4901,3.68,à le même,yes,yes,,,
vous à,2,507716,4902,-2.04,vous à,yes,no,fragment; loose,,
nous savons,2,507693,4903,7.52,nous savon,yes,yes,,,
dans chaque,2,507658,4904,2.11,dans chaque,yes,no,loose,,
est impossible,2,507628,4905,3.92,être impossible,yes,yes,,,
de la science,3,507395,4906,7.13,de le science,yes,no,fragment,,
le château,2,507357,4907,3.42,le château,yes,no,article + word,,
un article,2,507251,4908,2.6,un article,yes,no,article + word; loose,,
les familles,2,507196,4909,3.87,le famille,yes,no,article + word,,
à la suite de,4,507145,4910,11.23,à le suite de,yes,no,fragment,,
les armes,2,506977,4911,3.68,le arme,yes,no,article + word,,
des œuvres,2,506781,4912,4.07,un œuvres,yes,no,article + word,,
sa première,2,506772,4913,3.64,son première,yes,no,article + word,,
hôtel de,2,506759,4914,1.71,hôtel de,yes,no,fragment; loose,,
se dirigea vers,3,506706,4915,17.16,se dirigea vers,no,no,rare word,,
dizaine de,2,506589,4916,3.71,dizaine de,yes,no,fragment,,
le but de,3,506497,4917,7.03,le but de,yes,no,fragment,,
que toute,2,506484,4918,1.08,que toute,yes,no,loose,,
mains sur,2,506421,4919,3.64,main sur,yes,no,fragment,,
cet égard,2,506338,4920,8.33,ce égard,yes,no,article + word,,
donner des,2,506219,4921,2.44,donner un,yes,no,fragment; loose,,
l' an,2,506152,4922,2.89,le an,yes,no,article + word; loose,,
comme cela,2,506134,4923,2.75,comme celer,yes,no,loose,,
l' espèce,2,506109,4924,3.71,le espèce,yes,no,article + word,,
leva les,2,506092,4925,3.48,lever le,no,no,fragment; rare word,,
pour ce qui,3,506073,4926,5.68,pour ce qui,yes,no,,,
il veut,2,506067,4927,2.76,il vouloir,yes,no,loose,,
de croire,2,506062,4928,1.48,de croire,yes,no,fragment; loose,,
l' océan,2,506013,4929,4.87,le océan,yes,no,article + word,,
d' homme,2,505984,4930,0.73,de homme,yes,no,loose,,
au fur et à,4,505809,4931,18.36,au fur et à,yes,no,fragment,,
une loi,2,505772,4932,2.63,un loi,yes,no,article + word; loose,,
fond du,2,505761,4933,3.22,fond du,yes,no,fragment,,
on était,2,505702,4934,0.58,on être,yes,no,loose,,
homme d',2,505652,4935,0.73,homme de,yes,no,fragment; loose,,
me dis,2,505632,4936,5.34,me dire,yes,yes,,,
le pire,2,505587,4937,3.72,le pire,yes,no,article + word,,
la photo,2,505527,4938,3.34,le photo,yes,no,article + word,,
l ' article,3,505518,4939,,l ' article,no,no,rare word,,
un café,2,505437,4940,3.71,un café,yes,no,article + word,,
le manque,2,505400,4941,2.98,le manque,yes,no,article + word; loose,,
au ciel,2,505225,4942,4.22,au ciel,yes,no,article + word,,
telle que,2,504813,4943,2.98,tel que,yes,no,fragment; loose,,
au fur et à mesure,5,504802,4944,30.57,au fur et à mesure,yes,yes,,,
dans la ville,3,504782,4945,7.56,dans le ville,yes,yes,,,
une affaire,2,504695,4946,3.47,un affaire,yes,no,article + word,,
groupes de,2,504687,4947,1.89,groupe de,yes,no,fragment; loose,,
vie des,2,504416,4948,0.52,vie un,yes,no,fragment; loose,,
des villes,2,504314,4949,4.14,un ville,yes,no,article + word,,
le roman,2,504197,4950,3.27,le roman,yes,no,article + word,,
a lieu,2,504000,4951,3.13,avoir lieu,yes,yes,,,
que toutes,2,503975,4952,1.41,que tout,yes,no,loose,,
à te,2,503931,4953,0.6,à te,yes,no,fragment; loose,,
plus difficile,2,503801,4954,4.71,plus difficile,yes,yes,,,
une raison,2,503720,4955,2.29,un raison,yes,no,article + word; loose,,
honneur de,2,503700,4956,2.11,honneur de,yes,no,fragment; loose,,
ceux qui sont,3,503566,4957,10.96,celui qui être,yes,yes,,,
peine à,2,503565,4958,1.85,peiner à,yes,no,fragment; loose,,
un changement,2,503557,4959,3.91,un changement,yes,no,article + word,,
les unes,2,503495,4960,5.07,le un,yes,no,article + word,,
plus jeune,2,503463,4961,3.2,plus jeune,yes,yes,,,
je vous en,3,503461,4962,5.72,je vous en,yes,no,fragment,,
de qui,2,503436,4963,-4.45,de qui,yes,no,fragment; loose,,
chercher à,2,503373,4964,2.71,chercher à,yes,no,fragment; loose,,
la température,2,503344,4965,4.2,le température,yes,no,article + word,,
arrivé à,2,503321,4966,3.32,arrivé à,yes,no,fragment,,
le camp,2,503308,4967,3.78,le camp,yes,no,article + word,,
et toutes,2,503214,4968,0.33,et tout,yes,no,fragment; loose,,
des pouvoirs,2,503195,4969,4.47,un pouvoir,yes,no,article + word,,
ou que,2,503192,4970,-1.01,ou que,yes,no,fragment; loose,,
qui faisait,2,502936,4971,3.17,qui faire,yes,yes,,,
de ces deux,3,502768,4972,7.03,de ce deux,yes,no,fragment,,
de douleur,2,502625,4973,1.91,de douleur,yes,no,fragment; loose,,
une erreur,2,502596,4974,4.69,un erreur,yes,no,article + word,,
fut pas,2,502523,4975,2.21,être pas,yes,no,loose,,
l' huile,2,502449,4976,4.24,le huile,yes,no,article + word,,
la médecine,2,502290,4977,3.93,le médecine,yes,no,article + word,,
il avait été,3,502195,4978,8.46,il avoir être,yes,yes,,,
pour ma,2,501865,4979,1.23,pour mon,yes,no,fragment; loose,,
la civilisation,2,501854,4980,4.14,le civilisation,yes,no,article + word,,
vue d',2,501596,4981,2.2,vue de,yes,no,fragment; loose,,
l' accent,2,501496,4982,4.75,le accent,yes,no,article + word,,
analyse des,2,501483,4983,3.25,analyse un,yes,no,fragment,,
vous plaît,2,501428,4984,6.53,vous plaire,yes,yes,,,
d' importance,2,501393,4985,3.52,de importance,yes,yes,,,
porte et,2,501333,4986,0.79,porte et,yes,no,fragment; loose,,
français et,2,501193,4987,1.43,français et,yes,no,fragment; loose,,
de la cour,3,501186,4988,6.16,de le cour,yes,no,fragment,,
ce qui nous,3,501122,4989,6.81,ce qui nous,yes,yes,,,
la forme d',3,501103,4990,7.23,le forme de,yes,no,fragment,,
toujours de,2,501040,4991,-1.16,toujours de,yes,no,fragment; loose,,
ainsi que des,3,500959,4992,7.08,ainsi que un,yes,no,fragment; written style,,
d' entendre,2,500894,4993,3.34,de entendre,yes,yes,,,
liées à,2,500730,4994,4.62,lier à,yes,no,fragment,,
et il se,3,500617,4995,3.39,et il se,yes,no,fragment,,
passer à,2,500574,4996,1.83,passer à,yes,no,fragment; loose,,
de l' état,3,500551,4997,5.33,de le état,yes,no,fragment,,
loin d' être,3,500454,4998,10.88,loin de être,yes,yes,,,
de l' ensemble,3,500304,4999,5.95,de le ensemble,yes,no,fragment,,
le cadre d',3,500258,5000,8.54,le cadre de,yes,no,fragment,,
la composition,2,500143,5001,4.16,le composition,yes,no,article + word,,
entre ces,2,500120,5002,3,entrer ce,yes,no,fragment,,
la tension,2,500041,5003,3.9,le tension,yes,no,article + word,,
vie en,2,499908,5004,0.48,vie en,yes,no,fragment; loose,,
mardi au,2,499843,5005,6.22,mardi au,yes,no,fragment,,
plus l',2,499785,5006,-2.34,plus le,yes,no,fragment; loose,,
le bord,2,499777,5007,2.72,le bord,yes,no,article + word; loose,,
ne jamais,2,499747,5008,1.97,ne jamais,yes,no,loose,,
pourquoi pas,2,499648,5009,2.49,pourquoi pas,yes,no,loose,,
même du,2,499633,5010,-0.36,même du,yes,no,fragment; loose,,
sa voiture,2,499369,5011,5.14,son voiture,yes,no,article + word,,
un garçon,2,499262,5012,3.8,un garçon,yes,no,article + word,,
toute l' année,3,499246,5013,12.4,toute le année,yes,yes,,,
pour donner,2,499097,5014,3.29,pour donner,yes,yes,,,
tenir compte,2,499025,5015,8.8,tenir compte,yes,yes,,,
habitants de,2,498904,5016,2.18,habitant de,yes,no,fragment; loose,,
le mien,2,498888,5017,5.13,le mien,yes,no,article + word,,
du terme,2,498830,5018,3.48,du terme,yes,no,article + word,,
en danger,2,498759,5019,4.26,en danger,yes,yes,,,
à suivre,2,498464,5020,3.11,à suivre,yes,yes,,,
et il y,3,498327,5021,4.74,et il y,yes,no,fragment,,
se sentir,2,498192,5022,5.45,se sentir,yes,yes,,,
condition de,2,498114,5023,2.03,condition de,yes,no,fragment; loose,,
ils peuvent,2,498018,5024,4.73,il pouvoir,yes,yes,,,
veux que,2,497825,5025,2.58,vouloir que,yes,no,fragment; loose,,
je ne voulais,3,497813,5026,12.42,je ne vouloir,yes,yes,,,
lors de l',3,497796,5027,6.16,lors de le,yes,no,fragment,,
au milieu du,3,497732,5028,10.52,au milieu du,yes,no,fragment,,
du mardi au,3,497599,5029,12.94,du mardi au,yes,no,fragment,,
pour trouver,2,497587,5030,3.4,pour trouver,yes,yes,,,
au centre de,3,497470,5031,8.31,au centre de,yes,no,fragment,,
des arbres,2,497340,5032,4.28,un arbre,yes,no,article + word,,
sein des,2,497277,5033,3.19,sein un,yes,no,fragment,,
peut avoir,2,497165,5034,3.65,pouvoir avoir,yes,yes,,,
un et,2,497137,5035,-4.09,un et,yes,no,fragment; article + word; loose,,
en somme,2,497059,5036,4.13,en sommer,yes,yes,,,
de garder,2,497056,5037,2.28,de garder,yes,no,fragment; loose,,
sûr de,2,497029,5038,0.65,sûr de,yes,no,fragment; loose,,
les principaux,2,497023,5039,4.36,le principal,yes,no,article + word,,
quelques mots,2,496936,5040,6.71,quelque mot,yes,yes,,,
porte d',2,496895,5041,1.59,porte de,yes,no,fragment; loose,,
de la grande,3,496616,5042,4.78,de le grand,yes,no,fragment,,
sur le point de,4,496607,5043,12.51,sur le point de,yes,no,fragment,,
nous ont,2,496471,5044,2,nous avoir,yes,no,loose,,
tu avais,2,496214,5045,4.38,tu avoir,yes,yes,,,
de la vérité,3,496093,5046,6.28,de le vérité,yes,no,fragment,,
aide d',2,496004,5047,2.94,aide de,yes,no,fragment; loose,,
à cela,2,495961,5048,-0.01,à celer,yes,no,loose,,
à jouer,2,495910,5049,3.1,à jouer,yes,yes,,,
plus bas,2,495854,5050,3.97,plus bas,yes,yes,,,
l' alcool,2,495842,5051,4.68,le alcool,yes,no,article + word,,
un niveau,2,495766,5052,2.68,un niveau,yes,no,article + word; loose,,
cette maison,2,495733,5053,4.1,ce maison,yes,no,article + word,,
la princesse,2,495661,5054,4.13,le princesse,yes,no,article + word,,
début de la,3,495624,5055,5.92,début de le,yes,no,fragment,,
le couple,2,495575,5056,3.56,le couple,yes,no,article + word,,
une position,2,495508,5057,3.66,un position,yes,no,article + word,,
reste à,2,495468,5058,1.31,reste à,yes,no,fragment; loose,,
heures du matin,3,495468,5059,14.92,heure du matin,yes,yes,,,
sont donc,2,495467,5060,3.2,être donc,yes,yes,,,
à un moment,3,495414,5061,7.02,à un moment,yes,yes,,,
en fonction des,3,495328,5062,9.01,en fonction un,yes,no,fragment,,
la pauvreté,2,495204,5063,4.43,le pauvreté,yes,no,article + word,,
hauteur de,2,495181,5064,2.57,hauteur de,yes,no,fragment; loose,,
la nature de,3,495062,5065,5.53,le nature de,yes,no,fragment,,
le cou,2,495037,5066,3.59,le cou,yes,no,article + word,,
les modalités,2,494951,5067,4.82,le modalité,no,no,article + word; rare word,,
en d' autres,3,494607,5068,6.53,en de autre,yes,yes,,,
les lettres,2,494600,5069,3.18,le lettre,yes,no,article + word,,
la prison,2,494572,5070,3.43,le prison,yes,no,article + word,,
les institutions,2,494399,5071,4.03,le institution,yes,no,article + word,,
part et,2,494207,5072,0.77,part et,yes,no,fragment; loose,,
de fruits,2,494168,5073,2.57,de fruit,yes,no,fragment; loose,,
ce chapitre,2,493907,5074,3.9,ce chapitrer,yes,no,article + word,,
d' arriver,2,493843,5075,3.91,de arriver,yes,yes,,,
le biais,2,493814,5076,4.93,le biais,yes,no,article + word,,
a beaucoup,2,493755,5077,2.9,avoir beaucoup,yes,no,loose,,
peu importe,2,493683,5078,7.21,peu importer,yes,yes,,,
actes de,2,493666,5079,1.97,acte de,yes,no,fragment; loose,,
pas aux,2,493642,5080,0.13,pas aux,yes,no,fragment; loose,,
des droits de l',4,493600,5081,13.07,un droit de le,yes,no,fragment,,
de l' auteur,3,493533,5082,6.99,de le auteur,yes,no,fragment,,
château de,2,493526,5083,2.21,château de,yes,no,fragment; loose,,
pour la plupart,3,493484,5084,9.22,pour le plupart,yes,yes,,,
différence entre,2,493435,5085,7.27,différence entrer,yes,yes,,,
de chambre,2,493202,5086,0.44,de chambre,yes,no,fragment; loose,,
ce texte,2,493041,5087,4.09,ce texte,yes,no,article + word,,
entre les mains,3,493027,5088,11.47,entrer le main,yes,yes,,,
au fil des,3,492939,5089,11.45,au fil un,yes,no,fragment,,
de défense,2,492938,5090,2.27,de défense,yes,no,fragment; loose,,
mon esprit,2,492937,5091,5.19,mon esprit,yes,no,article + word,,
l' Amérique,2,492928,5092,4.18,le Amérique,no,no,article + word; rare word,,
jour et,2,492921,5093,0.4,jour et,yes,no,fragment; loose,,
le sommeil,2,492905,5094,3.66,le sommeil,yes,no,article + word,,
les Allemands,2,492813,5095,,le Allemands,no,no,article + word; rare word,,
noir et,2,492672,5096,2.39,noir et,yes,no,fragment; loose,,
et dans la,3,492656,5097,1.56,et dans le,yes,no,fragment; loose,,
nous ne pouvons,3,492607,5098,13.71,nous ne pouvoir,yes,yes,,,
du processus,2,492601,5099,3.65,du processus,yes,no,article + word,,
un morceau,2,492503,5100,5.19,un morceau,yes,no,article + word,,
de Pierre,2,492403,5101,,de Pierre,no,no,fragment; rare word,,
que nous nous,3,492267,5102,7.19,que nous nous,yes,yes,,,
et tous les,3,492246,5103,5.22,et tout le,yes,no,fragment,,
l' Est,2,492210,5104,,le Est,no,no,article + word; rare word,,
peut plus,2,492182,5105,1.22,pouvoir plus,yes,no,loose,,
le pied,2,492170,5106,2.35,le pied,yes,no,article + word; loose,,
l' engagement,2,492031,5107,4.22,le engagement,yes,no,article + word,,
selon laquelle,2,492012,5108,7.45,selon lequel,yes,no,written style,,
des compétences,2,492004,5109,4.38,un compétence,yes,no,article + word,,
moins en,2,491955,5110,0.73,moins en,yes,no,fragment; loose,,
lui donne,2,491906,5111,4.67,luire donne,yes,yes,,,
sous forme de,3,491781,5112,10.21,sou forme de,yes,no,fragment,,
il faut que je,4,491732,5113,14.99,il falloir que je,yes,yes,,,
l' angle,2,491697,5114,4.53,le angle,yes,no,article + word,,
non sans,2,491689,5115,3.14,non sans,yes,yes,,,
l' avez,2,491634,5116,1.49,le avoir,yes,no,article + word; loose,,
les médias,2,491487,5117,4.77,le média,yes,no,article + word,,
et voilà,2,491451,5118,2,et voilà,yes,no,fragment; loose,,
dans les bras,3,491226,5119,8.48,dans le bras,yes,yes,,,
du plus,2,491219,5120,-1.39,du plus,yes,no,article + word; loose,,
si tu veux,3,490931,5121,13.73,si tu vouloir,yes,yes,,,
de sable,2,490915,5122,3.09,de sable,yes,no,fragment,,
sont bien,2,490886,5123,1.7,être bien,yes,no,loose,,
et d' autre,3,490876,5124,5.58,et de autre,yes,no,fragment,,
de mourir,2,490807,5125,2.28,de mourir,yes,no,fragment; loose,,
il arrive,2,490673,5126,3.26,il arriver,yes,yes,,,
de réponse,2,490623,5127,1.23,de réponse,yes,no,fragment; loose,,
les pouvoirs,2,490544,5128,4.04,le pouvoir,yes,no,article + word,,
aux deux,2,490476,5129,2.28,aux deux,yes,no,article + word; loose,,
y a eu,3,490425,5130,11.94,y avoir avoir,yes,yes,,,
état et,2,490222,5131,0.62,état et,yes,no,fragment; loose,,
et non pas,3,490155,5132,6.5,et non pas,yes,no,fragment,,
l' air d',3,490076,5133,7.63,le air de,yes,no,fragment,,
de l' organisation,3,490025,5134,7.11,de le organisation,yes,no,fragment,,
que faire,2,490007,5135,0.06,que faire,yes,no,loose,,
je l' avais,3,489945,5136,8.29,je le avoir,yes,yes,,,
le son,2,489883,5137,-2.56,le son,yes,no,fragment; article + word; loose,,
de porter,2,489880,5138,2.01,de porter,yes,no,fragment; loose,,
l' initiative,2,489814,5139,4.69,le initiative,yes,no,article + word,,
fut un,2,489750,5140,1.32,être un,yes,no,fragment; loose,,
pour toutes,2,489735,5141,1.93,pour tout,yes,no,loose,,
cet état,2,489577,5142,5.85,ce état,yes,no,article + word,,
d' armes,2,489487,5143,4.08,de arme,yes,yes,,,
est pour,2,489394,5144,-2.16,être pour,yes,no,fragment; loose,,
dans d' autres,3,489382,5145,7.14,dans de autre,yes,yes,,,
avait à,2,489379,5146,-1.8,avoir à,yes,no,fragment; loose,,
dans le couloir,3,489256,5147,10.99,dans le couloir,yes,yes,,,
les détails,2,488980,5148,4.19,le détail,yes,no,article + word,,
a du,2,488949,5149,-1.57,avoir du,yes,no,fragment; loose,,
sa langue,2,488936,5150,4.96,son langue,yes,no,article + word,,
la section,2,488918,5151,3.36,le section,yes,no,article + word,,
l' empire,2,488749,5152,3.67,le empire,yes,no,article + word,,
y ait,2,488716,5153,5.39,y avoir,yes,yes,,,
le cerveau,2,488509,5154,3.82,le cerveau,yes,no,article + word,,
après ce,2,488485,5155,1.43,après ce,yes,no,fragment; loose,,
à force,2,488484,5156,1.83,à forcer,yes,no,loose,,
de classe,2,488478,5157,1.75,de classe,yes,no,fragment; loose,,
lui parler,2,488178,5158,4.18,luire parler,yes,yes,,,
politiques et,2,488091,5159,2.24,politique et,yes,no,fragment; loose,,
dans lesquelles,2,488087,5160,4.88,dans lequel,yes,yes,,,
la clé,2,488081,5161,3.83,le clé,yes,no,article + word,,
l' évidence,2,488057,5162,3.75,le évidence,yes,no,article + word,,
lorsque nous,2,488025,5163,3.94,lorsque nous,yes,yes,,,
la publication,2,487953,5164,4.13,le publication,yes,no,article + word,,
avec laquelle,2,487880,5165,4.1,avec lequel,yes,no,written style,,
époque où,2,487828,5166,5.84,époque où,yes,yes,,,
deux mains,2,487762,5167,5.27,deux main,yes,yes,,,
qui allait,2,487761,5168,3.48,qui aller,yes,yes,,,
lui dis,2,487525,5169,4.72,luire dire,yes,yes,,,
ceux des,2,487467,5170,1.46,celui un,yes,no,fragment; loose,,
de l' hôtel,3,487461,5171,7.41,de le hôtel,yes,no,fragment,,
donc que,2,487449,5172,1,donc que,yes,no,fragment; loose,,
de bons,2,487398,5173,2.47,de bon,yes,no,fragment; loose,,
bien les,2,487285,5174,-1.18,bien le,yes,no,fragment; loose,,
quatre heures,2,487220,5175,7.56,quatre heure,yes,yes,,,
si vous voulez,3,487117,5176,14.49,si vous vouloir,yes,yes,,,
la quantité,2,486929,5177,3.59,le quantité,yes,no,article + word,,
lui un,2,486827,5178,-1.36,luire un,yes,no,fragment; loose,,
verre de,2,486788,5179,1.83,verre de,yes,no,fragment; loose,,
dizaines de,2,486721,5180,3.78,dizaine de,yes,no,fragment,,
son amie,2,486714,5181,5.79,son amie,yes,no,article + word,,
le bois,2,486644,5182,2.2,le bois,yes,no,article + word; loose,,
porte de la,3,486566,5183,4.78,porte de le,yes,no,fragment,,
si l,2,486465,5184,,si l,yes,no,,,
ce lieu,2,486456,5185,2.95,ce lieu,yes,no,article + word; loose,,
même si elle,3,486372,5186,8.88,même si lui,yes,yes,,,
à même,2,486022,5187,-1.5,à même,yes,no,loose,,
ou à la,3,485985,5188,3.16,ou à le,yes,no,fragment,,
dans la société,3,485981,5189,7.79,dans le société,yes,yes,,,
code civil,2,485980,5190,11.65,code civil,yes,yes,,,
l' on a,3,485979,5191,5.6,le on avoir,yes,no,,,
rapport à la,3,485911,5192,6.77,rapport à le,yes,no,fragment,,
la compétence,2,485904,5193,3.76,le compétence,yes,no,article + word,,
quelle que,2,485892,5194,2.95,quel que,yes,no,fragment; loose,,
avant même,2,485887,5195,3.04,avant même,yes,yes,,,
d' utiliser,2,485831,5196,4.08,de utiliser,yes,yes,,,
ont eu,2,485818,5197,5.16,avoir avoir,yes,yes,,,
on nous,2,485775,5198,0.55,on nous,yes,no,loose,,
le chemin de,3,485569,5199,6.58,le chemin de,yes,no,fragment,,
ou plusieurs,2,485522,5200,3.73,ou plusieurs,yes,yes,,,
à l' exception,3,485465,5201,9.77,à le exception,yes,yes,,,
après son,2,485394,5202,1.74,après son,yes,no,fragment; loose,,
même de la,3,485375,5203,2.36,même de le,yes,no,fragment; loose,,
une vingtaine,2,485203,5204,6.35,un vingtaine,yes,no,article + word,,
fait l' objet,3,485123,5205,11.23,faire le objet,yes,yes,,,
elles étaient,2,485043,5206,5.16,lui être,yes,yes,,,
plus un,2,484930,5207,-1.88,plus un,yes,no,fragment; loose,,
changer de,2,484800,5208,2.09,changer de,yes,no,fragment; loose,,
d' une femme,3,484759,5209,7.87,de un femme,yes,yes,,,
tenu de,2,484755,5210,2.34,tenu de,yes,no,fragment; loose,,
ouvert du lundi,3,484726,5211,17.51,ouvert du lundi,yes,yes,,,
la folie,2,484560,5212,3.99,le folie,yes,no,article + word,,
que dans le,3,484433,5213,3.04,que dans le,yes,no,fragment,,
un baiser,2,484289,5214,4.77,un baiser,yes,no,article + word,,
de nos jours,3,484255,5215,10.88,de notre jour,yes,no,fragment,,
à bien,2,484055,5216,-1.39,à bien,yes,no,loose,,
fois plus,2,484037,5217,2,fois plus,yes,no,loose,,
du siècle,2,483921,5218,2.64,du siècle,yes,no,article + word; loose,,
la majorité des,3,483904,5219,9.41,le majorité un,yes,no,fragment,,
de Marie,2,483901,5220,,de Marie,no,no,fragment; rare word,,
fois à,2,483765,5221,-0.08,fois à,yes,no,fragment; loose,,
je ne crois,3,483619,5222,11.12,je ne croire,yes,yes,,,
nous faire,2,483572,5223,1.75,nous faire,yes,no,loose,,
ouvert du lundi au,4,483500,5224,24.9,ouvert du lundi au,yes,no,fragment,,
de vouloir,2,483344,5225,2.29,de vouloir,yes,no,fragment; loose,,
à celles,2,483254,5226,2.2,à celui,yes,no,loose,,
de soins,2,483198,5227,2.44,de soin,yes,no,fragment; loose,,
de dollars,2,483082,5228,3.25,de dollar,yes,no,fragment,,
se demanda,2,483042,5229,3.88,se demander,yes,yes,,,
rien de plus,3,482952,5230,6.44,rien de plus,yes,yes,,,
jeunes filles,2,482886,5231,9.67,jeune fille,yes,yes,,,
décide de,2,482741,5232,3.13,décider de,yes,no,fragment,,
ensemble du,2,482678,5233,2.5,ensemble du,yes,no,fragment; loose,,
un groupe de,3,482400,5234,6.95,un groupe de,yes,no,fragment,,
l' homme et,3,482338,5235,5.6,le homme et,yes,no,fragment,,
son front,2,482304,5236,5.33,son front,yes,no,article + word,,
comprends pas,2,482121,5237,5.2,comprendre pas,yes,yes,,,
bout de la,3,482044,5238,5.92,bout de le,yes,no,fragment,,
auprès d',2,481949,5239,3.34,auprès de,yes,no,fragment,,
la faute,2,481882,5240,2.83,le faute,yes,no,article + word; loose,,
sont toujours,2,481877,5241,3.12,être toujours,yes,yes,,,
numéro de,2,481509,5242,2.45,numéro de,yes,no,fragment; loose,,
le nord,2,481501,5243,2.27,le nord,yes,no,article + word; loose,,
l' importance de,3,481375,5244,7.33,le importance de,yes,no,fragment,,
la piste,2,481303,5245,4.1,le piste,yes,no,article + word,,
l' aide d',3,480999,5246,8.66,le aide de,yes,no,fragment,,
dans le salon,3,480971,5247,10.15,dans le salon,yes,yes,,,
l' or,2,480940,5248,1.93,le or,yes,no,article + word; loose,,
ce ne sont,3,480928,5249,7.61,ce ne être,yes,yes,,,
et de leur,3,480866,5250,3.04,et de son,yes,no,fragment,,
ses côtés,2,480823,5251,6.51,son côté,yes,no,article + word,,
les études,2,480800,5252,2.97,le étude,yes,no,article + word; loose,,
raison d',2,480503,5253,1.94,raison de,yes,no,fragment; loose,,
le spectacle,2,480319,5254,3.74,le spectacle,yes,no,article + word,,
un d' eux,3,480266,5255,7.78,un de lui,yes,yes,,,
les esprits,2,480209,5256,4.31,le esprit,yes,no,article + word,,
en sont,2,480200,5257,-0.96,en être,yes,no,loose,,
au mieux,2,480195,5258,2.96,au mieux,yes,no,article + word; loose,,
son sourire,2,480166,5259,4.16,son sourire,yes,no,article + word,,
son souffle,2,480131,5260,5.46,son souffler,yes,no,article + word,,
delà des,2,480090,5261,3.53,delà un,yes,no,fragment,,
ce titre,2,479879,5262,4.06,ce titre,yes,no,article + word,,
dans la cour,3,479786,5263,8.54,dans le cour,yes,yes,,,
la prière,2,479780,5264,3.94,le prière,yes,no,article + word,,
d' emploi,2,479746,5265,3.69,de emploi,yes,yes,,,
Moyen Âge,2,479675,5266,,Moyen Âge,no,no,rare word,,
elle voulait,2,479600,5267,4.04,lui vouloir,yes,yes,,,
à l' image,3,479430,5268,8.02,à le image,yes,yes,,,
de multiples,2,479380,5269,2.78,de multiple,yes,no,fragment; loose,,
comme celle,2,479328,5270,3.36,comme celui,yes,yes,,,
compris que,2,479178,5271,3.28,compris que,yes,no,fragment,,
des larmes,2,479168,5272,3.84,un larme,yes,no,article + word,,
les meilleurs,2,479073,5273,4.65,le meilleur,yes,no,article + word,,
les faire,2,479037,5274,-0.68,le faire,yes,no,article + word; loose,,
des centaines,2,478838,5275,5.21,un centaine,yes,no,article + word,,
président de la République,4,478791,5276,,président de le République,no,no,rare word,,
je préfère,2,478747,5277,6.24,je préférer,yes,yes,,,
question du,2,478737,5278,2.18,question du,yes,no,fragment; loose,,
de l' éducation,3,478494,5279,7.51,de le éducation,yes,no,fragment,,
en passant par,3,478374,5280,11.85,en passant par,yes,no,fragment,,
par le biais,3,478348,5281,12.4,par le biais,yes,yes,,,
peut dire,2,478332,5282,3.77,pouvoir dire,yes,yes,,,
et il a,3,478187,5283,3.4,et il avoir,yes,no,fragment,,
la réaction,2,478119,5284,3.35,le réaction,yes,no,article + word,,
dans le cadre d',4,478107,5285,15.29,dans le cadre de,yes,no,fragment; written style,,
pour te,2,478072,5286,1.98,pour te,yes,no,fragment; loose,,
que dans la,3,478025,5287,2.6,que dans le,yes,no,fragment; loose,,
le coût,2,478011,5288,4.12,le coût,yes,no,article + word,,
du quartier,2,477999,5289,4.39,du quartier,yes,no,article + word,,
son retour,2,477978,5290,4.13,son retour,yes,no,article + word,,
cette petite,2,477730,5291,4.2,ce petit,yes,no,article + word,,
ce domaine,2,477679,5292,4.51,ce domaine,yes,no,article + word,,
depuis un,2,477326,5293,0.93,depuis un,yes,no,fragment; loose,,
comme étant,2,477285,5294,4.71,comme étant,yes,yes,,,
mains et,2,477204,5295,1.43,main et,yes,no,fragment; loose,,
ouvert tous,2,477075,5296,6.51,ouvert tout,yes,yes,,,
manière à,2,477074,5297,1.48,manière à,yes,no,fragment; loose,,
le corps de,3,477047,5298,5.16,le corps de,yes,no,fragment,,
les membres de,3,476991,5299,6.94,le membre de,yes,no,fragment,,
l' imagination,2,476910,5300,4.41,le imagination,yes,no,article + word,,
mon mari,2,476837,5301,6.62,mon mari,yes,no,article + word,,
la question de la,4,476763,5302,10.05,le question de le,yes,no,fragment,,
XIXe siècle,2,476657,5303,,XIXe siècle,no,no,rare word,,
est le plus,3,476648,5304,3.96,être le plus,yes,no,,,
régime de,2,476614,5305,1.69,régime de,yes,no,fragment; loose,,
de fond,2,476586,5306,0.78,de fond,yes,no,fragment; loose,,
comme par,2,476536,5307,0,comme par,yes,no,fragment; loose,,
de presse,2,476480,5308,2.19,de presse,yes,no,fragment; loose,,
un fait,2,476373,5309,-0.51,un faire,yes,no,article + word; loose,,
comme celui,2,476339,5310,3.15,comme celui,yes,yes,,,
l' échec,2,476284,5311,4.42,le échec,yes,no,article + word,,
la chasse,2,476269,5312,3.68,le chasse,yes,no,article + word,,
ouvert tous les,3,476199,5313,12.33,ouvert tout le,yes,no,fragment,,
la vraie,2,476120,5314,3.34,le vrai,yes,no,article + word,,
du ministère,2,476066,5315,4.85,du ministère,yes,no,article + word,,
du parti,2,476027,5316,3.64,du parti,yes,no,article + word,,
l' Éternel,2,476016,5317,,le Éternel,no,no,article + word; rare word,,
des titres,2,475986,5318,4.65,un titre,yes,no,article + word,,
bien l',2,475888,5319,-1.28,bien le,yes,no,fragment; loose,,
pas forcément,2,475794,5320,5.83,pas forcément,yes,yes,,,
les fonctions,2,475771,5321,3.7,le fonction,yes,no,article + word,,
au texte,2,475724,5322,4.03,au texte,yes,no,article + word,,
comment il,2,475713,5323,1.44,comment il,yes,no,loose,,
les articles,2,475670,5324,3.81,le article,yes,no,article + word,,
tout juste,2,475590,5325,4.46,tout juste,yes,yes,,,
la Chambre,2,475514,5326,,le Chambre,no,no,article + word; rare word,,
à cheval,2,475507,5327,3.46,à cheval,yes,yes,,,
degré de,2,475407,5328,2.9,degré de,yes,no,fragment; loose,,
le froid,2,475394,5329,3.1,le froid,yes,no,article + word,,
une forme de,3,475297,5330,6.69,un forme de,yes,no,fragment,,
depuis le début,3,475289,5331,12.45,depuis le début,yes,yes,,,
cette même,2,475069,5332,1.41,ce même,yes,no,article + word; loose,,
la proposition,2,474974,5333,3.55,le proposition,yes,no,article + word,,
haussa les épaules,3,474892,5334,18.72,haussa le épauler,no,no,rare word,,
un accord,2,474890,5335,3,un accord,yes,no,article + word; loose,,
au service de,3,474876,5336,8.05,au service de,yes,no,fragment,,
l' un d' eux,4,474842,5337,13.52,le un de lui,yes,yes,,,
suffit de,2,474687,5338,2.34,suffire de,yes,no,fragment; loose,,
ne pas se,3,474683,5339,6.04,ne pas se,yes,no,fragment,,
famille et,2,474632,5340,1.23,famille et,yes,no,fragment; loose,,
lui faisait,2,474564,5341,4.34,luire faire,yes,yes,,,
destiné à,2,474502,5342,5.07,destiner à,yes,no,fragment,,
et notamment,2,474499,5343,1.81,et notamment,yes,no,fragment; loose,,
du bon,2,474444,5344,1.97,du bon,yes,no,article + word; loose,,
ils le,2,474332,5345,-1.51,il le,yes,no,fragment; loose,,
à sa place,3,474181,5346,9,à son place,yes,yes,,,
encore dans,2,474158,5347,0.76,encore dans,yes,no,fragment; loose,,
une fonction,2,474126,5348,3.08,un fonction,yes,no,article + word,,
mais comment,2,473997,5349,3.18,mais comment,yes,yes,,,
mission de,2,473836,5350,1.77,mission de,yes,no,fragment; loose,,
elle dit,2,473770,5351,1.09,lui dire,yes,no,loose,,
concernant la,2,473753,5352,2.81,concerner le,yes,no,fragment; loose,,
puis à,2,473732,5353,0.03,pouvoir à,yes,no,fragment; loose,,
des intérêts,2,473628,5354,4.04,un intérêt,yes,no,article + word,,
un film,2,473618,5355,4.12,un film,yes,no,article + word,,
pas vu,2,473605,5356,2.92,pas voir,yes,no,loose,,
je ne comprends,3,473554,5357,12.62,je ne comprendre,yes,yes,,,
eu le temps,3,473550,5358,10.9,avoir le temps,yes,yes,,,
à tour,2,473428,5359,1.81,à tour,yes,no,loose,,
intérieur du,2,473397,5360,3.27,intérieur du,yes,no,fragment,,
ne dit,2,473378,5361,1.1,ne dire,yes,no,loose,,
être des,2,473201,5362,-0.92,être un,yes,no,fragment; loose,,
son état,2,473169,5363,2.85,son état,yes,no,article + word; loose,,
la liberté de,3,473118,5364,6.2,le liberté de,yes,no,fragment,,
ou d,2,472834,5365,,ou d,yes,no,,,
ici et,2,472821,5366,0.38,ici et,yes,no,fragment; loose,,
derrière elle,2,472591,5367,3.54,derrière lui,yes,yes,,,
fond de la,3,472531,5368,5.88,fond de le,yes,no,fragment,,
en mesure de,3,472511,5369,6.89,en mesure de,yes,no,fragment,,
voulais pas,2,472238,5370,4.9,vouloir pas,yes,yes,,,
le cœur de,3,472225,5371,5.45,le cœur de,yes,no,fragment,,
un terme,2,472209,5372,2.93,un terme,yes,no,article + word; loose,,
les décisions,2,472207,5373,4.12,le décision,yes,no,article + word,,
les temps,2,472204,5374,-0.25,le temps,yes,no,article + word; loose,,
la tour,2,472202,5375,1.29,le tour,yes,no,article + word; loose,,
de la valeur,3,472048,5376,6,de le valeur,yes,no,fragment,,
longtemps que,2,471960,5377,2.8,longtemps que,yes,no,fragment; loose,,
le thème,2,471845,5378,4.21,le thème,yes,no,article + word,,
de Mme,2,471627,5379,,de Mme,no,no,fragment; rare word,,
peu après,2,471573,5380,3.94,peu après,yes,yes,,,
les régions,2,471568,5381,4.19,le région,yes,no,article + word,,
alors que je,3,471462,5382,7.73,alors que je,yes,yes,,,
ma part,2,471304,5383,5.18,mon part,yes,no,article + word,,
des eaux,2,471149,5384,4.57,un eau,yes,no,article + word,,
l' apprentissage,2,471100,5385,4.2,le apprentissage,yes,no,article + word,,
début des années,3,470844,5386,13.83,début un année,yes,yes,,,
du lac,2,470833,5387,5.21,du lac,yes,no,article + word,,
si vous avez,3,470829,5388,12.45,si vous avoir,yes,yes,,,
objectif de,2,470801,5389,1.98,objectif de,yes,no,fragment; loose,,
il sait,2,470778,5390,2.8,il savoir,yes,no,loose,,
elle eut,2,470695,5391,3.87,lui avoir,yes,yes,,,
l' aéroport,2,470664,5392,5.2,le aéroport,yes,no,article + word,,
fin à,2,470567,5393,1.07,fin à,yes,no,fragment; loose,,
les peuples,2,470485,5394,4.28,le peuplé,yes,no,article + word,,
dans les rues,3,470482,5395,10.96,dans le rue,yes,yes,,,
heureux de,2,470392,5396,1.88,heureux de,yes,no,fragment; loose,,
au jour,2,470375,5397,2.28,au jour,yes,no,article + word; loose,,
constitue une,2,470278,5398,4.17,constituer un,yes,no,fragment,,
de croissance,2,470160,5399,2.41,de croissance,yes,no,fragment; loose,,
si longtemps,2,469931,5400,4.93,si longtemps,yes,yes,,,
à jour,2,469897,5401,0.5,à jour,yes,no,loose,,
village de,2,469757,5402,1.5,village de,yes,no,fragment; loose,,
peuvent se,2,469743,5403,3.26,pouvoir se,yes,no,fragment,,
de voyage,2,469710,5404,1.5,de voyage,yes,no,fragment; loose,,
un tour,2,469675,5405,2.43,un tour,yes,no,article + word; loose,,
ils l',2,469575,5406,-1.3,il le,yes,no,fragment; loose,,
nous est,2,469566,5407,-1.07,nous être,yes,no,loose,,
enfant de,2,469559,5408,-0.04,enfant de,yes,no,fragment; loose,,
partir de la,3,469436,5409,5.22,partir de le,yes,no,fragment,,
l' issue,2,469394,5410,4.36,le issue,yes,no,article + word,,
une sorte d',3,469392,5411,9.18,un sorte de,yes,no,fragment,,
sens du,2,469354,5412,1.96,sens du,yes,no,fragment; loose,,
l' habitude de,3,469345,5413,7.81,le habitude de,yes,no,fragment,,
aller au,2,469286,5414,3.24,aller au,yes,no,fragment,,
à mort,2,469210,5415,1.06,à mort,yes,no,loose,,
au sein des,3,469167,5416,10.5,au sein un,yes,no,fragment; written style,,
une grosse,2,469148,5417,5.22,un grosse,yes,no,article + word,,
de l' enseignement,3,469012,5418,7.74,de le enseignement,yes,no,fragment,,
un programme,2,468778,5419,3.85,un programme,yes,no,article + word,,
le futur,2,468682,5420,3.97,le futur,yes,no,article + word,,
au samedi de,3,468572,5421,9.68,au samedi de,yes,no,fragment,,
l' émotion,2,468550,5422,4.17,le émotion,yes,no,article + word,,
constitue un,2,468473,5423,3.87,constituer un,yes,no,fragment,,
de réaliser,2,468359,5424,2.51,de réaliser,yes,no,fragment; loose,,
étaient en,2,468325,5425,0.79,être en,yes,no,fragment; loose,,
de colère,2,468320,5426,1.83,de colère,yes,no,fragment; loose,,
avait l' air,3,468291,5427,9.7,avoir le air,yes,yes,,,
l' agent,2,468252,5428,4.31,le agent,yes,no,article + word,,
le personnel,2,468234,5429,2.96,le personnel,yes,no,article + word; loose,,
suppose que,2,468182,5430,4.88,supposer que,yes,no,fragment,,
se redressa,2,468144,5431,7.21,se redressa,no,no,rare word,,
un État,2,468074,5432,,un État,no,no,article + word; rare word,,
de construction,2,467963,5433,1.78,de construction,yes,no,fragment; loose,,
profiter de,2,467923,5434,3.05,profiter de,yes,no,fragment,,
sur la terre,3,467888,5435,8.38,sur le terrer,yes,yes,,,
avoir la,2,467681,5436,-0.66,avoir le,yes,no,fragment; loose,,
objet d' une,3,467573,5437,9.14,objet de un,yes,no,fragment,,
le vrai,2,467537,5438,1.72,le vrai,yes,no,article + word; loose,,
l' École,2,467393,5439,,le École,no,no,article + word; rare word,,
autre côté de,3,467287,5440,9.48,autre côté de,yes,no,fragment,,
comme ils,2,467235,5441,1.29,comme il,yes,no,loose,,
au vendredi,2,467096,5442,5.78,au vendredi,yes,no,article + word,,
quoi il,2,466886,5443,1.68,quoi il,yes,no,loose,,
l' Ouest,2,466883,5444,,le Ouest,no,no,article + word; rare word,,
un quart,2,466748,5445,5.33,un quart,yes,no,article + word,,
qui l,2,466680,5446,,qui l,yes,no,,,
ouvrit la,2,466565,5447,3.13,ouvrir le,no,no,fragment; rare word,,
le fruit,2,466504,5448,4.43,le fruit,yes,no,article + word,,
demande à,2,466494,5449,1.58,demande à,yes,no,fragment; loose,,
le style,2,466270,5450,3.42,le style,yes,no,article + word,,
où tu,2,466238,5451,2.52,où tu,yes,no,loose,,
la distinction,2,466113,5452,3.87,le distinction,yes,no,article + word,,
le repas,2,466026,5453,3.25,le repas,yes,no,article + word,,
de regarder,2,465976,5454,1.79,de regarder,yes,no,fragment; loose,,
programme de,2,465949,5455,1.95,programme de,yes,no,fragment; loose,,
de marché,2,465902,5456,1.04,de marché,yes,no,fragment; loose,,
la crainte,2,465874,5457,3.76,le craindre,yes,no,article + word,,
mettre en place,3,465811,5458,13.05,mettre en place,yes,yes,,,
en forme de,3,465807,5459,6.3,en forme de,yes,no,fragment,,
nous vous,2,465775,5460,0.45,nous vous,yes,no,loose,,
l' écrivain,2,465584,5461,4.47,le écrivain,yes,no,article + word,,
du public,2,465504,5462,3.13,du public,yes,no,article + word,,
en pratique,2,465500,5463,2.98,en pratique,yes,no,loose,,
ça que,2,465471,5464,0.71,ça que,yes,no,fragment; loose,,
la description,2,465360,5465,3.92,le description,yes,no,article + word,,
la viande,2,465313,5466,3.92,le viande,yes,no,article + word,,
souvent à,2,465297,5467,0.97,souvent à,yes,no,fragment; loose,,
l ' enfant,3,465208,5468,,l ' enfant,no,no,rare word,,
la banque,2,464954,5469,3.35,le banque,yes,no,article + word,,
parvenir à,2,464947,5470,4.58,parvenir à,yes,no,fragment,,
sommet de,2,464838,5471,2.87,sommet de,yes,no,fragment; loose,,
des familles,2,464830,5472,4.13,un famille,yes,no,article + word,,
moment de la,3,464828,5473,4.52,moment de le,yes,no,fragment,,
pas comment,2,464820,5474,2.23,pas comment,yes,no,loose,,
leurs enfants,2,464744,5475,5.57,leurs enfant,yes,no,article + word,,
un point de vue,4,464740,5476,17.29,un point de vue,yes,yes,,,
puis les,2,464386,5477,0.2,pouvoir le,yes,no,fragment; loose,,
naissance de,2,464352,5478,1.89,naissance de,yes,no,fragment; loose,,
d' Europe,2,464329,5479,3.18,de Europe,no,no,rare word,,
l' effet de,3,464310,5480,5.43,le effet de,yes,no,fragment,,
grâce au,2,464251,5481,3.75,grâce au,yes,no,fragment,,
mon petit,2,464213,5482,4.42,mon petit,yes,no,article + word,,
d ' ailleurs,3,464163,5483,,d ' ailleurs,no,no,rare word,,
au lit,2,464008,5484,3.92,au lit,yes,no,article + word,,
plaisir à,2,463988,5485,2.33,plaisir à,yes,no,fragment; loose,,
la phrase,2,463960,5486,3.15,le phrase,yes,no,article + word,,
à défaut,2,463885,5487,3.8,à défaut,yes,yes,,,
était aussi,2,463819,5488,1.71,être aussi,yes,no,loose,,
Cour de cassation,3,463811,5489,,Cour de cassation,no,no,rare word,,
à celle de,3,463802,5490,4.96,à celui de,yes,no,fragment,,
du principe,2,463679,5491,3.48,du principe,yes,no,article + word,,
assis sur,2,463671,5492,5.35,assis sur,yes,no,fragment,,
le tribunal,2,463667,5493,3.8,le tribunal,yes,no,article + word,,
les coups,2,463574,5494,3.37,le coup,yes,no,article + word,,
les biens,2,463438,5495,3.49,le bien,yes,no,article + word,,
elle ne pouvait,3,463339,5496,10.4,lui ne pouvoir,yes,yes,,,
frais de,2,463205,5497,1.93,frais de,yes,no,fragment; loose,,
tour à,2,463158,5498,1.78,tour à,yes,no,fragment; loose,,
porte du,2,463061,5499,1.95,porte du,yes,no,fragment; loose,,
l' islam,2,463050,5500,4.76,le islam,yes,no,article + word,,
sur la tête,3,463031,5501,7.53,sur le tête,yes,yes,,,
dans un coin,3,462814,5502,10.64,dans un coin,yes,yes,,,
que ne,2,462789,5503,-2.03,que ne,yes,no,fragment; loose,,
ces hommes,2,462771,5504,4.44,ce homme,yes,no,article + word,,
te dire,2,462709,5505,5.14,te dire,yes,yes,,,
ma famille,2,462618,5506,5.67,mon famille,yes,no,article + word,,
de non,2,462610,5507,-1.78,de non,yes,no,fragment; loose,,
cette façon,2,462413,5508,4.23,ce façon,yes,no,article + word,,
des dispositions,2,462316,5509,4.23,un disposition,yes,no,article + word,,
comme son,2,462288,5510,0.17,comme son,yes,no,fragment; loose,,
les cinq,2,462240,5511,2.08,le cinq,yes,no,article + word; loose,,
de taille,2,462167,5512,1.76,de taille,yes,no,fragment; loose,,
des principes,2,462058,5513,3.91,un principe,yes,no,article + word,,
d' application,2,462038,5514,3.67,de application,yes,yes,,,
des terres,2,462015,5515,4.49,un terrer,yes,no,article + word,,
l' ambiance,2,461969,5516,4.55,le ambiance,yes,no,article + word,,
se montrer,2,461944,5517,4.9,se montrer,yes,yes,,,
un dernier,2,461935,5518,2.31,un dernier,yes,no,article + word; loose,,
les objectifs,2,461819,5519,3.84,le objectif,yes,no,article + word,,
un ensemble de,3,461798,5520,6.34,un ensemble de,yes,no,fragment,,
ou si,2,461635,5521,1,ou si,yes,no,loose,,
le sud,2,461597,5522,2.28,le sud,yes,no,article + word; loose,,
que non,2,461572,5523,0.38,que non,yes,no,loose,,
protection des,2,461543,5524,3.63,protection un,yes,no,fragment,,
l' intégration,2,461472,5525,4.43,le intégration,yes,no,article + word,,
un signe de,3,461442,5526,7.64,un signe de,yes,no,fragment,,
un esprit,2,461427,5527,1.93,un esprit,yes,no,article + word; loose,,
les moyens de,3,461385,5528,7.29,le moyen de,yes,no,fragment,,
vie est,2,461360,5529,0.75,vie être,yes,no,loose,,
se sentit,2,461358,5530,5.48,se sentir,no,no,rare word,,
ordre du,2,461318,5531,2.77,ordre du,yes,no,fragment; loose,,
la discussion,2,461242,5532,3.69,le discussion,yes,no,article + word,,
d' aide,2,460869,5533,2.83,de aide,yes,no,loose,,
sont également,2,460869,5534,4.2,être également,yes,yes,,,
l' Espagne,2,460752,5535,4.1,le Espagne,no,no,article + word; rare word,,
les pièces,2,460675,5536,3.51,le pièce,yes,no,article + word,,
le Président,2,460594,5537,,le Président,no,no,article + word; rare word,,
œil à,2,460577,5538,2.28,œil à,yes,no,fragment; loose,,
du nouveau,2,460242,5539,2.09,du nouveau,yes,no,article + word; loose,,
nom de la,3,460210,5540,4.95,nom de le,yes,no,fragment,,
mal à l',3,460189,5541,6.8,mal à le,yes,no,fragment,,
ne savait pas,3,460160,5542,11.26,ne savoir pas,yes,yes,,,
la phase,2,460096,5543,3.45,le phase,yes,no,article + word,,
le ministère,2,460025,5544,3.61,le ministère,yes,no,article + word,,
participer à,2,459957,5545,4.57,participer à,yes,no,fragment,,
la sagesse,2,459931,5546,3.97,le sagesse,yes,no,article + word,,
se rend,2,459806,5547,5.1,se rendre,yes,yes,,,
la porte de la,4,459784,5548,9.82,le porte de le,yes,no,fragment,,
d' Israël,2,459735,5549,4.95,de Israël,no,no,rare word,,
la portée,2,459580,5550,3.16,le portée,yes,no,article + word,,
plus importante,2,459379,5551,5.45,plus important,yes,yes,,,
a quelques,2,459303,5552,2.04,avoir quelque,yes,no,loose,,
à quelque,2,459209,5553,0.72,à quelque,yes,no,loose,,
histoire de l',3,459204,5554,5.36,histoire de le,yes,no,fragment,,
eux aussi,2,459191,5555,4.58,lui aussi,yes,yes,,,
ils en,2,459187,5556,-0.9,il en,yes,no,fragment; loose,,
dans le pays,3,459120,5557,7.44,dans le pays,yes,yes,,,
ouvert tous les jours,4,459102,5558,23.57,ouvert tout le jour,yes,yes,,,
un événement,2,459033,5559,4.46,un événement,yes,no,article + word,,
de la littérature,3,458855,5560,7.35,de le littérature,yes,no,fragment,,
unité de,2,458831,5561,2.19,unité de,yes,no,fragment; loose,,
les maisons,2,458789,5562,3.78,le maison,yes,no,article + word,,
la commune,2,458721,5563,2.79,le commune,yes,no,article + word; loose,,
un réseau,2,458592,5564,4.11,un réseau,yes,no,article + word,,
une plus,2,458461,5565,-1.67,un plus,yes,no,article + word; loose,,
de l' église,3,458427,5566,6.86,de le église,yes,no,fragment,,
point que,2,458352,5567,1.44,point que,yes,no,fragment; loose,,
de la petite,3,458283,5568,5.06,de le petit,yes,no,fragment,,
tout entier,2,458038,5569,6.65,tout entier,yes,yes,,,
des signes,2,458027,5570,4.51,un signe,yes,no,article + word,,
portant sur,2,458001,5571,5.7,portant sur,yes,no,fragment,,
également de,2,457997,5572,-0.15,également de,yes,no,fragment; loose,,
activités de,2,457966,5573,1.48,activité de,yes,no,fragment; loose,,
des Nations,2,457941,5574,,un Nations,no,no,article + word; rare word,,
sens que,2,457939,5575,1.73,sens que,yes,no,fragment; loose,,
mémoire de,2,457796,5576,1.42,mémoire de,yes,no,fragment; loose,,
de sa propre,3,457794,5577,8.75,de son propre,yes,no,fragment,,
cinq minutes,2,457726,5578,8.88,cinq minuter,yes,yes,,,
cour d',2,457673,5579,2.81,cour de,yes,no,fragment; loose,,
et dit,2,457575,5580,-0.84,et dire,yes,no,fragment; loose,,
d' une telle,3,457549,5581,9.12,de un tel,yes,yes,,,
là encore,2,457481,5582,3.81,là encore,yes,yes,,,
une source,2,457439,5583,3.84,un source,yes,no,article + word,,
des peuples,2,457296,5584,4.63,un peuplé,yes,no,article + word,,
le poète,2,457287,5585,4.04,le poète,yes,no,article + word,,
la disposition,2,457244,5586,3.11,le disposition,yes,no,article + word,,
se poser,2,457238,5587,5.12,se poser,yes,yes,,,
chez un,2,457213,5588,1.05,chez un,yes,no,fragment; loose,,
de la création,3,457145,5589,6.63,de le création,yes,no,fragment,,
sa robe,2,457122,5590,6.18,son robe,yes,no,article + word,,
de Charles,2,457040,5591,,de Charles,no,no,fragment; rare word,,
cela que,2,457035,5592,0.77,celer que,yes,no,fragment; loose,,
la réception,2,456911,5593,4.02,le réception,yes,no,article + word,,
possible d',2,456900,5594,2.15,possible de,yes,no,fragment; loose,,
était en train,3,456890,5595,11.11,être en train,yes,yes,,,
de place,2,456753,5596,-0.57,de place,yes,no,fragment; loose,,
l' herbe,2,456630,5597,4.87,le herbe,yes,no,article + word,,
la chambre de,3,456431,5598,5.44,le chambre de,yes,no,fragment,,
que sont,2,456398,5599,-0.7,que être,yes,no,loose,,
heures et,2,456357,5600,1.19,heure et,yes,no,fragment; loose,,
de loi,2,456335,5601,0.3,de loi,yes,no,fragment; loose,,
demandé de,2,456109,5602,1.68,demandé de,yes,no,fragment; loose,,
augmentation de,2,456024,5603,2.99,augmentation de,yes,no,fragment; loose,,
de lecture,2,456000,5604,1.87,de lecture,yes,no,fragment; loose,,
elle l' avait,3,455802,5605,5.58,lui le avoir,yes,yes,,,
à cet égard,3,455758,5606,13.8,à ce égard,yes,yes,,,
les cours,2,455711,5607,1.57,le cours,yes,no,article + word; loose,,
ne semble,2,455683,5608,3.55,ne sembler,yes,yes,,,
tout ce que je,4,455472,5609,13.74,tout ce que je,yes,yes,,,
quelques pas,2,455360,5610,1.61,quelque pas,yes,no,loose,,
une époque,2,455319,5611,2.9,un époque,yes,no,article + word; loose,,
du royaume,2,455256,5612,4.58,du royaume,yes,no,article + word,,
est à l',3,455255,5613,2.03,être à le,yes,no,fragment; loose,,
l ' État,3,455172,5614,,l ' État,no,no,rare word,,
des armes,2,455133,5615,3.92,un arme,yes,no,article + word,,
en l' air,3,454968,5616,7.45,en le air,yes,yes,,,
lieux de,2,454943,5617,1.66,lieu de,yes,no,fragment; loose,,
d' avance,2,454823,5618,4.09,de avance,yes,yes,,,
un large,2,454816,5619,3.55,un large,yes,no,article + word,,
de pain,2,454453,5620,2.44,de pain,yes,no,fragment; loose,,
mis en place,3,454396,5621,13.42,mis en place,yes,yes,,,
de bonheur,2,454301,5622,1.64,de bonheur,yes,no,fragment; loose,,
tout près,2,454209,5623,4.18,tout près,yes,yes,,,
produits de,2,454102,5624,1.21,produit de,yes,no,fragment; loose,,
doute pas,2,454056,5625,2.9,doute pas,yes,no,loose,,
le vin,2,453966,5626,3.12,le vin,yes,no,article + word,,
au hasard,2,453954,5627,5.45,au hasard,yes,no,article + word,,
la longue,2,453913,5628,2.2,le longue,yes,no,article + word; loose,,
table des,2,453836,5629,2.58,table un,yes,no,fragment; loose,,
même l',2,453826,5630,-1.46,même le,yes,no,fragment; loose,,
quinze ans,2,453784,5631,8.99,quinze an,yes,yes,,,
l' objet d' une,4,453733,5632,14.85,le objet de un,yes,no,fragment,,
quel que,2,453732,5633,2.59,quel que,yes,no,fragment; loose,,
lors d' une,3,453724,5634,8.72,lors de un,yes,no,fragment,,
la séparation,2,453686,5635,3.92,le séparation,yes,no,article + word,,
de celui qui,3,453565,5636,6.06,de celui qui,yes,no,fragment,,
avait pu,2,453559,5637,4.11,avoir pouvoir,yes,yes,,,
avec ces,2,453485,5638,1.32,avec ce,yes,no,fragment; loose,,
de l' air,3,453250,5639,5.62,de le air,yes,no,fragment,,
la prochaine,2,453219,5640,4.1,le prochain,yes,no,article + word,,
un pouvoir,2,453199,5641,1.62,un pouvoir,yes,no,article + word; loose,,
de café,2,453132,5642,1.66,de café,yes,no,fragment; loose,,
de recevoir,2,453012,5643,2.45,de recevoir,yes,no,fragment; loose,,
le contact,2,452934,5644,3.1,le contact,yes,no,article + word,,
le canapé,2,452861,5645,4.73,le canapé,yes,no,article + word,,
les journaux,2,452724,5646,4.61,le journal,yes,no,article + word,,
l ' amour,3,452576,5647,,l ' amour,no,no,rare word,,
carte de,2,452477,5648,1.56,carte de,yes,no,fragment; loose,,
un individu,2,452424,5649,4.06,un individu,yes,no,article + word,,
minutes plus,2,452422,5650,4.4,minuter plus,yes,yes,,,
non loin,2,452332,5651,5.49,non loin,yes,yes,,,
comment les,2,452299,5652,0.91,comment le,yes,no,fragment; loose,,
que chacun,2,452219,5653,2.87,que chacun,yes,no,loose,,
l' expression de,3,452217,5654,6.96,le expression de,yes,no,fragment,,
ses membres,2,452214,5655,5.14,son membre,yes,no,article + word,,
échapper à,2,452200,5656,3.77,échapper à,yes,no,fragment,,
quelle que soit,3,452097,5657,13.43,quel que être,yes,yes,,,
cela fait,2,452029,5658,3.32,celer faire,yes,yes,,,
est assez,2,451955,5659,2.37,être assez,yes,no,loose,,
le bébé,2,451844,5660,3.54,le bébé,yes,no,article + word,,
notre vie,2,451723,5661,4.58,notre vie,yes,no,article + word,,
de pensée,2,451712,5662,1,de penser,yes,no,fragment; loose,,
cœur de la,3,451696,5663,4.96,cœur de le,yes,no,fragment,,
par semaine,2,451657,5664,4.72,par semaine,yes,yes,,,
le commissaire,2,451611,5665,4.31,le commissaire,yes,no,article + word,,
sur son visage,3,451515,5666,11.26,sur son visage,yes,yes,,,
premier temps,2,451486,5667,5.01,premier temps,yes,yes,,,
relatives à,2,451409,5668,4.64,relatif à,no,no,fragment; rare word,,
passer la,2,451383,5669,1.17,passer le,yes,no,fragment; loose,,
se laissa,2,451336,5670,5.48,se laisser,no,no,rare word,,
les zones,2,451324,5671,4.26,le zone,yes,no,article + word,,
et votre,2,451291,5672,0.07,et votre,yes,no,fragment; loose,,
l' étage,2,451278,5673,4.09,le étage,yes,no,article + word,,
après que,2,451248,5674,0.44,après que,yes,no,fragment; loose,,
ans après,2,451235,5675,4.7,an après,yes,yes,,,
la préparation,2,451221,5676,3.72,le préparation,yes,no,article + word,,
lui demande,2,451217,5677,4.13,luire demande,yes,yes,,,
continue à,2,451216,5678,3.41,continuer à,yes,no,fragment,,
tous les jours de,4,451162,5679,15.3,tout le jour de,yes,no,fragment,,
matière d',2,451084,5680,3.01,matière de,yes,no,fragment,,
l' avantage,2,451008,5681,4.34,le avantage,yes,no,article + word,,
des objectifs,2,450983,5682,4.19,un objectif,yes,no,article + word,,
savais pas,2,450954,5683,5.05,savoir pas,yes,yes,,,
ce que ça,3,450842,5684,8.07,ce que ça,yes,yes,,,
il paraît,2,450741,5685,3.86,il paraître,yes,yes,,,
l' essence,2,450467,5686,4.46,le essence,yes,no,article + word,,
et toute,2,450432,5687,-0.16,et toute,yes,no,fragment; loose,,
vue sur,2,450408,5688,3.35,vue sur,yes,no,fragment,,
créer un,2,450173,5689,3.95,créer un,yes,no,fragment,,
depuis quelques,2,450086,5690,5.02,depuis quelque,yes,yes,,,
le dit,2,449898,5691,-0.78,le dire,yes,no,article + word; loose,,
durant les,2,449800,5692,2.79,durer le,yes,no,fragment; loose,,
demander à,2,449789,5693,2.5,demander à,yes,no,fragment; loose,,
l' œuvre de,3,449585,5694,6.19,le œuvre de,yes,no,fragment,,
comment le,2,449577,5695,0.61,comment le,yes,no,fragment; loose,,
droit des,2,449550,5696,1.2,droit un,yes,no,fragment; loose,,
en dessous,2,449546,5697,4.29,en dessous,yes,yes,,,
également à,2,449368,5698,1.08,également à,yes,no,fragment; loose,,
pratique de,2,449178,5699,1.11,pratique de,yes,no,fragment; loose,,
l' employeur,2,449165,5700,5,le employeur,yes,no,article + word,,
une langue,2,449157,5701,3.13,un langue,yes,no,article + word,,
la joue,2,449136,5702,2.62,le joue,yes,no,article + word; loose,,
de la voiture,3,449127,5703,6.21,de le voiture,yes,no,fragment,,
peu trop,2,449122,5704,4.88,peu trop,yes,yes,,,
à l' arrière,3,449021,5705,8.48,à le arrière,yes,yes,,,
des fonctions,2,448987,5706,4.01,un fonction,yes,no,article + word,,
le droit d',3,448941,5707,6.8,le droit de,yes,no,fragment,,
donne à,2,448933,5708,1.95,donne à,yes,no,fragment; loose,,
peut en,2,448681,5709,-0.43,pouvoir en,yes,no,fragment; loose,,
vous qui,2,448680,5710,-0.88,vous qui,yes,no,loose,,
le débat,2,448643,5711,4,le débat,yes,no,article + word,,
celles des,2,448586,5712,2.67,celui un,yes,no,fragment; loose,,
seul à,2,448563,5713,1.05,seul à,yes,no,fragment; loose,,
à lire,2,448471,5714,3.01,à lire,yes,yes,,,
cela lui,2,448373,5715,2.43,celer luire,yes,no,loose,,
cas des,2,448359,5716,1.01,cas un,yes,no,fragment; loose,,
était au,2,448334,5717,-0.35,être au,yes,no,fragment; loose,,
est en train,3,448198,5718,9.45,être en train,yes,yes,,,
il est vrai que,4,448176,5719,15.52,il être vrai que,yes,no,fragment,,
seulement à,2,448158,5720,1.09,seulement à,yes,no,fragment; loose,,
pour atteindre,2,448139,5721,5.02,pour atteindre,yes,yes,,,
les anciens,2,448012,5722,3.53,le ancien,yes,no,article + word,,
de sorte que,3,447973,5723,7.19,de sorte que,yes,no,fragment,,
son pays,2,447929,5724,2.78,son pays,yes,no,article + word; loose,,
je ne crois pas,4,447921,5725,18.12,je ne croire pas,yes,yes,,,
du mot,2,447911,5726,2.87,du mot,yes,no,article + word; loose,,
pendant ce temps,3,447846,5727,12.34,pendant ce temps,yes,yes,,,
des mois,2,447661,5728,1.99,un mois,yes,no,article + word; loose,,
ne peut plus,3,447595,5729,8.44,ne pouvoir plus,yes,yes,,,
un léger,2,447543,5730,4.7,un léger,yes,no,article + word,,
des marchés,2,447528,5731,4.7,un marchés,yes,no,article + word,,
et ont,2,447520,5732,-0.94,et avoir,yes,no,fragment; loose,,
d' assurer,2,447470,5733,3.73,de assurer,yes,yes,,,
la radio,2,447424,5734,3.82,le radio,yes,no,article + word,,
la réunion,2,447418,5735,3.43,le réunion,yes,no,article + word,,
l' angoisse,2,447327,5736,4.37,le angoisse,yes,no,article + word,,
ne fut pas,3,447321,5737,9.39,ne être pas,yes,yes,,,
a en,2,447309,5738,-2.24,avoir en,yes,no,fragment; loose,,
inutile de,2,447229,5739,2.87,inutile de,yes,no,fragment; loose,,
elle nous,2,447158,5740,-0.38,lui nous,yes,no,loose,,
des conséquences,2,446989,5741,4.12,un conséquence,yes,no,article + word,,
pas dit,2,446848,5742,0.78,pas dire,yes,no,loose,,
ils vont,2,446848,5743,5.94,il aller,yes,yes,,,
absence d',2,446836,5744,3.45,absence de,yes,no,fragment,,
la transformation,2,446826,5745,3.74,le transformation,yes,no,article + word,,
les êtres,2,446739,5746,4.03,le être,yes,no,article + word,,
son maître,2,446703,5747,4.38,son maître,yes,no,article + word,,
se lever,2,446674,5748,5.76,se lever,yes,yes,,,
du milieu,2,446578,5749,2.96,du milieu,yes,no,article + word; loose,,
des mouvements,2,446521,5750,4.11,un mouvement,yes,no,article + word,,
les couleurs,2,446513,5751,3.85,le couleur,yes,no,article + word,,
entrée en,2,446459,5752,2.77,entrée en,yes,no,fragment; loose,,
la vie et,3,446422,5753,4.7,le vie et,yes,no,fragment,,
pas sa,2,446331,5754,-0.6,pas son,yes,no,fragment; loose,,
sur deux,2,446047,5755,0.88,sur deux,yes,no,loose,,
la rive,2,445928,5756,4.55,le rive,yes,no,article + word,,
jusque dans,2,445913,5757,5,jusque dans,yes,no,fragment,,
époque de,2,445876,5758,0.7,époque de,yes,no,fragment; loose,,
l' élaboration,2,445763,5759,5.03,le élaboration,no,no,article + word; rare word,,
un bien,2,445730,5760,-0.88,un bien,yes,no,article + word; loose,,
le risque de,3,445697,5761,6.65,le risque de,yes,no,fragment,,
des pièces,2,445683,5762,3.85,un pièce,yes,no,article + word,,
d ' autre,3,445614,5763,,d ' autre,no,no,rare word,,
de l' expérience,3,445428,5764,6.81,de le expérience,yes,no,fragment,,
à la hauteur,3,445227,5765,8.79,à le hauteur,yes,yes,,,
bien ce,2,445150,5766,0.27,bien ce,yes,no,fragment; loose,,
les garçons,2,445046,5767,4.33,le garçon,yes,no,article + word,,
le choc,2,444977,5768,4.21,le choc,yes,no,article + word,,
toujours dans,2,444753,5769,1.12,toujours dans,yes,no,fragment; loose,,
dans un premier,3,444745,5770,8.26,dans un premier,yes,yes,,,
à mettre en,3,444620,5771,7.62,à mettre en,yes,no,fragment,,
son ventre,2,444541,5772,5.59,son ventre,yes,no,article + word,,
qui ont été,3,444492,5773,10.13,qui avoir être,yes,yes,,,
trouver des,2,444461,5774,2.36,trouver un,yes,no,fragment; loose,,
l ' esprit,3,444422,5775,,l ' esprit,no,no,rare word,,
dans le ciel,3,444420,5776,8.99,dans le ciel,yes,yes,,,
facile à,2,444401,5777,3.17,facile à,yes,no,fragment,,
pas d,2,444392,5778,,pas d,yes,no,,,
de ce genre,3,444301,5779,8.4,de ce genre,yes,no,fragment,,
le pouvoir de,3,444258,5780,5.24,le pouvoir de,yes,no,fragment,,
le processus de,3,444095,5781,6.68,le processus de,yes,no,fragment,,
défaut de,2,444072,5782,2.48,défaut de,yes,no,fragment; loose,,
ça a,2,444069,5783,1.64,ça avoir,yes,no,loose,,
ne voulais pas,3,444004,5784,12.16,ne vouloir pas,yes,yes,,,
eu des,2,443975,5785,1.67,avoir un,yes,no,fragment; loose,,
se met à,3,443953,5786,10.16,se mettre à,yes,no,fragment,,
dans un contexte,3,443877,5787,10.54,dans un contexte,yes,yes,,,
sans même,2,443850,5788,1.94,sans même,yes,no,loose,,
un second,2,443822,5789,3.56,un second,yes,no,article + word,,
la forme de,3,443618,5790,5.15,le forme de,yes,no,fragment,,
moins une,2,443527,5791,0.93,moins un,yes,no,fragment; loose,,
niveau du,2,443492,5792,2.99,niveau du,yes,no,fragment; loose,,
du lieu,2,443401,5793,2.14,du lieu,yes,no,article + word; loose,,
la version,2,443399,5794,3.46,le version,yes,no,article + word,,
comme tout,2,443397,5795,0.92,comme tout,yes,no,loose,,
une réalité,2,443214,5796,2.96,un réalité,yes,no,article + word; loose,,
mais il faut,3,443143,5797,9.13,mais il falloir,yes,yes,,,
à mi,2,443113,5798,,à mi,yes,no,,,
une foule,2,443094,5799,4.44,un foule,yes,no,article + word,,
une meilleure,2,443072,5800,4.44,un meilleur,yes,no,article + word,,
se voit,2,443023,5801,4.31,se voir,yes,yes,,,
sous la direction,3,442990,5802,11.72,sou le direction,yes,yes,,,
me rappelle,2,442879,5803,6.7,me rappeler,yes,yes,,,
principes de,2,442850,5804,2,principe de,yes,no,fragment; loose,,
pense à,2,442702,5805,2.28,penser à,yes,no,fragment; loose,,
la Cour de cassation,4,442676,5806,,le Cour de cassation,no,no,rare word,,
les populations,2,442672,5807,4.27,le population,no,no,article + word; rare word,,
qui se sont,3,442549,5808,7.14,qui se être,yes,yes,,,
tel un,2,442534,5809,2.48,tel un,yes,no,fragment; loose,,
en Amérique,2,442527,5810,4.46,en Amérique,no,no,rare word,,
d' ouvrir,2,442505,5811,3.99,de ouvrir,yes,yes,,,
histoire d',2,442432,5812,1.44,histoire de,yes,no,fragment; loose,,
vendredi de,2,442364,5813,2.68,vendredi de,yes,no,fragment; loose,,
la conclusion,2,442317,5814,3.51,le conclusion,yes,no,article + word,,
un peu trop,3,442304,5815,11.12,un peu trop,yes,yes,,,
d' établir,2,442248,5816,4.5,de établir,yes,yes,,,
une démarche,2,442241,5817,4.56,un démarcher,yes,no,article + word,,
mettre au,2,442132,5818,3.19,mettre au,yes,no,fragment,,
monde des,2,442087,5819,0.64,monde un,yes,no,fragment; loose,,
de la philosophie,3,442057,5820,7.16,de le philosophie,yes,no,fragment,,
de mise en,3,442046,5821,6.67,de mise en,yes,no,fragment,,
bon sang,2,442015,5822,7.58,bon sang,yes,yes,,,
assurer la,2,441979,5823,2.56,assurer le,yes,no,fragment; loose,,
Afrique du,2,441956,5824,3.99,Afrique du,no,no,fragment; rare word,,
lutter contre,2,441952,5825,9.89,lutter contre,yes,yes,,,
elle y,2,441924,5826,0.17,lui y,yes,no,loose,,
à l' âge,3,441818,5827,7.84,à le âge,yes,yes,,,
un discours,2,441761,5828,3.13,un discours,yes,no,article + word,,
les corps,2,441723,5829,0.96,le corps,yes,no,article + word; loose,,
la totalité,2,441579,5830,4.23,le totalité,yes,no,article + word,,
de la lumière,3,441545,5831,5.97,de le lumière,yes,no,fragment,,
des pieds,2,441481,5832,3.02,un pied,yes,no,article + word,,
aux pieds,2,441457,5833,5.65,aux pied,yes,no,article + word,,
la création d',3,441298,5834,8.48,le création de,yes,no,fragment,,
elle allait,2,441221,5835,3.71,lui aller,yes,yes,,,
île de,2,441185,5836,1.77,île de,yes,no,fragment; loose,,
portée de,2,441105,5837,2.36,portée de,yes,no,fragment; loose,,
concerne les,2,441072,5838,3.46,concerner le,yes,no,fragment,,
fonds de,2,440903,5839,2.06,fonds de,yes,no,fragment; loose,,
la recherche d',3,440892,5840,7.72,le recherche de,yes,no,fragment,,
faire en,2,440874,5841,-0.43,faire en,yes,no,fragment; loose,,
la Maison,2,440853,5842,,le Maison,no,no,article + word; rare word,,
du mariage,2,440761,5843,3.88,du mariage,yes,no,article + word,,
mois plus,2,440732,5844,3.46,mois plus,yes,yes,,,
long des,2,440685,5845,2.19,long un,yes,no,fragment; loose,,
à demi,2,440596,5846,2.75,à demi,yes,no,loose,,
la main et,3,440566,5847,5.54,le main et,yes,no,fragment,,
plus simple,2,440531,5848,4,plus simple,yes,yes,,,
qui semble,2,440514,5849,3.12,qui sembler,yes,yes,,,
salle à,2,440146,5850,2.12,salle à,yes,no,fragment; loose,,
un tableau,2,440092,5851,3.44,un tableau,yes,no,article + word,,
une dizaine de,3,439983,5852,10.06,un dizaine de,yes,no,fragment,,
l' unique,2,439971,5853,2.97,le unique,yes,no,article + word; loose,,
dit l',2,439888,5854,-0.6,dire le,yes,no,fragment; loose,,
être dans,2,439809,5855,-0.43,être dans,yes,no,fragment; loose,,
d' expression,2,439704,5856,3.06,de expression,yes,yes,,,
gouvernement de,2,439662,5857,1.07,gouvernement de,yes,no,fragment; loose,,
région de,2,439492,5858,1.35,région de,yes,no,fragment; loose,,
de Noël,2,439466,5859,3.02,de Noël,no,no,fragment; rare word,,
d' analyse,2,439452,5860,3.11,de analyse,yes,yes,,,
le combat,2,439280,5861,3.39,le combat,yes,no,article + word,,
un visage,2,439171,5862,2.17,un visage,yes,no,article + word; loose,,
plusieurs années,2,439119,5863,6.58,plusieurs année,yes,yes,,,
l' immeuble,2,439108,5864,4.56,le immeuble,yes,no,article + word,,
soit par,2,439079,5865,2.11,être par,yes,no,fragment; loose,,
dans certaines,2,439013,5866,3.26,dans certain,yes,yes,,,
sur le chemin,3,438989,5867,9.64,sur le chemin,yes,yes,,,
encore et,2,438967,5868,-0.71,encore et,yes,no,fragment; loose,,
en prison,2,438890,5869,4.34,en prison,yes,yes,,,
de l' administration,3,438886,5870,7.59,de le administration,yes,no,fragment,,
genre d',2,438857,5871,2.87,genre de,yes,no,fragment; loose,,
en rien,2,438844,5872,0.41,en rien,yes,no,loose,,
à la question,3,438836,5873,6.07,à le question,yes,yes,,,
plus dans,2,438788,5874,-1.47,plus dans,yes,no,fragment; loose,,
de crédit,2,438742,5875,2.82,de crédit,yes,no,fragment; loose,,
non de,2,438681,5876,-1.86,non de,yes,no,fragment; loose,,
l' émergence,2,438662,5877,5.26,le émergence,no,no,article + word; rare word,,
une organisation,2,438625,5878,3.37,un organisation,yes,no,article + word,,
façon à,2,438594,5879,1.22,façon à,yes,no,fragment; loose,,
puissance de,2,438305,5880,1.63,puissance de,yes,no,fragment; loose,,
de pied,2,438266,5881,1.02,de pied,yes,no,fragment; loose,,
sur la place,3,438192,5882,7.69,sur le place,yes,yes,,,
goût de,2,438086,5883,1.92,goût de,yes,no,fragment; loose,,
si elle avait,3,438083,5884,8.42,si lui avoir,yes,yes,,,
une chaise,2,438009,5885,4.98,un chaise,yes,no,article + word,,
est possible de,3,437873,5886,6.77,être possible de,yes,no,fragment,,
l' Académie,2,437855,5887,,le Académie,no,no,article + word; rare word,,
ne font,2,437835,5888,3.63,ne faire,yes,yes,,,
des décisions,2,437609,5889,4.4,un décision,yes,no,article + word,,
vu que,2,437605,5890,2.23,voir que,yes,no,fragment; loose,,
par rapport au,3,437604,5891,10.79,par rapport au,yes,no,fragment,,
dis que,2,437565,5892,2.88,dire que,yes,no,fragment; loose,,
vers son,2,437515,5893,1.98,vers son,yes,no,fragment; loose,,
autant d',2,437471,5894,1.93,autant de,yes,no,fragment; loose,,
arrivée de,2,437460,5895,1.52,arrivée de,yes,no,fragment; loose,,
de son fils,3,437408,5896,7.91,de son fils,yes,no,fragment,,
ce qui fait,3,437329,5897,7.48,ce qui faire,yes,yes,,,
mais des,2,437296,5898,-1.75,mais un,yes,no,fragment; loose,,
comment ça,2,437147,5899,5.12,comment ça,yes,yes,,,
mais pourquoi,2,437124,5900,3.21,mais pourquoi,yes,yes,,,
par voie,2,436980,5901,4.56,par voie,yes,yes,,,
un effort,2,436934,5902,4.21,un effort,yes,no,article + word,,
des sujets,2,436878,5903,4.25,un sujet,yes,no,article + word,,
sur notre,2,436753,5904,2.02,sur notre,yes,no,loose,,
voir ce,2,436715,5905,1.87,voir ce,yes,no,fragment; loose,,
après sa,2,436648,5906,2.12,après son,yes,no,fragment; loose,,
de cœur,2,436616,5907,-0.2,de cœur,yes,no,fragment; loose,,
cœur du,2,436589,5908,2.15,cœur du,yes,no,fragment; loose,,
que plus,2,436575,5909,-1.76,que plus,yes,no,loose,,
pouvait se,2,436481,5910,3.06,pouvoir se,yes,no,fragment,,
relations entre,2,436365,5911,6.49,relation entrer,yes,yes,,,
du domaine,2,436316,5912,3.71,du domaine,yes,no,article + word,,
d' emblée,2,436092,5913,6.12,de emblée,no,no,rare word,,
droit et,2,436039,5914,0.4,droit et,yes,no,fragment; loose,,
mais sa,2,435977,5915,0.29,mais son,yes,no,fragment; loose,,
eux et,2,435959,5916,0.56,lui et,yes,no,fragment; loose,,
voilà ce,2,435939,5917,3.78,voilà ce,yes,no,fragment,,
le principal,2,435891,5918,3.57,le principal,yes,no,article + word,,
laquelle le,2,435852,5919,1.4,lequel le,yes,no,fragment; written style; loose,,
la convention,2,435750,5920,3.15,le convention,yes,no,article + word,,
de reconnaissance,2,435612,5921,2.29,de reconnaissance,yes,no,fragment; loose,,
des articles,2,435471,5922,4.07,un article,yes,no,article + word,,
peut donc,2,435439,5923,3.65,pouvoir donc,yes,yes,,,
il pourrait,2,435249,5924,2.4,il pouvoir,yes,no,loose,,
égard des,2,435192,5925,3.63,égard un,yes,no,fragment,,
avec d' autres,3,435176,5926,8.23,avec de autre,yes,yes,,,
de choisir,2,435065,5927,2.49,de choisir,yes,no,fragment; loose,,
une pause,2,434657,5928,5.66,un pause,yes,no,article + word,,
ci ne,2,434624,5929,2.6,ci ne,yes,no,fragment; loose,,
au bout du,3,434550,5930,10.41,au bout du,yes,no,fragment,,
un rire,2,434498,5931,3.17,un rire,yes,no,article + word,,
soit un,2,434470,5932,0.84,être un,yes,no,fragment; loose,,
ait été,2,434448,5933,5.98,avoir être,yes,yes,,,
du bout,2,434228,5934,3.01,du bout,yes,no,article + word,,
de traitement,2,434143,5935,1.74,de traitement,yes,no,fragment; loose,,
un couple,2,434076,5936,4.1,un couple,yes,no,article + word,,
passage de,2,434015,5937,1.22,passage de,yes,no,fragment; loose,,
par d',2,433992,5938,-2.22,par de,yes,no,fragment; loose,,
du général,2,433935,5939,2.61,du général,yes,no,article + word; loose,,
la mère de,3,433911,5940,4.61,le mère de,yes,no,fragment,,
que tout le monde,4,433766,5941,15,que tout le monde,yes,yes,,,
de poursuivre,2,433678,5942,2.96,de poursuivre,yes,no,fragment; loose,,
de continuer,2,433672,5943,2.51,de continuer,yes,no,fragment; loose,,
effet d',2,433640,5944,1.47,effet de,yes,no,fragment; loose,,
tout pour,2,433577,5945,-0.38,tout pour,yes,no,fragment; loose,,
relative à,2,433469,5946,4.06,relative à,no,no,fragment; rare word,,
qui ne sont pas,4,433453,5947,14.13,qui ne être pas,yes,yes,,,
à ce point,3,433429,5948,7.86,à ce point,yes,yes,,,
intérêt à,2,433382,5949,2.16,intérêt à,yes,no,fragment; loose,,
esprit et,2,433376,5950,1.03,esprit et,yes,no,fragment; loose,,
ses forces,2,433283,5951,5.7,son forcer,yes,no,article + word,,
University Press,2,433245,5952,,University Press,no,no,rare word,,
le personnage,2,433207,5953,3.51,le personnage,yes,no,article + word,,
la menace,2,433190,5954,3.58,le menace,yes,no,article + word,,
de ça,2,433160,5955,-1.55,de ça,yes,no,fragment; loose,,
les œuvres,2,433111,5956,3.46,le œuvres,yes,no,article + word,,
l' entrée de,3,432899,5957,6.67,le entrée de,yes,no,fragment,,
que tu veux,3,432806,5958,11.41,que tu vouloir,yes,yes,,,
point de départ,3,432745,5959,12.11,point de départ,yes,yes,,,
le sait,2,432692,5960,1.93,le savoir,yes,no,article + word; loose,,
vie d',2,432687,5961,0.35,vie de,yes,no,fragment; loose,,
lorsque vous,2,432671,5962,3.64,lorsque vous,yes,yes,,,
en guise,2,432653,5963,5.5,en guise,yes,yes,,,
autour d' elle,3,432446,5964,9.43,autour de lui,yes,yes,,,
de chance,2,432439,5965,1.65,de chance,yes,no,fragment; loose,,
sous le nom de,4,432308,5966,15.3,sou le nom de,yes,no,fragment,,
vais vous,2,432299,5967,4.37,aller vous,yes,yes,,,
la province,2,432286,5968,3.81,le province,yes,no,article + word,,
y avait un,3,432253,5969,7.47,y avoir un,yes,no,fragment,,
port de,2,432104,5970,2.17,port de,yes,no,fragment; loose,,
de l' Etat,3,432079,5971,,de le Etat,no,no,fragment; rare word,,
le réseau,2,431893,5972,3.3,le réseau,yes,no,article + word,,
il l' a,3,431877,5973,3.56,il le avoir,yes,no,,,
main à,2,431796,5974,0.57,main à,yes,no,fragment; loose,,
va être,2,431607,5975,3.66,aller être,yes,yes,,,
les documents,2,431606,5976,3.82,le document,yes,no,article + word,,
pas pourquoi,2,431604,5977,2.28,pas pourquoi,yes,no,loose,,
de femme,2,431586,5978,-0.75,de femme,yes,no,fragment; loose,,
parce que le,3,431521,5979,7.21,parce que le,yes,no,fragment,,
relations avec,2,431427,5980,4.93,relation avec,yes,no,fragment,,
pensée de,2,431407,5981,0.94,penser de,yes,no,fragment; loose,,
issue de,2,431325,5982,2.85,issue de,yes,no,fragment; loose,,
cause des,2,431306,5983,2.21,cause un,yes,no,fragment; loose,,
les chefs,2,431240,5984,4.1,le chef,yes,no,article + word,,
à moins que,3,431190,5985,6.51,à moins que,yes,no,fragment,,
part du,2,431161,5986,1.85,part du,yes,no,fragment; loose,,
les marchés,2,431044,5987,4.26,le marchés,yes,no,article + word,,
la signification,2,430932,5988,3.87,le signification,yes,no,article + word,,
ne comprends pas,3,430806,5989,12.39,ne comprendre pas,yes,yes,,,
pour tous les,3,430797,5990,6.67,pour tout le,yes,no,fragment,,
essentiel de,2,430744,5991,2.18,essentiel de,yes,no,fragment; loose,,
la construction de,3,430689,5992,6.78,le construction de,yes,no,fragment,,
la magie,2,430672,5993,4.16,le magie,yes,no,article + word,,
cela peut,2,430657,5994,3.5,celer pouvoir,yes,yes,,,
la présence d',3,430615,5995,7.75,le présence de,yes,no,fragment,,
délai de,2,430613,5996,2.8,délai de,yes,no,fragment; loose,,
une liste,2,430607,5997,4.02,un liste,yes,no,article + word,,
nécessaires pour,2,430511,5998,5.12,nécessaire pour,yes,no,fragment,,
un premier temps,3,430307,5999,11.2,un premier temps,yes,yes,,,
vous trouverez,2,430270,6000,7.58,vous trouver,yes,yes,,,
un passage,2,430262,6001,3.1,un passage,yes,no,article + word,,
parce que les,3,430209,6002,7.49,parce que le,yes,no,fragment,,
chacune des,2,430114,6003,4.33,chacun un,yes,no,fragment,,
ne parle,2,430106,6004,4.08,ne parler,yes,yes,,,
la porte du,3,430101,6005,6.96,le porte du,yes,no,fragment,,
si bien que,3,430036,6006,8.01,si bien que,yes,no,fragment,,
que les deux,3,430031,6007,5.6,que le deux,yes,yes,,,
de la classe,3,429932,6008,6.68,de le classe,yes,no,fragment,,
de larmes,2,429837,6009,1.84,de larme,yes,no,fragment; loose,,
niveau de la,3,429694,6010,5.7,niveau de le,yes,no,fragment,,
la moitié de,3,429245,6011,6.85,le moitié de,yes,no,fragment,,
qui avait été,3,429103,6012,8.92,qui avoir être,yes,yes,,,
pour ceux qui,3,428897,6013,9.11,pour celui qui,yes,yes,,,
de ma mère,3,428754,6014,9.41,de mon mère,yes,no,fragment,,
en l' absence,3,428703,6015,9.07,en le absence,yes,yes,,,
mettre en œuvre,3,428649,6016,13.95,mettre en œuvre,yes,yes,,,
au cours du,3,428481,6017,9.78,au cours du,yes,no,fragment,,
de la raison,3,428159,6018,4.99,de le raison,yes,no,fragment,,
et de leurs,3,427925,6019,3.93,et de leurs,yes,no,fragment,,
elle a été,3,427827,6020,8.42,lui avoir être,yes,yes,,,
à cet instant,3,427822,6021,12.52,à ce instant,yes,yes,,,
à ses côtés,3,427746,6022,11.97,à son côté,yes,yes,,,
de son mari,3,427586,6023,9.13,de son mari,yes,no,fragment,,
à la lumière,3,427558,6024,7.18,à le lumière,yes,yes,,,
quel que soit,3,427217,6025,13.09,quel que être,yes,yes,,,
le long du,3,427100,6026,8.2,le long du,yes,no,fragment,,
de manière à,3,426800,6027,5.69,de manière à,yes,no,fragment,,
dans le but,3,426502,6028,9.23,dans le but,yes,yes,,,
l ' idée,3,426071,6029,,l ' idée,no,no,rare word,,
d' un certain,3,425719,6030,9.2,de un certain,yes,yes,,,
en matière d',3,424919,6031,9.12,en matière de,yes,no,fragment,,
le long de la,4,424286,6032,10.95,le long de le,yes,no,fragment,,
au cas où,3,424271,6033,11.51,au cas où,yes,yes,,,
d' un point,3,424114,6034,7.33,de un point,yes,yes,,,
aux yeux de,3,423892,6035,7.83,aux oeil de,yes,no,fragment,,
je vais vous,3,423719,6036,11.55,je aller vous,yes,yes,,,
où il est,3,423500,6037,6.21,où il être,yes,yes,,,
à côté d',3,423378,6038,7.18,à côté de,yes,no,fragment,,
je ne te,3,423004,6039,9.27,je ne te,yes,no,fragment,,
tout va bien,3,421946,6040,12.25,tout aller bien,yes,yes,,,
le père de,3,421317,6041,4.8,le père de,yes,no,fragment,,
l' autre côté de,4,421262,6042,15.09,le autre côté de,yes,no,fragment,,
dans un premier temps,4,421117,6043,17.99,dans un premier temps,yes,yes,,,
à partir de la,4,421046,6044,10.69,à partir de le,yes,no,fragment,,
à la manière,3,420880,6045,6.41,à le manière,yes,yes,,,
pas le cas,3,420832,6046,7.36,pas le cas,yes,yes,,,
sens de la,3,420758,6047,4.57,sens de le,yes,no,fragment,,
la porte d',3,420554,6048,6.47,le porte de,yes,no,fragment,,
direction de la,3,420498,6049,6,direction de le,yes,no,fragment,,
un système de,3,420457,6050,6.7,un système de,yes,no,fragment,,
du Code de,3,420264,6051,,du Code de,no,no,fragment; rare word,,
compte de la,3,418793,6052,4.84,compte de le,yes,no,fragment,,
sens de l',3,418784,6053,5.2,sens de le,yes,no,fragment,,
à l' homme,3,418448,6054,5.57,à le homme,yes,yes,,,
il est donc,3,418387,6055,7.11,il être donc,yes,yes,,,
le taux de,3,417905,6056,7.24,le taux de,yes,no,fragment,,
parce que la,3,417721,6057,6.74,parce que le,yes,no,fragment,,
dans un autre,3,417643,6058,6.7,dans un autre,yes,yes,,,
à l' état,3,416609,6059,6.32,à le état,yes,yes,,,
de la formation,3,415719,6060,6.27,de le formation,yes,no,fragment,,
que tu me,3,415673,6061,8.29,que tu me,yes,no,fragment,,
l ' ensemble,3,415667,6062,,l ' ensemble,no,no,rare word,,
d' une nouvelle,3,415228,6063,8.34,de un nouveau,yes,yes,,,
d' entre elles,3,414841,6064,10.33,de entrer lui,yes,yes,,,
que personne ne,3,414399,6065,8.85,que personne ne,yes,no,fragment,,
la part des,3,413994,6066,6.39,le part un,yes,no,fragment,,
à la demande,3,413940,6067,6.53,à le demande,yes,yes,,,
de l' œuvre,3,413528,6068,6.07,de le œuvre,yes,no,fragment,,
de la mise,3,413244,6069,5.49,de le mise,yes,no,fragment,,
l ' une,3,412886,6070,,l ' un,no,no,fragment; rare word,,
je ne voulais pas,4,412765,6071,19.26,je ne vouloir pas,yes,yes,,,
il convient de,3,412703,6072,8.75,il convier de,yes,no,fragment; written style,,
la plupart du,3,411984,6073,8.6,le plupart du,yes,no,fragment,,
de tout le,3,411749,6074,2.36,de tout le,yes,no,fragment; loose,,
de la sécurité,3,411268,6075,6.24,de le sécurité,yes,no,fragment,,
ne vois pas,3,410990,6076,11.26,ne voir pas,yes,yes,,,
face à l',3,410814,6077,7.01,face à le,yes,no,fragment,,
à l' origine de,4,410717,6078,12.3,à le origine de,yes,no,fragment,,
la gestion des,3,410586,6079,8.4,le gestion un,yes,no,fragment,,
dans l' autre,3,410455,6080,6.18,dans le autre,yes,yes,,,
tu ne peux,3,410286,6081,12.59,tu ne pouvoir,yes,yes,,,
dans le contexte,3,410185,6082,9.7,dans le contexte,yes,yes,,,
la valeur de,3,410004,6083,5.8,le valeur de,yes,no,fragment,,
sein de l',3,409952,6084,6.83,sein de le,yes,no,fragment,,
de la communication,3,409895,6085,6.71,de le communication,yes,no,fragment,,
mal à l' aise,4,409042,6086,21.18,mal à le aise,yes,yes,,,
de la mère,3,408908,6087,4.52,de le mère,yes,no,fragment,,
que je peux,3,408837,6088,9.93,que je pouvoir,yes,yes,,,
prise en compte,3,408600,6089,14.09,prise en compte,yes,yes,,,
rien à voir avec,4,408438,6090,18.27,rien à voir avec,yes,no,fragment,,
le coup de,3,407977,6091,5.37,le coup de,yes,no,fragment,,
d' une main,3,407947,6092,7.68,de un main,yes,yes,,,
la lutte contre,3,407386,6093,13.34,le lutte contre,yes,yes,,,
reste de la,3,407327,6094,4.89,reste de le,yes,no,fragment,,
à celui de,3,407079,6095,4.56,à celui de,yes,no,fragment,,
de la sorte,3,406968,6096,5.64,de le sorte,yes,no,fragment,,
un moyen de,3,406692,6097,6.94,un moyen de,yes,no,fragment,,
leva les yeux,3,406292,6098,13.81,lever le oeil,no,no,rare word,,
l' histoire de la,4,405842,6099,10.29,le histoire de le,yes,no,fragment,,
de la propriété,3,405756,6100,7.1,de le propriété,yes,no,fragment,,
ne l' ai,3,405585,6101,6.26,ne le avoir,yes,yes,,,
sur le visage,3,405396,6102,8.91,sur le visage,yes,yes,,,
la même manière,3,405045,6103,9.45,le même manière,yes,yes,,,
qui permet de,3,404656,6104,7.44,qui permettre de,yes,no,fragment,,
qui est en,3,404595,6105,3.63,qui être en,yes,no,fragment,,
minutes plus tard,3,404442,6106,16.07,minuter plus tard,yes,yes,,,
tandis que la,3,404409,6107,7.83,tandis que le,yes,no,fragment,,
fois que je,3,404314,6108,7.77,fois que je,yes,yes,,,
plupart du temps,3,404130,6109,13.26,plupart du temps,yes,yes,,,
le plan de,3,403842,6110,6,le plan de,yes,no,fragment,,
de l' Afrique,3,403755,6111,7.26,de le Afrique,no,no,fragment; rare word,,
du fait que,3,403681,6112,6.25,du faire que,yes,no,fragment,,
la plupart du temps,4,403581,6113,18.38,le plupart du temps,yes,yes,,,
de la forêt,3,403240,6114,7.3,de le forêt,yes,no,fragment,,
de l' autre côté de,5,403107,6115,19.4,de le autre côté de,yes,no,fragment,,
au milieu d',3,402938,6116,9.75,au milieu de,yes,no,fragment,,
toute la journée,3,402924,6117,12.17,toute le journée,yes,yes,,,
les yeux vers,3,402802,6118,10.6,le oeil vers,yes,yes,,,
bout d' un,3,402710,6119,8.71,bout de un,yes,no,fragment,,
que les hommes,3,402632,6120,7.41,que le homme,yes,yes,,,
comme les autres,3,402613,6121,7.96,comme le autre,yes,yes,,,
la question du,3,402226,6122,7.05,le question du,yes,no,fragment,,
la durée de,3,401863,6123,6.81,le durée de,yes,no,fragment,,
au sein d',3,401746,6124,10.33,au sein de,yes,no,fragment; written style,,
de la même manière,4,401327,6125,13.8,de le même manière,yes,no,fragment,,
pour les autres,3,401276,6126,6.68,pour le autre,yes,yes,,,
de la paix,3,401013,6127,6.55,de le paix,yes,no,fragment,,
l' on se,3,400771,6128,5.24,le on se,yes,no,fragment,,
de la religion,3,400730,6129,6.93,de le religion,yes,no,fragment,,
d' être un,3,400484,6130,5.15,de être un,yes,no,fragment,,
la tête en,3,400270,6131,5.94,le tête en,yes,no,fragment,,
de vue de,3,400122,6132,4.35,de vue de,yes,no,fragment,,
y avait une,3,399759,6133,7.64,y avoir un,yes,no,fragment,,
l' ensemble du,3,399681,6134,7.98,le ensemble du,yes,no,fragment,,
vers la porte,3,399238,6135,10.36,vers le porte,yes,yes,,,
la même façon,3,399174,6136,9.29,le même façon,yes,yes,,,
cadre de la,3,399047,6137,5.89,cadre de le,yes,no,fragment,,
jours plus tard,3,398617,6138,14.69,jour plus tard,yes,yes,,,
au niveau des,3,398547,6139,9.72,au niveau un,yes,no,fragment,,
la théorie de,3,398499,6140,6.83,le théorie de,yes,no,fragment,,
la porte et,3,398424,6141,5.58,le porte et,yes,no,fragment,,
de l' intérieur,3,398230,6142,6.43,de le intérieur,yes,no,fragment,,
a l' air,3,398159,6143,8.59,avoir le air,yes,yes,,,
ce que tu as,4,397945,6144,18.17,ce que tu avoir,yes,yes,,,
la date de,3,397825,6145,6.62,le date de,yes,no,fragment,,
l' homme de,3,397790,6146,4.24,le homme de,yes,no,fragment,,
ne l' a,3,397788,6147,4.51,ne le avoir,yes,no,,,
au sein de l',4,397742,6148,14.18,au sein de le,yes,no,fragment; written style,,
l ' entreprise,3,397597,6149,,l ' entreprise,no,no,rare word,,
salle à manger,3,397433,6150,15.45,salle à manger,yes,yes,,,
de la nouvelle,3,397289,6151,4.95,de le nouveau,yes,no,fragment,,
d' un petit,3,396954,6152,7.3,de un petit,yes,yes,,,
était en train de,4,396844,6153,15.28,être en train de,yes,no,fragment,,
ainsi que l',3,396811,6154,6.29,ainsi que le,yes,no,fragment; written style,,
dans le domaine de,4,396732,6155,13.57,dans le domaine de,yes,no,fragment,,
l ' avait,3,396585,6156,,l ' avoir,no,no,rare word,,
à l' inverse,3,396213,6157,9.83,à le inverse,yes,yes,,,
dans le jardin,3,396128,6158,9.69,dans le jardin,yes,yes,,,
de sa femme,3,395976,6159,7.39,de son femme,yes,no,fragment,,
elle ne se,3,395806,6160,6.01,lui ne se,yes,no,fragment,,
à l' échelle,3,395693,6161,9.44,à le échelle,yes,yes,,,
mais je suis,3,395301,6162,9.38,mais je être,yes,yes,,,
besoin d' un,3,395296,6163,8.01,besoin de un,yes,no,fragment,,
à l' instar,3,394845,6164,11.09,à le instar,no,no,rare word,,
bien sûr que,3,394726,6165,11.3,bien sûr que,yes,no,fragment,,
des droits de l' homme,5,394490,6166,22.99,un droit de le homme,yes,yes,,,
de la cité,3,394268,6167,6.66,de le cité,yes,no,fragment,,
celle d' un,3,394196,6168,7.25,celui de un,yes,no,fragment,,
au bord de la,4,394037,6169,13.72,au bord de le,yes,no,fragment,,
l' un de ses,4,393833,6170,8.73,le un de son,yes,no,fragment,,
je ne l' ai,4,393689,6171,13.42,je ne le avoir,yes,yes,,,
à tout le,3,393617,6172,3.55,à tout le,yes,no,fragment,,
tu l' as,3,393324,6173,9.97,tu le avoir,yes,yes,,,
raison pour laquelle,3,393241,6174,14.33,raison pour lequel,yes,no,written style,,
de savoir si,3,393170,6175,8.41,de savoir si,yes,no,fragment,,
de la même façon,4,393113,6176,13.64,de le même façon,yes,no,fragment,,
de la scène,3,392788,6177,6.11,de le scène,yes,no,fragment,,
de lui faire,3,392645,6178,5.8,de luire faire,yes,no,fragment,,
de l' équipe,3,392631,6179,7.4,de le équipe,yes,no,fragment,,
et de se,3,392588,6180,1.12,et de se,yes,no,fragment; loose,,
par la fenêtre,3,392569,6181,10.01,par le fenêtre,yes,yes,,,
le choix de,3,392348,6182,6.15,le choix de,yes,no,fragment,,
de ce dernier,3,392324,6183,7.59,de ce dernier,yes,no,fragment,,
mais il était,3,391617,6184,6.37,mais il être,yes,yes,,,
la possibilité d',3,391287,6185,8.75,le possibilité de,yes,no,fragment,,
prendre en compte,3,391232,6186,12.77,prendre en compte,yes,yes,,,
je suis en,3,390609,6187,7.53,je être en,yes,no,fragment,,
ne savais pas,3,390394,6188,12.2,ne savoir pas,yes,yes,,,
l' intérieur du,3,390087,6189,8.76,le intérieur du,yes,no,fragment,,
de sa famille,3,390024,6190,8.12,de son famille,yes,no,fragment,,
de l' image,3,389994,6191,6.46,de le image,yes,no,fragment,,
l' évolution de,3,389407,6192,7.23,le évolution de,yes,no,fragment,,
que vous vous,3,389350,6193,6.6,que vous vous,yes,yes,,,
à l' aide d',4,389348,6194,13.98,à le aide de,yes,no,fragment,,
dans l' ordre,3,389137,6195,8.37,dans le ordre,yes,yes,,,
il d' une,3,389131,6196,2.94,il de un,yes,no,fragment; loose,,
mais aussi de,3,389030,6197,5.64,mais aussi de,yes,no,fragment,,
a besoin de,3,388955,6198,7.36,avoir besoin de,yes,no,fragment,,
de la fonction,3,388914,6199,5.74,de le fonction,yes,no,fragment,,
de la conscience,3,388908,6200,5.89,de le conscience,yes,no,fragment,,
de la Constitution,3,388692,6201,,de le Constitution,no,no,fragment; rare word,,
l ' ordre,3,388573,6202,,l ' ordre,no,no,rare word,,
la salle de bains,4,388328,6203,20.64,le salle de bain,yes,yes,,,
une des plus,3,388213,6204,4.3,un un plus,yes,no,,,
un homme de,3,388210,6205,4.71,un homme de,yes,no,fragment,,
à la différence,3,387614,6206,8.05,à le différence,yes,yes,,,
dont il est,3,387596,6207,6.66,dont il être,yes,no,written style,,
de faire un,3,387115,6208,3.82,de faire un,yes,no,fragment,,
ils ne sont,3,386985,6209,8.72,il ne être,yes,yes,,,
et le plus,3,386876,6210,2.53,et le plus,yes,no,fragment; loose,,
l' histoire du,3,386719,6211,7.46,le histoire du,yes,no,fragment,,
à l' eau,3,386657,6212,6.78,à le eau,yes,yes,,,
une fois que,3,386538,6213,7.05,un fois que,yes,no,fragment,,
à la surface,3,386319,6214,8.44,à le surface,yes,yes,,,
des gens qui,3,386283,6215,8.84,un gens qui,yes,yes,,,
à la recherche de,4,386222,6216,11.26,à le recherche de,yes,no,fragment,,
à l' oreille,3,386180,6217,9.11,à le oreille,yes,yes,,,
l' exercice de,3,386001,6218,7.32,le exercice de,yes,no,fragment,,
tous les cas,3,385927,6219,10.18,tout le cas,yes,yes,,,
et qui ne,3,385711,6220,3.6,et qui ne,yes,no,fragment,,
de l' énergie,3,385490,6221,7.09,de le énergie,yes,no,fragment,,
l' intérêt de,3,385276,6222,6.49,le intérêt de,yes,no,fragment,,
de la foi,3,385011,6223,6.54,de le foi,yes,no,fragment,,
est en train de,4,384647,6224,13.6,être en train de,yes,no,fragment,,
de la qualité,3,384408,6225,6.04,de le qualité,yes,no,fragment,,
avant d' être,3,384112,6226,9,avant de être,yes,yes,,,
bel et bien,3,384081,6227,12.64,bel et bien,yes,yes,,,
si vous êtes,3,384027,6228,12.83,si vous être,yes,yes,,,
de façon à,3,383603,6229,5.4,de façon à,yes,no,fragment,,
le contrôle de,3,383296,6230,6.62,le contrôler de,yes,no,fragment,,
par rapport à la,4,382815,6231,13.94,par rapport à le,yes,no,fragment,,
il y a eu,4,382779,6232,17.87,il y avoir avoir,yes,yes,,,
pas le droit,3,382692,6233,7.41,pas le droit,yes,yes,,,
à l' encontre,3,382255,6234,10.91,à le encontre,yes,yes,,,
dans l' air,3,382186,6235,7.82,dans le air,yes,yes,,,
il est à,3,382127,6236,2.3,il être à,yes,no,fragment; loose,,
je ne comprends pas,4,381958,6237,19.42,je ne comprendre pas,yes,yes,,,
toutes sortes de,3,381886,6238,13.55,tout sorte de,yes,no,fragment,,
le reste du,3,381833,6239,7.58,le reste du,yes,no,fragment,,
cours de l',3,381652,6240,5.62,cours de le,yes,no,fragment,,
le champ de,3,381601,6241,6.83,le champ de,yes,no,fragment,,
sur un ton,3,381131,6242,8.97,sur un ton,yes,no,fragment,,
de la zone,3,380771,6243,6.86,de le zone,yes,no,fragment,,
d' une société,3,380720,6244,8.33,de un société,yes,yes,,,
le cas des,3,380408,6245,6.31,le cas un,yes,no,fragment,,
l ' a,3,380320,6246,,l ' avoir,no,no,rare word,,
mise en scène,3,380270,6247,14.85,mise en scène,yes,yes,,,
une nouvelle fois,3,380149,6248,12.09,un nouveau fois,yes,yes,,,
l' auteur de,3,379975,6249,6.61,le auteur de,yes,no,fragment,,
de la maladie,3,379919,6250,6.77,de le maladie,yes,no,fragment,,
à l' aide de,4,379304,6251,12.04,à le aide de,yes,no,fragment,,
de la période,3,379257,6252,6.16,de le période,yes,no,fragment,,
y a quelques,3,379252,6253,10.57,y avoir quelque,yes,yes,,,
dans le cas de,4,379090,6254,11.28,dans le cas de,yes,no,fragment,,
ce qui peut,3,378753,6255,7.51,ce qui pouvoir,yes,yes,,,
de la relation,3,378189,6256,6.05,de le relation,yes,no,fragment,,
domaine de la,3,377994,6257,6.26,domaine de le,yes,no,fragment,,
je ne vois pas,4,377949,6258,18.34,je ne voir pas,yes,yes,,,
à New York,3,377691,6259,,à New York,no,no,rare word,,
la protection de,3,377628,6260,6.61,le protection de,yes,no,fragment,,
de faire des,3,377446,6261,3.74,de faire un,yes,no,fragment,,
pour que je,3,377238,6262,4.62,pour que je,yes,no,,,
retour à la,3,377120,6263,6.81,retour à le,yes,no,fragment,,
l' égard des,3,377078,6264,9.19,le égard un,yes,no,fragment,,
de ses yeux,3,376905,6265,7.3,de son oeil,yes,no,fragment,,
du droit de,3,376634,6266,5.84,du droit de,yes,no,fragment,,
à une autre,3,376569,6267,5.65,à un autre,yes,yes,,,
dès lors que,3,376560,6268,13.72,dès lors que,yes,no,fragment,,
dans la salle de,4,376375,6269,12.57,dans le salle de,yes,no,fragment,,
je ne puis,3,376372,6270,8.63,je ne pouvoir,yes,yes,,,
de l' Empire,3,376284,6271,,de le Empire,no,no,fragment; rare word,,
point de vue de,4,376283,6272,15.09,point de vue de,yes,no,fragment,,
de la procédure,3,376207,6273,6.98,de le procédure,yes,no,fragment,,
on peut dire,3,376160,6274,11.58,on pouvoir dire,yes,yes,,,
d' autres termes,3,376155,6275,13.03,de autre terme,yes,yes,,,
qui lui est,3,376112,6276,5.55,qui luire être,yes,yes,,,
à l' université,3,376105,6277,8.57,à le université,yes,yes,,,
à long terme,3,375960,6278,13.93,à long terme,yes,yes,,,
dans le champ,3,375756,6279,9.26,dans le champ,yes,yes,,,
de la question,3,375744,6280,4.59,de le question,yes,no,fragment,,
Conseil d' État,3,375434,6281,,Conseil de État,no,no,rare word,,
le désir de,3,375361,6282,6.69,le désir de,yes,no,fragment,,
de la force,3,375333,6283,5.31,de le forcer,yes,no,fragment,,
dans le secteur,3,375221,6284,9.89,dans le secteur,yes,yes,,,
de la connaissance,3,375162,6285,6.18,de le connaissance,yes,no,fragment,,
temps à autre,3,375117,6286,8.9,temps à autre,yes,yes,,,
dans un monde,3,375095,6287,7.27,dans un monde,yes,yes,,,
l ' objet,3,374853,6288,,l ' objet,no,no,rare word,,
à la première,3,374707,6289,5.69,à le première,yes,yes,,,
en premier lieu,3,374612,6290,12.52,en premier lieu,yes,yes,,,
vous ne pouvez,3,374560,6291,12.49,vous ne pouvoir,yes,yes,,,
de temps à autre,4,374298,6292,13.27,de temps à autre,yes,no,fragment,,
même si je,3,374284,6293,8.37,même si je,yes,yes,,,
pour cette raison,3,374053,6294,10.96,pour ce raison,yes,yes,,,
au bout d' un,4,374050,6295,16,au bout de un,yes,no,fragment,,
y avait des,3,373734,6296,7.21,y avoir un,yes,no,fragment,,
pour que les,3,373262,6297,3.22,pour que le,yes,no,fragment,,
l' un et,3,373007,6298,1.25,le un et,yes,no,fragment; loose,,
je ne savais pas,4,372927,6299,19.34,je ne savoir pas,yes,yes,,,
à l' instant,3,372628,6300,7.39,à le instant,yes,yes,,,
mais il y a,4,372628,6301,14.43,mais il y avoir,yes,yes,,,
la capacité de,3,372430,6302,6.85,le capacité de,yes,no,fragment,,
les yeux sur,3,372058,6303,7.83,le oeil sur,yes,no,fragment,,
l' art de,3,371931,6304,5.53,le art de,yes,no,fragment,,
l ' auteur,3,371499,6305,,l ' auteur,no,no,rare word,,
ou l' autre,3,371233,6306,7.47,ou le autre,yes,yes,,,
au niveau du,3,371211,6307,10.13,au niveau du,yes,no,fragment,,
d' une personne,3,371135,6308,7.62,de un personne,yes,yes,,,
le cadre de la,4,370978,6309,11.33,le cadre de le,yes,no,fragment,,
le projet de,3,370977,6310,6.14,le projet de,yes,no,fragment,,
fin des années,3,370786,6311,12.57,fin un année,yes,yes,,,
la France et,3,370325,6312,5.5,le France et,no,no,fragment; rare word,,
de son frère,3,370151,6313,8.45,de son frère,yes,no,fragment,,
je le sais,3,370088,6314,7.94,je le savoir,yes,yes,,,
en l' occurrence,3,370016,6315,11.46,en le occurrence,no,no,rare word,,
pour que le,3,369909,6316,2.92,pour que le,yes,no,fragment; loose,,
ne sommes pas,3,369813,6317,10.32,ne être pas,yes,yes,,,
dans ses yeux,3,369601,6318,9.71,dans son oeil,yes,yes,,,
grâce à l',3,369556,6319,7.41,grâce à le,yes,no,fragment,,
et celle de,3,369523,6320,4.46,et celui de,yes,no,fragment,,
l' occasion d',3,369344,6321,8.75,le occasion de,yes,no,fragment,,
pour ainsi dire,3,369172,6322,11.28,pour ainsi dire,yes,yes,,,
de la fenêtre,3,369098,6323,6.78,de le fenêtre,yes,no,fragment,,
de toute la,3,368630,6324,3.58,de toute le,yes,no,fragment,,
et sur les,3,368412,6325,2.62,et sur le,yes,no,fragment; loose,,
autour de moi,3,368322,6326,9.62,autour de moi,yes,yes,,,
de l' univers,3,368208,6327,7.51,de le univers,yes,no,fragment,,
il se mit,3,368193,6328,10.62,il se mettre,yes,yes,,,
la perte de,3,368145,6329,7.18,le perte de,yes,no,fragment,,
par le fait,3,367607,6330,5.91,par le faire,yes,yes,,,
l ' espace,3,367590,6331,,l ' espace,no,no,rare word,,
le cas échéant,3,367407,6332,16.28,le cas échéant,no,no,rare word,,
à cause de la,4,367230,6333,10.88,à cause de le,yes,no,fragment,,
l' honneur de,3,367057,6334,7.41,le honneur de,yes,no,fragment,,
en d' autres termes,4,366979,6335,19.19,en de autre terme,yes,yes,,,
de l' autorité,3,366889,6336,7.14,de le autorité,yes,no,fragment,,
autre côté de la,4,366866,6337,14.25,autre côté de le,yes,no,fragment,,
de la crise,3,366708,6338,6.64,de le crise,yes,no,fragment,,
la table de,3,365975,6339,5.54,le table de,yes,no,fragment,,
ne pense pas,3,365789,6340,10.84,ne penser pas,yes,yes,,,
pas tout à,3,365478,6341,5.02,pas tout à,yes,no,fragment,,
de la présence,3,365237,6342,5.61,de le présence,yes,no,fragment,,
intérieur de la,3,365118,6343,5.66,intérieur de le,yes,no,fragment,,
à l' hôtel,3,364923,6344,8.25,à le hôtel,yes,yes,,,
ministre de la,3,364788,6345,6.46,ministre de le,yes,no,fragment,,
sur le fait,3,364285,6346,5.96,sur le faire,yes,yes,,,
de la Commission,3,364110,6347,,de le Commission,no,no,fragment; rare word,,
de l' aide,3,363900,6348,6.36,de le aide,yes,no,fragment,,
l' heure de,3,363872,6349,5.73,le heure de,yes,no,fragment,,
de la Terre,3,363817,6350,,de le Terre,no,no,fragment; rare word,,
ensemble de la,3,363757,6351,4.85,ensemble de le,yes,no,fragment,,
fonction de la,3,363690,6352,5.64,fonction de le,yes,no,fragment,,
la politique de,3,363672,6353,4.62,le politique de,yes,no,fragment,,
de la rivière,3,363612,6354,7.64,de le rivière,yes,no,fragment,,
à l' endroit,3,363461,6355,8.03,à le endroit,yes,yes,,,
l' arrivée de,3,363419,6356,7.02,le arrivée de,yes,no,fragment,,
première fois que,3,363372,6357,11.57,première fois que,yes,no,fragment,,
de se rendre,3,363157,6358,7.85,de se rendre,yes,no,fragment,,
il ne lui,3,362968,6359,5.59,il ne luire,yes,yes,,,
des milliers de,3,362833,6360,8.85,un millier de,yes,no,fragment,,
Retour au texte,3,362554,6361,,Retour au texte,no,no,rare word,,
tous les hommes,3,362543,6362,10.49,tout le homme,yes,yes,,,
place de la,3,362361,6363,4.21,place de le,yes,no,fragment,,
il suffit de,3,362310,6364,8.23,il suffire de,yes,no,fragment,,
dans le dos,3,361829,6365,8.94,dans le dos,yes,yes,,,
le lendemain matin,3,361769,6366,15.02,le lendemain matin,yes,yes,,,
ferma les yeux,3,361649,6367,15.69,ferma le oeil,no,no,rare word,,
un jeune homme,3,361481,6368,11.52,un jeune homme,yes,yes,,,
la demande de,3,361369,6369,5.08,le demande de,yes,no,fragment,,
que les gens,3,361286,6370,7.92,que le gens,yes,yes,,,
il y a quelques,4,360861,6371,16.78,il y avoir quelque,yes,yes,,,
le fait d',3,360838,6372,4.64,le faire de,yes,no,fragment,,
moment où il,3,360815,6373,10.34,moment où il,yes,yes,,,
une espèce de,3,360553,6374,8.38,un espèce de,yes,no,fragment,,
dans un état,3,360537,6375,7.8,dans un état,yes,yes,,,
de la plus,3,360480,6376,0.92,de le plus,yes,no,fragment; loose,,
de l' évolution,3,360424,6377,7.12,de le évolution,yes,no,fragment,,
du XIX e,3,360177,6378,,du XIX e,no,no,rare word,,
comme nous l',3,360138,6379,6.08,comme nous le,yes,no,fragment,,
la première fois que,4,359733,6380,16.68,le première fois que,yes,no,fragment,,
de la jeune femme,4,359626,6381,15.39,de le jeune femme,yes,no,fragment,,
nous ne sommes pas,4,359469,6382,18.52,nous ne être pas,yes,yes,,,
eu le temps de,4,359448,6383,14.87,avoir le temps de,yes,no,fragment,,
l' absence d',3,359341,6384,8.89,le absence de,yes,no,fragment,,
au pied de,3,359328,6385,8.13,au pied de,yes,no,fragment,,
côté de l',3,359305,6386,5.18,côté de le,yes,no,fragment,,
que la vie,3,359287,6387,5.46,que le vie,yes,yes,,,
parce que tu,3,359268,6388,10.45,parce que tu,yes,yes,,,
ne peut se,3,359248,6389,7.86,ne pouvoir se,yes,no,fragment,,
au lieu d',3,359246,6390,8.78,au lieu de,yes,no,fragment,,
alors que l',3,359124,6391,5.89,alors que le,yes,no,fragment,,
après la mort,3,359112,6392,10.02,après le mort,yes,yes,,,
dans l' esprit,3,359091,6393,7.88,dans le esprit,yes,yes,,,
le travail de,3,359006,6394,4.66,le travail de,yes,no,fragment,,
de sa fille,3,358668,6395,8.01,de son fille,yes,no,fragment,,
de sa main,3,358441,6396,7.3,de son main,yes,no,fragment,,
de l' objet,3,358368,6397,6.07,de le objet,yes,no,fragment,,
à l' égard des,4,357994,6398,14.74,à le égard un,yes,no,fragment,,
dans sa vie,3,357992,6399,8.88,dans son vie,yes,yes,,,
que celle de,3,357910,6400,5.49,que celui de,yes,no,fragment,,
à l' œuvre,3,357884,6401,7.11,à le œuvre,yes,yes,,,
en compagnie de,3,357682,6402,7.76,en compagnie de,yes,no,fragment,,
la fin des années,4,357470,6403,17.63,le fin un année,yes,yes,,,
delà de la,3,357434,6404,6.38,delà de le,yes,no,fragment,,
centre de la,3,357228,6405,5.55,centre de le,yes,no,fragment,,
pas tout à fait,4,357186,6406,14.09,pas tout à faire,yes,yes,,,
que nous avions,3,356984,6407,12.19,que nous avions,yes,yes,,,
de la manière,3,356520,6408,4.92,de le manière,yes,no,fragment,,
ce point de,3,356501,6409,6.32,ce point de,yes,no,fragment,,
je ne vais,3,356177,6410,10.54,je ne aller,yes,yes,,,
le sentiment de,3,356020,6411,6.68,le sentiment de,yes,no,fragment,,
de la Révolution,3,355880,6412,,de le Révolution,no,no,fragment; rare word,,
à voix basse,3,355676,6413,14.71,à voix basse,yes,yes,,,
pas le temps de,4,355518,6414,10.54,pas le temps de,yes,no,fragment,,
que toutes les,3,355472,6415,6.73,que tout le,yes,no,fragment,,
d' avoir un,3,355337,6416,6.36,de avoir un,yes,no,fragment,,
et que vous,3,355174,6417,3.81,et que vous,yes,no,fragment,,
raison de la,3,355131,6418,4.72,raison de le,yes,no,fragment,,
la production de,3,355025,6419,6.13,le production de,yes,no,fragment,,
ou à l',3,354843,6420,3.35,ou à le,yes,no,fragment,,
dès le début,3,354496,6421,13.05,dès le début,yes,yes,,,
qui est la,3,354311,6422,2.36,qui être le,yes,no,fragment; loose,,
la guerre de,3,354281,6423,4.89,le guerre de,yes,no,fragment,,
ne sont plus,3,354264,6424,7.46,ne être plus,yes,yes,,,
jeta un coup,3,353368,6425,15.71,jeter un coup,no,no,rare word,,
un morceau de,3,353298,6426,9.08,un morceau de,yes,no,fragment,,
l' amour de,3,353148,6427,5.58,le amour de,yes,no,fragment,,
sur la plage,3,352794,6428,10.61,sur le plage,yes,yes,,,
dans la plupart,3,352782,6429,8.46,dans le plupart,yes,yes,,,
de la capitale,3,352760,6430,7.32,de le capital,yes,no,fragment,,
l' étude de,3,352743,6431,6.83,le étude de,yes,no,fragment,,
l' utilisation de,3,352591,6432,7.6,le utilisation de,yes,no,fragment,,
pas que je,3,352230,6433,4.54,pas que je,yes,no,,,
à l' ordre,3,352042,6434,7.04,à le ordre,yes,yes,,,
le niveau de,3,351991,6435,5.83,le niveau de,yes,no,fragment,,
bien que je,3,351557,6436,6.25,bien que je,yes,yes,,,
de me faire,3,351378,6437,6.2,de me faire,yes,no,fragment,,
au cours d',3,350995,6438,9.03,au cours de,yes,no,fragment,,
ce qui l',3,350830,6439,3.82,ce qui le,yes,no,fragment,,
l ' année,3,350689,6440,,l ' année,no,no,rare word,,
pas dans le,3,350664,6441,3.15,pas dans le,yes,no,fragment,,
si vous ne,3,350054,6442,7.82,si vous ne,yes,no,fragment,,
et que nous,3,349829,6443,3.91,et que nous,yes,no,fragment,,
en contact avec,3,349451,6444,11.45,en contact avec,yes,no,fragment,,
table des matières,3,349147,6445,16.82,table un matière,yes,yes,,,
ce que cela,3,348959,6446,7.79,ce que celer,yes,yes,,,
aussi bien que,3,348918,6447,8.44,aussi bien que,yes,no,fragment,,
au vendredi de,3,348870,6448,9.73,au vendredi de,yes,no,fragment,,
à l' est,3,348460,6449,1.65,à le être,yes,no,loose,,
je ne pense,3,348459,6450,10.86,je ne penser,yes,yes,,,
je vais te,3,348435,6451,13.91,je aller te,yes,no,fragment,,
il y a de,4,348400,6452,10.67,il y avoir de,yes,no,fragment,,
bien d' autres,3,348395,6453,8.66,bien de autre,yes,yes,,,
le système de,3,348121,6454,5.7,le système de,yes,no,fragment,,
un peu comme,3,347977,6455,8.27,un peu comme,yes,yes,,,
que l' autre,3,347959,6456,5.65,que le autre,yes,yes,,,
de la volonté,3,347802,6457,6.12,de le volonté,yes,no,fragment,,
la femme de,3,347674,6458,4.06,le femme de,yes,no,fragment,,
question de l',3,347609,6459,5.12,question de le,yes,no,fragment,,
la connaissance de,3,347554,6460,6.07,le connaissance de,yes,no,fragment,,
a plus de,3,347390,6461,3.28,avoir plus de,yes,no,fragment,,
dans l' ombre,3,347230,6462,9.82,dans le ombre,yes,yes,,,
sur la question,3,346988,6463,7.68,sur le question,yes,yes,,,
de l' emploi,3,346698,6464,7.09,de le emploi,yes,no,fragment,,
sur le front,3,346388,6465,10.24,sur le front,yes,yes,,,
je les ai,3,346140,6466,5.95,je le avoir,yes,yes,,,
membres de l',3,345658,6467,6.41,membre de le,yes,no,fragment,,
ne peuvent pas,3,345330,6468,9.83,ne pouvoir pas,yes,yes,,,
de ne pas avoir,4,345243,6469,12.62,de ne pas avoir,yes,no,fragment,,
les mains de,3,345036,6470,5.71,le main de,yes,no,fragment,,
il faut bien,3,344939,6471,9.57,il falloir bien,yes,yes,,,
et il avait,3,344875,6472,3.81,et il avoir,yes,no,fragment,,
le besoin de,3,344838,6473,5.19,le besoin de,yes,no,fragment,,
que de l',3,344773,6474,0.33,que de le,yes,no,fragment; loose,,
de la mise en,4,344607,6475,11.43,de le mise en,yes,no,fragment,,
qui ne peut,3,344545,6476,7.32,qui ne pouvoir,yes,yes,,,
dans le cadre de la,5,344450,6477,18.04,dans le cadre de le,yes,no,fragment; written style,,
de l' individu,3,344152,6478,7.54,de le individu,yes,no,fragment,,
d ' eau,3,343980,6479,,d ' eau,no,no,rare word,,
XX e siècle,3,343911,6480,,XX e siècle,no,no,rare word,,
si elle ne,3,343756,6481,7.02,si lui ne,yes,no,fragment,,
dans le quartier,3,343626,6482,9.54,dans le quartier,yes,yes,,,
que ce qui,3,343404,6483,4.56,que ce qui,yes,no,,,
l ' intérieur,3,343390,6484,,l ' intérieur,no,no,rare word,,
se leva et,3,343313,6485,9.99,se lever et,no,no,fragment; rare word,,
de son visage,3,343128,6486,7.66,de son visage,yes,no,fragment,,
clin d' œil,3,342928,6487,18.48,clin de œil,yes,yes,,,
porte d' entrée,3,342881,6488,13.6,porte de entrée,yes,yes,,,
de la démocratie,3,342813,6489,7.55,de le démocratie,yes,no,fragment,,
et ce qui,3,342773,6490,3.48,et ce qui,yes,no,fragment,,
d' œil à,3,342697,6491,8.13,de œil à,yes,no,fragment,,
il est en,3,342457,6492,2.71,il être en,yes,no,fragment; loose,,
je savais que,3,342429,6493,11.28,je savoir que,yes,no,fragment,,
ils se sont,3,342262,6494,8.64,il se être,yes,yes,,,
au profit de,3,342141,6495,9.6,au profit de,yes,no,fragment,,
par tous les,3,342014,6496,6.76,par tout le,yes,no,fragment,,
que ce que,3,341822,6497,4.12,que ce que,yes,no,fragment,,
par l' intermédiaire,3,341794,6498,11.85,par le intermédiaire,yes,yes,,,
que celui de,3,341435,6499,5.22,que celui de,yes,no,fragment,,
tour à tour,3,341240,6500,13.4,tour à tour,yes,yes,,,
de faire le,3,341159,6501,2.92,de faire le,yes,no,fragment; loose,,
rapport à l',3,341108,6502,6.91,rapport à le,yes,no,fragment,,
à l' ouest,3,340952,6503,8.52,à le ouest,yes,yes,,,
sur le territoire,3,340942,6504,10.3,sur le territoire,yes,yes,,,
dans l' obscurité,3,340892,6505,11.1,dans le obscurité,yes,yes,,,
code de la,3,340726,6506,6.22,code de le,yes,no,fragment,,
d' une petite,3,340665,6507,7.96,de un petit,yes,yes,,,
pas la peine,3,340609,6508,7.88,pas le peiner,yes,yes,,,
de l' avoir,3,340387,6509,3.9,de le avoir,yes,no,fragment,,
un grand nombre de,4,340217,6510,16.68,un grand nombre de,yes,no,fragment,,
le concept de,3,339826,6511,7.6,le concept de,yes,no,fragment,,
d ' en,3,339790,6512,,d ' en,no,no,fragment; rare word,,
de ses parents,3,339702,6513,8.8,de son parent,yes,no,fragment,,
dans la main,3,339593,6514,6.53,dans le main,yes,yes,,,
la naissance de,3,339588,6515,6.56,le naissance de,yes,no,fragment,,
ne pouvais pas,3,339462,6516,12.21,ne pouvoir pas,yes,yes,,,
pommes de terre,3,339200,6517,14.91,pomme de terrer,yes,yes,,,
quant à lui,3,339105,6518,10.15,quant à luire,yes,yes,,,
d' avoir une,3,339045,6519,6.58,de avoir un,yes,no,fragment,,
de la construction,3,338968,6520,6.43,de le construction,yes,no,fragment,,
à la mode,3,338750,6521,7.48,à le mode,yes,yes,,,
de l' Union européenne,4,338721,6522,,de le Union européen,no,no,fragment; rare word,,
de la demande,3,338488,6523,4.98,de le demande,yes,no,fragment,,
de la peine,3,338306,6524,5.13,de le peiner,yes,no,fragment,,
au bord du,3,338258,6525,10.75,au bord du,yes,no,fragment,,
de l ' homme,4,338184,6526,,de l ' homme,no,no,fragment; rare word,,
vue de la,3,338048,6527,4.85,vue de le,yes,no,fragment,,
d' un point de,4,338013,6528,11.37,de un point de,yes,no,fragment,,
qui venait de,3,337998,6529,7.73,qui venir de,yes,no,fragment,,
de sa voix,3,337992,6530,7.66,de son voix,yes,no,fragment,,
sur tous les,3,337915,6531,6.81,sur tout le,yes,no,fragment,,
ceux qui ne,3,337880,6532,9.03,celui qui ne,yes,no,fragment,,
la plupart de,3,337699,6533,5.96,le plupart de,yes,no,fragment,,
de l' exercice,3,337675,6534,7.13,de le exercice,yes,no,fragment,,
à ses yeux,3,337663,6535,8.39,à son oeil,yes,yes,,,
dans ce contexte,3,337549,6536,11.29,dans ce contexte,yes,yes,,,
il d' une voix,4,337252,6537,14.13,il de un voix,yes,yes,,,
dans la voiture,3,337156,6538,8.24,dans le voiture,yes,yes,,,
en train d',3,337144,6539,8.73,en train de,yes,no,fragment,,
vous l' avez,3,336935,6540,9.06,vous le avoir,yes,yes,,,
et sur la,3,336520,6541,1.78,et sur le,yes,no,fragment; loose,,
compte tenu de,3,336411,6542,13.22,compte tenu de,yes,no,fragment,,
si elle est,3,336056,6543,6.22,si lui être,yes,yes,,,
qui se trouve,3,336034,6544,9.99,qui se trouver,yes,yes,,,
de la théorie,3,335957,6545,6.58,de le théorie,yes,no,fragment,,
quant à l',3,335937,6546,7.68,quant à le,yes,no,fragment,,
elle avait été,3,335897,6547,8.95,lui avoir être,yes,yes,,,
je vous le,3,335840,6548,4.48,je vous le,yes,no,fragment,,
le moment de,3,335656,6549,4.47,le moment de,yes,no,fragment,,
l' histoire des,3,335365,6550,6.74,le histoire un,yes,no,fragment,,
de quelque chose,3,335089,6551,9.83,de quelque chose,yes,no,fragment,,
plus de la,3,335047,6552,0.82,plus de le,yes,no,fragment; loose,,
XVIII e siècle,3,335044,6553,,XVIII e siècle,no,no,rare word,,
il est le,3,334954,6554,2.02,il être le,yes,no,fragment; loose,,
fait que les,3,334741,6555,5.08,faire que le,yes,no,fragment,,
d ' après,3,334443,6556,,d ' après,no,no,rare word,,
l' autre bout,3,334415,6557,11.35,le autre bout,yes,yes,,,
tout le reste,3,334026,6558,9.19,tout le reste,yes,yes,,,
une jeune fille,3,333864,6559,13.11,un jeune fille,yes,yes,,,
dans la plupart des,4,333537,6560,14.6,dans le plupart un,yes,no,fragment,,
qui concerne les,3,333369,6561,10.02,qui concerner le,yes,no,fragment,,
de l ' autre,4,333252,6562,,de l ' autre,no,no,fragment; rare word,,
depuis des années,3,333145,6563,11.62,depuis un année,yes,yes,,,
à force de,3,333110,6564,5.65,à forcer de,yes,no,fragment,,
il est important,3,332855,6565,9.32,il être important,yes,yes,,,
sous la direction de,4,332690,6566,15.68,sou le direction de,yes,no,fragment,,
de toute évidence,3,332627,6567,12.14,de toute évidence,yes,no,fragment,,
lors d' un,3,332589,6568,7.98,lors de un,yes,no,fragment,,
de le voir,3,332574,6569,3.98,de le voir,yes,no,fragment,,
des centaines de,3,332563,6570,9.05,un centaine de,yes,no,fragment,,
y a deux,3,332502,6571,9.21,y avoir deux,yes,yes,,,
l' autre côté de la,5,332480,6572,19.87,le autre côté de le,yes,no,fragment,,
le président de,3,332104,6573,6.2,le président de,yes,no,fragment,,
le long des,3,332001,6574,7.32,le long un,yes,no,fragment,,
et se mit,3,331963,6575,9.64,et se mettre,yes,no,fragment,,
au regard de,3,331849,6576,6.84,au regard de,yes,no,fragment,,
lundi au vendredi,3,331789,6577,19.3,lundi au vendredi,yes,yes,,,
en guise de,3,331567,6578,9.48,en guise de,yes,no,fragment,,
crois que je,3,331532,6579,9.76,croire que je,yes,yes,,,
où il se,3,331379,6580,6.72,où il se,yes,no,fragment,,
l ' action,3,331338,6581,,l ' action,no,no,rare word,,
du Code civil,3,331281,6582,,du Code civil,no,no,rare word,,
de l' Est,3,331217,6583,,de le Est,no,no,fragment; rare word,,
l' obligation de,3,331140,6584,7.86,le obligation de,yes,no,fragment,,
il avait l',3,330996,6585,4.05,il avoir le,yes,no,fragment,,
qui lui avait,3,330931,6586,7.19,qui luire avoir,yes,yes,,,
la différence entre,3,330874,6587,11.81,le différence entrer,yes,yes,,,
qui a fait,3,330874,6588,7.2,qui avoir faire,yes,yes,,,
l' île de,3,330851,6589,7.12,le île de,yes,no,fragment,,
et les plus,3,330671,6590,2.59,et le plus,yes,no,fragment; loose,,
du lundi au vendredi,4,330656,6591,26.03,du lundi au vendredi,yes,yes,,,
de la nation,3,330465,6592,7.36,de le nation,yes,no,fragment,,
faire de la,3,330247,6593,2.45,faire de le,yes,no,fragment; loose,,
la gestion de,3,330218,6594,6.24,le gestion de,yes,no,fragment,,
il d' un,3,330012,6595,2.41,il de un,yes,no,fragment; loose,,
temps de la,3,330011,6596,2.89,temps de le,yes,no,fragment; loose,,
la pensée de,3,329919,6597,5.67,le penser de,yes,no,fragment,,
contre le mur,3,329902,6598,13.17,contre le mur,yes,yes,,,
à l' avance,3,329868,6599,8.75,à le avance,yes,yes,,,
et dans l',3,329866,6600,1.63,et dans le,yes,no,fragment; loose,,
jeta un coup d',4,329775,6601,21.88,jeter un coup de,no,no,fragment; rare word,,
du XIX e siècle,4,329645,6602,,du XIX e siècle,no,no,rare word,,
de cette façon,3,329453,6603,8.11,de ce façon,yes,no,fragment,,
je me sentais,3,329270,6604,14.78,je me sentir,yes,yes,,,
lundi au samedi,3,329192,6605,18.81,lundi au samedi,yes,yes,,,
début de l',3,329185,6606,5.97,début de le,yes,no,fragment,,
l ' heure,3,329037,6607,,l ' heure,no,no,rare word,,
à laquelle il,3,328875,6608,7.37,à lequel il,yes,no,written style,,
au courant de,3,328656,6609,8.53,au courant de,yes,no,fragment,,
du lundi au samedi,4,328348,6610,25.54,du lundi au samedi,yes,yes,,,
la décision de,3,328321,6611,5.99,le décision de,yes,no,fragment,,
pas envie de,3,328294,6612,7.56,pas envie de,yes,no,fragment,,
faire face à,3,328287,6613,10.29,faire face à,yes,no,fragment,,
il y avait un,4,328222,6614,13.35,il y avoir un,yes,no,fragment,,
la place du,3,328020,6615,6.43,le place du,yes,no,fragment,,
à sa mère,3,327996,6616,8.6,à son mère,yes,yes,,,
pour les enfants,3,327813,6617,7.85,pour le enfant,yes,yes,,,
de la façon,3,327775,6618,4.66,de le façon,yes,no,fragment,,
dans sa tête,3,327705,6619,9.41,dans son tête,yes,yes,,,
il est possible de,4,327637,6620,12.63,il être possible de,yes,no,fragment,,
jeta un coup d' œil,5,327478,6621,34.45,jeter un coup de œil,no,no,rare word,,
pour que la,3,327462,6622,2.33,pour que le,yes,no,fragment; loose,,
celui qui a,3,327454,6623,8.75,celui qui avoir,yes,yes,,,
de ce type,3,327316,6624,7.77,de ce typer,yes,no,fragment,,
ce que tu veux,4,327302,6625,18.42,ce que tu vouloir,yes,yes,,,
pas dans la,3,327204,6626,2.63,pas dans le,yes,no,fragment; loose,,
en état de,3,327116,6627,5.15,en état de,yes,no,fragment,,
impression d' être,3,327110,6628,11.5,impression de être,yes,yes,,,
je suppose que,3,327089,6629,11.57,je supposer que,yes,no,fragment,,
et ceux qui,3,327036,6630,7.09,et celui qui,yes,no,fragment,,
le plus important,3,327032,6631,9.68,le plus important,yes,yes,,,
l ' école,3,326595,6632,,l ' école,no,no,rare word,,
encore un peu,3,326456,6633,9.64,encore un peu,yes,yes,,,
jour de la,3,326276,6634,3.84,jour de le,yes,no,fragment,,
le centre de,3,326269,6635,5.84,le centre de,yes,no,fragment,,
ne sont que,3,326167,6636,6.17,ne être que,yes,no,fragment,,
le duc de,3,325948,6637,7.53,le duc de,yes,no,fragment,,
il faut donc,3,325923,6638,10.97,il falloir donc,yes,yes,,,
mais il a,3,325810,6639,5.42,mais il avoir,yes,no,,,
de l' Université,3,325767,6640,,de le Université,no,no,fragment; rare word,,
le cadre du,3,325718,6641,8.38,le cadre du,yes,no,fragment,,
la vie des,3,325576,6642,5,le vie un,yes,no,fragment,,
à travers l',3,325395,6643,7.2,à travers le,yes,no,fragment,,
le problème de,3,325384,6644,6,le problème de,yes,no,fragment,,
le monde de,3,325231,6645,3.89,le monde de,yes,no,fragment,,
de la parole,3,325228,6646,5.94,de le parole,yes,no,fragment,,
de l' OCDE,3,324877,6647,,de le OCDE,no,no,fragment; rare word,,
petit à petit,3,324611,6648,11,petit à petit,yes,yes,,,
de la côte,3,324506,6649,6.81,de le côte,yes,no,fragment,,
il est difficile,3,324465,6650,9.23,il être difficile,yes,yes,,,
la route de,3,324458,6651,5.51,le router de,yes,no,fragment,,
où il avait,3,324381,6652,7.65,où il avoir,yes,yes,,,
et elle se,3,323838,6653,3.82,et lui se,yes,no,fragment,,
la nature et,3,323499,6654,6,le nature et,yes,no,fragment,,
à la base,3,323423,6655,7.02,à le base,yes,yes,,,
dans ce domaine,3,323362,6656,10.77,dans ce domaine,yes,yes,,,
d' un nouveau,3,323313,6657,7.39,de un nouveau,yes,yes,,,
toutes les autres,3,323207,6658,9.95,tout le autre,yes,yes,,,
de l' établissement,3,323093,6659,7.34,de le établissement,yes,no,fragment,,
chef de l',3,322955,6660,6.12,chef de le,yes,no,fragment,,
de la gestion,3,322705,6661,6.21,de le gestion,yes,no,fragment,,
dans le premier,3,322697,6662,7.07,dans le premier,yes,yes,,,
sur le canapé,3,322630,6663,11.82,sur le canapé,yes,yes,,,
dire que je,3,322392,6664,7.6,dire que je,yes,yes,,,
pas plus que,3,322386,6665,4.92,pas plus que,yes,no,fragment,,
au niveau de la,4,322145,6666,12.68,au niveau de le,yes,no,fragment,,
en vertu de,3,321627,6667,8.37,en vertu de,yes,no,fragment,,
dans tous les cas,4,321495,6668,16.73,dans tout le cas,yes,yes,,,
à cette heure,3,321449,6669,9.61,à ce heure,yes,yes,,,
qui se passait,3,321234,6670,12.04,qui se passer,yes,yes,,,
dans la forêt,3,321145,6671,9.41,dans le forêt,yes,yes,,,
ce que je veux,4,321122,6672,16.55,ce que je vouloir,yes,yes,,,
est de la,3,321065,6673,-0.37,être de le,yes,no,fragment; loose,,
au moment de la,4,321061,6674,11.39,au moment de le,yes,no,fragment,,
je suis désolé,3,320770,6675,16.08,je être désolé,yes,yes,,,
de l' œil,3,320530,6676,6.26,de le œil,yes,no,fragment,,
le monde entier,3,320354,6677,13.54,le monde entier,yes,yes,,,
il est très,3,320072,6678,6.26,il être très,yes,yes,,,
de mal à,3,320026,6679,4.89,de mal à,yes,no,fragment,,
le titre de,3,319769,6680,5.98,le titre de,yes,no,fragment,,
au début des,3,319741,6681,9.41,au début un,yes,no,fragment,,
sur l' autre,3,319714,6682,6.58,sur le autre,yes,yes,,,
il lui avait,3,319392,6683,6.46,il luire avoir,yes,yes,,,
la région de,3,319354,6684,6.01,le région de,yes,no,fragment,,
sur l' épaule,3,319335,6685,10.81,sur le épauler,yes,yes,,,
à leur tour,3,319195,6686,10.31,à son tour,yes,yes,,,
pas de l',3,319086,6687,0.79,pas de le,yes,no,fragment; loose,,
dans la tête,3,318820,6688,6.23,dans le tête,yes,yes,,,
près de lui,3,318774,6689,7.72,près de luire,yes,yes,,,
droit de la,3,318569,6690,3.98,droit de le,yes,no,fragment,,
ce qui vous,3,318496,6691,6.03,ce qui vous,yes,yes,,,
d' un point de vue,5,318447,6692,23.01,de un point de vue,yes,yes,,,
les règles de,3,318347,6693,6.92,le règle de,yes,no,fragment,,
bien que les,3,317935,6694,4.73,bien que le,yes,no,fragment,,
de la planète,3,317704,6695,7.89,de le planète,yes,no,fragment,,
mois plus tard,3,317478,6696,14.82,mois plus tard,yes,yes,,,
à la réalité,3,317404,6697,6.68,à le réalité,yes,yes,,,
d' un système,3,317344,6698,8.19,de un système,yes,yes,,,
dans la première,3,317282,6699,6.64,dans le première,yes,yes,,,
à base de,3,317037,6700,6.24,à base de,yes,no,fragment,,
bien que le,3,316932,6701,4.44,bien que le,yes,no,fragment,,
le monde est,3,316890,6702,6.06,le monde être,yes,yes,,,
à côté du,3,316848,6703,7.22,à côté du,yes,no,fragment,,
de l' acte,3,316725,6704,6.68,de le acte,yes,no,fragment,,
l' homme est,3,316639,6705,6.12,le homme être,yes,yes,,,
à la sortie,3,316611,6706,7.89,à le sortie,yes,yes,,,
Seconde Guerre mondiale,3,316445,6707,,Seconde Guerre mondial,no,no,rare word,,
grande partie de,3,316130,6708,10.12,grand partie de,yes,no,fragment,,
de la reine,3,315989,6709,6.94,de le reine,yes,no,fragment,,
et celui de,3,315782,6710,4.02,et celui de,yes,no,fragment,,
de la Société,3,315672,6711,,de le Société,no,no,fragment; rare word,,
en grande partie,3,315641,6712,11.94,en grand partie,yes,yes,,,
de celle de,3,315570,6713,3.14,de celui de,yes,no,fragment,,
ce qui concerne les,4,315556,6714,17.35,ce qui concerner le,yes,no,fragment,,
d' autant que,3,315554,6715,7.99,de autant que,yes,no,fragment,,
d' après les,3,315527,6716,5.49,de après le,yes,no,fragment,,
dans une autre,3,315420,6717,6.58,dans un autre,yes,yes,,,
tout ce qui est,4,315154,6718,13.02,tout ce qui être,yes,yes,,,
il se trouve,3,315057,6719,9.22,il se trouver,yes,yes,,,
mais je me,3,315039,6720,7.55,mais je me,yes,no,fragment,,
de l' ancien,3,314988,6721,6.61,de le ancien,yes,no,fragment,,
bien que la,3,314720,6722,4.01,bien que le,yes,no,fragment,,
de part et,3,314595,6723,4.49,de part et,yes,no,fragment,,
toute sa vie,3,314538,6724,12.21,toute son vie,yes,yes,,,
de faire une,3,314420,6725,3.81,de faire un,yes,no,fragment,,
de la matière,3,314204,6726,5.71,de le matière,yes,no,fragment,,
la situation de,3,314127,6727,4.95,le situation de,yes,no,fragment,,
la tête d',3,314058,6728,5.66,le tête de,yes,no,fragment,,
au cœur de la,4,313910,6729,11.84,au cœur de le,yes,no,fragment,,
de la mémoire,3,313868,6730,6,de le mémoire,yes,no,fragment,,
pas d' un,3,313717,6731,3.17,pas de un,yes,no,fragment,,
il y aura,3,313695,6732,11.56,il y aura,yes,yes,,,
la seule chose,3,313536,6733,11.1,le seul chose,yes,yes,,,
en sorte que,3,313505,6734,8.5,en sorte que,yes,no,fragment,,
ministre de l',3,313490,6735,6.88,ministre de le,yes,no,fragment,,
de la presse,3,313389,6736,6.7,de le presse,yes,no,fragment,,
se trouve dans,3,313082,6737,9.74,se trouver dans,yes,no,fragment,,
l ' un des,4,312843,6738,,l ' un un,no,no,fragment; rare word,,
développement de la,3,312796,6739,5.26,développement de le,yes,no,fragment,,
que le temps,3,312763,6740,5.4,que le temps,yes,yes,,,
même de l',3,312666,6741,2.37,même de le,yes,no,fragment; loose,,
l' intérieur de la,4,312590,6742,11.2,le intérieur de le,yes,no,fragment,,
autre chose que,3,312399,6743,10.56,autre chose que,yes,no,fragment,,
de la partie,3,312243,6744,4.11,de le partie,yes,no,fragment,,
dans ces conditions,3,312181,6745,12.07,dans ce condition,yes,yes,,,
il y avait une,4,312065,6746,13.57,il y avoir un,yes,no,fragment,,
de l' hôpital,3,311969,6747,7.6,de le hôpital,yes,no,fragment,,
il semble que,3,311703,6748,8.47,il sembler que,yes,no,fragment,,
dans un cadre,3,311642,6749,9.13,dans un cadre,yes,yes,,,
il a fait,3,311325,6750,6.43,il avoir faire,yes,yes,,,
une grande partie,3,311048,6751,12.27,un grand partie,yes,yes,,,
dans l' ensemble,3,310806,6752,7.71,dans le ensemble,yes,yes,,,
à tout prix,3,310774,6753,9.86,à tout prix,yes,yes,,,
la Seconde Guerre,3,310751,6754,,le Seconde Guerre,no,no,rare word,,
je suis désolée,3,310724,6755,16.35,je être désolé,yes,yes,,,
l ' art,3,310580,6756,,l ' art,no,no,rare word,,
une plus grande,3,310384,6757,8.87,un plus grand,yes,yes,,,
mais il avait,3,310074,6758,6.23,mais il avoir,yes,yes,,,
par d' autres,3,309841,6759,7.18,par de autre,yes,yes,,,
de toutes ses,3,309787,6760,7.03,de tout son,yes,no,fragment,,
d' entre nous,3,309554,6761,7.63,de entrer nous,yes,yes,,,
et tout le,3,309443,6762,3.03,et tout le,yes,no,fragment,,
que l' on a,4,309409,6763,11.48,que le on avoir,yes,yes,,,
de la part des,4,309393,6764,10.34,de le part un,yes,no,fragment,,
comme nous l' avons,4,309189,6765,17.32,comme nous le avoir,yes,yes,,,
à se faire,3,309093,6766,5.94,à se faire,yes,yes,,,
fronça les sourcils,3,309067,6767,20.19,fronça le sourcil,no,no,rare word,,
de la violence,3,309009,6768,6.57,de le violence,yes,no,fragment,,
ce qui se passait,4,308996,6769,19.4,ce qui se passer,yes,yes,,,
l' impression d' être,4,308908,6770,17.17,le impression de être,yes,yes,,,
points de vue,3,308751,6771,12.79,point de vue,yes,yes,,,
pas pour autant,3,308689,6772,9.35,pas pour autant,yes,yes,,,
qui peut être,3,308590,6773,8.55,qui pouvoir être,yes,yes,,,
est un peu,3,308590,6774,6.32,être un peu,yes,yes,,,
d' un tel,3,308207,6775,8.23,de un tel,yes,yes,,,
se rendre à,3,308190,6776,8.87,se rendre à,yes,no,fragment,,
ne suffit pas,3,308119,6777,11.81,ne suffire pas,yes,yes,,,
le reste de la,4,308033,6778,10.03,le reste de le,yes,no,fragment,,
ce ne sont pas,4,307905,6779,14.08,ce ne être pas,yes,yes,,,
je ne pouvais pas,4,307797,6780,19.28,je ne pouvoir pas,yes,yes,,,
un sentiment de,3,307785,6781,7.19,un sentiment de,yes,no,fragment,,
dans le cadre du,4,307750,6782,15.12,dans le cadre du,yes,no,fragment; written style,,
et de les,3,307670,6783,-0.85,et de le,yes,no,fragment; loose,,
elle ne peut,3,307639,6784,7.53,lui ne pouvoir,yes,yes,,,
tu as raison,3,307618,6785,15.39,tu avoir raison,yes,yes,,,
la ville et,3,307562,6786,5.49,le ville et,yes,no,fragment,,
la protection des,3,307518,6787,8.16,le protection un,yes,no,fragment,,
ainsi que de,3,307433,6788,4.53,ainsi que de,yes,no,fragment; written style,,
si elle était,3,307250,6789,7.72,si lui être,yes,yes,,,
tu ne peux pas,4,307190,6790,19.28,tu ne pouvoir pas,yes,yes,,,
que je voulais,3,307122,6791,10.91,que je vouloir,yes,yes,,,
la Seconde Guerre mondiale,4,307113,6792,,le Seconde Guerre mondial,no,no,rare word,,
de même pour,3,307009,6793,3.67,de même pour,yes,no,fragment,,
il se leva,3,306992,6794,10.66,il se lever,no,no,rare word,,
quel est le,3,306965,6795,7.62,quel être le,yes,no,fragment,,
ceux de la,3,306816,6796,4.06,celui de le,yes,no,fragment,,
le tour de,3,306752,6797,5.47,le tour de,yes,no,fragment,,
qui vient de,3,306561,6798,7.18,qui venir de,yes,no,fragment,,
à la guerre,3,306535,6799,5.94,à le guerre,yes,yes,,,
le lieu de,3,306145,6800,4.79,le lieu de,yes,no,fragment,,
que l' on ne,4,306061,6801,11.29,que le on ne,yes,no,fragment,,
ministère de la,3,306008,6802,6.97,ministère de le,yes,no,fragment,,
le cas d',3,306007,6803,6.06,le cas de,yes,no,fragment,,
de l' université,3,305958,6804,7.02,de le université,yes,no,fragment,,
de l' Ouest,3,305300,6805,,de le Ouest,no,no,fragment; rare word,,
d' avoir été,3,305152,6806,9.45,de avoir être,yes,yes,,,
la lumière de,3,305017,6807,5.43,le lumière de,yes,no,fragment,,
de la responsabilité,3,304876,6808,6.47,de le responsabilité,yes,no,fragment,,
la raison pour laquelle,4,304567,6809,19.08,le raison pour lequel,yes,no,written style,,
de l' après,3,304467,6810,3.47,de le après,yes,no,fragment,,
au sens de,3,304402,6811,6.38,au sens de,yes,no,fragment,,
au moins une,3,304363,6812,7.79,au moins un,yes,no,fragment,,
en présence de,3,304249,6813,6.42,en présence de,yes,no,fragment,,
les droits de,3,304172,6814,6.22,le droit de,yes,no,fragment,,
l' un des plus,4,304140,6815,9.43,le un un plus,yes,yes,,,
l ' état,3,304112,6816,,l ' état,no,no,rare word,,
à l' idée de,4,304010,6817,10.96,à le idée de,yes,no,fragment,,
à vrai dire,3,303827,6818,11.49,à vrai dire,yes,yes,,,
de l' entrée,3,303593,6819,6.16,de le entrée,yes,no,fragment,,
de lui et,3,303523,6820,1.52,de luire et,yes,no,fragment; loose,,
le nombre d',3,303351,6821,7.07,le nombre de,yes,no,fragment,,
de ce monde,3,303284,6822,5.66,de ce monde,yes,no,fragment,,
propos de la,3,303110,6823,5.66,propos de le,yes,no,fragment,,
le mode de,3,303100,6824,6.48,le mode de,yes,no,fragment,,
a pas d',3,303061,6825,4.39,avoir pas de,yes,no,fragment,,
chef de la,3,302790,6826,5.38,chef de le,yes,no,fragment,,
l ' époque,3,302526,6827,,l ' époque,no,no,rare word,,
avec le temps,3,302434,6828,6.89,avec le temps,yes,yes,,,
l' accès à,3,302432,6829,8.05,le accès à,yes,no,fragment,,
la cause de,3,302260,6830,4.97,le cause de,yes,no,fragment,,
la responsabilité de,3,302214,6831,6.46,le responsabilité de,yes,no,fragment,,
comme tous les,3,302065,6832,7.42,comme tout le,yes,no,fragment,,
et il était,3,302012,6833,3.42,et il être,yes,no,fragment,,
pas d' autre,3,301888,6834,6.54,pas de autre,yes,yes,,,
ou du moins,3,301544,6835,8.81,ou du moins,yes,yes,,,
il ne me,3,301388,6836,5.89,il ne me,yes,no,fragment,,
l' usage de,3,301354,6837,6.89,le usage de,yes,no,fragment,,
il y a deux,4,301234,6838,15.35,il y avoir deux,yes,yes,,,
pas l' air,3,301179,6839,7.77,pas le air,yes,yes,,,
se mettre à,3,301143,6840,8.32,se mettre à,yes,no,fragment,,
d' un groupe,3,301101,6841,8.17,de un groupe,yes,yes,,,
le même temps,3,301084,6842,7.53,le même temps,yes,yes,,,
ministère de l',3,301069,6843,7.59,ministère de le,yes,no,fragment,,
mais il se,3,300816,6844,5.23,mais il se,yes,no,fragment,,
sur la scène,3,300573,6845,8.93,sur le scène,yes,yes,,,
dans lequel il,3,300417,6846,8.97,dans lequel il,yes,no,written style,,
elle d' une,3,300405,6847,3.63,lui de un,yes,no,fragment,,
parce que l',3,300213,6848,6.91,parce que le,yes,no,fragment,,
il y avait des,4,300204,6849,13.18,il y avoir un,yes,no,fragment,,
l ' image,3,300120,6850,,l ' image,no,no,rare word,,
dans une situation,3,299960,6851,8.76,dans un situation,yes,yes,,,
à l' occasion de,4,299941,6852,12.18,à le occasion de,yes,no,fragment,,
application de la,3,299937,6853,6.26,application de le,yes,no,fragment,,
un et l',3,299907,6854,0.94,un et le,yes,no,fragment; loose,,
d' en faire,3,299881,6855,5.28,de en faire,yes,yes,,,
je ne pense pas,4,299870,6856,17.76,je ne penser pas,yes,yes,,,
l' entrée du,3,299829,6857,8.5,le entrée du,yes,no,fragment,,
la vie quotidienne,3,299790,6858,13.83,le vie quotidien,yes,yes,,,
à l' action,3,299707,6859,7,à le action,yes,yes,,,
l' être humain,3,299652,6860,11.25,le être humain,yes,yes,,,
en rapport avec,3,299530,6861,9.59,en rapport avec,yes,no,fragment,,
qui est à,3,299461,6862,2.63,qui être à,yes,no,fragment; loose,,
que pour les,3,299360,6863,2.91,que pour le,yes,no,fragment; loose,,
dans certains cas,3,299313,6864,12.67,dans certain cas,yes,yes,,,
sur le bord,3,299258,6865,9.56,sur le bord,yes,yes,,,
fait partie de,3,299242,6866,8.03,faire partie de,yes,no,fragment,,
l' analyse de,3,299209,6867,6.42,le analyse de,yes,no,fragment,,
peu plus loin,3,299091,6868,12.81,peu plus loin,yes,yes,,,
la raison pour,3,298821,6869,7.19,le raison pour,yes,no,fragment,,
et je vous,3,298819,6870,4.23,et je vous,yes,no,fragment,,
ce point de vue,4,298755,6871,17.79,ce point de vue,yes,yes,,,
loin de la,3,298469,6872,4.61,loin de le,yes,no,fragment,,
tout à la,3,298304,6873,2.73,tout à le,yes,no,fragment; loose,,
sur le même,3,298274,6874,5.29,sur le même,yes,yes,,,
l' un et l',4,298103,6875,6.69,le un et le,yes,no,fragment,,
en fonction de la,4,298040,6876,11.55,en fonction de le,yes,no,fragment,,
sur le pont,3,297986,6877,10.63,sur le pont,yes,yes,,,
l' ensemble de la,4,297968,6878,10.32,le ensemble de le,yes,no,fragment,,
en œuvre de,3,297824,6879,6.03,en œuvre de,yes,no,fragment,,
une jeune femme,3,297783,6880,12.18,un jeune femme,yes,yes,,,
je suis sûr,3,297760,6881,13.03,je être sûr,yes,yes,,,
ce que vous avez,4,297751,6882,17.06,ce que vous avoir,yes,yes,,,
d ' elle,3,297695,6883,,d ' lui,no,no,rare word,,
sans aucun doute,3,297668,6884,16.23,sans aucun doute,yes,yes,,,
la porte d' entrée,4,297533,6885,18.52,le porte de entrée,yes,yes,,,
même si les,3,297523,6886,6.66,même si le,yes,no,fragment,,
que vous me,3,297160,6887,6.88,que vous me,yes,no,fragment,,
de tout ce qui,4,297104,6888,10.73,de tout ce qui,yes,no,fragment,,
je ne lui,3,297075,6889,6.22,je ne luire,yes,yes,,,
à l' évidence,3,296748,6890,8.66,à le évidence,yes,yes,,,
les hommes de,3,296734,6891,4.8,le homme de,yes,no,fragment,,
sur le seuil,3,296705,6892,10.56,sur le seuil,yes,yes,,,
à la vue,3,296622,6893,5.92,à le vue,yes,yes,,,
au cours de l',4,296586,6894,12.65,au cours de le,yes,no,fragment,,
dans le texte,3,296490,6895,8.31,dans le texte,yes,yes,,,
près de l',3,296300,6896,5.16,près de le,yes,no,fragment,,
il est nécessaire,3,296240,6897,9.11,il être nécessaire,yes,yes,,,
un et l' autre,4,296215,6898,10.61,un et le autre,yes,yes,,,
de la chance,3,296203,6899,6.22,de le chance,yes,no,fragment,,
elle se sentait,3,296151,6900,11.96,lui se sentir,yes,yes,,,
coin de la,3,296139,6901,6.41,coin de le,yes,no,fragment,,
de la gare,3,296084,6902,7.39,de le gare,yes,no,fragment,,
toute la nuit,3,296008,6903,10.51,toute le nuit,yes,yes,,,
l' un et l' autre,5,295958,6904,16.37,le un et le autre,yes,yes,,,
autant plus que,3,295935,6905,9.33,autant plus que,yes,no,fragment,,
pas d' une,3,295819,6906,3.37,pas de un,yes,no,fragment,,
et qui est,3,295785,6907,2.44,et qui être,yes,no,fragment; loose,,
des conditions de,3,295777,6908,6.57,un condition de,yes,no,fragment,,
la question de l',4,295679,6909,10,le question de le,yes,no,fragment,,
que vous voulez,3,295580,6910,11.64,que vous vouloir,yes,yes,,,
un peu plus loin,4,295534,6911,19.05,un peu plus loin,yes,yes,,,
il ne l',3,295258,6912,2.83,il ne le,yes,no,fragment; loose,,
quart d' heure,3,294917,6913,16.53,quart de heure,yes,yes,,,
de l' ouvrage,3,294722,6914,6.78,de le ouvrage,yes,no,fragment,,
même si la,3,294682,6915,5.93,même si le,yes,no,fragment,,
sans doute pas,3,294476,6916,11.48,sans doute pas,yes,yes,,,
à ce titre,3,294393,6917,8.99,à ce titre,yes,yes,,,
à l' un,3,294390,6918,1.09,à le un,yes,no,fragment; loose,,
dans la nature,3,294384,6919,7.22,dans le nature,yes,yes,,,
ne vais pas,3,294370,6920,10.17,ne aller pas,yes,yes,,,
à plus de,3,294045,6921,1.14,à plus de,yes,no,fragment; loose,,
théorie de la,3,294035,6922,6.39,théorie de le,yes,no,fragment,,
à la mise,3,294012,6923,6.26,à le mise,yes,yes,,,
un clin d',3,293856,6924,11.95,un clin de,yes,no,fragment,,
à la table,3,293853,6925,6.48,à le table,yes,yes,,,
de l' une,3,293798,6926,0.11,de le un,yes,no,fragment; loose,,
Ouvert toute l',3,293775,6927,,Ouvert toute le,no,no,fragment; rare word,,
de la Grande,3,293676,6928,,de le Grande,no,no,fragment; rare word,,
à son père,3,293590,6929,7.73,à son père,yes,yes,,,
la période de,3,293278,6930,5.79,le période de,yes,no,fragment,,
au fond du,3,293262,6931,9.83,au fond du,yes,no,fragment,,
de la Convention,3,293221,6932,,de le Convention,no,no,fragment; rare word,,
à l' étage,3,293212,6933,9.1,à le étage,yes,yes,,,
la tête du,3,293185,6934,6.02,le tête du,yes,no,fragment,,
la suite d',3,293093,6935,6.71,le suite de,yes,no,fragment,,
d' un enfant,3,292934,6936,7.44,de un enfant,yes,yes,,,
de l' identité,3,292830,6937,7.02,de le identité,yes,no,fragment,,
que son père,3,292796,6938,8.63,que son père,yes,yes,,,
l' une d',3,292694,6939,2.01,le un de,yes,no,fragment; loose,,
je ne vais pas,4,292678,6940,17.37,je ne aller pas,yes,yes,,,
à l' intérieur du,4,292653,6941,13.97,à le intérieur du,yes,no,fragment,,
quelle est la,3,292392,6942,7.38,quel être le,yes,no,fragment,,
ouvert du mardi,3,292372,6943,17.39,ouvert du mardi,yes,yes,,,
Ouvert toute l' année,4,292316,6944,,Ouvert toute le année,no,no,rare word,,
du temps de,3,292306,6945,4.33,du temps de,yes,no,fragment,,
la salle à,3,292262,6946,6.65,le salle à,yes,no,fragment,,
un de mes,3,292180,6947,4.61,un de mon,yes,no,fragment,,
je suis le,3,292005,6948,6.45,je être le,yes,no,fragment,,
au début des années,4,292000,6949,20.54,au début un année,yes,yes,,,
au plus vite,3,291857,6950,10.87,au plus vite,yes,yes,,,
en fonction du,3,291835,6951,8.76,en fonction du,yes,no,fragment,,
ne lui avait,3,291791,6952,7.4,ne luire avoir,yes,yes,,,
le plus de,3,291740,6953,1.04,le plus de,yes,no,fragment; loose,,
plus de deux,3,291372,6954,4.76,plus de deux,yes,yes,,,
besoin d' être,3,291333,6955,10.05,besoin de être,yes,yes,,,
que le monde,3,291289,6956,5.89,que le monde,yes,yes,,,
à l' issue,3,291112,6957,9.3,à le issue,yes,yes,,,
ouvert du mardi au,4,291058,6958,24.78,ouvert du mardi au,yes,no,fragment,,
du nom de,3,291045,6959,5.9,du nom de,yes,no,fragment,,
en relation avec,3,290977,6960,10.45,en relation avec,yes,no,fragment,,
autour d' un,3,290867,6961,7.78,autour de un,yes,no,fragment,,
ceux qui se,3,290703,6962,8.91,celui qui se,yes,no,fragment,,
pas que tu,3,290650,6963,6.1,pas que tu,yes,yes,,,
que ceux qui,3,290603,6964,7.99,que celui qui,yes,yes,,,
et qui se,3,290586,6965,3.28,et qui se,yes,no,fragment,,
dans son esprit,3,290551,6966,9.55,dans son esprit,yes,yes,,,
à tout moment,3,290350,6967,8.52,à tout moment,yes,yes,,,
la qualité des,3,290307,6968,7.48,le qualité un,yes,no,fragment,,
en la matière,3,290196,6969,7.42,en le matière,yes,yes,,,
en dehors des,3,290190,6970,8.93,en dehors un,yes,no,fragment,,
évolution de la,3,290172,6971,6.16,évolution de le,yes,no,fragment,,
que je sois,3,290169,6972,11.66,que je être,yes,yes,,,
une partie de la,4,290081,6973,10.55,un partie de le,yes,no,fragment,,
trois ou quatre,3,289985,6974,14.16,trois ou quatre,yes,yes,,,
le poids de,3,289869,6975,6.96,le poids de,yes,no,fragment,,
le fils de,3,289838,6976,5.13,le fils de,yes,no,fragment,,
fait de l',3,289771,6977,2.64,faire de le,yes,no,fragment; loose,,
sortir de la,3,289752,6978,5.75,sortir de le,yes,no,fragment,,
coup d' œil à,4,289682,6979,19.44,coup de œil à,yes,no,fragment,,
et la plus,3,289679,6980,1.69,et le plus,yes,no,fragment; loose,,
le genre de,3,289672,6981,5.91,le genre de,yes,no,fragment,,
je veux que,3,289478,6982,9,je vouloir que,yes,no,fragment,,
les membres du,3,289314,6983,8.57,le membre du,yes,no,fragment,,
le fond de,3,289277,6984,5.6,le fond de,yes,no,fragment,,
qui consiste à,3,289266,6985,9.93,qui consister à,yes,no,fragment,,
l' époque de,3,289202,6986,5.83,le époque de,yes,no,fragment,,
les gens de,3,288999,6987,5.44,le gens de,yes,no,fragment,,
d' une vie,3,288924,6988,6.32,de un vie,yes,yes,,,
part et d',3,288894,6989,6.26,part et de,yes,no,fragment,,
à bout de,3,288885,6990,5.7,à bout de,yes,no,fragment,,
un clin d' œil,4,288766,6991,24.5,un clin de œil,yes,yes,,,
même si le,3,288726,6992,6.33,même si le,yes,no,fragment,,
le prix de,3,288567,6993,5.5,le prix de,yes,no,fragment,,
il faut dire,3,288562,6994,10.78,il falloir dire,yes,yes,,,
en raison de la,4,288350,6995,10.62,en raison de le,yes,no,fragment,,
la réalisation de,3,288323,6996,7.28,le réalisation de,yes,no,fragment,,
d' autre que,3,288314,6997,5.89,de autre que,yes,no,fragment,,
la salle à manger,4,288311,6998,20.11,le salle à manger,yes,yes,,,
et sur le,3,288150,6999,1.98,et sur le,yes,no,fragment; loose,,
que la plupart,3,287999,7000,7.89,que le plupart,yes,yes,,,
la prise en charge,4,287953,7001,20.34,le prise en charge,yes,yes,,,
plus que les,3,287900,7002,3.47,plus que le,yes,no,fragment,,
pour une fois,3,287841,7003,7.18,pour un fois,yes,yes,,,
de ne pas être,4,287754,7004,10.98,de ne pas être,yes,no,fragment,,
de son propre,3,287718,7005,7.55,de son propre,yes,no,fragment,,
a quelque chose,3,287548,7006,12.77,avoir quelque chose,yes,yes,,,
des membres de,3,287466,7007,6.6,un membre de,yes,no,fragment,,
que je puisse,3,287096,7008,10.2,que je pouvoir,yes,yes,,,
l' application de,3,287053,7009,6.84,le application de,yes,no,fragment,,
de l' industrie,3,287051,7010,7.99,de le industrie,yes,no,fragment,,
dans des conditions,3,287044,7011,8.97,dans un condition,yes,yes,,,
l' expérience de,3,286993,7012,6.18,le expérience de,yes,no,fragment,,
la cour de,3,286932,7013,5.36,le cour de,yes,no,fragment,,
les travaux de,3,286885,7014,6.71,le travail de,yes,no,fragment,,
avec un peu,3,286831,7015,7.7,avec un peu,yes,yes,,,
rue de la,3,286799,7016,4.98,rue de le,yes,no,fragment,,
que je fais,3,286770,7017,9.86,que je faire,yes,yes,,,
à la fin de la,5,286729,7018,14.97,à le fin de le,yes,no,fragment,,
objet d' un,3,286720,7019,8.14,objet de un,yes,no,fragment,,
ne devait pas,3,286675,7020,10.09,ne devoir pas,yes,yes,,,
un de l',3,286507,7021,-0.21,un de le,yes,no,fragment; loose,,
dans le même temps,4,286486,7022,14.27,dans le même temps,yes,yes,,,
le sentiment d',3,286461,7023,8.26,le sentiment de,yes,no,fragment,,
ne semble pas,3,286428,7024,9.99,ne sembler pas,yes,yes,,,
dans le vide,3,286425,7025,9.13,dans le vide,yes,yes,,,
de moins de,3,286421,7026,2.5,de moins de,yes,no,fragment; loose,,
du XIXe siècle,3,286285,7027,,du XIXe siècle,no,no,rare word,,
à l' âge de,4,286126,7028,11.59,à le âge de,yes,no,fragment,,
avait besoin de,3,286040,7029,7.79,avoir besoin de,yes,no,fragment,,
dans ma chambre,3,285994,7030,12.03,dans mon chambre,yes,yes,,,
il se mit à,4,285876,7031,15.88,il se mettre à,yes,no,fragment,,
sur le sujet,3,285827,7032,8.55,sur le sujet,yes,yes,,,
la mesure de,3,285706,7033,5.09,le mesure de,yes,no,fragment,,
qui est de,3,285657,7034,1.31,qui être de,yes,no,fragment; loose,,
années plus tard,3,285492,7035,14.17,année plus tard,yes,yes,,,
celui d' un,3,285348,7036,6.58,celui de un,yes,no,fragment,,
d' un coup de,4,285343,7037,11.85,de un coup de,yes,no,fragment,,
comme je l',3,285316,7038,4.71,comme je le,yes,no,fragment,,
à l' ensemble,3,285311,7039,6.4,à le ensemble,yes,yes,,,
dans le passé,3,285287,7040,7.59,dans le passé,yes,yes,,,
dans les autres,3,285201,7041,5.92,dans le autre,yes,yes,,,
mode de vie,3,285062,7042,10.95,mode de vie,yes,yes,,,
prise de conscience,3,285003,7043,12.9,prise de conscience,yes,yes,,,
de la montagne,3,284981,7044,7.08,de le montagne,yes,no,fragment,,
vous en prie,3,284929,7045,12.26,vous en prie,yes,yes,,,
la notion d',3,284821,7046,8.35,le notion de,yes,no,fragment,,
de l' âge,3,284784,7047,5.95,de le âge,yes,no,fragment,,
le manque de,3,284755,7048,6.53,le manque de,yes,no,fragment,,
l' histoire de l',4,284678,7049,10.43,le histoire de le,yes,no,fragment,,
une main sur,3,284584,7050,8.47,un main sur,yes,no,fragment,,
il peut être,3,284552,7051,7.75,il pouvoir être,yes,yes,,,
de la notion,3,284493,7052,6.45,de le notion,yes,no,fragment,,
une vingtaine de,3,284445,7053,9.95,un vingtaine de,yes,no,fragment,,
dans la partie,3,284272,7054,6.42,dans le partie,yes,yes,,,
sans pour autant,3,284256,7055,11.32,sans pour autant,yes,yes,,,
sous les yeux,3,284188,7056,9.88,sou le oeil,yes,yes,,,
pour tenter de,3,284126,7057,9.25,pour tenter de,yes,no,fragment,,
à l' autre bout,4,284059,7058,16.74,à le autre bout,yes,yes,,,
à la cour,3,284014,7059,6.6,à le cour,yes,yes,,,
la surface de,3,283889,7060,6.74,le surface de,yes,no,fragment,,
dans un pays,3,283825,7061,7.47,dans un pays,yes,yes,,,
pour que l',3,283759,7062,2.76,pour que le,yes,no,fragment; loose,,
il se sentait,3,283728,7063,10.83,il se sentir,yes,yes,,,
part et d' autre,4,283704,7064,15.92,part et de autre,yes,yes,,,
devant la porte,3,283687,7065,10.6,devant le porte,yes,yes,,,
je vous en prie,4,283528,7066,19.46,je vous en prie,yes,yes,,,
le respect de,3,283368,7067,6.82,le respect de,yes,no,fragment,,
de la vieille,3,283345,7068,6.31,de le vieux,yes,no,fragment,,
de faire la,3,283328,7069,2.23,de faire le,yes,no,fragment; loose,,
un moment de,3,283280,7070,4.95,un moment de,yes,no,fragment,,
l' ordre du,3,283157,7071,7.83,le ordre du,yes,no,fragment,,
d' une heure,3,283039,7072,8.05,de un heure,yes,yes,,,
plus grand nombre,3,282973,7073,13.49,plus grand nombre,yes,yes,,,
les effets de,3,282732,7074,6.92,le effet de,yes,no,fragment,,
mais cela ne,3,282721,7075,8.93,mais celer ne,yes,no,fragment,,
de part et d',4,282511,7076,10.6,de part et de,yes,no,fragment,,
des coups de,3,282375,7077,7.41,un coup de,yes,no,fragment,,
de son temps,3,282313,7078,5.28,de son temps,yes,no,fragment,,
à côté de la,4,282126,7079,9.81,à côté de le,yes,no,fragment,,
et par la,3,282020,7080,1.46,et par le,yes,no,fragment; loose,,
l' envie de,3,282017,7081,5.99,le envie de,yes,no,fragment,,
mise en œuvre de,4,281975,7082,18.03,mise en œuvre de,yes,no,fragment,,
au cœur du,3,281944,7083,8.92,au cœur du,yes,no,fragment,,
l' un de l',4,281724,7084,5.53,le un de le,yes,no,fragment,,
de la concurrence,3,281468,7085,7.35,de le concurrence,yes,no,fragment,,
à le faire,3,281348,7086,3.89,à le faire,yes,yes,,,
à la loi,3,281340,7087,5.98,à le loi,yes,yes,,,
le moyen de,3,281337,7088,5.68,le moyen de,yes,no,fragment,,
à celui qui,3,281250,7089,6.62,à celui qui,yes,yes,,,
a toujours été,3,280984,7090,10.74,avoir toujours être,yes,yes,,,
je te le,3,280951,7091,6.87,je te le,yes,no,fragment,,
y a aussi,3,280810,7092,9.11,y avoir aussi,yes,yes,,,
l' influence de,3,280770,7093,7.12,le influencer de,yes,no,fragment,,
la manière de,3,280673,7094,4.57,le manière de,yes,no,fragment,,
de l' intérêt,3,280631,7095,6.04,de le intérêt,yes,no,fragment,,
l' avait pas,3,280571,7096,4.64,le avoir pas,yes,yes,,,
un de l' autre,4,280507,7097,9.45,un de le autre,yes,yes,,,
un état de,3,280501,7098,5,un état de,yes,no,fragment,,
dans ma tête,3,280469,7099,10.87,dans mon tête,yes,yes,,,
en direction du,3,280460,7100,8.85,en direction du,yes,no,fragment,,
d' un moment,3,280354,7101,6.84,de un moment,yes,yes,,,
la disparition de,3,280273,7102,7.65,le disparition de,yes,no,fragment,,
que tu te,3,280151,7103,9.69,que tu te,yes,no,fragment,,
l' action de,3,280150,7104,5.64,le action de,yes,no,fragment,,
quand je suis,3,280109,7105,10.82,quand je être,yes,yes,,,
le courage de,3,279994,7106,7.31,le courage de,yes,no,fragment,,
un long moment,3,279861,7107,12.53,un long moment,yes,yes,,,
l' un de l' autre,5,279841,7108,15.2,le un de le autre,yes,yes,,,
et que tu,3,279833,7109,4.39,et que tu,yes,no,fragment,,
se mirent à,3,279803,7110,12.12,se mirent à,no,no,fragment; rare word,,
cadre d' une,3,279590,7111,8.71,cadre de un,yes,no,fragment,,
la personne qui,3,279579,7112,6.48,le personne qui,yes,yes,,,
principe de la,3,279550,7113,5.51,principe de le,yes,no,fragment,,
de la décision,3,279463,7114,5.75,de le décision,yes,no,fragment,,
de part et d' autre,5,279399,7115,20.27,de part et de autre,yes,no,fragment,,
tous les trois,3,279208,7116,9.72,tout le trois,yes,yes,,,
le temps que,3,279199,7117,5.24,le temps que,yes,no,fragment,,
fait que le,3,279028,7118,4.53,faire que le,yes,no,fragment,,
la question des,3,278917,7119,6,le question un,yes,no,fragment,,
que je viens,3,278542,7120,10.67,que je venir,yes,yes,,,
un mouvement de,3,278449,7121,6.42,un mouvement de,yes,no,fragment,,
que d' une,3,278129,7122,2.7,que de un,yes,no,fragment; loose,,
au nord de,3,277956,7123,7.71,au nord de,yes,no,fragment,,
au même moment,3,277939,7124,10.41,au même moment,yes,yes,,,
comme on le,3,277915,7125,5.4,comme on le,yes,no,fragment,,
en vue d',3,277879,7126,7.54,en vue de,yes,no,fragment,,
comme d' habitude,3,277780,7127,11.55,comme de habitude,yes,yes,,,
hors de la,3,277771,7128,5.77,hors de le,yes,no,fragment,,
une femme qui,3,277649,7129,7.76,un femme qui,yes,yes,,,
de la puissance,3,277645,7130,6.09,de le puissance,yes,no,fragment,,
autour de l',3,277643,7131,5.31,autour de le,yes,no,fragment,,
et à son,3,277316,7132,2.16,et à son,yes,no,fragment; loose,,
et elle ne,3,277266,7133,3.5,et lui ne,yes,no,fragment,,
l' objet d' un,4,277248,7134,13.86,le objet de un,yes,no,fragment,,
l' eau et,3,277214,7135,6.13,le eau et,yes,no,fragment,,
pas eu le,3,277205,7136,7.43,pas avoir le,yes,no,fragment,,
le souvenir de,3,277175,7137,6.73,le souvenir de,yes,no,fragment,,
la ligne de,3,277146,7138,5.74,le ligne de,yes,no,fragment,,
car il est,3,277138,7139,6.9,car il être,yes,yes,,,
l' on veut,3,277129,7140,9.53,le on vouloir,yes,yes,,,
les bras de,3,277124,7141,5.21,le bras de,yes,no,fragment,,
où il était,3,277092,7142,7.23,où il être,yes,yes,,,
est en effet,3,277043,7143,7.32,être en effet,yes,no,written style,,
en l' absence de,4,277003,7144,12.81,en le absence de,yes,no,fragment,,
dont il avait,3,276926,7145,8,dont il avoir,yes,no,written style,,
côté de lui,3,276914,7146,7.26,côté de luire,yes,yes,,,
le domaine de la,4,276843,7147,11.35,le domaine de le,yes,no,fragment,,
en place de,3,276768,7148,4.9,en place de,yes,no,fragment,,
la vue de,3,276646,7149,4.56,le vue de,yes,no,fragment,,
que ce ne,3,276576,7150,4.64,que ce ne,yes,no,fragment,,
les gens qui,3,276532,7151,7.97,le gens qui,yes,yes,,,
mais on ne,3,276480,7152,6.88,mais on ne,yes,no,fragment,,
dit que je,3,276427,7153,6.71,dire que je,yes,yes,,,
de se mettre,3,276388,7154,6.94,de se mettre,yes,no,fragment,,
ouvert tous les jours de,5,276334,7155,27.21,ouvert tout le jour de,yes,no,fragment,,
à cause du,3,276331,7156,7.71,à cause du,yes,no,fragment,,
de l' extérieur,3,276325,7157,7.11,de le extérieur,yes,no,fragment,,
l ' existence,3,276206,7158,,l ' existence,no,no,rare word,,
à cause des,3,276161,7159,7.19,à cause un,yes,no,fragment,,
nom de l',3,275985,7160,4.86,nom de le,yes,no,fragment,,
de tout cela,3,275884,7161,6.42,de tout celer,yes,no,fragment,,
l ' aide,3,275871,7162,,l ' aide,no,no,rare word,,
par la main,3,275855,7163,6.92,par le main,yes,yes,,,
de la taille,3,275776,7164,6.13,de le taille,yes,no,fragment,,
il est temps,3,275625,7165,6.01,il être temps,yes,yes,,,
qui se trouvait,3,275616,7166,11.06,qui se trouver,yes,yes,,,
avait pas de,3,275533,7167,3.23,avoir pas de,yes,no,fragment,,
de ce qui est,4,275407,7168,8.66,de ce qui être,yes,no,fragment,,
sont pas des,3,275330,7169,5.37,être pas un,yes,no,fragment,,
je vous prie,3,275214,7170,13.22,je vous prie,yes,yes,,,
pays de l',3,275090,7171,4.48,pays de le,yes,no,fragment,,
forme d' un,3,275043,7172,7.51,forme de un,yes,no,fragment,,
fait que la,3,274988,7173,4.08,faire que le,yes,no,fragment,,
de l' analyse,3,274978,7174,6.3,de le analyse,yes,no,fragment,,
comme il l',3,274966,7175,3.74,comme il le,yes,no,fragment,,
toutes les deux,3,274961,7176,9.09,tout le deux,yes,yes,,,
mais aussi des,3,274908,7177,6.98,mais aussi un,yes,no,fragment,,
ne l' avait pas,4,274809,7178,11.97,ne le avoir pas,yes,yes,,,
le développement des,3,274791,7179,7.34,le développement un,yes,no,fragment,,
pourquoi ne pas,3,274755,7180,8.98,pourquoi ne pas,yes,yes,,,
fait l' objet d',4,274617,7181,16.68,faire le objet de,yes,no,fragment,,
présence d' un,3,274568,7182,8.25,présence de un,yes,no,fragment,,
des Affaires étrangères,3,274500,7183,,un Affaires étranger,no,no,rare word,,
sur ce qui,3,274473,7184,5.28,sur ce qui,yes,no,,,
l' évolution des,3,274424,7185,8.57,le évolution un,yes,no,fragment,,
l' eau de,3,274423,7186,5.03,le eau de,yes,no,fragment,,
de sa bouche,3,274395,7187,8.64,de son bouche,yes,no,fragment,,
la puissance de,3,274276,7188,6.07,le puissance de,yes,no,fragment,,
et se mit à,4,274254,7189,14.99,et se mettre à,yes,no,fragment,,
le cadre d' une,4,274242,7190,14.22,le cadre de un,yes,no,fragment,,
dans le but de,4,274214,7191,12.96,dans le but de,yes,no,fragment,,
droit à la,3,274065,7192,5.02,droit à le,yes,no,fragment,,
d ' où,3,273832,7193,,d ' où,no,no,rare word,,
est la plus,3,273831,7194,2.73,être le plus,yes,no,loose,,
autour de son,3,273757,7195,7.26,autour de son,yes,no,fragment,,
pas ce qui,3,273719,7196,4.81,pas ce qui,yes,no,,,
de la campagne,3,273701,7197,6.54,de le campagne,yes,no,fragment,,
l' organisation de,3,273679,7198,6.27,le organisation de,yes,no,fragment,,
cour d' appel,3,273672,7199,15.22,cour de appel,yes,yes,,,
se mettre en,3,273521,7200,8.74,se mettre en,yes,no,fragment,,
et toutes les,3,273488,7201,5.28,et tout le,yes,no,fragment,,
ne peuvent être,3,273473,7202,11.13,ne pouvoir être,yes,yes,,,
d' un an,3,273468,7203,8.78,de un an,yes,yes,,,
dans la bouche,3,273454,7204,7.94,dans le bouche,yes,yes,,,
avait l' impression,3,273446,7205,10.39,avoir le impression,yes,yes,,,
de l' affaire,3,273443,7206,6.17,de le affaire,yes,no,fragment,,
pour ce qui est,4,273417,7207,11.37,pour ce qui être,yes,yes,,,
cas de la,3,273394,7208,3.57,cas de le,yes,no,fragment,,
l' un à,3,273234,7209,0.98,le un à,yes,no,fragment; loose,,
à la recherche d',4,273193,7210,12.66,à le recherche de,yes,no,fragment,,
à la disposition,3,273075,7211,8,à le disposition,yes,yes,,,
me semble que,3,272977,7212,10.78,me sembler que,yes,no,fragment,,
ne sont pas des,4,272928,7213,12.71,ne être pas un,yes,no,fragment,,
de nature à,3,272900,7214,5.18,de nature à,yes,no,fragment,,
la tête pour,3,272841,7215,6.28,le tête pour,yes,no,fragment,,
pas besoin d',3,272736,7216,8.32,pas besoin de,yes,no,fragment,,
il nous faut,3,272538,7217,8.64,il nous falloir,yes,yes,,,
de dire que,3,272501,7218,4.52,de dire que,yes,no,fragment,,
au fond de la,4,272482,7219,12.49,au fond de le,yes,no,fragment,,
peu plus de,3,272472,7220,5.37,peu plus de,yes,no,fragment,,
il est bien,3,272394,7221,5.01,il être bien,yes,yes,,,
que je sais,3,272348,7222,8.5,que je savoir,yes,yes,,,
à propos de la,4,272227,7223,11.13,à propos de le,yes,no,fragment,,
de répondre à,3,272074,7224,6.37,de répondre à,yes,no,fragment,,
nous avons vu,3,271426,7225,14.71,nous avoir voir,yes,yes,,,
en cours de,3,271413,7226,5.56,en cours de,yes,no,fragment,,
face à un,3,271214,7227,6.91,face à un,yes,no,fragment,,
les enfants de,3,270986,7228,4.86,le enfant de,yes,no,fragment,,
de son cœur,3,270908,7229,6.84,de son cœur,yes,no,fragment,,
la différence de,3,270842,7230,6.28,le différence de,yes,no,fragment,,
dans l' espoir,3,270636,7231,9.65,dans le espoir,yes,yes,,,
le nom du,3,270608,7232,6.96,le nom du,yes,no,fragment,,
celui qui est,3,270569,7233,7.52,celui qui être,yes,yes,,,
la nature des,3,270451,7234,6.5,le nature un,yes,no,fragment,,
le cas du,3,270195,7235,6.34,le cas du,yes,no,fragment,,
est à la fois,4,270185,7236,10.78,être à le fois,yes,yes,,,
les habitants de,3,270181,7237,7.12,le habitant de,yes,no,fragment,,
de sa part,3,270175,7238,7.07,de son part,yes,no,fragment,,
la hauteur de,3,270165,7239,6.81,le hauteur de,yes,no,fragment,,
un certain temps,3,270155,7240,12.08,un certain temps,yes,yes,,,
ce qui le,3,270030,7241,3.22,ce qui le,yes,no,fragment,,
ces dernières années,3,270028,7242,17.32,ce dernier année,yes,yes,,,
d' entrer dans,3,269976,7243,9.68,de entrer dans,yes,no,fragment,,
l' exemple de,3,269961,7244,4.88,le exemple de,yes,no,fragment,,
je ne connais,3,269748,7245,11.78,je ne connaître,yes,yes,,,
tandis que l',3,269529,7246,7.89,tandis que le,yes,no,fragment,,
au sud de,3,269457,7247,7.73,au sud de,yes,no,fragment,,
je crois que je,4,269211,7248,16.66,je croire que je,yes,yes,,,
les deux autres,3,269054,7249,8.28,le deux autre,yes,yes,,,
à la tête de,4,269008,7250,9.17,à le tête de,yes,no,fragment,,
le nombre des,3,268779,7251,6.84,le nombre un,yes,no,fragment,,
la vie est,3,268744,7252,5.09,le vie être,yes,yes,,,
le résultat de,3,268629,7253,6.66,le résultat de,yes,no,fragment,,
mais elle est,3,268460,7254,5.26,mais lui être,yes,no,,,
train de se,3,268395,7255,7.75,train de se,yes,no,fragment,,
l' a fait,3,268389,7256,5.69,le avoir faire,yes,yes,,,
que je dois,3,268262,7257,10.13,que je devoir,yes,yes,,,
on peut se,3,268250,7258,8.24,on pouvoir se,yes,no,fragment,,
ce fut le,3,268202,7259,7.14,ce être le,yes,no,fragment,,
dans son lit,3,268051,7260,10.27,dans son lit,yes,yes,,,
de la consommation,3,267974,7261,6.96,de le consommation,yes,no,fragment,,
comme dans le,3,267961,7262,4.01,comme dans le,yes,no,fragment,,
qui est un,3,267923,7263,3.11,qui être un,yes,no,fragment,,
le nom d',3,267879,7264,6.49,le nom de,yes,no,fragment,,
l' équipe de,3,267789,7265,6.85,le équipe de,yes,no,fragment,,
elle d' une voix,4,267634,7266,14.86,lui de un voix,yes,yes,,,
la découverte de,3,267592,7267,6.76,le découverte de,yes,no,fragment,,
rien à faire,3,267560,7268,8.49,rien à faire,yes,yes,,,
en ce qui concerne les,5,267558,7269,23.3,en ce qui concerner le,yes,no,fragment,,
en train de se,4,267269,7270,13.94,en train de se,yes,no,fragment,,
dans le cadre d' une,5,267254,7271,21,dans le cadre de un,yes,no,fragment; written style,,
la fille de,3,267200,7272,4.44,le fille de,yes,no,fragment,,
ce genre d',3,267118,7273,9.56,ce genre de,yes,no,fragment,,
de la loi du,4,266981,7274,11.37,de le loi du,yes,no,fragment,,
il ne voulait,3,266962,7275,9.48,il ne vouloir,yes,yes,,,
l' ai dit,3,266944,7276,7.93,le avoir dire,yes,yes,,,
la main à,3,266784,7277,4.99,le main à,yes,no,fragment,,
l' époque où,3,266755,7278,10.73,le époque où,yes,yes,,,
sur le trottoir,3,266751,7279,12.22,sur le trottoir,yes,yes,,,
dans le bureau,3,266581,7280,8.46,dans le bureau,yes,yes,,,
il y aurait,3,266521,7281,9.53,il y avoir,yes,yes,,,
à côté de lui,4,266492,7282,12.83,à côté de luire,yes,yes,,,
tous les sens,3,266465,7283,10.01,tout le sens,yes,yes,,,
que les choses,3,266462,7284,7.38,que le chose,yes,yes,,,
sous la forme d',4,266440,7285,16.34,sou le forme de,yes,no,fragment,,
il y a aussi,4,266390,7286,15.31,il y avoir aussi,yes,yes,,,
de la révolution,3,266382,7287,6.31,de le révolution,yes,no,fragment,,
de constater que,3,266056,7288,8.88,de constater que,yes,no,fragment,,
la lumière du,3,265890,7289,7.59,le lumière du,yes,no,fragment,,
existence d' un,3,265835,7290,8.48,existence de un,yes,no,fragment,,
d' autant plus que,4,265768,7291,15.45,de autant plus que,yes,no,fragment,,
sais pas si,3,265766,7292,10.5,savoir pas si,yes,yes,,,
pas la moindre,3,265701,7293,8.69,pas le moindre,yes,yes,,,
de la protection,3,265652,7294,6.1,de le protection,yes,no,fragment,,
entrée de la,3,265571,7295,5.32,entrée de le,yes,no,fragment,,
est l' un,3,265447,7296,1.89,être le un,yes,no,fragment; loose,,
avec plus de,3,265362,7297,3.43,avec plus de,yes,no,fragment,,
de l' écriture,3,265328,7298,7.16,de le écriture,yes,no,fragment,,
il me semble que,4,265271,7299,17.02,il me sembler que,yes,no,fragment,,
membre de la,3,265122,7300,6.7,membre de le,yes,no,fragment,,
un autre côté,3,265077,7301,10.55,un autre côté,yes,yes,,,
la rue de,3,265026,7302,4.86,le rue de,yes,no,fragment,,
à la nature,3,264904,7303,5.88,à le nature,yes,yes,,,
le contenu de,3,264850,7304,7,le contenu de,yes,no,fragment,,
de la personnalité,3,264743,7305,7.21,de le personnalité,yes,no,fragment,,
est difficile de,3,264708,7306,7.03,être difficile de,yes,no,fragment,,
de la forme,3,264677,7307,4.41,de le forme,yes,no,fragment,,
l' analyse des,3,264640,7308,8.08,le analyse un,yes,no,fragment,,
l' université de,3,264594,7309,6.81,le université de,yes,no,fragment,,
que sa mère,3,264539,7310,9.2,que son mère,yes,yes,,,
le cours de,3,264490,7311,4.87,le cours de,yes,no,fragment,,
un peu plus de,4,264432,7312,11.59,un peu plus de,yes,no,fragment,,
la tête vers,3,264097,7313,9.38,le tête vers,yes,yes,,,
idée de la,3,264026,7314,4.48,idée de le,yes,no,fragment,,
et les deux,3,264018,7315,3.82,et le deux,yes,no,fragment,,
les hommes et,3,263972,7316,5.72,le homme et,yes,no,fragment,,
aller plus loin,3,263928,7317,14.39,aller plus loin,yes,yes,,,
on sait que,3,263846,7318,10.37,on savoir que,yes,no,fragment,,
à la société,3,263827,7319,5.72,à le société,yes,yes,,,
sur les autres,3,263747,7320,6.57,sur le autre,yes,yes,,,
l' heure du,3,263655,7321,7.62,le heure du,yes,no,fragment,,
qui concerne la,3,263622,7322,8.97,qui concerner le,yes,no,fragment,,
de faire de,3,263618,7323,1.38,de faire de,yes,no,fragment; loose,,
une partie du,3,263417,7324,7.66,un partie du,yes,no,fragment,,
que je ne suis,4,263251,7325,14.65,que je ne être,yes,yes,,,
que se passe,3,263064,7326,9.57,que se passe,yes,yes,,,
de cet homme,3,262954,7327,8.57,de ce homme,yes,no,fragment,,
le recours à,3,262845,7328,8.31,le recours à,yes,no,fragment,,
on aurait dit,3,262825,7329,12.2,on avoir dire,yes,yes,,,
depuis plus de,3,262812,7330,5.89,depuis plus de,yes,no,fragment,,
dans la zone,3,262799,7331,8.77,dans le zone,yes,yes,,,
les personnes qui,3,262713,7332,7.81,le personne qui,yes,yes,,,
de temps pour,3,262665,7333,4.54,de temps pour,yes,no,fragment,,
la cour d',3,262605,7334,7.13,le cour de,yes,no,fragment,,
le terme de,3,262531,7335,5.73,le terme de,yes,no,fragment,,
chemin de fer,3,262341,7336,13.96,chemin de fer,yes,yes,,,
est sans doute,3,262312,7337,10.78,être sans doute,yes,yes,,,
de sa poche,3,262296,7338,10.04,de son poche,yes,no,fragment,,
à coups de,3,262262,7339,6.72,à coup de,yes,no,fragment,,
le monde des,3,262237,7340,5.42,le monde un,yes,no,fragment,,
dire que le,3,262207,7341,5.63,dire que le,yes,no,fragment,,
de l' importance,3,262095,7342,6.45,de le importance,yes,no,fragment,,
l' acte de,3,261946,7343,6.41,le acte de,yes,no,fragment,,
de New York,3,261910,7344,,de New York,no,no,fragment; rare word,,
le temps et,3,261881,7345,4.07,le temps et,yes,no,fragment,,
et en particulier,3,261876,7346,7.59,et en particulier,yes,no,fragment,,
une période de,3,261874,7347,7.06,un période de,yes,no,fragment,,
le seul à,3,261823,7348,5.81,le seul à,yes,no,fragment,,
tel ou tel,3,261664,7349,15.92,tel ou tel,yes,yes,,,
avant de partir,3,261520,7350,9.43,avant de partir,yes,yes,,,
dans le noir,3,261484,7351,8.37,dans le noir,yes,yes,,,
de penser à,3,261484,7352,5.95,de penser à,yes,no,fragment,,
partir de l',3,261370,7353,5.02,partir de le,yes,no,fragment,,
de la jeunesse,3,261304,7354,6.68,de le jeunesse,yes,no,fragment,,
plus que la,3,261302,7355,2.62,plus que le,yes,no,fragment; loose,,
il vaut mieux,3,260969,7356,14.87,il valoir mieux,yes,yes,,,
plus que le,3,260844,7357,3.04,plus que le,yes,no,fragment,,
une centaine de,3,260826,7358,10.18,un centaine de,yes,no,fragment,,
de ses propres,3,260817,7359,9.22,de son propre,yes,no,fragment,,
de la veille,3,260784,7360,6.58,de le veille,yes,no,fragment,,
ne cesse de,3,260760,7361,8.75,ne cesser de,yes,no,fragment,,
pas à se,3,260720,7362,3.45,pas à se,yes,no,fragment,,
que tu fais,3,260648,7363,11.56,que tu faire,yes,yes,,,
besoin d' une,3,260524,7364,7.69,besoin de un,yes,no,fragment,,
il faut se,3,260483,7365,7.79,il falloir se,yes,no,fragment,,
qui lui a,3,260468,7366,5.97,qui luire avoir,yes,yes,,,
lorsque l' on,3,260404,7367,8.71,lorsque le on,yes,yes,,,
la lecture de,3,260388,7368,6.18,le lecture de,yes,no,fragment,,
compte de l',3,260337,7369,4.8,compte de le,yes,no,fragment,,
à l' histoire,3,260335,7370,5.79,à le histoire,yes,yes,,,
je croyais que,3,260230,7371,12.06,je croire que,yes,no,fragment,,
faire quelque chose,3,260155,7372,14.45,faire quelque chose,yes,yes,,,
une dernière fois,3,260100,7373,12.29,un dernier fois,yes,yes,,,
signe de tête,3,260032,7374,11.3,signe de tête,yes,yes,,,
de la ligne,3,259906,7375,5.65,de le ligne,yes,no,fragment,,
de la dernière,3,259812,7376,5.09,de le dernier,yes,no,fragment,,
dont il a,3,259799,7377,7.03,dont il avoir,yes,no,written style,,
de l' été,3,259727,7378,2.96,de le être,yes,no,fragment; loose,,
l' aider à,3,259684,7379,7.84,le aider à,yes,no,fragment,,
je suis là,3,259653,7380,10.66,je être là,yes,yes,,,
l' étude des,3,259599,7381,8.23,le étude un,yes,no,fragment,,
parce que nous,3,259504,7382,9.18,parce que nous,yes,yes,,,
je me dis,3,259462,7383,11.58,je me dire,yes,yes,,,
à ce propos,3,259454,7384,8.98,à ce propos,yes,yes,,,
bout de quelques,3,259412,7385,10.35,bout de quelque,yes,yes,,,
que rien ne,3,259351,7386,7.35,que rien ne,yes,no,fragment,,
une mise en,3,259286,7387,8.08,un mise en,yes,no,fragment,,
une partie des,3,259242,7388,7.12,un partie un,yes,no,fragment,,
dire que la,3,259213,7389,5.19,dire que le,yes,no,fragment,,
beaucoup de choses,3,259158,7390,10.54,beaucoup de chose,yes,yes,,,
où il y,3,259141,7391,7.73,où il y,yes,yes,,,
si tu ne,3,259076,7392,8.31,si tu ne,yes,no,fragment,,
l' espace de,3,259023,7393,5.75,le espace de,yes,no,fragment,,
une fois encore,3,259001,7394,9.76,un fois encore,yes,yes,,,
et je l',3,258972,7395,1.67,et je le,yes,no,fragment; loose,,
la sortie de,3,258742,7396,6.34,le sortie de,yes,no,fragment,,
la diversité des,3,258408,7397,9.26,le diversité un,yes,no,fragment,,
non loin de,3,258384,7398,9.05,non loin de,yes,no,fragment,,
peut pas être,3,258318,7399,8.44,pouvoir pas être,yes,yes,,,
dans le système,3,258275,7400,7.72,dans le système,yes,yes,,,
le moment où,3,258190,7401,9.11,le moment où,yes,yes,,,
d' une partie,3,257940,7402,7.17,de un partie,yes,yes,,,
à la fin des,4,257799,7403,11.54,à le fin un,yes,no,fragment,,
a commencé à,3,257663,7404,10.26,avoir commencer à,yes,no,fragment,,
l' espace d',3,257653,7405,7.64,le espace de,yes,no,fragment,,
signe de la,3,257649,7406,5.65,signe de le,yes,no,fragment,,
le comte de,3,257613,7407,7.18,le comte de,yes,no,fragment,,
la nécessité d',3,257588,7408,8.45,le nécessiter de,yes,no,fragment,,
la position de,3,257540,7409,5.65,le position de,yes,no,fragment,,
que cela ne,3,257500,7410,7.3,que celer ne,yes,no,fragment,,
dans sa poche,3,257428,7411,12.45,dans son poche,yes,yes,,,
d' où l',3,257281,7412,4.66,de où le,yes,no,fragment,,
par le bras,3,257238,7413,7.96,par le bras,yes,yes,,,
quand il est,3,257167,7414,6.07,quand il être,yes,yes,,,
et de faire,3,257116,7415,2.42,et de faire,yes,no,fragment; loose,,
sur ses lèvres,3,257089,7416,12.23,sur son lèvre,yes,yes,,,
des hommes et,3,257041,7417,6.07,un homme et,yes,no,fragment,,
le roi de,3,257020,7418,5.16,le roi de,yes,no,fragment,,
dans le silence,3,256960,7419,8.14,dans le silence,yes,yes,,,
en un mot,3,256941,7420,7.8,en un mot,yes,yes,,,
de la structure,3,256906,7421,6.34,de le structure,yes,no,fragment,,
pour d' autres,3,256879,7422,6.48,pour de autre,yes,yes,,,
il a fallu,3,256781,7423,11.9,il avoir falloir,yes,yes,,,
l' existence d' un,4,256650,7424,14.19,le existence de un,yes,no,fragment,,
en France et,3,256598,7425,6.04,en France et,no,no,fragment; rare word,,
à la suite d',4,256596,7426,12.15,à le suite de,yes,no,fragment,,
ne répondit pas,3,256415,7427,10.08,ne répondre pas,no,no,rare word,,
de ce livre,3,256369,7428,7.19,de ce livre,yes,no,fragment,,
la famille de,3,256352,7429,4.37,le famille de,yes,no,fragment,,
sud de la,3,256301,7430,5.38,sud de le,yes,no,fragment,,
de la ville de,4,256141,7431,8.51,de le ville de,yes,no,fragment,,
pour sa part,3,256055,7432,9.71,pour son part,yes,yes,,,
il est plus,3,255934,7433,3.8,il être plus,yes,no,,,
il est aussi,3,255904,7434,5.5,il être aussi,yes,yes,,,
là où il,3,255818,7435,8.82,là où il,yes,yes,,,
me l' a,3,255726,7436,5.31,me le avoir,yes,no,,,
sur l' île,3,255717,7437,9.95,sur le île,yes,yes,,,
dans les conditions,3,255713,7438,8.42,dans le condition,yes,yes,,,
que quelque chose,3,255701,7439,11.6,que quelque chose,yes,yes,,,
de celui de,3,255663,7440,2.64,de celui de,yes,no,fragment; loose,,
tu as fait,3,255646,7441,12.69,tu avoir faire,yes,yes,,,
les yeux au,3,255514,7442,7.11,le oeil au,yes,no,fragment,,
faire l' objet,3,255479,7443,10.56,faire le objet,yes,yes,,,
je suis à,3,255448,7444,6.35,je être à,yes,no,fragment,,
son père et,3,255330,7445,7.35,son père et,yes,no,fragment,,
que par la,3,255303,7446,2.39,que par le,yes,no,fragment; loose,,
à l' épreuve,3,255172,7447,9.13,à le épreuve,yes,yes,,,
éclata de rire,3,255087,7448,16.39,éclater de rire,no,no,rare word,,
parce que vous,3,254921,7449,9.03,parce que vous,yes,yes,,,
de la lutte,3,254848,7450,6.46,de le lutte,yes,no,fragment,,
ne sais pas si,4,254776,7451,17.79,ne savoir pas si,yes,yes,,,
ans plus tôt,3,254684,7452,14.91,an plus tôt,yes,yes,,,
le cas où,3,254609,7453,8.91,le cas où,yes,yes,,,
on ne pouvait,3,254607,7454,10.34,on ne pouvoir,yes,yes,,,
de l' Homme,3,254560,7455,,de le Homme,no,no,fragment; rare word,,
sous l' effet,3,254478,7456,10.21,sou le effet,yes,yes,,,
la mort du,3,254464,7457,6.39,le mort du,yes,no,fragment,,
la plus belle,3,254312,7458,8.36,le plus beau,yes,yes,,,
avec beaucoup de,3,254165,7459,6.85,avec beaucoup de,yes,no,fragment,,
de la semaine,3,254091,7460,5.87,de le semaine,yes,no,fragment,,
les limites de,3,254079,7461,7.37,le limite de,yes,no,fragment,,
à la création,3,254010,7462,7.04,à le création,yes,yes,,,
ne peut pas être,4,253981,7463,15.77,ne pouvoir pas être,yes,yes,,,
en dehors du,3,253836,7464,9.25,en dehors du,yes,no,fragment,,
à la France,3,253798,7465,5.12,à le France,no,no,rare word,,
de la chose,3,253777,7466,3.53,de le chose,yes,no,fragment,,
rendre compte de,3,253726,7467,11.29,rendre compte de,yes,no,fragment,,
l' effet d',3,253596,7468,6.45,le effet de,yes,no,fragment,,
par l' article,3,253336,7469,8.61,par le article,yes,yes,,,
moment de l',3,253239,7470,4.29,moment de le,yes,no,fragment,,
nous ne nous,3,253217,7471,7.05,nous ne nous,yes,yes,,,
de sa tête,3,253175,7472,6.6,de son tête,yes,no,fragment,,
de la lettre,3,253135,7473,5.3,de le lettre,yes,no,fragment,,
mardi au samedi,3,253022,7474,19.04,mardi au samedi,yes,yes,,,
de la tradition,3,252949,7475,6.56,de le tradition,yes,no,fragment,,
l ' occasion,3,252885,7476,,l ' occasion,no,no,rare word,,
du XX e,3,252788,7477,,du XX e,no,no,rare word,,
la main pour,3,252682,7478,6.37,le main pour,yes,no,fragment,,
a permis de,3,252663,7479,8.59,avoir permis de,yes,no,fragment,,
du mardi au samedi,4,252573,7480,25.76,du mardi au samedi,yes,yes,,,
la fonction de,3,252437,7481,5.12,le fonction de,yes,no,fragment,,
de l' ordre de,4,252342,7482,9.68,de le ordre de,yes,no,fragment,,
ne l' est,3,252329,7483,2.91,ne le être,yes,no,loose,,
des dizaines de,3,252138,7484,9.05,un dizaine de,yes,no,fragment,,
un peu à,3,251947,7485,5.07,un peu à,yes,no,fragment,,
de la prise,3,251669,7486,5.27,de le prise,yes,no,fragment,,
que soit la,3,251606,7487,5.44,que être le,yes,no,fragment,,
au bout de quelques,4,251604,7488,17.7,au bout de quelque,yes,yes,,,
pour se faire,3,251433,7489,7.1,pour se faire,yes,yes,,,
la maison et,3,251263,7490,5.13,le maison et,yes,no,fragment,,
de sa sœur,3,251117,7491,8.88,de son sœur,yes,no,fragment,,
même si l',3,251116,7492,6.35,même si le,yes,no,fragment,,
que soit le,3,250930,7493,5.86,que être le,yes,no,fragment,,
il est impossible,3,250892,7494,9.18,il être impossible,yes,yes,,,
je ne sais pas si,5,250874,7495,24.98,je ne savoir pas si,yes,yes,,,
tu le sais,3,250860,7496,9.22,tu le savoir,yes,yes,,,
le droit à,3,250850,7497,5.31,le droit à,yes,no,fragment,,
le rapport de,3,250778,7498,4.98,le rapport de,yes,no,fragment,,
sais pas ce,3,250760,7499,9.16,savoir pas ce,yes,no,fragment,,
le plaisir de,3,250627,7500,5.73,le plaisir de,yes,no,fragment,,
lundi au vendredi de,4,250580,7501,23.27,lundi au vendredi de,yes,no,fragment,,
de la commission,3,250555,7502,6.33,de le commission,yes,no,fragment,,
une ou deux,3,250511,7503,7.27,un ou deux,yes,yes,,,
il en va,3,250502,7504,6.6,il en aller,yes,yes,,,
la formation de,3,250348,7505,5.54,le formation de,yes,no,fragment,,
de vie et,3,250326,7506,3.12,de vie et,yes,no,fragment,,
et nous avons,3,250211,7507,8.35,et nous avoir,yes,no,fragment,,
respect de la,3,250080,7508,6.22,respect de le,yes,no,fragment,,
développement de l',3,250045,7509,5.58,développement de le,yes,no,fragment,,
huile d' olive,3,250036,7510,19.81,huile de olive,yes,yes,,,
de la douleur,3,249982,7511,6.02,de le douleur,yes,no,fragment,,
du lundi au vendredi de,5,249974,7512,30,du lundi au vendredi de,yes,no,fragment,,
de l ' État,4,249942,7513,,de l ' État,no,no,fragment; rare word,,
doit pas être,3,249916,7514,10.14,doit pas être,yes,yes,,,
à la campagne,3,249905,7515,7.66,à le campagne,yes,yes,,,
à qui il,3,249860,7516,2.07,à qui il,yes,no,loose,,
quelles sont les,3,249825,7517,11.94,quel être le,yes,no,fragment,,
de ses amis,3,249663,7518,8.69,de son ami,yes,no,fragment,,
de ce point,3,249642,7519,5.81,de ce point,yes,no,fragment,,
de ses mains,3,249626,7520,7.9,de son main,yes,no,fragment,,
plus rien à,3,249559,7521,6.74,plus rien à,yes,no,fragment,,
dans la grande,3,249498,7522,6.23,dans le grand,yes,yes,,,
y en avait,3,249439,7523,6.6,y en avoir,yes,yes,,,
le début du,3,249423,7524,7.71,le début du,yes,no,fragment,,
dans le cœur,3,249225,7525,6.97,dans le cœur,yes,yes,,,
à la mise en,4,249129,7526,12.21,à le mise en,yes,no,fragment,,
proche de la,3,249052,7527,6.06,proche de le,yes,no,fragment,,
du nombre de,3,249037,7528,6.08,du nombre de,yes,no,fragment,,
moins en moins,3,249023,7529,10.1,moins en moins,yes,yes,,,
de la bouche,3,248999,7530,5.36,de le bouche,yes,no,fragment,,
par rapport à l',4,248976,7531,13.97,par rapport à le,yes,no,fragment,,
nord de la,3,248948,7532,5.27,nord de le,yes,no,fragment,,
un coup d' œil à,5,248871,7533,25.49,un coup de œil à,yes,no,fragment,,
pour cela que,3,248638,7534,6.99,pour celer que,yes,no,fragment,,
à croire que,3,248545,7535,8.24,à croire que,yes,no,fragment,,
ils ne sont pas,4,248406,7536,15.19,il ne être pas,yes,yes,,,
sur la base de,4,248010,7537,12.96,sur le base de,yes,no,fragment,,
cause de l',3,247996,7538,5.33,cause de le,yes,no,fragment,,
jeta un regard,3,247984,7539,15.1,jeter un regard,no,no,rare word,,
les relations entre,3,247944,7540,11.5,le relation entrer,yes,yes,,,
d' un regard,3,247916,7541,7.18,de un regard,yes,yes,,,
lundi au samedi de,4,247882,7542,22.77,lundi au samedi de,yes,no,fragment,,
en aucun cas,3,247841,7543,11.98,en aucun cas,yes,yes,,,
l' exception de,3,247670,7544,7.54,le exception de,yes,no,fragment,,
fin de compte,3,247652,7545,10.3,fin de compte,yes,yes,,,
et à ses,3,247641,7546,2.75,et à son,yes,no,fragment; loose,,
le récit de,3,247627,7547,6.79,le récit de,yes,no,fragment,,
ne pas le,3,247576,7548,3.19,ne pas le,yes,no,fragment,,
du lundi au samedi de,5,247395,7549,29.5,du lundi au samedi de,yes,no,fragment,,
sur la terrasse,3,247300,7550,10.11,sur le terrasse,yes,yes,,,
de l' empereur,3,247272,7551,7.54,de le empereur,yes,no,fragment,,
face à une,3,247260,7552,7.07,face à un,yes,no,fragment,,
bord de l',3,247256,7553,6.3,bord de le,yes,no,fragment,,
de parler de,3,247168,7554,3.73,de parler de,yes,no,fragment,,
de l' immeuble,3,247134,7555,8.1,de le immeuble,yes,no,fragment,,
de moins en,3,246968,7556,4.1,de moins en,yes,no,fragment,,
d' accord avec,3,246858,7557,10.13,de accord avec,yes,no,fragment,,
partie de son,3,246758,7558,6.39,partie de son,yes,no,fragment,,
en place des,3,246731,7559,6.58,en place un,yes,no,fragment,,
en essayant de,3,246725,7560,9.4,en essayer de,yes,no,fragment,,
ce à quoi,3,246620,7561,7.51,ce à quoi,yes,yes,,,
la moitié des,3,246502,7562,7.89,le moitié un,yes,no,fragment,,
la pratique de,3,246463,7563,5.36,le pratique de,yes,no,fragment,,
que l' un,3,246363,7564,1.73,que le un,yes,no,fragment; loose,,
de la représentation,3,246238,7565,6.49,de le représentation,yes,no,fragment,,
ce qui concerne la,4,246236,7566,16.28,ce qui concerner le,yes,no,fragment,,
qui lui sont,3,246224,7567,7.06,qui luire être,yes,yes,,,
nous sommes en,3,246213,7568,9.7,nous être en,yes,no,fragment,,
il ne savait,3,246204,7569,9.53,il ne savoir,yes,yes,,,
quels sont les,3,246145,7570,12,quel être le,yes,no,fragment,,
et qui a,3,246124,7571,3.13,et qui avoir,yes,no,fragment,,
y eut un,3,245958,7572,10.66,y avoir un,yes,no,fragment,,
sais que tu,3,245958,7573,10.18,savoir que tu,yes,yes,,,
pour lui faire,3,245883,7574,7.84,pour luire faire,yes,yes,,,
en place d',3,245612,7575,6.63,en place de,yes,no,fragment,,
droit de l',3,245604,7576,4.25,droit de le,yes,no,fragment,,
dans ce sens,3,245529,7577,8.52,dans ce sens,yes,yes,,,
Afrique du Sud,3,245473,7578,,Afrique du Sud,no,no,rare word,,
de cette manière,3,245430,7579,7.83,de ce manière,yes,no,fragment,,
au titre de,3,245402,7580,7.46,au titre de,yes,no,fragment,,
de l' enfance,3,245398,7581,7.18,de le enfance,yes,no,fragment,,
entre ces deux,3,245387,7582,11.24,entrer ce deux,yes,yes,,,
le samedi de,3,245314,7583,6.88,le samedi de,yes,no,fragment,,
chiffre d' affaires,3,245303,7584,17.19,chiffre de affairer,yes,yes,,,
de l' homme et,4,245296,7585,9,de le homme et,yes,no,fragment,,
dans toute la,3,245227,7586,5.44,dans toute le,yes,no,fragment,,
du monde et,3,245068,7587,5.76,du monde et,yes,no,fragment,,
que tu sois,3,245055,7588,13.25,que tu être,yes,yes,,,
ne doit pas être,4,245043,7589,17.47,ne doit pas être,yes,yes,,,
sur son épaule,3,245019,7590,12.4,sur son épauler,yes,yes,,,
d' avoir des,3,244893,7591,5.78,de avoir un,yes,no,fragment,,
contrat de travail,3,244831,7592,11.87,contrat de travail,yes,yes,,,
à l' horizon,3,244825,7593,9.16,à le horizon,yes,yes,,,
à tout le monde,4,244762,7594,13.27,à tout le monde,yes,yes,,,
ne pouvait plus,3,244693,7595,9.84,ne pouvoir plus,yes,yes,,,
lui avait dit,3,244678,7596,9.42,luire avoir dire,yes,yes,,,
à propos des,3,244663,7597,7.7,à propos un,yes,no,fragment,,
entrer dans la,3,244659,7598,8.38,entrer dans le,yes,no,fragment,,
lors de son,3,244631,7599,7.11,lors de son,yes,no,fragment,,
et de ne,3,244586,7600,0.35,et de ne,yes,no,fragment; loose,,
il en avait,3,244389,7601,4.05,il en avoir,yes,yes,,,
la veille de,3,244385,7602,6.49,le veille de,yes,no,fragment,,
au sommet de,3,244259,7603,9.34,au sommet de,yes,no,fragment,,
tendit la main,3,244043,7604,13.92,tendit le main,no,no,rare word,,
je suis sûre,3,244002,7605,15.05,je être sûr,yes,yes,,,
de moins en moins,4,243962,7606,14.45,de moins en moins,yes,no,fragment,,
accès à la,3,243896,7607,7.09,accès à le,yes,no,fragment,,
le sens de la,4,243718,7608,9.32,le sens de le,yes,no,fragment,,
à mon avis,3,243692,7609,11.48,à mon avis,yes,yes,,,
le président de la,4,243685,7610,10.87,le président de le,yes,no,fragment,,
on ne se,3,243655,7611,6.12,on ne se,yes,no,fragment,,
à faire des,3,243627,7612,4.36,à faire un,yes,no,fragment,,
de la bonne,3,243581,7613,4.36,de le bon,yes,no,fragment,,
ne parle pas,3,243446,7614,10.37,ne parler pas,yes,yes,,,
de la moitié,3,243330,7615,6.03,de le moitié,yes,no,fragment,,
à cet effet,3,243318,7616,10.68,à ce effet,yes,yes,,,
l' odeur de,3,243215,7617,7.31,le odeur de,yes,no,fragment,,
il se tourna,3,243138,7618,10.89,il se tourner,no,no,rare word,,
quand on est,3,243078,7619,7.86,quand on être,yes,yes,,,
le début de la,4,243008,7620,10.43,le début de le,yes,no,fragment,,
l' avait fait,3,242884,7621,6.42,le avoir faire,yes,yes,,,
comme si je,3,242866,7622,7.38,comme si je,yes,yes,,,
le bureau de,3,242853,7623,5.88,le bureau de,yes,no,fragment,,
puis il se,3,242804,7624,7.17,pouvoir il se,yes,no,fragment,,
l ' organisation,3,242787,7625,,l ' organisation,no,no,rare word,,
dans le corps,3,242689,7626,6.62,dans le corps,yes,yes,,,
à tout ce,3,242664,7627,4.73,à tout ce,yes,no,fragment,,
l' Assemblée nationale,3,242576,7628,,le Assemblée nationale,no,no,rare word,,
en proie à,3,242518,7629,10.28,en proie à,yes,no,fragment,,
que dans l',3,242306,7630,2.26,que dans le,yes,no,fragment; loose,,
se trouve à,3,242202,7631,8.18,se trouver à,yes,no,fragment,,
service de la,3,242159,7632,4.8,service de le,yes,no,fragment,,
comme dans les,3,242139,7633,4.15,comme dans le,yes,no,fragment,,
de la victime,3,242127,7634,6.71,de le victime,yes,no,fragment,,
si l ' on,4,242119,7635,,si l ' on,no,no,rare word,,
l' a vu,3,242108,7636,8.13,le avoir voir,yes,yes,,,
que ce dernier,3,241823,7637,9.05,que ce dernier,yes,yes,,,
pour se rendre,3,241798,7638,9.98,pour se rendre,yes,yes,,,
le monde et,3,241761,7639,4.55,le monde et,yes,no,fragment,,
ce type d',3,241695,7640,9.23,ce typer de,yes,no,fragment,,
sa mère et,3,241636,7641,7.99,son mère et,yes,no,fragment,,
ne pas faire,3,241545,7642,6.97,ne pas faire,yes,yes,,,
le modèle de,3,241528,7643,6.08,le modèle de,yes,no,fragment,,
et je me suis,4,241492,7644,14.88,et je me être,yes,no,fragment,,
au travers de,3,241432,7645,7.15,au travers de,yes,no,fragment,,
que je me suis,4,241423,7646,15.96,que je me être,yes,yes,,,
vers le ciel,3,241291,7647,11.54,vers le ciel,yes,yes,,,
reste de l',3,241147,7648,4.78,reste de le,yes,no,fragment,,
peu plus tard,3,241144,7649,12.65,peu plus tard,yes,yes,,,
plus à l',3,241119,7650,2.24,plus à le,yes,no,fragment; loose,,
de la mission,3,241114,7651,5.91,de le mission,yes,no,fragment,,
avec un petit,3,241029,7652,8.38,avec un petit,yes,yes,,,
rien du tout,3,240975,7653,8.62,rien du tout,yes,yes,,,
au point que,3,240915,7654,7.91,au point que,yes,no,fragment,,
il y eut un,4,240884,7655,16.91,il y avoir un,yes,no,fragment,,
nous venons de,3,240874,7656,11.79,nous venir de,yes,no,fragment,,
le cadre des,3,240874,7657,7.43,le cadre un,yes,no,fragment,,
tu es un,3,240739,7658,10.37,tu être un,yes,no,fragment,,
pas le choix,3,240739,7659,8.18,pas le choix,yes,yes,,,
de l' enquête,3,240623,7660,7.09,de le enquête,yes,no,fragment,,
se contenta de,3,240566,7661,11.29,se contenta de,no,no,fragment; rare word,,
qui l' ont,3,240458,7662,5.44,qui le avoir,yes,yes,,,
que les femmes,3,240453,7663,7.27,que le femme,yes,yes,,,
fois par jour,3,240395,7664,11.56,fois par jour,yes,yes,,,
l' accent sur,3,240112,7665,11.27,le accent sur,yes,no,fragment,,
de la vallée,3,239989,7666,7.29,de le vallée,yes,no,fragment,,
général de la,3,239971,7667,4.51,général de le,yes,no,fragment,,
au nom de la,4,239951,7668,11.41,au nom de le,yes,no,fragment,,
et si je,3,239945,7669,4.46,et si je,yes,no,fragment,,
un peu moins,3,239886,7670,9.73,un peu moins,yes,yes,,,
près d' un,3,239838,7671,7.26,près de un,yes,no,fragment,,
il fallait que,3,239829,7672,8.76,il falloir que,yes,no,fragment,,
le retour de,3,239744,7673,5.32,le retour de,yes,no,fragment,,
bien au contraire,3,239742,7674,12.12,bien au contraire,yes,yes,,,
l' état d',3,239710,7675,6.16,le état de,yes,no,fragment,,
au nombre de,3,239656,7676,6.69,au nombre de,yes,no,fragment,,
quel que soit le,4,239635,7677,17.79,quel que être le,yes,no,fragment,,
pas le droit de,4,239617,7678,11.1,pas le droit de,yes,no,fragment,,
sur ses genoux,3,239559,7679,13.4,sur son genou,yes,yes,,,
les mains sur,3,239391,7680,8.39,le main sur,yes,no,fragment,,
l' a dit,3,239390,7681,6.06,le avoir dire,yes,yes,,,
forme d' une,3,239384,7682,7.59,forme de un,yes,no,fragment,,
de l' Assemblée,3,239342,7683,,de le Assemblée,no,no,fragment; rare word,,
du point de vue de,5,239295,7684,21.17,du point de vue de,yes,no,fragment,,
d' un mouvement,3,239280,7685,8.1,de un mouvement,yes,yes,,,
de leur vie,3,239228,7686,6.67,de son vie,yes,no,fragment,,
une part de,3,239170,7687,5.19,un part de,yes,no,fragment,,
d' un autre côté,4,239159,7688,16.68,de un autre côté,yes,yes,,,
origine de la,3,239131,7689,5.25,origine de le,yes,no,fragment,,
il ne reste,3,239068,7690,8.27,il ne reste,yes,yes,,,
à ses pieds,3,239032,7691,10.03,à son pied,yes,yes,,,
mise en place de,4,239024,7692,16.77,mise en place de,yes,no,fragment,,
la mise à,3,238995,7693,5.96,le mise à,yes,no,fragment,,
comme si le,3,238960,7694,5.7,comme si le,yes,no,fragment,,
ne sais pas ce,4,238941,7695,16.44,ne savoir pas ce,yes,no,fragment,,
on dirait que,3,238908,7696,12.42,on dire que,yes,no,fragment,,
un peu partout,3,238832,7697,12.7,un peu partout,yes,yes,,,
la part du,3,238730,7698,6.11,le part du,yes,no,fragment,,
que celui qui,3,238706,7699,7.29,que celui qui,yes,yes,,,
au pied du,3,238674,7700,9.9,au pied du,yes,no,fragment,,
l' Université de,3,238663,7701,,le Université de,no,no,fragment; rare word,,
ses bras et,3,238614,7702,8.73,son bras et,yes,no,fragment,,
de chaque côté,3,238604,7703,9.9,de chaque côté,yes,no,fragment,,
côté d' elle,3,238563,7704,8.07,côté de lui,yes,yes,,,
y a quelque,3,238468,7705,10.49,y avoir quelque,yes,yes,,,
vous vous êtes,3,238378,7706,11.58,vous vous être,yes,yes,,,
tout au plus,3,238341,7707,6.77,tout au plus,yes,yes,,,
niveau de l',3,238259,7708,5.49,niveau de le,yes,no,fragment,,
tout à la fois,4,238161,7709,12.55,tout à le fois,yes,yes,,,
est d' autant,3,238095,7710,7.63,être de autant,yes,yes,,,
est l' un des,4,238066,7711,7.95,être le un un,yes,no,fragment,,
l' espoir de,3,238002,7712,7.02,le espoir de,yes,no,fragment,,
un bout de,3,237926,7713,6.05,un bout de,yes,no,fragment,,
sans un mot,3,237877,7714,10.69,sans un mot,yes,yes,,,
ne pouvait être,3,237817,7715,10.83,ne pouvoir être,yes,yes,,,
dans son bureau,3,237772,7716,10.48,dans son bureau,yes,yes,,,
ce que nous avons,4,237749,7717,16.76,ce que nous avoir,yes,yes,,,
elle ne voulait,3,237721,7718,10.38,lui ne vouloir,yes,yes,,,
à l' ombre,3,237714,7719,8.09,à le ombre,yes,yes,,,
un jour de,3,237711,7720,4.53,un jour de,yes,no,fragment,,
à la façon,3,237693,7721,5.45,à le façon,yes,yes,,,
sur la côte,3,237562,7722,9.56,sur le côte,yes,yes,,,
l' année suivante,3,237526,7723,15.07,le année suivant,yes,yes,,,
dans le domaine de la,5,237506,7724,17.94,dans le domaine de le,yes,no,fragment,,
dans ma vie,3,237502,7725,9.97,dans mon vie,yes,yes,,,
le type de,3,237450,7726,5.44,le typer de,yes,no,fragment,,
l ' impression,3,237428,7727,,l ' impression,no,no,rare word,,
l ' œuvre,3,237367,7728,,l ' œuvre,no,no,rare word,,
mise en place d',4,237216,7729,18.66,mise en place de,yes,no,fragment,,
conseil d' administration,3,237192,7730,15.23,conseil de administration,yes,yes,,,
que le roi,3,237151,7731,7.2,que le roi,yes,yes,,,
lui ai dit,3,237106,7732,10.22,luire avoir dire,yes,yes,,,
avec l' aide,3,237069,7733,9.43,avec le aide,yes,yes,,,
cours d' une,3,237066,7734,7.62,cours de un,yes,no,fragment,,
me suis dit,3,237039,7735,11.83,me être dire,yes,yes,,,
un verre de,3,236958,7736,7.05,un verre de,yes,no,fragment,,
quelle que soit la,4,236876,7737,17.61,quel que être le,yes,no,fragment,,
le bruit de,3,236839,7738,6.27,le bruit de,yes,no,fragment,,
de son ami,3,236794,7739,7.83,de son ami,yes,no,fragment,,
au nom du,3,236794,7740,8.63,au nom du,yes,no,fragment,,
direction de l',3,236743,7741,5.81,direction de le,yes,no,fragment,,
la bouche de,3,236699,7742,5.28,le bouche de,yes,no,fragment,,
elle se mit,3,236685,7743,11.04,lui se mettre,yes,yes,,,
il avec un,3,236666,7744,3.73,il avec un,yes,no,fragment,,
où il a,3,236626,7745,6.32,où il avoir,yes,yes,,,
le seuil de,3,236622,7746,7.03,le seuil de,yes,no,fragment,,
le cas de la,4,236591,7747,8.9,le cas de le,yes,no,fragment,,
qui est une,3,236580,7748,3.21,qui être un,yes,no,fragment,,
que ça ne,3,236580,7749,7.09,que ça ne,yes,no,fragment,,
par la force,3,236562,7750,7.78,par le forcer,yes,yes,,,
sa main sur,3,236523,7751,9.91,son main sur,yes,no,fragment,,
que nous étions,3,236443,7752,11.8,que nous être,yes,yes,,,
est celui de,3,236388,7753,4.73,être celui de,yes,no,fragment,,
l ' origine,3,236372,7754,,l ' origine,no,no,rare word,,
le premier à,3,236249,7755,5.44,le premier à,yes,no,fragment,,
dans la journée,3,236207,7756,7.88,dans le journée,yes,yes,,,
de trouver un,3,236101,7757,5.87,de trouver un,yes,no,fragment,,
du XX e siècle,4,236098,7758,,du XX e siècle,no,no,rare word,,
vous êtes un,3,235990,7759,9.72,vous être un,yes,no,fragment,,
en direction de la,4,235951,7760,11.36,en direction de le,yes,no,fragment,,
plus que jamais,3,235949,7761,7.77,plus que jamais,yes,yes,,,
en fin de compte,4,235927,7762,16.42,en fin de compte,yes,yes,,,
une paire de,3,235890,7763,9.82,un paire de,yes,no,fragment,,
de la salle de,4,235828,7764,9.45,de le salle de,yes,no,fragment,,
qui doit être,3,235821,7765,9.91,qui doit être,yes,yes,,,
de la pratique,3,235727,7766,5.3,de le pratique,yes,no,fragment,,
de l' histoire de,4,235719,7767,8.77,de le histoire de,yes,no,fragment,,
ne pouvez pas,3,235707,7768,10.82,ne pouvoir pas,yes,yes,,,
sur la vie,3,235700,7769,5.9,sur le vie,yes,yes,,,
un lieu de,3,235689,7770,5.14,un lieu de,yes,no,fragment,,
de la civilisation,3,235685,7771,7.43,de le civilisation,yes,no,fragment,,
il va falloir,3,235578,7772,16.36,il aller falloir,yes,yes,,,
d' une famille,3,235571,7773,7.58,de un famille,yes,yes,,,
main sur la,3,235557,7774,6.76,main sur le,yes,no,fragment,,
de la défense,3,235221,7775,6.32,de le défense,yes,no,fragment,,
et je lui,3,235148,7776,3.99,et je luire,yes,no,fragment,,
la forme d' un,4,235102,7777,12.4,le forme de un,yes,no,fragment,,
aide d' un,3,234669,7778,8.12,aide de un,yes,no,fragment,,
je vous l',3,234573,7779,4.18,je vous le,yes,no,fragment,,
je me suis dit,4,234570,7780,19.01,je me être dire,yes,yes,,,
de l' Allemagne,3,234508,7781,7.02,de le Allemagne,no,no,fragment; rare word,,
l ' Europe,3,234464,7782,,l ' Europe,no,no,rare word,,
un peu plus tard,4,234441,7783,18.87,un peu plus tard,yes,yes,,,
et des autres,3,234434,7784,4.66,et un autre,yes,no,fragment,,
le vieil homme,3,234358,7785,13.87,le vieux homme,yes,yes,,,
dans le chapitre,3,234357,7786,7.78,dans le chapitrer,yes,yes,,,
y avait de,3,234286,7787,4.69,y avoir de,yes,no,fragment,,
un à l',3,234243,7788,0.76,un à le,yes,no,fragment; loose,,
que ce sont,3,234233,7789,5.75,que ce être,yes,yes,,,
contrairement à ce,3,234215,7790,10.64,contrairement à ce,yes,no,fragment,,
à l ' intérieur,4,234164,7791,,à l ' intérieur,no,no,rare word,,
auprès de la,3,234151,7792,5.52,auprès de le,yes,no,fragment,,
sur ses épaules,3,234147,7793,12.52,sur son épauler,yes,yes,,,
de travail et,3,234122,7794,3.96,de travail et,yes,no,fragment,,
pour ce faire,3,234111,7795,6.96,pour ce faire,yes,yes,,,
je commence à,3,234008,7796,9.39,je commencer à,yes,no,fragment,,
sont les plus,3,233940,7797,5.34,être le plus,yes,yes,,,
ce qui avait,3,233739,7798,5.88,ce qui avoir,yes,yes,,,
de Dieu et,3,233660,7799,,de Dieu et,no,no,fragment; rare word,,
et dont la,3,233645,7800,3.64,et dont le,yes,no,fragment; written style,,
lui avait fait,3,233570,7801,8.82,luire avoir faire,yes,yes,,,
l' autre et,3,233553,7802,4,le autre et,yes,no,fragment,,
qui ne l',3,233523,7803,3.18,qui ne le,yes,no,fragment,,
à partir de l',4,233405,7804,10.49,à partir de le,yes,no,fragment,,
vous ne pouvez pas,4,233342,7805,18.92,vous ne pouvoir pas,yes,yes,,,
près d' elle,3,233319,7806,8.3,près de lui,yes,yes,,,
pour ça que,3,233287,7807,6.81,pour ça que,yes,no,fragment,,
de la jeune fille,4,233177,7808,15.53,de le jeune fille,yes,no,fragment,,
un coin de,3,233054,7809,7.21,un coin de,yes,no,fragment,,
à l' enfant,3,233010,7810,5.97,à le enfant,yes,yes,,,
de la foule,3,232993,7811,6.45,de le foule,yes,no,fragment,,
faut que tu,3,232939,7812,9.46,falloir que tu,yes,yes,,,
le biais de,3,232925,7813,8.22,le biais de,yes,no,fragment,,
la formation des,3,232897,7814,7.27,le formation un,yes,no,fragment,,
l' autre de,3,232849,7815,2.91,le autre de,yes,no,fragment; loose,,
de l' idée,3,232733,7816,4.94,de le idée,yes,no,fragment,,
l' aide d' un,4,232720,7817,13.87,le aide de un,yes,no,fragment,,
de l' unité,3,232649,7818,6.98,de le unité,yes,no,fragment,,
elle ne l',3,232548,7819,3.55,lui ne le,yes,no,fragment,,
pour ma part,3,232518,7820,11.25,pour mon part,yes,yes,,,
est important de,3,232351,7821,6.89,être important de,yes,no,fragment,,
la mise en œuvre de,5,232321,7822,22.87,le mise en œuvre de,yes,no,fragment,,
existence d' une,3,232296,7823,8.57,existence de un,yes,no,fragment,,
de tout son,3,232283,7824,3.73,de tout son,yes,no,fragment,,
y a bien,3,232146,7825,8.26,y avoir bien,yes,yes,,,
de la dette,3,232043,7826,7.66,de le dette,yes,no,fragment,,
tu crois que,3,231935,7827,11.08,tu croire que,yes,no,fragment,,
base de données,3,231932,7828,13.12,base de donner,yes,yes,,,
quand on a,3,231922,7829,8.74,quand on avoir,yes,yes,,,
de sa chambre,3,231556,7830,7.6,de son chambre,yes,no,fragment,,
quelques jours plus,3,231438,7831,12.51,quelque jour plus,yes,yes,,,
elle d' un,3,231269,7832,2.96,lui de un,yes,no,fragment; loose,,
de la Chine,3,231228,7833,6.83,de le Chine,no,no,fragment; rare word,,
de l' association,3,231143,7834,6.91,de le association,yes,no,fragment,,
je pensais que,3,231123,7835,11.51,je penser que,yes,no,fragment,,
ne sais plus,3,231106,7836,9.58,ne savoir plus,yes,yes,,,
et à sa,3,231099,7837,2.43,et à son,yes,no,fragment; loose,,
au moyen de,3,231083,7838,7.26,au moyen de,yes,no,fragment,,
sous le titre,3,230976,7839,11.16,sou le titre,yes,yes,,,
à côté d' elle,4,230937,7840,13.65,à côté de lui,yes,yes,,,
contrôle de la,3,230880,7841,5.46,contrôler de le,yes,no,fragment,,
un projet de,3,230876,7842,6.18,un projet de,yes,no,fragment,,
de l' escalier,3,230861,7843,7.41,de le escalier,yes,no,fragment,,
que nous allons,3,230847,7844,11.16,que nous aller,yes,yes,,,
la définition de,3,230801,7845,6.38,le définition de,yes,no,fragment,,
que d' un,3,230741,7846,2.15,que de un,yes,no,fragment; loose,,
pied de la,3,230730,7847,5.21,pied de le,yes,no,fragment,,
très peu de,3,230657,7848,7.27,très peu de,yes,no,fragment,,
à des fins,3,230619,7849,9.71,à un fin,yes,yes,,,
je peux vous,3,230599,7850,10.68,je pouvoir vous,yes,yes,,,
vue de l',3,230540,7851,4.94,vue de le,yes,no,fragment,,
dans mes bras,3,230498,7852,12.11,dans mon bras,yes,yes,,,
le bout de,3,230487,7853,5.28,le bout de,yes,no,fragment,,
qui nous a,3,230459,7854,5.82,qui nous avoir,yes,no,,,
et de le,3,230417,7855,-1.55,et de le,yes,no,fragment; loose,,
dans ce pays,3,230395,7856,8.31,dans ce pays,yes,yes,,,
de la seconde,3,230337,7857,5.31,de le seconde,yes,no,fragment,,
dans tous les sens,4,230192,7858,16.62,dans tout le sens,yes,yes,,,
de ce qui se,4,230125,7859,9.27,de ce qui se,yes,no,fragment,,
sur l' ensemble,3,230111,7860,8.04,sur le ensemble,yes,yes,,,
une question de,3,230048,7861,5.31,un question de,yes,no,fragment,,
l ' ai,3,229966,7862,,l ' avoir,no,no,rare word,,
et un peu,3,229763,7863,4.77,et un peu,yes,no,fragment,,
l' ai pas,3,229636,7864,5.2,le avoir pas,yes,yes,,,
la direction du,3,229627,7865,7.48,le direction du,yes,no,fragment,,
l' a pas,3,229600,7866,3.48,le avoir pas,yes,no,,,
une salle de,3,229536,7867,6.48,un salle de,yes,no,fragment,,
les résultats de,3,229449,7868,6.64,le résultat de,yes,no,fragment,,
à la charge,3,229434,7869,6.87,à le charge,yes,yes,,,
l' instar de,3,229345,7870,9.05,le instar de,no,no,fragment; rare word,,
pour le moins,3,229221,7871,6.06,pour le moins,yes,yes,,,
un seul coup,3,229141,7872,12.27,un seul coup,yes,yes,,,
au moment où il,4,229014,7873,17.08,au moment où il,yes,yes,,,
d' une seule,3,228982,7874,7.53,de un seul,yes,yes,,,
pas un mot,3,228979,7875,8.55,pas un mot,yes,yes,,,
tous les soirs,3,228960,7876,14.67,tout le soir,yes,yes,,,
XVII e siècle,3,228847,7877,,XVII e siècle,no,no,rare word,,
l ' expérience,3,228838,7878,,l ' expérience,no,no,rare word,,
pas la même,3,228730,7879,4.01,pas le même,yes,yes,,,
être à la,3,228709,7880,2.56,être à le,yes,no,fragment; loose,,
après avoir été,3,228696,7881,12.62,après avoir être,yes,yes,,,
il nous a,3,228689,7882,5.12,il nous avoir,yes,no,,,
l' on est,3,228652,7883,3.57,le on être,yes,no,,,
d' un pays,3,228603,7884,6.61,de un pays,yes,yes,,,
autour d' une,3,228561,7885,7.71,autour de un,yes,no,fragment,,
du côté des,3,228548,7886,7.34,du côté un,yes,no,fragment,,
par le biais de,4,228359,7887,15.7,par le biais de,yes,no,fragment,,
que tu vas,3,228316,7888,12.36,que tu aller,yes,yes,,,
et de ce,3,228307,7889,0.3,et de ce,yes,no,fragment; loose,,
main sur son,3,228300,7890,9.33,main sur son,yes,no,fragment,,
l' homme à,3,228219,7891,4.7,le homme à,yes,no,fragment,,
de la vie de,4,228213,7892,7.02,de le vie de,yes,no,fragment,,
pour le reste,3,228187,7893,7.19,pour le reste,yes,yes,,,
sujet de la,3,228123,7894,4.6,sujet de le,yes,no,fragment,,
je me rappelle,3,228106,7895,12.94,je me rappeler,yes,yes,,,
dans un grand,3,227890,7896,6.76,dans un grand,yes,yes,,,
d' elle et,3,227728,7897,2.13,de lui et,yes,no,fragment; loose,,
de tous ces,3,227719,7898,6.39,de tout ce,yes,no,fragment,,
d' un monde,3,227680,7899,6,de un monde,yes,yes,,,
mais ce qui,3,227673,7900,5.47,mais ce qui,yes,no,,,
au moins un,3,227596,7901,7.08,au moins un,yes,no,fragment,,
et il faut,3,227533,7902,5.6,et il falloir,yes,no,fragment,,
au risque de,3,227436,7903,7.54,au risque de,yes,no,fragment,,
dans laquelle il,3,227407,7904,8.02,dans lequel il,yes,no,written style,,
toutes ses forces,3,227274,7905,15.44,tout son forcer,yes,yes,,,
plus de temps,3,227221,7906,4.95,plus de temps,yes,yes,,,
à ce jour,3,227175,7907,6.86,à ce jour,yes,yes,,,
après l' autre,3,227037,7908,8.36,après le autre,yes,yes,,,
de lui donner,3,226903,7909,7.66,de luire donner,yes,no,fragment,,
autre côté du,3,226863,7910,10.8,autre côté du,yes,no,fragment,,
il en se,3,226849,7911,2.98,il en se,yes,no,fragment; loose,,
dans le hall,3,226815,7912,10.63,dans le hall,yes,yes,,,
à la personne,3,226741,7913,4.84,à le personne,yes,yes,,,
la faculté de,3,226735,7914,7.54,le faculté de,yes,no,fragment,,
certain nombre d',3,226656,7915,13.81,certain nombre de,yes,no,fragment,,
l' un à l',4,226639,7916,6.47,le un à le,yes,no,fragment,,
d' après le,3,226522,7917,4.72,de après le,yes,no,fragment,,
pendant la guerre,3,226457,7918,10.96,pendant le guerre,yes,yes,,,
de l' Académie,3,226228,7919,,de le Académie,no,no,fragment; rare word,,
vers la fin,3,226181,7920,9.75,vers le fin,yes,yes,,,
A partir de,3,226145,7921,,A partir de,no,no,fragment; rare word,,
à propos du,3,226140,7922,8.1,à propos du,yes,no,fragment,,
dans le cadre des,4,226126,7923,14.16,dans le cadre un,yes,no,fragment; written style,,
un tas de,3,226042,7924,8.75,un tas de,yes,no,fragment,,
la lettre de,3,226033,7925,5.14,le lettre de,yes,no,fragment,,
est d' autant plus,4,226007,7926,15.26,être de autant plus,yes,yes,,,
main sur le,3,225991,7927,7.12,main sur le,yes,no,fragment,,
le Conseil d',3,225935,7928,,le Conseil de,no,no,fragment; rare word,,
mis en œuvre,3,225887,7929,13.43,mis en œuvre,yes,yes,,,
responsable de la,3,225865,7930,6.41,responsable de le,yes,no,fragment,,
pendant que je,3,225852,7931,7.87,pendant que je,yes,yes,,,
comme il le,3,225846,7932,3.23,comme il le,yes,no,fragment,,
parmi les plus,3,225799,7933,8.91,parmi le plus,yes,yes,,,
la charge de,3,225577,7934,5.59,le charge de,yes,no,fragment,,
sont pas les,3,225487,7935,4.69,être pas le,yes,no,fragment,,
vous ne vous,3,225478,7936,6.63,vous ne vous,yes,yes,,,
il existe une,3,225477,7937,8.55,il exister un,yes,no,fragment,,
en charge de,3,225473,7938,6.67,en charge de,yes,no,fragment,,
est d' une,3,225473,7939,2.45,être de un,yes,no,fragment; loose,,
je suis une,3,225390,7940,7.09,je être un,yes,no,fragment,,
et il y a,4,225388,7941,11.13,et il y avoir,yes,no,fragment,,
telle ou telle,3,225367,7942,15.76,tel ou tel,yes,yes,,,
l' État et,3,225267,7943,,le État et,no,no,fragment; rare word,,
politique de la,3,225228,7944,3.92,politique de le,yes,no,fragment,,
elle avait l',3,225219,7945,4.56,lui avoir le,yes,no,fragment,,
état d' esprit,3,225207,7946,11.9,état de esprit,yes,yes,,,
d' un bond,3,225100,7947,11.38,de un bond,yes,yes,,,
image de la,3,225007,7948,5.02,image de le,yes,no,fragment,,
pour en faire,3,224775,7949,5.68,pour en faire,yes,yes,,,
l' image du,3,224749,7950,8.02,le image du,yes,no,fragment,,
et dont les,3,224732,7951,4.29,et dont le,yes,no,fragment; written style,,
faire l' amour,3,224652,7952,9.92,faire le amour,yes,yes,,,
l' existence d' une,4,224617,7953,14.29,le existence de un,yes,no,fragment,,
avec la même,3,224603,7954,4.95,avec le même,yes,yes,,,
en est de,3,224485,7955,0.19,en être de,yes,no,fragment; loose,,
à la porte de,4,224325,7956,9.29,à le porte de,yes,no,fragment,,
la première partie,3,224302,7957,10.42,le première partie,yes,yes,,,
d' un des,3,224300,7958,1.79,de un un,yes,no,fragment; loose,,
dans la pratique,3,224285,7959,7.67,dans le pratique,yes,yes,,,
une fois par,3,224284,7960,7.24,un fois par,yes,no,fragment,,
liée à la,3,224251,7961,8.5,lier à le,yes,no,fragment,,
le point de vue,4,224169,7962,15.51,le point de vue,yes,yes,,,
est le seul,3,224151,7963,6.54,être le seul,yes,yes,,,
aux côtés de,3,224135,7964,10.15,aux côté de,yes,no,fragment,,
de l' Intérieur,3,224108,7965,,de le Intérieur,no,no,fragment; rare word,,
d ' autant,3,223989,7966,,d ' autant,no,no,rare word,,
haut de la,3,223966,7967,4.64,haut de le,yes,no,fragment,,
création d' un,3,223910,7968,8.65,création de un,yes,no,fragment,,
dans le coin,3,223760,7969,8.87,dans le coin,yes,yes,,,
et pour les,3,223748,7970,1.41,et pour le,yes,no,fragment; loose,,
est tout à,3,223715,7971,3.78,être tout à,yes,no,fragment,,
le lien entre,3,223715,7972,11.59,le lien entrer,yes,yes,,,
l' opinion publique,3,223675,7973,16.01,le opinion public,yes,yes,,,
après l' avoir,3,223596,7974,8.78,après le avoir,yes,yes,,,
il est évident,3,223587,7975,10.6,il être évident,yes,yes,,,
afin de ne,3,223580,7976,6.71,afin de ne,yes,no,fragment,,
de cet ouvrage,3,223504,7977,11.31,de ce ouvrage,yes,no,fragment,,
la main dans,3,223495,7978,5.92,le main dans,yes,no,fragment,,
la chance de,3,223493,7979,5.82,le chance de,yes,no,fragment,,
dans la direction,3,223332,7980,7.53,dans le direction,yes,yes,,,
comme si la,3,223325,7981,5.18,comme si le,yes,no,fragment,,
tu veux dire,3,223311,7982,14.22,tu vouloir dire,yes,yes,,,
un quart d',3,223253,7983,10.53,un quart de,yes,no,fragment,,
dans les mains,3,223182,7984,7.52,dans le main,yes,yes,,,
marché du travail,3,223068,7985,13.37,marché du travail,yes,yes,,,
à moins de,3,223014,7986,3.39,à moins de,yes,no,fragment,,
il en a,3,222889,7987,3.04,il en avoir,yes,no,,,
du bout des,3,222801,7988,8.26,du bout un,yes,no,fragment,,
d' où il,3,222792,7989,4.97,de où il,yes,yes,,,
ouvert du lundi au samedi,5,222735,7990,37.59,ouvert du lundi au samedi,yes,yes,,,
à la place de,4,222670,7991,9.14,à le place de,yes,no,fragment,,
de la mort de,4,222665,7992,8.21,de le mort de,yes,no,fragment,,
il avait fait,3,222651,7993,6.82,il avoir faire,yes,yes,,,
de la croissance,3,222632,7994,6.45,de le croissance,yes,no,fragment,,
est celle de,3,222572,7995,4.85,être celui de,yes,no,fragment,,
pas question de,3,222547,7996,5.83,pas question de,yes,no,fragment,,
dans un petit,3,222512,7997,7.01,dans un petit,yes,yes,,,
à l' église,3,222466,7998,7.08,à le église,yes,yes,,,
et elle a,3,222462,7999,3.36,et lui avoir,yes,no,fragment,,
au fond d',3,222462,8000,8.98,au fond de,yes,no,fragment,,
de la fin du,4,222442,8001,10.58,de le fin du,yes,no,fragment,,
je ne sais plus,4,222432,8002,16.73,je ne savoir plus,yes,yes,,,
tu sais que,3,222411,8003,10.04,tu savoir que,yes,no,fragment,,
le point d',3,222353,8004,5.67,le point de,yes,no,fragment,,
la réalité de,3,222311,8005,4.91,le réalité de,yes,no,fragment,,
est impossible de,3,222255,8006,7.1,être impossible de,yes,no,fragment,,
ne sont pas les,4,222230,8007,12.02,ne être pas le,yes,no,fragment,,
dans son ensemble,3,222126,8008,9.19,dans son ensemble,yes,yes,,,
de toutes sortes,3,221999,8009,12.77,de tout sorte,yes,no,fragment,,
l' avons vu,3,221957,8010,11.94,le avoir voir,yes,yes,,,
partir d' un,3,221952,8011,7.19,partir de un,yes,no,fragment,,
ouvrit la porte,3,221944,8012,13.2,ouvrir le porte,no,no,rare word,,
de penser que,3,221863,8013,6.62,de penser que,yes,no,fragment,,
un à l' autre,4,221852,8014,10.36,un à le autre,yes,yes,,,
et même si,3,221844,8015,5.86,et même si,yes,no,fragment,,
relative à la,3,221843,8016,8.21,relative à le,no,no,fragment; rare word,,
la construction d',3,221831,8017,7.72,le construction de,yes,no,fragment,,
fois par semaine,3,221783,8018,13.83,fois par semaine,yes,yes,,,
de l' avenir,3,221778,8019,6.5,de le avenir,yes,no,fragment,,
l ' analyse,3,221760,8020,,l ' analyse,no,no,rare word,,
que la France,3,221684,8021,5.83,que le France,no,no,rare word,,
de sortir de,3,221667,8022,4.62,de sortir de,yes,no,fragment,,
que tout ce,3,221513,8023,5.5,que tout ce,yes,no,fragment,,
sur le bouton,3,221386,8024,11.46,sur le bouton,yes,yes,,,
la mémoire de,3,221272,8025,5.49,le mémoire de,yes,no,fragment,,
l' un à l' autre,5,221221,8026,16.12,le un à le autre,yes,yes,,,
que les enfants,3,221220,8027,6.73,que le enfant,yes,yes,,,
de ne rien,3,221191,8028,4.96,de ne rien,yes,no,fragment,,
nous l' avons vu,4,220985,8029,20.17,nous le avoir voir,yes,yes,,,
le rôle du,3,220971,8030,7.63,le rôle du,yes,no,fragment,,
une fois la,3,220826,8031,4.83,un fois le,yes,no,fragment,,
que tu étais,3,220737,8032,10.28,que tu être,yes,yes,,,
de ne jamais,3,220717,8033,5.16,de ne jamais,yes,no,fragment,,
a besoin d',3,220670,8034,8.44,avoir besoin de,yes,no,fragment,,
l' attention de,3,220642,8035,5.63,le attention de,yes,no,fragment,,
beaucoup de temps,3,220582,8036,8.39,beaucoup de temps,yes,yes,,,
une poignée de,3,220539,8037,9.25,un poignée de,yes,no,fragment,,
d' une même,3,220527,8038,4.55,de un même,yes,yes,,,
un air de,3,220469,8039,5.08,un air de,yes,no,fragment,,
a fini par,3,220458,8040,11.56,avoir fini par,yes,no,fragment,,
en lien avec,3,220455,8041,10.67,en lien avec,yes,no,fragment,,
d' être en,3,220429,8042,4.22,de être en,yes,no,fragment,,
sur son lit,3,220424,8043,10.75,sur son lit,yes,yes,,,
où se trouve,3,220369,8044,11.81,où se trouver,yes,yes,,,
avec de la,3,220345,8045,0.57,avec de le,yes,no,fragment; loose,,
il a dit,3,220305,8046,6.46,il avoir dire,yes,yes,,,
raison de l',3,220267,8047,4.68,raison de le,yes,no,fragment,,
faveur de la,3,220267,8048,6.46,faveur de le,yes,no,fragment,,
quand il se,3,220197,8049,6.71,quand il se,yes,no,fragment,,
l' issue de,3,220134,8050,7.64,le issue de,yes,no,fragment,,
à la liberté,3,220123,8051,6.35,à le liberté,yes,yes,,,
que je la,3,220058,8052,1.87,que je le,yes,no,fragment; loose,,
de la chaîne,3,220030,8053,6.92,de le chaîne,yes,no,fragment,,
cœur de l',3,220016,8054,4.57,cœur de le,yes,no,fragment,,
à l' exception de,4,219934,8055,13,à le exception de,yes,no,fragment,,
avant de la,3,219905,8056,2.67,avant de le,yes,no,fragment; loose,,
et tout ce,3,219797,8057,4.41,et tout ce,yes,no,fragment,,
près de moi,3,219717,8058,8.63,près de moi,yes,yes,,,
celle d' une,3,219693,8059,6.7,celui de un,yes,no,fragment,,
du mois de,3,219652,8060,5.85,du mois de,yes,no,fragment,,
quelques minutes plus,3,219635,8061,13.8,quelque minuter plus,yes,yes,,,
de l' opération,3,219621,8062,7.07,de le opération,yes,no,fragment,,
du travail et,3,219620,8063,6.23,du travail et,yes,no,fragment,,
je vais me,3,219606,8064,11.27,je aller me,yes,no,fragment,,
que ce serait,3,219545,8065,8.31,que ce être,yes,yes,,,
le départ de,3,219537,8066,5.83,le départ de,yes,no,fragment,,
pas de problème,3,219467,8067,7.01,pas de problème,yes,yes,,,
la société civile,3,219404,8068,14.05,le société civil,yes,yes,,,
général de Gaulle,3,219402,8069,,général de Gaulle,no,no,rare word,,
l ' âme,3,219365,8070,,l ' âme,no,no,rare word,,
je lui ai dit,4,219300,8071,17.31,je luire avoir dire,yes,yes,,,
de lui dire,3,219255,8072,5.89,de luire dire,yes,no,fragment,,
bien que l',3,219244,8073,4.13,bien que le,yes,no,fragment,,
on peut aussi,3,219228,8074,9.9,on pouvoir aussi,yes,yes,,,
se tournant vers,3,219216,8075,15.45,se tournant vers,yes,yes,,,
une lettre de,3,219194,8076,6.53,un lettre de,yes,no,fragment,,
de se retrouver,3,219094,8077,7.99,de se retrouver,yes,no,fragment,,
plus que de,3,218966,8078,1.62,plus que de,yes,no,fragment; loose,,
comme on l',3,218909,8079,5.28,comme on le,yes,no,fragment,,
fait que l',3,218883,8080,4.4,faire que le,yes,no,fragment,,
à l' image de,4,218872,8081,11.26,à le image de,yes,no,fragment,,
la suite des,3,218852,8082,6.23,le suite un,yes,no,fragment,,
sur une chaise,3,218736,8083,11.56,sur un chaise,yes,yes,,,
grâce à une,3,218730,8084,7.44,grâce à un,yes,no,fragment,,
vous le savez,3,218715,8085,10.43,vous le savoir,yes,yes,,,
la même année,3,218690,8086,8.94,le même année,yes,yes,,,
et il lui,3,218664,8087,2.96,et il luire,yes,no,fragment; loose,,
à la situation,3,218580,8088,5.68,à le situation,yes,yes,,,
joue un rôle,3,218548,8089,15.07,joue un rôle,yes,yes,,,
il aurait pu,3,218449,8090,12.08,il avoir pouvoir,yes,yes,,,
de ses lèvres,3,218357,8091,8.78,de son lèvre,yes,no,fragment,,
on y trouve,3,218251,8092,11.92,on y trouver,yes,yes,,,
quant à elle,3,218148,8093,8.64,quant à lui,yes,yes,,,
se rendre compte,3,218135,8094,14.15,se rendre compte,yes,yes,,,
dans une petite,3,218085,8095,7.87,dans un petit,yes,yes,,,
et ne pas,3,218004,8096,2.92,et ne pas,yes,no,fragment; loose,,
de l' ensemble des,4,217978,8097,10.97,de le ensemble un,yes,no,fragment,,
être un peu,3,217942,8098,7.98,être un peu,yes,yes,,,
la relation entre,3,217905,8099,10.5,le relation entrer,yes,yes,,,
plus en plus de,4,217873,8100,8.98,plus en plus de,yes,no,fragment,,
et elle avait,3,217803,8101,4.21,et lui avoir,yes,no,fragment,,
à travers des,3,217757,8102,7.07,à travers un,yes,no,fragment,,
il est de,3,217747,8103,0.23,il être de,yes,no,fragment; loose,,
un ou plusieurs,3,217705,8104,8.83,un ou plusieurs,yes,yes,,,
sur la rive,3,217592,8105,11.1,sur le rive,yes,yes,,,
un quart d' heure,4,217472,8106,22.36,un quart de heure,yes,yes,,,
tout d' un,3,217395,8107,4.06,tout de un,yes,no,fragment,,
au terme de,3,217386,8108,7.32,au terme de,yes,no,fragment,,
au même titre,3,217381,8109,11.63,au même titre,yes,yes,,,
du XXe siècle,3,217371,8110,,du XXe siècle,no,no,rare word,,
il d' un ton,4,217335,8111,13.13,il de un ton,yes,no,fragment,,
de plus en plus de,5,217322,8112,13.35,de plus en plus de,yes,no,fragment,,
la terre et,3,217241,8113,5.15,le terrer et,yes,no,fragment,,
et par conséquent,3,217238,8114,10.34,et par conséquent,yes,no,fragment,,
est de l',3,217124,8115,-0.29,être de le,yes,no,fragment; loose,,
dans tout le,3,217080,8116,3.88,dans tout le,yes,no,fragment,,
elle se leva,3,216913,8117,11.22,lui se lever,no,no,rare word,,
si vous le,3,216909,8118,5.31,si vous le,yes,no,fragment,,
ne fallait pas,3,216878,8119,10.26,ne falloir pas,yes,yes,,,
comme il est,3,216813,8120,4.21,comme il être,yes,no,,,
on le voit,3,216788,8121,9.53,on le voir,yes,yes,,,
comme dans un,3,216777,8122,4.43,comme dans un,yes,no,fragment,,
hors de question,3,216736,8123,11.61,hors de question,yes,yes,,,
un certain nombre d',4,216697,8124,20.01,un certain nombre de,yes,no,fragment,,
du côté de la,4,216687,8125,10.53,du côté de le,yes,no,fragment,,
et il me,3,216661,8126,3.51,et il me,yes,no,fragment,,
l' avenir de,3,216628,8127,6.47,le avenir de,yes,no,fragment,,
de ce point de,4,216624,8128,9.98,de ce point de,yes,no,fragment,,
une fois le,3,216613,8129,5.22,un fois le,yes,no,fragment,,
bout d' une,3,216606,8130,8.1,bout de un,yes,no,fragment,,
mais elle avait,3,216546,8131,6.77,mais lui avoir,yes,yes,,,
sur le fait que,4,216546,8132,11.74,sur le faire que,yes,no,fragment,,
relatives à la,3,216541,8133,8.7,relatif à le,no,no,fragment; rare word,,
côte à côte,3,216439,8134,16.1,côte à côte,yes,yes,,,
d' abord à,3,216349,8135,6.97,de abord à,yes,no,fragment,,
le compte de,3,216344,8136,4.31,le compte de,yes,no,fragment,,
d' un même,3,216274,8137,4.24,de un même,yes,yes,,,
dans l' un,3,216208,8138,1.83,dans le un,yes,no,fragment; loose,,
a eu un,3,216145,8139,8.22,avoir avoir un,yes,no,fragment,,
yeux au ciel,3,216133,8140,13.65,oeil au ciel,yes,yes,,,
à soupe de,3,216127,8141,7.96,à soupe de,yes,no,fragment,,
à cause d',3,216092,8142,6.9,à cause de,yes,no,fragment,,
l ' exercice,3,216026,8143,,l ' exercice,no,no,rare word,,
de ce côté,3,215998,8144,6.09,de ce côté,yes,no,fragment,,
Côte d' Ivoire,3,215984,8145,,Côte de Ivoire,no,no,rare word,,
la raison de,3,215954,8146,4.01,le raison de,yes,no,fragment,,
pour le faire,3,215950,8147,4.97,pour le faire,yes,yes,,,
de l' Histoire,3,215932,8148,,de le Histoire,no,no,fragment; rare word,,
de dix ans,3,215919,8149,10.41,de dix an,yes,no,fragment,,
je pense à,3,215789,8150,8.45,je penser à,yes,no,fragment,,
les deux cas,3,215770,8151,8.83,le deux cas,yes,yes,,,
de l' ancienne,3,215750,8152,6.84,de le ancien,yes,no,fragment,,
elle l' a,3,215699,8153,3.62,lui le avoir,yes,no,,,
l' apparition de,3,215653,8154,7.67,le apparition de,yes,no,fragment,,
dire que les,3,215625,8155,5.64,dire que le,yes,no,fragment,,
je suis bien,3,215625,8156,9.31,je être bien,yes,yes,,,
des Nations Unies,3,215605,8157,,un Nations Unies,no,no,rare word,,
le texte de,3,215565,8158,5.4,le texte de,yes,no,fragment,,
sais que je,3,215442,8159,8.16,savoir que je,yes,yes,,,
et il en,3,215419,8160,0.91,et il en,yes,no,fragment; loose,,
bien que mal,3,215374,8161,9.68,bien que mal,yes,yes,,,
au cours d' une,4,215281,8162,14.88,au cours de un,yes,no,fragment,,
l' une des plus,4,215275,8163,9.21,le un un plus,yes,yes,,,
sur le monde,3,215252,8164,6.5,sur le monde,yes,yes,,,
dans le fond,3,215248,8165,7.61,dans le fond,yes,yes,,,
il est un,3,215164,8166,2.11,il être un,yes,no,fragment; loose,,
l' école de,3,215080,8167,5.66,le école de,yes,no,fragment,,
mais ils ne,3,215038,8168,7.2,mais il ne,yes,no,fragment,,
que par le,3,215038,8169,2.57,que par le,yes,no,fragment; loose,,
les modalités de,3,215000,8170,7.98,le modalité de,no,no,fragment; rare word,,
sais ce que,3,214950,8171,8.36,savoir ce que,yes,no,fragment,,
le bord de,3,214915,8172,5.87,le bord de,yes,no,fragment,,
à quoi bon,3,214887,8173,11.02,à quoi bon,yes,yes,,,
sur les deux,3,214781,8174,5.65,sur le deux,yes,yes,,,
ou d' une autre,4,214757,8175,13.74,ou de un autre,yes,yes,,,
de son existence,3,214755,8176,7.75,de son existence,yes,no,fragment,,
de la méthode,3,214688,8177,6.11,de le méthode,yes,no,fragment,,
avec un grand,3,214686,8178,7.93,avec un grand,yes,yes,,,
que mon père,3,214625,8179,9.88,que mon père,yes,yes,,,
à autre chose,3,214580,8180,9.11,à autre chose,yes,yes,,,
un signe de tête,4,214520,8181,17.28,un signe de tête,yes,yes,,,
d' un bon,3,214474,8182,6.63,de un bon,yes,yes,,,
de la province,3,214447,8183,7.17,de le province,yes,no,fragment,,
partir de ce,3,214440,8184,6.38,partir de ce,yes,no,fragment,,
l ' expression,3,214433,8185,,l ' expression,no,no,rare word,,
à cette question,3,214383,8186,8.49,à ce question,yes,yes,,,
sur les lieux,3,214383,8187,9.61,sur le lieu,yes,yes,,,
ce qui a été,4,214325,8188,14.45,ce qui avoir être,yes,yes,,,
ne signifie pas,3,214272,8189,11.25,ne signifier pas,yes,yes,,,
les services de,3,214272,8190,5.97,le service de,yes,no,fragment,,
qui aurait pu,3,214240,8191,12.74,qui avoir pouvoir,yes,yes,,,
je ne sais pas ce,5,214226,8192,23.49,je ne savoir pas ce,yes,no,fragment,,
pour répondre à,3,214182,8193,8.74,pour répondre à,yes,no,fragment,,
cadre de l',3,214015,8194,5.64,cadre de le,yes,no,fragment,,
heure plus tard,3,213993,8195,14.36,heure plus tard,yes,yes,,,
lutte contre la,3,213929,8196,12.41,lutte contre le,yes,no,fragment,,
à la date,3,213925,8197,6.98,à le date,yes,yes,,,
tant bien que,3,213921,8198,9.56,tant bien que,yes,no,fragment,,
les yeux au ciel,4,213886,8199,19.46,le oeil au ciel,yes,yes,,,
je ne les,3,213857,8200,3.35,je ne le,yes,no,fragment,,
de la soirée,3,213850,8201,6.29,de le soirée,yes,no,fragment,,
d' un de,3,213828,8202,-0.12,de un de,yes,no,fragment; loose,,
alors que nous,3,213804,8203,7.63,alors que nous,yes,yes,,,
il existe des,3,213775,8204,8.14,il exister un,yes,no,fragment,,
au fait que,3,213720,8205,6,au faire que,yes,no,fragment,,
sein d' une,3,213707,8206,8.57,sein de un,yes,no,fragment,,
et en même temps,4,213693,8207,13.14,et en même temps,yes,no,fragment,,
à l' intérieur de la,5,213684,8208,16.28,à le intérieur de le,yes,no,fragment,,
grâce à un,3,213596,8209,7.12,grâce à un,yes,no,fragment,,
ne fait que,3,213554,8210,5.96,ne faire que,yes,no,fragment,,
application de l',3,213548,8211,6.42,application de le,yes,no,fragment,,
avait quelque chose,3,213533,8212,13.22,avoir quelque chose,yes,yes,,,
tant bien que mal,4,213521,8213,20.9,tant bien que mal,yes,yes,,,
après la mort de,4,213404,8214,13.64,après le mort de,yes,no,fragment,,
et dont le,3,213379,8215,3.93,et dont le,yes,no,fragment; written style,,
l ' Église,3,213376,8216,,l ' Église,no,no,rare word,,
l' activité de,3,213372,8217,5.77,le activité de,yes,no,fragment,,
par le gouvernement,3,213354,8218,8.71,par le gouvernement,yes,yes,,,
tous les moyens,3,213282,8219,11.57,tout le moyen,yes,yes,,,
les conditions d',3,213211,8220,7.61,le condition de,yes,no,fragment,,
chacun de ses,3,213175,8221,8.11,chacun de son,yes,no,fragment,,
le rôle des,3,213162,8222,7.06,le rôle un,yes,no,fragment,,
ou à un,3,213046,8223,3.11,ou à un,yes,no,fragment,,
dans une société,3,213032,8224,8.04,dans un société,yes,yes,,,
l ' entrée,3,213008,8225,,l ' entrée,no,no,rare word,,
dans un sens,3,212881,8226,7.17,dans un sens,yes,yes,,,
et que l' on,4,212165,8227,8.86,et que le on,yes,no,fragment,,
tout ce que vous,4,212136,8228,13.55,tout ce que vous,yes,yes,,,
il est important de,4,212107,8229,13.04,il être important de,yes,no,fragment,,
de ce point de vue,5,211877,8230,21.67,de ce point de vue,yes,no,fragment,,
il faut que tu,4,210926,8231,15.6,il falloir que tu,yes,yes,,,
ce que tu fais,4,210804,8232,18.66,ce que tu faire,yes,yes,,,
à l' instar de,4,210773,8233,14.55,à le instar de,no,no,fragment; rare word,,
ne l' ai pas,4,210694,8234,12.42,ne le avoir pas,yes,yes,,,
la prise en compte,4,210109,8235,18.25,le prise en compte,yes,yes,,,
au centre de la,4,209737,8236,12.18,au centre de le,yes,no,fragment,,
dans les bras de,4,208640,8237,11.62,dans le bras de,yes,no,fragment,,
à la hauteur de,4,208635,8238,12.07,à le hauteur de,yes,no,fragment,,
dans les deux cas,4,208612,8239,15.6,dans le deux cas,yes,yes,,,
ouvert du lundi au vendredi,5,208394,8240,37.97,ouvert du lundi au vendredi,yes,yes,,,
je ne l' ai pas,5,208373,8241,19.61,je ne le avoir pas,yes,yes,,,
dans le cas d',4,208112,8242,12.32,dans le cas de,yes,no,fragment,,
il est difficile de,4,207734,8243,12.96,il être difficile de,yes,no,fragment,,
je sais que tu,4,207711,8244,17.14,je savoir que tu,yes,yes,,,
la mise en place de,5,207566,8245,21.68,le mise en place de,yes,no,fragment,,
l' entrée de la,4,207492,8246,10.72,le entrée de le,yes,no,fragment,,
la mise en place d',5,206875,8247,23.58,le mise en place de,yes,no,fragment,,
il ne pouvait pas,4,206537,8248,15.28,il ne pouvoir pas,yes,yes,,,
à l ' autre,4,205302,8249,,à l ' autre,no,no,rare word,,
que la plupart des,4,205028,8250,13.61,que le plupart un,yes,no,fragment,,
se dirigea vers la,4,204835,8251,20.97,se dirigea vers le,no,no,fragment; rare word,,
la forme d' une,4,204669,8252,12.49,le forme de un,yes,no,fragment,,
ne l' a pas,4,204183,8253,10.66,ne le avoir pas,yes,yes,,,
au sein d' une,4,204138,8254,15.91,au sein de un,yes,no,fragment; written style,,
ce que je peux,4,204074,8255,16.33,ce que je pouvoir,yes,yes,,,
en ce qui concerne la,5,203479,8256,22.2,en ce qui concerner le,yes,no,fragment,,
peu de temps après,4,203321,8257,16.91,peu de temps après,yes,yes,,,
que je l' ai,4,203128,8258,11.64,que je le avoir,yes,yes,,,
tout ce que tu,4,202867,8259,14.41,tout ce que tu,yes,yes,,,
à la fin de l',5,202625,8260,15.11,à le fin de le,yes,no,fragment,,
l' autre côté du,4,202585,8261,16.39,le autre côté du,yes,no,fragment,,
de l ' eau,4,202525,8262,,de l ' eau,no,no,fragment; rare word,,
les membres de la,4,202100,8263,10.82,le membre de le,yes,no,fragment,,
de ce que je,4,201741,8264,8.4,de ce que je,yes,no,fragment,,
de la Cour de,4,201525,8265,,de le Cour de,no,no,fragment; rare word,,
l' une de ses,4,201160,8266,8.05,le un de son,yes,no,fragment,,
à la fois de,4,201017,8267,8.14,à le fois de,yes,no,fragment,,
de l ' entreprise,4,200489,8268,,de l ' entreprise,no,no,fragment; rare word,,
à partir d' un,4,199529,8269,12.66,à partir de un,yes,no,fragment,,
de l ' histoire,4,199500,8270,,de l ' histoire,no,no,fragment; rare word,,
du fait de la,4,198632,8271,8.18,du faire de le,yes,no,fragment,,
nous ne pouvons pas,4,198348,8272,19.51,nous ne pouvoir pas,yes,yes,,,
l' un d' entre,4,198324,8273,10.78,le un de entrer,yes,yes,,,
que je ne suis pas,5,198053,8274,21.35,que je ne être pas,yes,yes,,,
il y en avait,4,197939,8275,12.55,il y en avoir,yes,yes,,,
le cadre de l',4,197495,8276,11.06,le cadre de le,yes,no,fragment,,
il ne voulait pas,4,197397,8277,16.16,il ne vouloir pas,yes,yes,,,
au bout d' une,4,197300,8278,15.36,au bout de un,yes,no,fragment,,
au bout de la,4,197220,8279,12.03,au bout de le,yes,no,fragment,,
l' idée d' une,4,197150,8280,13.15,le idée de un,yes,no,fragment,,
l' origine de la,4,196502,8281,10.73,le origine de le,yes,no,fragment,,
l' évolution de la,4,196484,8282,11.36,le évolution de le,yes,no,fragment,,
la place de la,4,194889,8283,8.43,le place de le,yes,no,fragment,,
il en est de,4,194430,8284,6.26,il en être de,yes,no,fragment,,
est tout à fait,4,194351,8285,12.68,être tout à faire,yes,yes,,,
et d' autre part,4,193637,8286,15.37,et de autre part,yes,no,fragment,,
l ' une des,4,193315,8287,,l ' un un,no,no,fragment; rare word,,
de l' autre côté du,5,193312,8288,20.7,de le autre côté du,yes,no,fragment,,
elle se mit à,4,193274,8289,16.38,lui se mettre à,yes,no,fragment,,
la première fois depuis,4,192828,8290,19.78,le première fois depuis,yes,yes,,,
il y a bien,4,192633,8291,14.27,il y avoir bien,yes,yes,,,
avec un peu de,4,192457,8292,11.5,avec un peu de,yes,no,fragment,,
afin de ne pas,4,192043,8293,13.6,afin de ne pas,yes,yes,,,
à ce que je,4,191997,8294,9.59,à ce que je,yes,yes,,,
où l ' on,4,191724,8295,,où l ' on,no,no,rare word,,
d' un seul coup,4,191715,8296,18.29,de un seul coup,yes,yes,,,
en dehors de la,4,191672,8297,11.6,en dehors de le,yes,no,fragment,,
je ne me suis,4,190980,8298,16.44,je ne me être,yes,yes,,,
à côté de moi,4,190876,8299,13.8,à côté de moi,yes,yes,,,
de toutes ses forces,4,190487,8300,19.56,de tout son forcer,yes,no,fragment,,
à l' aide d' un,5,189515,8301,19.21,à le aide de un,yes,no,fragment,,
l ' ensemble des,4,189511,8302,,l ' ensemble un,no,no,fragment; rare word,,
qui que ce soit,4,189310,8303,14.29,qui que ce être,yes,yes,,,
quelques minutes plus tard,4,189053,8304,25.41,quelque minuter plus tard,yes,yes,,,
à la fin des années,5,188947,8305,22.34,à le fin un année,yes,yes,,,
on l' a vu,4,188753,8306,15.93,on le avoir voir,yes,yes,,,
le fait que les,4,188418,8307,9.79,le faire que le,yes,no,fragment,,
ce que vous voulez,4,188325,8308,18.4,ce que vous vouloir,yes,yes,,,
de la maison de,4,187920,8309,8,de le maison de,yes,no,fragment,,
en est de même,4,187912,8310,8.65,en être de même,yes,yes,,,
d ' autre part,4,187678,8311,,d ' autre part,no,no,rare word,,
l' un de ces,4,187513,8312,8.37,le un de ce,yes,no,fragment,,
ne crois pas que,4,187138,8313,16.19,ne croire pas que,yes,no,fragment,,
de l ' article,4,187125,8314,,de l ' article,no,no,fragment; rare word,,
sur le plan de,4,186911,8315,12.46,sur le plan de,yes,no,fragment,,
à partir d' une,4,186511,8316,12.85,à partir de un,yes,no,fragment,,
faire l' objet d',4,186346,8317,16.38,faire le objet de,yes,no,fragment,,
au même titre que,4,185982,8318,17.94,au même titre que,yes,no,fragment,,
et à mesure que,4,185823,8319,12.6,et à mesure que,yes,no,fragment,,
à l' entrée de,4,185772,8320,11.08,à le entrée de,yes,no,fragment,,
que je viens de,4,185740,8321,14.46,que je venir de,yes,no,fragment,,
mardi au samedi de,4,185592,8322,22.96,mardi au samedi de,yes,no,fragment,,
et de l' autre,4,185537,8323,8.04,et de le autre,yes,no,fragment,,
du mardi au samedi de,5,185319,8324,29.69,du mardi au samedi de,yes,no,fragment,,
dans le cas où,4,185180,8325,15.27,dans le cas où,yes,yes,,,
il y a toujours,4,185139,8326,15.66,il y avoir toujours,yes,yes,,,
à l' encontre de,4,185130,8327,14.24,à le encontre de,yes,no,fragment,,
l' une d' elles,4,185043,8328,11.86,le un de lui,yes,yes,,,
droit dans les yeux,4,184927,8329,17,droit dans le oeil,yes,yes,,,
dans le cadre de l',5,184651,8330,17.78,dans le cadre de le,yes,no,fragment; written style,,
au niveau de l',4,183871,8331,12.52,au niveau de le,yes,no,fragment,,
la création d' un,4,183831,8332,13.48,le création de un,yes,no,fragment,,
se mit à rire,4,183826,8333,21.87,se mettre à rire,yes,yes,,,
de ne pas se,4,183748,8334,9.04,de ne pas se,yes,no,fragment,,
le Conseil d' État,4,183396,8335,,le Conseil de État,no,no,rare word,,
si l' on veut,4,182779,8336,17.59,si le on vouloir,yes,yes,,,
y a quelque chose,4,182106,8337,20.92,y avoir quelque chose,yes,yes,,,
tout d' un coup,4,181666,8338,15.36,tout de un coup,yes,yes,,,
dans le sens de,4,181480,8339,10.59,dans le sens de,yes,no,fragment,,
au moment de l',4,181085,8340,11.2,au moment de le,yes,no,fragment,,
la recherche d' un,4,181070,8341,12.7,le recherche de un,yes,no,fragment,,
au long de la,4,180962,8342,11.58,au long de le,yes,no,fragment,,
le point de départ,4,180602,8343,16.39,le point de départ,yes,yes,,,
le reste de l',4,180364,8344,9.9,le reste de le,yes,no,fragment,,
il se tourna vers,4,180323,8345,20.7,il se tourner vers,no,no,rare word,,
bout d' un moment,4,180282,8346,18.49,bout de un moment,yes,yes,,,
en faveur de la,4,180107,8347,12.36,en faveur de le,yes,no,fragment,,
une grande partie de,4,179927,8348,15.85,un grand partie de,yes,no,fragment,,
fur et à mesure que,5,179648,8349,28.21,fur et à mesure que,yes,no,fragment,,
par le fait que,4,179637,8350,11.41,par le faire que,yes,no,fragment,,
il y a quelque,4,179039,8351,16.36,il y avoir quelque,yes,yes,,,
à l' époque de,4,178960,8352,10.77,à le époque de,yes,no,fragment,,
de ce que nous,4,178811,8353,9.27,de ce que nous,yes,no,fragment,,
comme tout le monde,4,178809,8354,15.55,comme tout le monde,yes,yes,,,
au fil du temps,4,178502,8355,20.3,au fil du temps,yes,yes,,,
il en est de même,5,178499,8356,14.86,il en être de même,yes,yes,,,
la tête d' un,4,178294,8357,11.11,le tête de un,yes,no,fragment,,
quelques jours plus tard,4,177937,8358,23.96,quelque jour plus tard,yes,yes,,,
de la part du,4,177130,8359,10.05,de le part du,yes,no,fragment,,
la question de savoir,4,176994,8360,15.02,le question de savoir,yes,yes,,,
elle ne voulait pas,4,176721,8361,17.06,lui ne vouloir pas,yes,yes,,,
au pied de la,4,176656,8362,12.22,au pied de le,yes,no,fragment,,
au bout d' un moment,5,176448,8363,25.86,au bout de un moment,yes,yes,,,
le cadre d' un,4,176192,8364,13.3,le cadre de un,yes,no,fragment,,
les uns des autres,4,175954,8365,18.24,le un un autre,yes,yes,,,
au bord de l',4,175858,8366,13.2,au bord de le,yes,no,fragment,,
la suite de la,4,175123,8367,9.19,le suite de le,yes,no,fragment,,
la cour d' appel,4,175034,8368,19.7,le cour de appel,yes,yes,,,
pas eu le temps,4,174998,8369,16.57,pas avoir le temps,yes,yes,,,
la mort de son,4,174932,8370,11.23,le mort de son,yes,no,fragment,,
le principe de la,4,174489,8371,10.37,le principe de le,yes,no,fragment,,
à l' égard du,4,174407,8372,14.22,à le égard du,yes,no,fragment,,
à partir de ce,4,174380,8373,11.71,à partir de ce,yes,no,fragment,,
de la vie et,4,174360,8374,7.71,de le vie et,yes,no,fragment,,
tout le monde se,4,174350,8375,14.6,tout le monde se,yes,no,fragment,,
que l' on appelle,4,174263,8376,16.1,que le on appeler,yes,yes,,,
du XVIII e siècle,4,174166,8377,,du XVIII e siècle,no,no,rare word,,
on ne peut plus,4,174068,8378,15.23,on ne pouvoir plus,yes,yes,,,
la théorie de la,4,173997,8379,10.75,le théorie de le,yes,no,fragment,,
pour la première fois depuis,5,173851,8380,26.72,pour le première fois depuis,yes,yes,,,
ce qui concerne le,4,173780,8381,16.2,ce qui concerner le,yes,no,fragment,,
il y a plus,4,173744,8382,13,il y avoir plus,yes,yes,,,
au service de la,4,173689,8383,11.71,au service de le,yes,no,fragment,,
l' aide d' une,4,173679,8384,13.74,le aide de un,yes,no,fragment,,
comme je l' ai,4,173663,8385,13.24,comme je le avoir,yes,yes,,,
dans ses bras et,4,173004,8386,15.09,dans son bras et,yes,no,fragment,,
on ne sait pas,4,172826,8387,17.69,on ne savoir pas,yes,yes,,,
et se dirigea vers,4,172730,8388,21.07,et se dirigea vers,no,no,fragment; rare word,,
pas tout de suite,4,172493,8389,14.58,pas tout de suite,yes,yes,,,
de ce que l',4,172423,8390,6.74,de ce que le,yes,no,fragment,,
tout au long de la,5,171913,8391,20.04,tout au long de le,yes,no,fragment,,
dans le cadre d' un,5,171668,8392,20.08,dans le cadre de un,yes,no,fragment; written style,,
dans la chambre de,4,171255,8393,10.84,dans le chambre de,yes,no,fragment,,
pas la peine de,4,171249,8394,11.26,pas le peiner de,yes,no,fragment,,
la présence d' un,4,171172,8395,12.68,le présence de un,yes,no,fragment,,
je l ' ai,4,170875,8396,,je l ' avoir,no,no,rare word,,
d' une certaine manière,4,170690,8397,20.21,de un certain manière,yes,yes,,,
il y a là,4,170680,8398,15.19,il y avoir là,yes,yes,,,
de la notion de,4,170273,8399,10.08,de le notion de,yes,no,fragment,,
il faut dire que,4,170265,8400,16.55,il falloir dire que,yes,no,fragment,,
au début de la,4,169736,8401,11.77,au début de le,yes,no,fragment,,
un peu de temps,4,169573,8402,13.05,un peu de temps,yes,yes,,,
la plus grande partie,4,169502,8403,17.67,le plus grand partie,yes,yes,,,
la Première Guerre mondiale,4,169116,8404,,le Première Guerre mondial,no,no,rare word,,
le temps de la,4,168566,8405,7.46,le temps de le,yes,no,fragment,,
l' importance de la,4,168457,8406,10.93,le importance de le,yes,no,fragment,,
le développement de la,4,168039,8407,9.9,le développement de le,yes,no,fragment,,
un d' entre eux,4,167737,8408,15.88,un de entrer lui,yes,yes,,,
ce qui est de,4,167692,8409,7.95,ce qui être de,yes,no,fragment,,
ce que je fais,4,167680,8410,16.5,ce que je faire,yes,yes,,,
tu ne veux pas,4,167638,8411,17.97,tu ne vouloir pas,yes,yes,,,
en train de faire,4,167589,8412,15.18,en train de faire,yes,yes,,,
parce que je ne,4,167409,8413,14.86,parce que je ne,yes,no,fragment,,
en raison de l',4,167090,8414,10.47,en raison de le,yes,no,fragment,,
sous la forme de,4,167051,8415,13.77,sou le forme de,yes,no,fragment,,
je ne connais pas,4,166143,8416,18.2,je ne connaître pas,yes,yes,,,
je suis sûr que,4,166072,8417,18.72,je être sûr que,yes,no,fragment,,
rien d' autre que,4,166069,8418,15.31,rien de autre que,yes,no,fragment,,
l ' histoire de,4,165957,8419,,l ' histoire de,no,no,fragment; rare word,,
tout ce qui se,4,165863,8420,12.96,tout ce qui se,yes,no,fragment,,
au sein d' un,4,165599,8421,15.32,au sein de un,yes,no,fragment; written style,,
de la plupart des,4,165278,8422,11.14,de le plupart un,yes,no,fragment,,
et ainsi de suite,4,164970,8423,14.45,et ainsi de suite,yes,no,fragment,,
dans le cas des,4,164808,8424,11.92,dans le cas un,yes,no,fragment,,
au point de vue,4,163923,8425,16.92,au point de vue,yes,yes,,,
à ce que les,4,163502,8426,7.98,à ce que le,yes,no,fragment,,
d ' une part,4,163320,8427,,d ' un part,no,no,rare word,,
sur la table de,4,162891,8428,11.95,sur le table de,yes,no,fragment,,
la première fois de,4,162688,8429,13.37,le première fois de,yes,no,fragment,,
l' un d' entre eux,5,162530,8430,21.59,le un de entrer lui,yes,yes,,,
au sujet de la,4,162501,8431,11.5,au sujet de le,yes,no,fragment,,
pas l' intention de,4,162298,8432,13.47,pas le intention de,yes,no,fragment,,
à l ' heure,4,162027,8433,,à l ' heure,no,no,rare word,,
que l' on puisse,4,161925,8434,16.09,que le on pouvoir,yes,yes,,,
au milieu d' un,4,161339,8435,14.7,au milieu de un,yes,no,fragment,,
au milieu d' une,4,161105,8436,14.98,au milieu de un,yes,no,fragment,,
la mise en scène,4,161100,8437,18.72,le mise en scène,yes,yes,,,
par l' intermédiaire de,4,160890,8438,15.13,par le intermédiaire de,yes,no,fragment,,
avait du mal à,4,160867,8439,14.66,avoir du mal à,yes,no,fragment,,
à l' intérieur d',4,160754,8440,12.65,à le intérieur de,yes,no,fragment,,
il ne peut pas,4,160675,8441,12.65,il ne pouvoir pas,yes,yes,,,
à ce que l',4,160414,8442,7.89,à ce que le,yes,no,fragment,,
pour tout le monde,4,160242,8443,14.12,pour tout le monde,yes,yes,,,
sur la pointe des,4,160198,8444,15.69,sur le pointe un,yes,no,fragment,,
elle ne pouvait pas,4,160095,8445,15.97,lui ne pouvoir pas,yes,yes,,,
il avait l' air,4,159987,8446,14.44,il avoir le air,yes,yes,,,
il y a longtemps,4,159898,8447,17.33,il y avoir longtemps,yes,yes,,,
dans le même sens,4,159555,8448,14.75,dans le même sens,yes,yes,,,
je l' ai vu,4,159532,8449,16.45,je le avoir voir,yes,yes,,,
la pointe des pieds,4,159416,8450,20.89,le pointe un pied,yes,yes,,,
le temps de se,4,159030,8451,9.71,le temps de se,yes,no,fragment,,
à cause de l',4,158877,8452,10.31,à cause de le,yes,no,fragment,,
comme on l' a,4,158729,8453,12.35,comme on le avoir,yes,yes,,,
elle d' un ton,4,158445,8454,13.74,lui de un ton,yes,no,fragment,,
tout le monde est,4,158333,8455,13.6,tout le monde être,yes,yes,,,
à l ' époque,4,157927,8456,,à l ' époque,no,no,rare word,,
à un moment donné,4,157901,8457,17.73,à un moment donné,yes,yes,,,
que je ne l',4,157785,8458,9.38,que je ne le,yes,no,fragment,,
dans l' histoire de,4,157402,8459,10.63,dans le histoire de,yes,no,fragment,,
en fonction de l',4,157009,8460,11.27,en fonction de le,yes,no,fragment,,
ne l' est pas,4,156910,8461,9.33,ne le être pas,yes,yes,,,
le sens de l',4,156787,8462,9.32,le sens de le,yes,no,fragment,,
au début de l',4,156678,8463,12.3,au début de le,yes,no,fragment,,
à la différence de,4,156626,8464,11.12,à le différence de,yes,no,fragment,,
le fait que la,4,156613,8465,8.81,le faire que le,yes,no,fragment,,
le fait que le,4,156563,8466,9.23,le faire que le,yes,no,fragment,,
l' air d' un,4,156458,8467,12.25,le air de un,yes,no,fragment,,
l' espace d' un,4,156433,8468,13.18,le espace de un,yes,no,fragment,,
ne sont que des,4,156377,8469,11.33,ne être que un,yes,no,fragment,,
sur la pointe des pieds,5,156252,8470,28.44,sur le pointe un pied,yes,yes,,,
l' image de la,4,155988,8471,10.26,le image de le,yes,no,fragment,,
de l ' enfant,4,155976,8472,,de l ' enfant,no,no,fragment; rare word,,
que je vous ai,4,155735,8473,13.61,que je vous avoir,yes,yes,,,
coin de l' œil,4,155680,8474,18.7,coin de le œil,yes,yes,,,
je ne suis plus,4,155539,8475,15.06,je ne être plus,yes,yes,,,
d' une certaine façon,4,155525,8476,19.94,de un certain façon,yes,yes,,,
à propos de l',4,155478,8477,10.97,à propos de le,yes,no,fragment,,
il est nécessaire de,4,155324,8478,12.55,il être nécessaire de,yes,no,fragment,,
de la ville et,4,155264,8479,8.87,de le ville et,yes,no,fragment,,
à l' époque où,4,155160,8480,15.58,à le époque où,yes,yes,,,
à l' issue de,4,155087,8481,12.76,à le issue de,yes,no,fragment,,
tout au long du,4,155063,8482,17.14,tout au long du,yes,no,fragment,,
il en va de,4,155034,8483,10.29,il en aller de,yes,no,fragment,,
de la vie quotidienne,4,154891,8484,17.25,de le vie quotidien,yes,no,fragment,,
il est évident que,4,154557,8485,16.6,il être évident que,yes,no,fragment,,
les hommes et les,4,154241,8486,10.77,le homme et le,yes,no,fragment,,
du Code de la,4,154171,8487,,du Code de le,no,no,fragment; rare word,,
il y a donc,4,154079,8488,15.43,il y avoir donc,yes,yes,,,
de la loi de,4,154071,8489,8.22,de le loi de,yes,no,fragment,,
à la mort de,4,154034,8490,8.94,à le mort de,yes,no,fragment,,
est à l' origine,4,153781,8491,13.09,être à le origine,yes,yes,,,
à l' aide d' une,5,153757,8492,19.19,à le aide de un,yes,no,fragment,,
dans la salle de bains,5,153243,8493,26.11,dans le salle de bain,yes,yes,,,
l' autre bout de,4,152990,8494,14.6,le autre bout de,yes,no,fragment,,
dans le domaine des,4,152870,8495,14.03,dans le domaine un,yes,no,fragment,,
la recherche d' une,4,152800,8496,12.74,le recherche de un,yes,no,fragment,,
quelques années plus tard,4,152641,8497,23.71,quelque année plus tard,yes,yes,,,
la moitié de la,4,152541,8498,10.47,le moitié de le,yes,no,fragment,,
on peut dire que,4,152496,8499,16.81,on pouvoir dire que,yes,no,fragment,,
tout ce que nous,4,152490,8500,13.2,tout ce que nous,yes,yes,,,
d ' une voix,4,152279,8501,,d ' un voix,no,no,rare word,,
ouvert du mardi au samedi,5,152132,8502,37.64,ouvert du mardi au samedi,yes,yes,,,
depuis le début de,4,152075,8503,15.18,depuis le début de,yes,no,fragment,,
et d ' une,4,151941,8504,,et d ' un,no,no,fragment; rare word,,
plus d' une fois,4,151846,8505,13.14,plus de un fois,yes,yes,,,
la porte de l',4,151796,8506,8.86,le porte de le,yes,no,fragment,,
des hommes et des,4,151717,8507,11.52,un homme et un,yes,no,fragment,,
d ' autant plus,4,151714,8508,,d ' autant plus,no,no,rare word,,
partir du moment où,4,151565,8509,21.16,partir du moment où,yes,yes,,,
de l' un des,4,151231,8510,5.08,de le un un,yes,no,fragment,,
du coin de l',4,151199,8511,12.81,du coin de le,yes,no,fragment,,
tout de même pas,4,151151,8512,11.21,tout de même pas,yes,yes,,,
au XIX e siècle,4,151034,8513,,au XIX e siècle,no,no,rare word,,
ne veux pas que,4,151029,8514,15.32,ne vouloir pas que,yes,no,fragment,,
ne veut pas dire,4,150932,8515,19.5,ne vouloir pas dire,yes,yes,,,
l' intérieur de l',4,150890,8516,10.79,le intérieur de le,yes,no,fragment,,
ne vous inquiétez pas,4,150834,8517,,ne vous inquiéter pas,yes,no,,,
je ne l' avais,4,150771,8518,13.94,je ne le avoir,yes,yes,,,
à l ' égard,4,150681,8519,,à l ' égard,no,no,rare word,,
de tout le monde,4,150546,8520,11.32,de tout le monde,yes,no,fragment,,
de la façon dont,4,150367,8521,13.5,de le façon dont,yes,no,fragment; written style,,
la mesure où il,4,150340,8522,15.46,le mesure où il,yes,yes,,,
je sais que je,4,150256,8523,14.84,je savoir que je,yes,yes,,,
dans la région de,4,150182,8524,11.74,dans le région de,yes,no,fragment,,
à la fois la,4,150117,8525,8.46,à le fois le,yes,no,fragment,,
dans la mesure où il,5,149930,8526,22.27,dans le mesure où il,yes,yes,,,
le problème de la,4,149910,8527,10,le problème de le,yes,no,fragment,,
membres de la famille,4,149342,8528,16.2,membre de le famille,yes,yes,,,
dans le monde entier,4,149280,8529,19.26,dans le monde entier,yes,yes,,,
le jour de la,4,149225,8530,8.25,le jour de le,yes,no,fragment,,
la création d' une,4,149101,8531,13.46,le création de un,yes,no,fragment,,
de vue de la,4,149038,8532,8.04,de vue de le,yes,no,fragment,,
fait l' objet de,4,148782,8533,13.9,faire le objet de,yes,no,fragment,,
du coin de l' œil,5,148625,8534,25.36,du coin de le œil,yes,yes,,,
l' idée d' un,4,148596,8535,12.46,le idée de un,yes,no,fragment,,
entre les mains de,4,148473,8536,14.11,entrer le main de,yes,no,fragment,,
à la fois le,4,148330,8537,8.87,à le fois le,yes,no,fragment,,
ce que je suis,4,148104,8538,13.88,ce que je être,yes,yes,,,
chef de l' État,4,147935,8539,,chef de le État,no,no,rare word,,
et je l' ai,4,147827,8540,10.11,et je le avoir,yes,no,fragment,,
le chemin de la,4,147644,8541,9.98,le chemin de le,yes,no,fragment,,
où il y a,4,147617,8542,14.45,où il y avoir,yes,yes,,,
fait l' objet d' une,5,147447,8543,22.33,faire le objet de un,yes,no,fragment,,
bien sûr que non,4,146847,8544,19.64,bien sûr que non,yes,yes,,,
mais il y avait,4,146678,8545,13.96,mais il y avoir,yes,yes,,,
y a quelques années,4,146561,8546,20.45,y avoir quelque année,yes,yes,,,
ne parvenait pas à,4,146321,8547,18.57,ne parvenir pas à,no,no,fragment; rare word,,
chaque fois que je,4,146232,8548,17.37,chaque fois que je,yes,yes,,,
au cours des années,4,145987,8549,18.96,au cours un année,yes,yes,,,
mais je ne suis,4,145933,8550,15.3,mais je ne être,yes,yes,,,
le moins du monde,4,145844,8551,15.45,le moins du monde,yes,yes,,,
l' impression d' avoir,4,145803,8552,17.47,le impression de avoir,yes,yes,,,
à la demande de,4,145788,8553,9.4,à le demande de,yes,no,fragment,,
la plupart d' entre,4,145763,8554,16.26,le plupart de entrer,yes,yes,,,
ce que je sais,4,145372,8555,15,ce que je savoir,yes,yes,,,
du bout des doigts,4,145216,8556,20.84,du bout un doigt,yes,yes,,,
l' autre bout du,4,145065,8557,16.88,le autre bout du,yes,no,fragment,,
fin de l' année,4,144903,8558,15.99,fin de le année,yes,yes,,,
certains d' entre eux,4,144752,8559,21.04,certain de entrer lui,yes,yes,,,
je ne crois pas que,5,144707,8560,23.03,je ne croire pas que,yes,no,fragment,,
en ce qui concerne le,5,144693,8561,22.13,en ce qui concerner le,yes,no,fragment,,
était sur le point,4,144518,8562,14.58,être sur le point,yes,yes,,,
mais je ne peux,4,144495,8563,17.28,mais je ne pouvoir,yes,yes,,,
et tout le monde,4,144271,8564,12.34,et tout le monde,yes,no,fragment,,
le domaine de l',4,144181,8565,11.05,le domaine de le,yes,no,fragment,,
point de vue de la,5,143973,8566,18.82,point de vue de le,yes,no,fragment,,
à la vue de,4,143965,8567,9.25,à le vue de,yes,no,fragment,,
quelque chose de plus,4,143825,8568,16.32,quelque chose de plus,yes,yes,,,
en secouant la tête,4,143721,8569,21.13,en secouant le tête,no,no,rare word,,
que l' on se,4,143654,8570,10.3,que le on se,yes,no,fragment,,
de mettre en place,4,143518,8571,15.73,de mettre en place,yes,no,fragment,,
est l' une des,4,143443,8572,7.5,être le un un,yes,no,fragment,,
un ou l' autre,4,143436,8573,12.36,un ou le autre,yes,yes,,,
le tour de la,4,143353,8574,9.49,le tour de le,yes,no,fragment,,
je me demande si,4,143339,8575,18.91,je me demande si,yes,yes,,,
la fin de l' année,5,143236,8576,21.09,le fin de le année,yes,yes,,,
l' un ou l' autre,5,143111,8577,18.12,le un ou le autre,yes,yes,,,
que je veux dire,4,143110,8578,18.27,que je vouloir dire,yes,yes,,,
il y avait de,4,143025,8579,10.26,il y avoir de,yes,no,fragment,,
il est impossible de,4,142897,8580,12.74,il être impossible de,yes,no,fragment,,
sur la route de,4,142834,8581,11.9,sur le router de,yes,no,fragment,,
il y a trois,4,142744,8582,15.78,il y avoir trois,yes,yes,,,
sur le chemin de,4,142730,8583,12.39,sur le chemin de,yes,no,fragment,,
pour la première fois de,5,142665,8584,20.27,pour le première fois de,yes,no,fragment,,
tu veux que je,4,142606,8585,17.01,tu vouloir que je,yes,yes,,,
le nom de la,4,142474,8586,8.8,le nom de le,yes,no,fragment,,
comme si elle avait,4,142437,8587,15.16,comme si lui avoir,yes,yes,,,
que je ne peux,4,142421,8588,15.76,que je ne pouvoir,yes,yes,,,
à l' endroit où,4,142399,8589,16.07,à le endroit où,yes,yes,,,
le rôle de la,4,142367,8590,9.75,le rôle de le,yes,no,fragment,,
l' une de ces,4,142335,8591,8.26,le un de ce,yes,no,fragment,,
et de ne pas,4,142064,8592,6.67,et de ne pas,yes,no,fragment,,
est loin d' être,4,142058,8593,15.65,être loin de être,yes,yes,,,
le cas de l',4,141993,8594,8.81,le cas de le,yes,no,fragment,,
de l' état de,4,141944,8595,7.88,de le état de,yes,no,fragment,,
en va de même,4,141886,8596,12.59,en aller de même,yes,yes,,,
je ne voudrais pas,4,141871,8597,18.48,je ne vouloir pas,yes,yes,,,
dans l' esprit de,4,141799,8598,10.92,dans le esprit de,yes,no,fragment,,
sur le visage de,4,141734,8599,11.77,sur le visage de,yes,no,fragment,,
le président de la République,5,141615,8600,,le président de le République,no,no,rare word,,
autre bout de la,4,141432,8601,13.84,autre bout de le,yes,no,fragment,,
il y a quelques années,5,141295,8602,26.68,il y avoir quelque année,yes,yes,,,
pas ce que je,4,141134,8603,10.63,pas ce que je,yes,yes,,,
faire en sorte que,4,141116,8604,16.71,faire en sorte que,yes,no,fragment,,
par la loi du,4,141047,8605,13.59,par le loi du,yes,no,fragment,,
je vous l' ai,4,140922,8606,12.7,je vous le avoir,yes,yes,,,
un coup de pied,4,140905,8607,17.2,un coup de pied,yes,yes,,,
l' égard de la,4,140703,8608,11.04,le égard de le,yes,no,fragment,,
la suite d' une,4,140696,8609,12.2,le suite de un,yes,no,fragment,,
je ne veux plus,4,140664,8610,16.48,je ne vouloir plus,yes,yes,,,
la plupart des gens,4,140631,8611,18.37,le plupart un gens,yes,yes,,,
dans la vie de,4,140574,8612,8.76,dans le vie de,yes,no,fragment,,
ce ne serait pas,4,140552,8613,15.59,ce ne être pas,yes,yes,,,
dans un coin de,4,140430,8614,13.29,dans un coin de,yes,no,fragment,,
à l' abri des,4,140259,8615,14.71,à le abri un,yes,no,fragment,,
à l' intérieur des,4,140218,8616,12.39,à le intérieur un,yes,no,fragment,,
ne sais pas comment,4,140197,8617,19.29,ne savoir pas comment,yes,yes,,,
l' un des deux,4,140192,8618,9.87,le un un deux,yes,yes,,,
je suis sûre que,4,139850,8619,20.78,je être sûr que,yes,no,fragment,,
il ne fallait pas,4,139828,8620,15.91,il ne falloir pas,yes,yes,,,
ce que je veux dire,5,139510,8621,25.65,ce que je vouloir dire,yes,yes,,,
d' un signe de,4,139506,8622,12.18,de un signe de,yes,no,fragment,,
de la rue de,4,139352,8623,8.31,de le rue de,yes,no,fragment,,
l' ensemble de l',4,139318,8624,9.87,le ensemble de le,yes,no,fragment,,
l' un ou l',4,139038,8625,8.39,le un ou le,yes,no,fragment,,
la protection de la,4,138842,8626,10.28,le protection de le,yes,no,fragment,,
que ce ne soit,4,138766,8627,14.22,que ce ne être,yes,yes,,,
parce que je suis,4,138742,8628,17.53,parce que je être,yes,yes,,,
au plus profond de,4,138637,8629,16.02,au plus profond de,yes,no,fragment,,
la seconde moitié du,4,138038,8630,20.31,le seconde moitié du,yes,no,fragment,,
la place de l',4,137910,8631,8.58,le place de le,yes,no,fragment,,
d' un homme qui,4,137669,8632,12.08,de un homme qui,yes,yes,,,
à l' abri de,4,137263,8633,12.84,à le abri de,yes,no,fragment,,
au cours de laquelle,4,136973,8634,17.64,au cours de lequel,yes,no,written style,,
il y a le,4,136955,8635,10.49,il y avoir le,yes,no,fragment,,
ce qui concerne l',4,136878,8636,16.07,ce qui concerner le,yes,no,fragment,,
au cœur de l',4,136826,8637,11.28,au cœur de le,yes,no,fragment,,
pour ce qui est de,5,136664,8638,14.74,pour ce qui être de,yes,no,fragment,,
au début du chapitre,4,136663,8639,21.02,au début du chapitrer,yes,yes,,,
à la lumière de,4,136537,8640,9.9,à le lumière de,yes,no,fragment,,
ce que je vais,4,136504,8641,15.74,ce que je aller,yes,yes,,,
dans les rues de,4,136368,8642,13.55,dans le rue de,yes,no,fragment,,
il y a beaucoup,4,136264,8643,16.13,il y avoir beaucoup,yes,yes,,,
il y a encore,4,136076,8644,14.77,il y avoir encore,yes,yes,,,
il en va de même,5,135958,8645,18.81,il en aller de même,yes,yes,,,
la tête de la,4,135812,8646,7.67,le tête de le,yes,no,fragment,,
il y avait aussi,4,135762,8647,15.22,il y avoir aussi,yes,yes,,,
je ne sais pas comment,5,135748,8648,26.45,je ne savoir pas comment,yes,yes,,,
à l' égard de la,5,135620,8649,16.62,à le égard de le,yes,no,fragment,,
l' effet de la,4,135532,8650,8.77,le effet de le,yes,no,fragment,,
dans la maison de,4,135376,8651,9.97,dans le maison de,yes,no,fragment,,
ne pense pas que,4,135105,8652,15.94,ne penser pas que,yes,no,fragment,,
ce que je voulais,4,134997,8653,17.13,ce que je vouloir,yes,yes,,,
de la Cour de cassation,5,134934,8654,,de le Cour de cassation,no,no,fragment; rare word,,
de ce que vous,4,134895,8655,8.73,de ce que vous,yes,no,fragment,,
l ' idée de,4,134885,8656,,l ' idée de,no,no,fragment; rare word,,
sous l' effet de,4,134858,8657,13.67,sou le effet de,yes,no,fragment,,
sur le point d',4,134832,8658,12.53,sur le point de,yes,no,fragment,,
sur le bord de,4,134335,8659,12.78,sur le bord de,yes,no,fragment,,
en face de lui,4,134326,8660,12.79,en face de luire,yes,yes,,,
première fois que je,4,134326,8661,17.34,première fois que je,yes,yes,,,
la base de la,4,134077,8662,9.61,le base de le,yes,no,fragment,,
à partir des années,4,133894,8663,17.02,à partir un année,yes,yes,,,
eu l' occasion de,4,133857,8664,16.82,avoir le occasion de,yes,no,fragment,,
leva les yeux vers,4,133674,8665,22.45,lever le oeil vers,no,no,rare word,,
à l' occasion d',4,133672,8666,12.91,à le occasion de,yes,no,fragment,,
dans une sorte de,4,133431,8667,12.28,dans un sorte de,yes,no,fragment,,
les larmes aux yeux,4,133349,8668,21.11,le larme aux oeil,yes,yes,,,
la première fois que je,5,133089,8669,22.44,le première fois que je,yes,yes,,,
il est clair que,4,133060,8670,15.44,il être clair que,yes,no,fragment,,
de l ' année,4,133015,8671,,de l ' année,no,no,fragment; rare word,,
jeter un coup d',4,132985,8672,20.81,jeter un coup de,yes,no,fragment,,
dans une certaine mesure,4,132869,8673,20.89,dans un certain mesure,yes,yes,,,
ce que je vous,4,132855,8674,11.54,ce que je vous,yes,yes,,,
à côté de l',4,132663,8675,9.37,à côté de le,yes,no,fragment,,
que je ne me,4,132561,8676,12.16,que je ne me,yes,no,fragment,,
à l' état de,4,132521,8677,9.04,à le état de,yes,no,fragment,,
il ne savait pas,4,132475,8678,15.75,il ne savoir pas,yes,yes,,,
de la qualité de,4,132417,8679,8.87,de le qualité de,yes,no,fragment,,
droits de l' Homme,4,132342,8680,,droit de le Homme,no,no,rare word,,
la direction de la,4,132280,8681,9.45,le direction de le,yes,no,fragment,,
de la manière dont,4,132178,8682,13.45,de le manière dont,yes,no,fragment; written style,,
de l ' ordre,4,132073,8683,,de l ' ordre,no,no,fragment; rare word,,
dans le contexte de,4,132023,8684,12.44,dans le contexte de,yes,no,fragment,,
il y a quelque chose,5,131872,8685,26.74,il y avoir quelque chose,yes,yes,,,
elle secoua la tête,4,131854,8686,20.39,lui secoua le tête,no,no,rare word,,
la recherche de la,4,131760,8687,9.2,le recherche de le,yes,no,fragment,,
une partie de l',4,131722,8688,10.06,un partie de le,yes,no,fragment,,
je veux que tu,4,131653,8689,16.9,je vouloir que tu,yes,yes,,,
est de plus en,4,131637,8690,7.13,être de plus en,yes,no,fragment,,
le développement de l',4,131635,8691,10.19,le développement de le,yes,no,fragment,,
le chef de la,4,131584,8692,9.72,le chef de le,yes,no,fragment,,
procureur de la République,4,131260,8693,,procureur de le République,no,no,rare word,,
est de plus en plus,5,131083,8694,14.83,être de plus en plus,yes,yes,,,
à la base de,4,131062,8695,10.09,à le base de,yes,no,fragment,,
je ne me souviens,4,131041,8696,20.11,je ne me souvenir,yes,yes,,,
jeter un coup d' œil,5,130809,8697,33.36,jeter un coup de œil,yes,yes,,,
de la nature et,4,130794,8698,9.06,de le nature et,yes,no,fragment,,
la nature de la,4,130789,8699,8.72,le nature de le,yes,no,fragment,,
Retour au début du,4,130681,8700,,Retour au début du,no,no,fragment; rare word,,
Retour au début du chapitre,5,130663,8701,,Retour au début du chapitrer,no,no,rare word,,
midi et le soir,4,130611,8702,18.15,midi et le soir,yes,yes,,,
je me souviens de,4,130485,8703,17.12,je me souvenir de,yes,no,fragment,,
je te l' ai,4,130482,8704,15.23,je te le avoir,yes,yes,,,
la fin de sa,4,130421,8705,11.34,le fin de son,yes,no,fragment,,
en face de la,4,130290,8706,9.65,en face de le,yes,no,fragment,,
au cours de cette,4,130259,8707,14.27,au cours de ce,yes,no,fragment,,
ce que je ne,4,130176,8708,10.75,ce que je ne,yes,no,fragment,,
pour ne pas dire,4,130146,8709,14.1,pour ne pas dire,yes,yes,,,
de la société civile,4,130029,8710,17.67,de le société civil,yes,no,fragment,,
de l ' Union,4,129799,8711,,de l ' Union,no,no,fragment; rare word,,
ce ne sera pas,4,129771,8712,15.65,ce ne être pas,yes,yes,,,
il secoua la tête,4,129635,8713,19.31,il secoua le tête,no,no,rare word,,
à l' autre bout de,5,129632,8714,19.99,à le autre bout de,yes,no,fragment,,
la qualité de l',4,129571,8715,10.23,le qualité de le,yes,no,fragment,,
le rôle de l',4,129565,8716,10.26,le rôle de le,yes,no,fragment,,
la dernière fois que,4,129548,8717,16.39,le dernier fois que,yes,no,fragment,,
pour ne pas être,4,129526,8718,12.54,pour ne pas être,yes,yes,,,
il y a peu,4,129519,8719,14.84,il y avoir peu,yes,yes,,,
à l' idée que,4,129439,8720,11.89,à le idée que,yes,no,fragment,,
l' autre bout de la,5,129302,8721,19.47,le autre bout de le,yes,no,fragment,,
européenne des droits de,4,129246,8722,18.96,européen un droit de,yes,no,fragment,,
à l' ensemble des,4,129102,8723,11.47,à le ensemble un,yes,no,fragment,,
elles ne sont pas,4,129087,8724,15.93,lui ne être pas,yes,yes,,,
et la mise en,4,129035,8725,11.09,et le mise en,yes,no,fragment,,
mise en œuvre des,4,128954,8726,18.74,mise en œuvre un,yes,no,fragment,,
quelques instants plus tard,4,128837,8727,26.8,quelque instant plus tard,yes,yes,,,
la façon dont il,4,128658,8728,15.19,le façon dont il,yes,no,written style,,
je ne veux pas que,5,128652,8729,22.29,je ne vouloir pas que,yes,no,fragment,,
la vie de l',4,128635,8730,7.58,le vie de le,yes,no,fragment,,
il y a la,4,128565,8731,9.98,il y avoir le,yes,no,fragment,,
fin de la guerre,4,128502,8732,14.76,fin de le guerre,yes,yes,,,
en vue de la,4,128468,8733,9.65,en vue de le,yes,no,fragment,,
à mettre en œuvre,4,128446,8734,17.84,à mettre en œuvre,yes,yes,,,
un ni l' autre,4,128340,8735,14.86,un ni le autre,yes,yes,,,
l' un ni l',4,128316,8736,10.94,le un ni le,yes,no,fragment,,
que l' on pourrait,4,128163,8737,14.8,que le on pouvoir,yes,yes,,,
l' un ni l' autre,5,128151,8738,20.62,le un ni le autre,yes,yes,,,
ni l' un ni,4,128043,8739,16.09,ni le un ni,yes,yes,,,
un grand nombre d',4,127894,8740,17.17,un grand nombre de,yes,no,fragment,,
la nature de l',4,127799,8741,9.33,le nature de le,yes,no,fragment,,
dans l' espoir de,4,127779,8742,12.94,dans le espoir de,yes,no,fragment,,
de l' Université de,4,127761,8743,,de le Université de,no,no,fragment; rare word,,
à l' entrée du,4,127750,8744,12.89,à le entrée du,yes,no,fragment,,
la qualité de la,4,127663,8745,9.57,le qualité de le,yes,no,fragment,,
à la suite d' une,5,127619,8746,17.69,à le suite de un,yes,no,fragment,,
ni l' un ni l',5,127619,8747,21.84,ni le un ni le,yes,no,fragment,,
et d ' un,4,127554,8748,,et d ' un,no,no,fragment; rare word,,
je suis en train,4,127502,8749,18.54,je être en train,yes,yes,,,
à l' autre bout du,5,127442,8750,22.32,à le autre bout du,yes,no,fragment,,
tu ne vas pas,4,127394,8751,19.45,tu ne aller pas,yes,yes,,,
avec l' aide de,4,127392,8752,12.91,avec le aide de,yes,no,fragment,,
à l ' aide,4,127068,8753,,à l ' aide,no,no,rare word,,
où l' on peut,4,126989,8754,14.86,où le on pouvoir,yes,yes,,,
je ne pense pas que,5,126948,8755,23.05,je ne penser pas que,yes,no,fragment,,
Emploi projeté au Canada,4,126895,8756,,Emploi projeté au Canada,no,no,rare word,,
sous la forme d' un,5,126884,8757,21.53,sou le forme de un,yes,no,fragment,,
la théorie de l',4,126810,8758,10.94,le théorie de le,yes,no,fragment,,
l' occasion de la,4,126591,8759,10.42,le occasion de le,yes,no,fragment,,
de l' État et,4,126580,8760,,de le État et,no,no,fragment; rare word,,
l' étude de la,4,126467,8761,10.47,le étude de le,yes,no,fragment,,
à travers le monde,4,126420,8762,16.02,à travers le monde,yes,yes,,,
le midi et le,4,126364,8763,11.7,le midi et le,yes,no,fragment,,
pas eu le temps de,5,126234,8764,20.48,pas avoir le temps de,yes,no,fragment,,
l' on ne peut,4,126229,8765,12.82,le on ne pouvoir,yes,yes,,,
la fin de la guerre,5,126058,8766,19.85,le fin de le guerre,yes,yes,,,
en faveur de l',4,125969,8767,12.49,en faveur de le,yes,no,fragment,,
de l' eau et,4,125897,8768,9.36,de le eau et,yes,no,fragment,,
de telle sorte que,4,125858,8769,17.59,de tel sorte que,yes,no,fragment,,
Emploi projeté au Canada en,5,125779,8770,,Emploi projeté au Canada en,no,no,fragment; rare word,,
de ce que l' on,5,125692,8771,14.43,de ce que le on,yes,no,fragment,,
le midi et le soir,5,125594,8772,23.63,le midi et le soir,yes,yes,,,
l ' absence de,4,125577,8773,,l ' absence de,no,no,fragment; rare word,,
de la présence de,4,125521,8774,8.44,de le présence de,yes,no,fragment,,
à la recherche d' un,5,125512,8775,17.8,à le recherche de un,yes,no,fragment,,
à la sortie de,4,125503,8776,10.93,à le sortie de,yes,no,fragment,,
à l' origine de la,5,125420,8777,15.71,à le origine de le,yes,no,fragment,,
la Cour de justice,4,125299,8778,,le Cour de justice,no,no,rare word,,
au moment où elle,4,125225,8779,17.27,au moment où lui,yes,yes,,,
de la Seconde Guerre,4,125179,8780,,de le Seconde Guerre,no,no,fragment; rare word,,
d' une sorte de,4,125135,8781,11.64,de un sorte de,yes,no,fragment,,
je me dis que,4,125046,8782,17.06,je me dire que,yes,no,fragment,,
ne suis pas un,4,125012,8783,13.21,ne être pas un,yes,no,fragment,,
je sais ce que,4,124990,8784,14.78,je savoir ce que,yes,no,fragment,,
il est temps de,4,124921,8785,9.24,il être temps de,yes,no,fragment,,
la protection de l',4,124794,8786,10.77,le protection de le,yes,no,fragment,,
elle se tourna vers,4,124768,8787,21.23,lui se tourner vers,no,no,rare word,,
sur la base d',4,124744,8788,13.86,sur le base de,yes,no,fragment,,
d' huile d' olive,4,124650,8789,25.08,de huile de olive,yes,yes,,,
la main sur le,4,124618,8790,11.38,le main sur le,yes,no,fragment,,
le chef de l',4,124568,8791,10.29,le chef de le,yes,no,fragment,,
à la suite de la,5,124555,8792,14.32,à le suite de le,yes,no,fragment,,
à tous ceux qui,4,124470,8793,15.63,à tout celui qui,yes,yes,,,
l' ordre du jour,4,124404,8794,17.41,le ordre du jour,yes,yes,,,
en se tournant vers,4,124343,8795,20.82,en se tournant vers,yes,yes,,,
d' une manière générale,4,124321,8796,19.79,de un manière générale,yes,yes,,,
de la part d',4,124180,8797,9.08,de le part de,yes,no,fragment,,
à partir du moment,4,124160,8798,17.11,à partir du moment,yes,yes,,,
dans la salle à,4,124128,8799,12.23,dans le salle à,yes,no,fragment,,
compte tenu de la,4,124124,8800,16.9,compte tenu de le,yes,no,fragment,,
ne tarda pas à,4,124000,8801,,ne tarda pas à,no,no,fragment; rare word,,
l' heure de la,4,123985,8802,9.29,le heure de le,yes,no,fragment,,
dans le domaine de l',5,123935,8803,17.65,dans le domaine de le,yes,no,fragment,,
si l' on peut,4,123800,8804,14.11,si le on pouvoir,yes,yes,,,
le long de son,4,123780,8805,11.79,le long de son,yes,no,fragment,,
dans le cas contraire,4,123714,8806,18.05,dans le cas contraire,yes,yes,,,
de la propriété intellectuelle,4,123691,8807,20.44,de le propriété intellectuel,yes,no,fragment,,
le bord de la,4,123620,8808,10.19,le bord de le,yes,no,fragment,,
l' application de la,4,123596,8809,10.74,le application de le,yes,no,fragment,,
ça ne va pas,4,123556,8810,17.66,ça ne aller pas,yes,yes,,,
je ne suis pas un,5,123543,8811,20.4,je ne être pas un,yes,no,fragment,,
sais pas ce que,4,123531,8812,14.67,savoir pas ce que,yes,no,fragment,,
mais je ne suis pas,5,123343,8813,22.17,mais je ne être pas,yes,yes,,,
l ' un de,4,123232,8814,,l ' un de,no,no,fragment; rare word,,
ce que vous faites,4,123121,8815,17.19,ce que vous faire,yes,yes,,,
pour cette raison que,4,123056,8816,15.89,pour ce raison que,yes,no,fragment,,
le début de l',4,122952,8817,10.09,le début de le,yes,no,fragment,,
de la tête aux,4,122699,8818,11.25,de le tête aux,yes,no,fragment,,
l' objet de la,4,122690,8819,9.64,le objet de le,yes,no,fragment,,
au long de l',4,122582,8820,11.66,au long de le,yes,no,fragment,,
la fin du mois,4,122556,8821,17.09,le fin du mois,yes,yes,,,
qui ne va pas,4,122403,8822,14.53,qui ne aller pas,yes,yes,,,
que l' on trouve,4,122268,8823,14.57,que le on trouver,yes,yes,,,
la seule chose qui,4,122073,8824,16.71,le seul chose qui,yes,yes,,,
et que je ne,4,121974,8825,8.71,et que je ne,yes,no,fragment,,
projeté au Canada en,4,121854,8826,,projeté au Canada en,no,no,fragment; rare word,,
plus de la moitié,4,121818,8827,12.74,plus de le moitié,yes,yes,,,
application de l' article,4,121813,8828,17.72,application de le article,yes,yes,,,
du fait de l',4,121708,8829,8.12,du faire de le,yes,no,fragment,,
de mise en œuvre,4,121637,8830,16.82,de mise en œuvre,yes,no,fragment,,
je l' ai fait,4,121594,8831,13.47,je le avoir faire,yes,yes,,,
prise en compte de,4,121426,8832,16.71,prise en compte de,yes,no,fragment,,
les uns aux autres,4,121235,8833,20.33,le un aux autre,yes,yes,,,
la tête aux pieds,4,121150,8834,19.65,le tête aux pied,yes,yes,,,
le respect de la,4,121079,8835,10.71,le respect de le,yes,no,fragment,,
la suite de l',4,121030,8836,9.3,le suite de le,yes,no,fragment,,
la tête de l',4,121030,8837,8.15,le tête de le,yes,no,fragment,,
dessus de sa tête,4,120934,8838,17.57,dessus de son tête,yes,yes,,,
la prise de conscience,4,120908,8839,16.78,le prise de conscience,yes,yes,,,
à l' université de,4,120810,8840,11.31,à le université de,yes,no,fragment,,
un coup de main,4,120808,8841,15.3,un coup de main,yes,yes,,,
dans un contexte de,4,120727,8842,13.04,dans un contexte de,yes,no,fragment,,
il est possible d',4,120716,8843,13.09,il être possible de,yes,no,fragment,,
de tout ce que,4,120469,8844,8.99,de tout ce que,yes,no,fragment,,
à partir du moment où,5,120461,8845,26.46,à partir du moment où,yes,yes,,,
les droits de l',4,120458,8846,10.64,le droit de le,yes,no,fragment,,
que je ne le,4,120335,8847,8.77,que je ne le,yes,no,fragment,,
de même que les,4,120183,8848,7.59,de même que le,yes,no,fragment,,
pour la dernière fois,4,120173,8849,16.84,pour le dernier fois,yes,yes,,,
je ne pensais pas,4,120113,8850,18.49,je ne penser pas,yes,yes,,,
d' une partie de,4,119809,8851,10.43,de un partie de,yes,no,fragment,,
a du mal à,4,119680,8852,13.36,avoir du mal à,yes,no,fragment,,
sont de plus en,4,119642,8853,9.11,être de plus en,yes,no,fragment,,
que tu as fait,4,119463,8854,18.13,que tu avoir faire,yes,yes,,,
de la tête aux pieds,5,119435,8855,24,de le tête aux pied,yes,no,fragment,,
de la Seconde Guerre mondiale,5,119366,8856,,de le Seconde Guerre mondial,no,no,fragment; rare word,,
y a de plus,4,119351,8857,10.55,y avoir de plus,yes,yes,,,
l' idée de la,4,119161,8858,9.09,le idée de le,yes,no,fragment,,
ce qui est en,4,119150,8859,9.28,ce qui être en,yes,no,fragment,,
sont de plus en plus,5,119123,8860,16.81,être de plus en plus,yes,yes,,,
de l ' art,4,119046,8861,,de l ' art,no,no,fragment; rare word,,
du XVII e siècle,4,119028,8862,,du XVII e siècle,no,no,rare word,,
à l' extérieur de,4,119021,8863,11.53,à le extérieur de,yes,no,fragment,,
l' ombre d' un,4,118855,8864,13.99,le ombre de un,yes,no,fragment,,
une fois pour toutes,4,118590,8865,16.57,un fois pour tout,yes,yes,,,
de l ' auteur,4,118563,8866,,de l ' auteur,no,no,fragment; rare word,,
il est possible que,4,118536,8867,13.33,il être possible que,yes,no,fragment,,
des membres de la,4,118515,8868,10.43,un membre de le,yes,no,fragment,,
dans la salle à manger,5,118472,8869,25.64,dans le salle à manger,yes,yes,,,
projeté au Canada en liaison,5,118232,8870,,projeté au Canada en liaison,no,no,rare word,,
le contrôle de la,4,118221,8871,10.04,le contrôler de le,yes,no,fragment,,
comme nous l' avons vu,5,118183,8872,27.63,comme nous le avoir voir,yes,yes,,,
à tout ce qui,4,118161,8873,10.65,à tout ce qui,yes,yes,,,
le plus grand nombre,4,118092,8874,17.77,le plus grand nombre,yes,yes,,,
contrairement à ce que,4,118030,8875,16.18,contrairement à ce que,yes,no,fragment,,
de la fin de,4,118018,8876,7.31,de le fin de,yes,no,fragment,,
espace d' un instant,4,117976,8877,19.24,espace de un instant,yes,yes,,,
l' espace d' un instant,5,117935,8878,25,le espace de un instant,yes,yes,,,
mais en même temps,4,117926,8879,14.86,mais en même temps,yes,yes,,,
à quel point il,4,117883,8880,16.86,à quel point il,yes,yes,,,
ne sais pas ce que,5,117875,8881,21.96,ne savoir pas ce que,yes,no,fragment,,
ne l' avait jamais,4,117854,8882,14.05,ne le avoir jamais,yes,yes,,,
au sommet de la,4,117720,8883,13.41,au sommet de le,yes,no,fragment,,
ministre de l' Intérieur,4,117653,8884,,ministre de le Intérieur,no,no,rare word,,
un après l' autre,4,117610,8885,13.68,un après le autre,yes,yes,,,
en place d' un,4,117584,8886,11.83,en place de un,yes,no,fragment,,
il y a du,4,117534,8887,11.46,il y avoir du,yes,no,fragment,,
tout au long de l',5,117369,8888,20.14,tout au long de le,yes,no,fragment,,
la lutte contre la,4,117306,8889,16.66,le lutte contre le,yes,no,fragment,,
que nous venons de,4,117302,8890,17.28,que nous venir de,yes,no,fragment,,
milieu de la nuit,4,117168,8891,15.41,milieu de le nuit,yes,yes,,,
l' un après l',4,117141,8892,9.75,le un après le,yes,no,fragment,,
et il y avait,4,117092,8893,11.06,et il y avoir,yes,no,fragment,,
l' égard de l',4,117062,8894,11.42,le égard de le,yes,no,fragment,,
comme si elle était,4,117039,8895,14.69,comme si lui être,yes,yes,,,
tout le monde a,4,117037,8896,14.11,tout le monde avoir,yes,yes,,,
l' un après l' autre,5,116961,8897,19.43,le un après le autre,yes,yes,,,
les uns et les,4,116952,8898,12.83,le un et le,yes,no,fragment,,
d' une manière ou,4,116946,8899,14.89,de un manière ou,yes,no,fragment,,
de l' endroit où,4,116932,8900,14.53,de le endroit où,yes,no,fragment,,
de la guerre de,4,116722,8901,7.66,de le guerre de,yes,no,fragment,,
le monde de la,4,116662,8902,7.53,le monde de le,yes,no,fragment,,
de pommes de terre,4,116645,8903,17.74,de pomme de terrer,yes,no,fragment,,
uns et les autres,4,116526,8904,16.88,un et le autre,yes,yes,,,
à chaque fois que,4,116482,8905,15.47,à chaque fois que,yes,no,fragment,,
au coin de la,4,116338,8906,12.46,au coin de le,yes,no,fragment,,
les uns et les autres,5,116318,8907,22.71,le un et le autre,yes,yes,,,
tu ne sais pas,4,116243,8908,17.03,tu ne savoir pas,yes,yes,,,
à la fois un,4,116164,8909,9.24,à le fois un,yes,no,fragment,,
le nom de l',4,116141,8910,9.15,le nom de le,yes,no,fragment,,
pas la première fois,4,116126,8911,15.62,pas le première fois,yes,yes,,,
il y a dans,4,116058,8912,11.53,il y avoir dans,yes,no,fragment,,
ce qui est arrivé,4,115985,8913,16.53,ce qui être arrivé,yes,yes,,,
de tous les jours,4,115827,8914,13.34,de tout le jour,yes,no,fragment,,
la lumière de la,4,115807,8915,9.15,le lumière de le,yes,no,fragment,,
me suis dit que,4,115799,8916,17.33,me être dire que,yes,no,fragment,,
à l ' origine,4,115779,8917,,à l ' origine,no,no,rare word,,
à la liste des,4,115749,8918,12.54,à le liste un,yes,no,fragment,,
l ' occasion de,4,115709,8919,,l ' occasion de,no,no,fragment; rare word,,
mise en place d' un,5,115648,8920,23.89,mise en place de un,yes,no,fragment,,
la peine de mort,4,115613,8921,14.91,le peiner de mort,yes,yes,,,
si l' on ne,4,115590,8922,12.02,si le on ne,yes,no,fragment,,
la surface de la,4,115559,8923,10.56,le surface de le,yes,no,fragment,,
dans le champ de,4,115556,8924,11.93,dans le champ de,yes,no,fragment,,
une bonne partie de,4,115496,8925,15.81,un bon partie de,yes,no,fragment,,
d' après ce que,4,115476,8926,12.15,de après ce que,yes,no,fragment,,
il y a les,4,115371,8927,10.53,il y avoir le,yes,no,fragment,,
de ne pas le,4,115361,8928,6.46,de ne pas le,yes,no,fragment,,
le plus vite possible,4,115319,8929,19.47,le plus vite possible,yes,yes,,,
au nom de l',4,115270,8930,11,au nom de le,yes,no,fragment,,
à l' écart de,4,115257,8931,12.39,à le écart de,yes,no,fragment,,
au moment où le,4,115210,8932,15.35,au moment où le,yes,no,fragment,,
le seuil de la,4,115090,8933,11.11,le seuil de le,yes,no,fragment,,
au moment même où,4,114870,8934,18.52,au moment même où,yes,yes,,,
dans l' un des,4,114836,8935,7.13,dans le un un,yes,no,fragment,,
je me suis dit que,5,114817,8936,24.52,je me être dire que,yes,no,fragment,,
une manière ou d',4,114793,8937,14.87,un manière ou de,yes,no,fragment,,
le fait que l',4,114770,8938,9.01,le faire que le,yes,no,fragment,,
d' une manière ou d',5,114764,8939,21.14,de un manière ou de,yes,no,fragment,,
je ne dis pas,4,114609,8940,16.08,je ne dire pas,yes,yes,,,
l' effet d' une,4,114581,8941,11.86,le effet de un,yes,no,fragment,,
l ' objet d,4,114567,8942,,l ' objet d,no,no,rare word,,
à ce que le,4,114539,8943,7.18,à ce que le,yes,no,fragment,,
manière ou d' une,4,114535,8944,14.86,manière ou de un,yes,no,fragment,,
une manière ou d' une,5,114244,8945,21.41,un manière ou de un,yes,no,fragment,,
manière ou d' une autre,5,114222,8946,24.54,manière ou de un autre,yes,yes,,,
à l' heure actuelle,4,113998,8947,20.03,à le heure actuel,yes,yes,,,
à l' égard de l',5,113550,8948,17,à le égard de le,yes,no,fragment,,
était sur le point de,5,113012,8949,18.59,être sur le point de,yes,no,fragment,,
en ce qui concerne l',5,112741,8950,21.99,en ce qui concerner le,yes,no,fragment,,
d' un signe de tête,5,111695,8951,22.61,de un signe de tête,yes,yes,,,
je ne sais pas pourquoi,5,111447,8952,26.32,je ne savoir pas pourquoi,yes,yes,,,
dans la mesure où elle,5,110978,8953,22.9,dans le mesure où lui,yes,yes,,,
en liaison avec les marchandises,5,110698,8954,32.75,en liaison avec le marchandise,yes,yes,,,
je suis en train de,5,110615,8955,22.71,je être en train de,yes,no,fragment,,
européenne des droits de l',5,110412,8956,24.49,européen un droit de le,yes,no,fragment,,
sous la forme d' une,5,110196,8957,21.61,sou le forme de un,yes,no,fragment,,
dans la plupart des cas,5,109962,8958,23.75,dans le plupart un cas,yes,yes,,,
en tout état de cause,5,108887,8959,24.1,en tout état de cause,yes,yes,,,
l' une ou l' autre,5,108314,8960,18,le un ou le autre,yes,yes,,,
de la salle de bains,5,107518,8961,23.16,de le salle de bain,yes,no,fragment,,
droits de l' homme et,5,107360,8962,20.35,droit de le homme et,yes,no,fragment,,
la mise en œuvre des,5,107020,8963,23.59,le mise en œuvre un,yes,no,fragment,,
des hommes et des femmes,5,106283,8964,22.78,un homme et un femme,yes,yes,,,
à l' intérieur de l',5,105547,8965,15.9,à le intérieur de le,yes,no,fragment,,
ce que l' on appelle,5,105134,8966,22.78,ce que le on appeler,yes,yes,,,
l' une et l' autre,5,104600,8967,15.15,le un et le autre,yes,yes,,,
ce que l ' on,5,104079,8968,,ce que l ' on,no,no,rare word,,
les hommes et les femmes,5,104037,8969,21.97,le homme et le femme,yes,yes,,,
la porte de la chambre,5,103522,8970,19.55,le porte de le chambre,yes,yes,,,
dans le cas de la,5,103268,8971,14.52,dans le cas de le,yes,no,fragment,,
faire l' objet d' une,5,103157,8972,22.08,faire le objet de un,yes,no,fragment,,
point de vue de l',5,102835,8973,18.98,point de vue de le,yes,no,fragment,,
fur et à mesure de,5,102609,8974,25.25,fur et à mesure de,yes,no,fragment,,
avec un peu de chance,5,102548,8975,23.88,avec un peu de chance,yes,yes,,,
projeté au CANADA en liaison,5,102208,8976,,projeté au CANADA en liaison,no,no,rare word,,
au CANADA en liaison avec,5,102131,8977,,au CANADA en liaison avec,no,no,fragment; rare word,,
Emploi projeté au CANADA en,5,102130,8978,,Emploi projeté au CANADA en,no,no,fragment; rare word,,
mise en œuvre de la,5,102014,8979,21.68,mise en œuvre de le,yes,no,fragment,,
CANADA en liaison avec les,5,101659,8980,,CANADA en liaison avec le,no,no,fragment; rare word,,
je ne l' ai jamais,5,100975,8981,21.87,je ne le avoir jamais,yes,yes,,,
ce qui se passe dans,5,100668,8982,22.84,ce qui se passe dans,yes,no,fragment,,
ce ne sont pas les,5,99974,8983,18.28,ce ne être pas le,yes,no,fragment,,
Table des matières du titre,5,99762,8984,,Table un matière du titre,no,no,rare word,,
je ne me suis pas,5,99286,8985,22.61,je ne me être pas,yes,yes,,,
des uns et des autres,5,99244,8986,23.26,un un et un autre,yes,yes,,,
à l' occasion de la,5,98795,8987,15.69,à le occasion de le,yes,no,fragment,,
de la mise en œuvre,5,98437,8988,21.63,de le mise en œuvre,yes,no,fragment,,
il y a plus de,5,98155,8989,16.55,il y avoir plus de,yes,no,fragment,,
part et d' autre de,5,97695,8990,18.76,part et de autre de,yes,no,fragment,,
à l' entrée de la,5,97192,8991,15.26,à le entrée de le,yes,no,fragment,,
l' un contre l' autre,5,97073,8992,19.88,le un contre le autre,yes,yes,,,
mais je ne peux pas,5,97009,8993,23.81,mais je ne pouvoir pas,yes,yes,,,
Retour à la liste des,5,96989,8994,,Retour à le liste un,no,no,fragment; rare word,,
la fin du XIX e,5,96531,8995,,le fin du XIX e,no,no,rare word,,
les uns après les autres,5,95883,8996,26.83,le un après le autre,yes,yes,,,
des titres Table des matières,5,95082,8997,,un titre Table un matière,no,no,rare word,,
droits de l ' homme,5,94906,8998,,droit de l ' homme,no,no,rare word,,
de l ' autre côté,5,93630,8999,,de l ' autre côté,no,no,fragment; rare word,,
à ce que l' on,5,93500,9000,15.26,à ce que le on,yes,yes,,,
l' une de l' autre,5,93473,9001,13.91,le un de le autre,yes,yes,,,
la plus grande partie de,5,93348,9002,21.18,le plus grand partie de,yes,no,fragment,,
Liste des titres Table des,5,93005,9003,,Liste un titre Table un,no,no,fragment; rare word,,
fin du XIX e siècle,5,91937,9004,,fin du XIX e siècle,no,no,rare word,,
la tombée de la nuit,5,91845,9005,23.13,le tombée de le nuit,yes,yes,,,
dans la mesure où les,5,91048,9006,21.1,dans le mesure où le,yes,no,fragment,,
à la recherche d' une,5,90499,9007,17.62,à le recherche de un,yes,no,fragment,,
à la suite d' un,5,90307,9008,16.9,à le suite de un,yes,no,fragment,,
mise en place d' une,5,90255,9009,23.81,mise en place de un,yes,no,fragment,,
il y a beaucoup de,5,90013,9010,19.91,il y avoir beaucoup de,yes,no,fragment,,
ce que tu as fait,5,89992,9011,25.12,ce que tu avoir faire,yes,yes,,,
ce ne sont pas des,5,89915,9012,18.51,ce ne être pas un,yes,no,fragment,,
l' un pour l' autre,5,89727,9013,16.28,le un pour le autre,yes,yes,,,
sur le bord de la,5,89419,9014,17.31,sur le bord de le,yes,no,fragment,,
code de la propriété intellectuelle,5,88720,9015,33.04,code de le propriété intellectuel,yes,yes,,,
de la même manière que,5,88081,9016,18.15,de le même manière que,yes,no,fragment,,
je lui ai dit que,5,88030,9017,22.53,je luire avoir dire que,yes,no,fragment,,
un jour ou l' autre,5,87557,9018,22.42,un jour ou le autre,yes,yes,,,
je vous l' ai dit,5,86524,9019,21.62,je vous le avoir dire,yes,yes,,,
de ce qui se passe,5,86262,9020,20.17,de ce qui se passe,yes,no,fragment,,
ce qui ne va pas,5,86195,9021,21.43,ce qui ne aller pas,yes,yes,,,
la question de savoir si,5,85332,9022,22.63,le question de savoir si,yes,yes,,,
la prise en compte de,5,85091,9023,21.31,le prise en compte de,yes,no,fragment,,
pour la première fois en,5,85070,9024,21.34,pour le première fois en,yes,no,fragment,,
d' un bout à l',5,85065,9025,17.85,de un bout à le,yes,no,fragment,,
fait l' objet d' un,5,85051,9026,21.25,faire le objet de un,yes,no,fragment,,
un bout à l' autre,5,84970,9027,21.27,un bout à le autre,yes,yes,,,
est à l' origine de,5,84957,9028,16.61,être à le origine de,yes,no,fragment,,
du mardi au vendredi de,5,84221,9029,29.03,du mardi au vendredi de,yes,no,fragment,,
de la part de l',5,84186,9030,12.38,de le part de le,yes,no,fragment,,
leva les yeux au ciel,5,83825,9031,31.55,lever le oeil au ciel,no,no,rare word,,
je ne suis pas sûr,5,83453,9032,25.66,je ne être pas sûr,yes,yes,,,
dans le cas d' une,5,83232,9033,17.54,dans le cas de un,yes,no,fragment,,
à l' ordre du jour,5,83196,9034,22.46,à le ordre du jour,yes,yes,,,
un geste de la main,5,83183,9035,21.72,un geste de le main,yes,yes,,,
titres Table des matières du,5,82665,9036,,titre Table un matière du,no,no,fragment; rare word,,
les droits de l' homme,5,82476,9037,20.34,le droit de le homme,yes,yes,,,
dans la mesure où la,5,82138,9038,20.24,dans le mesure où le,yes,no,fragment,,
sur le plan de la,5,82125,9039,16.39,sur le plan de le,yes,no,fragment,,
jette un coup d' œil,5,81421,9040,33.28,jeter un coup de œil,yes,yes,,,
début du XX e siècle,5,81188,9041,,début du XX e siècle,no,no,rare word,,
gaz à effet de serre,5,80857,9042,32.67,gaz à effet de serre,yes,yes,,,
d' une façon ou d',5,80811,9043,20.49,de un façon ou de,yes,no,fragment,,
à la mise en œuvre,5,80709,9044,22.6,à le mise en œuvre,yes,yes,,,
une façon ou d' une,5,80475,9045,20.77,un façon ou de un,yes,no,fragment,,
façon ou d' une autre,5,80454,9046,23.9,façon ou de un autre,yes,yes,,,
à droite et à gauche,5,79344,9047,23.81,à droite et à gauche,yes,yes,,,
la plupart d' entre eux,5,79250,9048,26.48,le plupart de entrer lui,yes,yes,,,
l' une à l' autre,5,79194,9049,14.92,le un à le autre,yes,yes,,,
dans la mesure où le,5,79173,9050,20.61,dans le mesure où le,yes,no,fragment,,
de l' histoire de la,5,78912,9051,12.3,de le histoire de le,yes,no,fragment,,
à l' intérieur d' un,5,78902,9052,17.88,à le intérieur de un,yes,no,fragment,,
dans un coin de la,5,78827,9053,17.58,dans un coin de le,yes,no,fragment,,
de la même façon que,5,78824,9054,17.85,de le même façon que,yes,no,fragment,,
à la mise en place,5,78427,9055,21.54,à le mise en place,yes,yes,,,
à la porte de la,5,78096,9056,12.89,à le porte de le,yes,no,fragment,,
de plus en plus souvent,5,77832,9057,18.74,de plus en plus souvent,yes,no,fragment,,
d' autre choix que de,5,77812,9058,20.77,de autre choix que de,yes,no,fragment,,
du président de la République,5,77645,9059,,du président de le République,no,no,rare word,,
le pas de la porte,5,77497,9060,14.78,le pas de le porte,yes,yes,,,
au milieu de la nuit,5,77372,9061,22.21,au milieu de le nuit,yes,yes,,,
d' un certain nombre de,5,77364,9062,22.9,de un certain nombre de,yes,no,fragment,,
sur le champ de bataille,5,77263,9063,26.19,sur le champ de bataille,yes,yes,,,
comme on l' a vu,5,77197,9064,23,comme on le avoir voir,yes,yes,,,
sur le chemin du retour,5,77066,9065,26.13,sur le chemin du retour,yes,yes,,,
pas le moins du monde,5,77023,9066,21.64,pas le moins du monde,yes,yes,,,
que je ne peux pas,5,76957,9067,21.98,que je ne pouvoir pas,yes,yes,,,
sur le marché du travail,5,76811,9068,24.95,sur le marché du travail,yes,yes,,,
il ne faut pas oublier,5,76718,9069,26.81,il ne falloir pas oublier,yes,yes,,,
sous l' effet de la,5,76504,9070,17.96,sou le effet de le,yes,no,fragment,,
pour la première fois dans,5,76218,9071,21.81,pour le première fois dans,yes,no,fragment,,
je ne savais pas que,5,76058,9072,23.58,je ne savoir pas que,yes,no,fragment,,
dans le sens de la,5,76048,9073,14.45,dans le sens de le,yes,no,fragment,,
la mise en œuvre du,5,76033,9074,23.61,le mise en œuvre du,yes,no,fragment,,
et se dirigea vers la,5,75580,9075,24.99,et se dirigea vers le,no,no,fragment; rare word,,
de quoi que ce soit,5,75469,9076,21.66,de quoi que ce être,yes,no,fragment,,
la fin de sa vie,5,75402,9077,20.64,le fin de son vie,yes,yes,,,
ce que l' on peut,5,75398,9078,18.66,ce que le on pouvoir,yes,yes,,,
la tête d' un air,5,75192,9079,21.3,le tête de un air,yes,yes,,,
la fin du XIXe siècle,5,74983,9080,,le fin du XIXe siècle,no,no,rare word,,
l' une d' entre elles,5,74675,9081,20.17,le un de entrer lui,yes,yes,,,
de la salle à manger,5,74541,9082,22.53,de le salle à manger,yes,no,fragment,,
la mise en œuvre d',5,74540,9083,23.13,le mise en œuvre de,yes,no,fragment,,
à la suite de l',5,74151,9084,14.22,à le suite de le,yes,no,fragment,,
au coin de la rue,5,74134,9085,23.9,au coin de le rue,yes,yes,,,
du point de vue des,5,74130,9086,21.32,du point de vue un,yes,no,fragment,,
la Cour de cassation a,5,73972,9087,,le Cour de cassation avoir,no,no,rare word,,
il jeta un coup d',5,73703,9088,26,il jeter un coup de,no,no,fragment; rare word,,
dans le cas d' un,5,73427,9089,17.08,dans le cas de un,yes,no,fragment,,
devient de plus en plus,5,73167,9090,20.36,devenir de plus en plus,yes,yes,,,
en est de même pour,5,72712,9091,14.37,en être de même pour,yes,no,fragment,,
ce que ça veut dire,5,72444,9092,28,ce que ça vouloir dire,yes,yes,,,
je ne sais même pas,5,72126,9093,23.23,je ne savoir même pas,yes,yes,,,
chambre double à partir de,5,72109,9094,28.04,chambre double à partir de,yes,no,fragment,,
de l' histoire de l',5,72014,9095,12.82,de le histoire de le,yes,no,fragment,,
un coup d ' œil,5,71626,9096,,un coup d ' œil,no,no,rare word,,
la première fois de sa,5,71462,9097,20.44,le première fois de son,yes,no,fragment,,
il y avait quelque chose,5,71399,9098,26.73,il y avoir quelque chose,yes,yes,,,
dans la mesure où l',5,71386,9099,20.68,dans le mesure où le,yes,no,fragment,,
les uns contre les autres,5,71308,9100,27.12,le un contre le autre,yes,yes,,,
mais je ne sais pas,5,71255,9101,22.52,mais je ne savoir pas,yes,yes,,,
de la vie et de,5,71213,9102,10.79,de le vie et de,yes,no,fragment,,
je te l' ai dit,5,71207,9103,23.99,je te le avoir dire,yes,yes,,,
de plus en plus à,5,71021,9104,12.99,de plus en plus à,yes,no,fragment,,
un coup d' œil sur,5,70760,9105,25.62,un coup de œil sur,yes,no,fragment,,
je ne sais pas quoi,5,70710,9106,25.78,je ne savoir pas quoi,yes,yes,,,
que l' on ne peut,5,70671,9107,18.52,que le on ne pouvoir,yes,yes,,,
de la manière la plus,5,70496,9108,15.4,de le manière le plus,yes,no,fragment,,
se dirigea vers la porte,5,70398,9109,30.57,se dirigea vers le porte,no,no,rare word,,
au bord de l' eau,5,70348,9110,23.45,au bord de le eau,yes,yes,,,
je ne me sens pas,5,70198,9111,22.95,je ne me sens pas,yes,yes,,,
en ce qui me concerne,5,70122,9112,24.33,en ce qui me concerner,yes,yes,,,
il y a eu un,5,70068,9113,21.68,il y avoir avoir un,yes,no,fragment,,
à partir de ce moment,5,69932,9114,21.33,à partir de ce moment,yes,yes,,,
mais il ne faut pas,5,69862,9115,20.93,mais il ne falloir pas,yes,yes,,,
de la prise en charge,5,69824,9116,22.67,de le prise en charge,yes,no,fragment,,
de la mise en place,5,69808,9117,20.11,de le mise en place,yes,no,fragment,,
Cour européenne des droits de,5,69398,9118,,Cour européen un droit de,no,no,fragment; rare word,,
ce que je viens de,5,69345,9119,20.44,ce que je venir de,yes,no,fragment,,
à la fin du mois,5,69323,9120,21.9,à le fin du mois,yes,yes,,,
rien à voir avec la,5,69137,9121,20.83,rien à voir avec le,yes,no,fragment,,
au cours de l' année,5,69130,9122,22.66,au cours de le année,yes,yes,,,
à l ' égard de,5,68952,9123,,à l ' égard de,no,no,fragment; rare word,,
que l ' on peut,5,68919,9124,,que l ' on pouvoir,no,no,rare word,,
connu sous le nom de,5,68901,9125,25.96,connu sou le nom de,yes,no,fragment,,
à la manière d' un,5,68822,9126,16.33,à le manière de un,yes,no,fragment,,
jetant un coup d' œil,5,68787,9127,33.9,jeter un coup de œil,yes,yes,,,
table des matières Retour à,5,68480,9128,,table un matière Retour à,no,no,fragment; rare word,,
des matières Retour à la,5,68470,9129,,un matière Retour à le,no,no,fragment; rare word,,
matières Retour à la liste,5,68465,9130,,matière Retour à le liste,no,no,rare word,,
en va de même pour,5,68461,9131,18.63,en aller de même pour,yes,no,fragment,,
à la tête de la,5,68442,9132,12.31,à le tête de le,yes,no,fragment,,
sur le seuil de la,5,68395,9133,17.94,sur le seuil de le,yes,no,fragment,,
à l ' intérieur de,5,68362,9134,,à l ' intérieur de,no,no,fragment; rare word,,
de la Première Guerre mondiale,5,68240,9135,,de le Première Guerre mondial,no,no,fragment; rare word,,
sur le pas de la,5,68222,9136,11.04,sur le pas de le,yes,no,fragment,,
le point de départ de,5,68191,9137,19.35,le point de départ de,yes,no,fragment,,
je ne suis pas sûre,5,68092,9138,27.67,je ne être pas sûr,yes,yes,,,
il y a deux ans,5,68052,9139,23.99,il y avoir deux an,yes,yes,,,
au bout de quelques minutes,5,67936,9140,28.46,au bout de quelque minuter,yes,yes,,,
première fois de sa vie,5,67864,9141,25.34,première fois de son vie,yes,yes,,,
ouvert du mardi au dimanche,5,67833,9142,36.44,ouvert du mardi au dimanche,yes,yes,,,
en même temps que le,5,67791,9143,18.1,en même temps que le,yes,no,fragment,,
en application de l' article,5,67670,9144,23.07,en application de le article,yes,yes,,,
de la porte d' entrée,5,67658,9145,20.75,de le porte de entrée,yes,no,fragment,,
il y a peu de,5,67576,9146,18.28,il y avoir peu de,yes,no,fragment,,
de la part de la,5,67547,9147,11.42,de le part de le,yes,no,fragment,,
du mardi au dimanche de,5,67311,9148,28.19,du mardi au dimanche de,yes,no,fragment,,
et je ne suis pas,5,67202,9149,18.71,et je ne être pas,yes,no,fragment,,
je ne me souviens pas,5,67201,9150,26.26,je ne me souvenir pas,yes,yes,,,
Enregistrement auprès du Secrétariat des,5,67068,9151,,Enregistrement auprès du Secrétariat un,no,no,fragment; rare word,,
du point de vue du,5,66998,9152,21.69,du point de vue du,yes,no,fragment,,
l' impôt sur le revenu,5,66950,9153,29.34,le impôt sur le revenu,yes,yes,,,
la mise en place des,5,66934,9154,21.89,le mise en place un,yes,no,fragment,,
la prise en charge des,5,66797,9155,24.45,le prise en charge un,yes,no,fragment,,
mais je ne veux pas,5,66790,9156,22.84,mais je ne vouloir pas,yes,yes,,,
je ne l' avais pas,5,66538,9157,19.87,je ne le avoir pas,yes,yes,,,
dans le cas de l',5,66085,9158,14.52,dans le cas de le,yes,no,fragment,,
en même temps que la,5,66082,9159,17.65,en même temps que le,yes,no,fragment,,
de plus en plus d',5,66019,9160,13.53,de plus en plus de,yes,no,fragment,,
au long de l' année,5,65815,9161,22.87,au long de le année,yes,yes,,,
des droits de l' Homme,5,65751,9162,,un droit de le Homme,no,no,rare word,,
il y a de la,5,65726,9163,13.38,il y avoir de le,yes,no,fragment,,
dans la mesure du possible,5,65674,9164,23.95,dans le mesure du possible,yes,yes,,,
à la liste des titres,5,65476,9165,26.02,à le liste un titre,yes,yes,,,
et de plus en plus,5,65396,9166,12.7,et de plus en plus,yes,no,fragment,,
tout se passe comme si,5,65349,9167,26.58,tout se passe comme si,yes,yes,,,
je me suis rendu compte,5,65276,9168,32.67,je me être rendu compte,yes,yes,,,
de l' un à l',5,65265,9169,9.05,de le un à le,yes,no,fragment,,
en un clin d' œil,5,65177,9170,28.54,en un clin de œil,yes,yes,,,
ne sais pas ce qui,5,65104,9171,21.53,ne savoir pas ce qui,yes,yes,,,
je crois que je vais,5,64827,9172,26.88,je croire que je aller,yes,yes,,,
l' une après l' autre,5,64633,9173,18.86,le un après le autre,yes,yes,,,
faire l' objet d' un,5,64609,9174,21.11,faire le objet de un,yes,no,fragment,,
je me rends compte que,5,64582,9175,30.85,je me rendre compte que,yes,no,fragment,,
pour ce qui est des,5,64356,9176,15.5,pour ce qui être un,yes,no,fragment,,
ce que tu veux dire,5,64018,9177,26.36,ce que tu vouloir dire,yes,yes,,,
la table de la cuisine,5,63948,9178,21.15,le table de le cuisine,yes,yes,,,
à l' arrière de la,5,63748,9179,15.16,à le arrière de le,yes,no,fragment,,
de la façon la plus,5,63701,9180,15.12,de le façon le plus,yes,no,fragment,,
tout à l ' heure,5,63439,9181,,tout à l ' heure,no,no,rare word,,
à l' intérieur d' une,5,63369,9182,17.85,à le intérieur de un,yes,no,fragment,,
de l' homme et de,5,63228,9183,11.42,de le homme et de,yes,no,fragment,,
information et de la communication,5,63223,9184,22.57,information et de le communication,yes,yes,,,
le chef de l' État,5,63137,9185,,le chef de le État,no,no,rare word,,
je ne suis pas une,5,63075,9186,19.72,je ne être pas un,yes,no,fragment,,
la Cour européenne des droits,5,62814,9187,,le Cour européen un droit,no,no,rare word,,
dans la seconde moitié du,5,62764,9188,25.99,dans le seconde moitié du,yes,no,fragment,,
le vendredi et le samedi,5,62756,9189,25.82,le vendredi et le samedi,yes,yes,,,
dans l' histoire de la,5,62621,9190,14.41,dans le histoire de le,yes,no,fragment,,
la prit dans ses bras,5,62578,9191,26.1,le prendre dans son bras,yes,yes,,,
autre côté de la rue,5,62534,9192,23.79,autre côté de le rue,yes,yes,,,
la prise en compte des,5,62350,9193,22.71,le prise en compte un,yes,no,fragment,,
de l' information et de,5,62280,9194,14.25,de le information et de,yes,no,fragment,,
si l' on en croit,5,62166,9195,24.48,si le on en croire,yes,yes,,,
je ne sais pas trop,5,62124,9196,25.16,je ne savoir pas trop,yes,yes,,,
la mort de son père,5,62099,9197,20.67,le mort de son père,yes,yes,,,
est en train de se,5,62075,9198,18.42,être en train de se,yes,no,fragment,,
rien à voir avec le,5,62071,9199,21.1,rien à voir avec le,yes,no,fragment,,
à l' occasion d' une,5,62018,9200,18.35,à le occasion de un,yes,no,fragment,,
ne veut pas dire que,5,61965,9201,24.74,ne vouloir pas dire que,yes,no,fragment,,
à moins que ce ne,5,61935,9202,18.47,à moins que ce ne,yes,no,fragment,,
de la part d' un,5,61934,9203,14.34,de le part de un,yes,no,fragment,,
l' un des plus grands,5,61909,9204,19.32,le un un plus grand,yes,yes,,,
le point de vue de,5,61644,9205,18.02,le point de vue de,yes,no,fragment,,
on ne peut pas dire,5,61304,9206,23.42,on ne pouvoir pas dire,yes,yes,,,
force est de constater que,5,61228,9207,25.38,forcer être de constater que,yes,no,fragment,,
le procureur de la République,5,61037,9208,,le procureur de le République,no,no,rare word,,
en vertu de l' article,5,60934,9209,23.85,en vertu de le article,yes,yes,,,
et je ne veux pas,5,60888,9210,20.13,et je ne vouloir pas,yes,no,fragment,,
il y a des gens,5,60814,9211,21.83,il y avoir un gens,yes,yes,,,
le Président de la République,5,60541,9212,,le Président de le République,no,no,rare word,,
de l ' Union européenne,5,60433,9213,,de l ' Union européen,no,no,fragment; rare word,,
et suivants du Code de,5,60377,9214,,et suivant du Code de,no,no,fragment; rare word,,
dans le contexte de la,5,60373,9215,16.43,dans le contexte de le,yes,no,fragment,,
elle jeta un coup d',5,60365,9216,26.78,lui jeter un coup de,no,no,fragment; rare word,,
et les jours fériés de,5,60362,9217,24.91,et le jour férié de,no,no,fragment; rare word,,
ce que l' on a,5,60339,9218,16.53,ce que le on avoir,yes,yes,,,
une grande partie de la,5,60205,9219,19.39,un grand partie de le,yes,no,fragment,,
un signe de la main,5,60137,9220,20.77,un signe de le main,yes,yes,,,
la porte de la salle,5,59974,9221,19.36,le porte de le salle,yes,yes,,,
du Conseil de l' Europe,5,59838,9222,,du Conseil de le Europe,no,no,rare word,,
de plus en plus nombreux,5,59699,9223,19.72,de plus en plus nombreux,yes,no,fragment,,
par le biais de la,5,59477,9224,18.88,par le biais de le,yes,no,fragment,,
de plus en plus fort,5,59346,9225,19.06,de plus en plus fort,yes,no,fragment,,
à l' origine de l',5,59201,9226,15.27,à le origine de le,yes,no,fragment,,
des pieds à la tête,5,58987,9227,21.61,un pied à le tête,yes,yes,,,
depuis au moins aussi tôt,5,58929,9228,32,depuis au moins aussi tôt,yes,yes,,,
d' un hochement de tête,5,58682,9229,,de un hochement de tête,no,no,rare word,,
au sens de l' article,5,58569,9230,21.88,au sens de le article,yes,yes,,,
devenait de plus en plus,5,58541,9231,22.27,devenir de plus en plus,yes,yes,,,
il y a quelques jours,5,58394,9232,25.44,il y avoir quelque jour,yes,yes,,,
il ne faut pas que,5,58355,9233,19.18,il ne falloir pas que,yes,no,fragment,,
d' un geste de la,5,58325,9234,16.52,de un geste de le,yes,no,fragment,,
d' hommes et de femmes,5,58290,9235,20.13,de homme et de femme,yes,yes,,,
à l' occasion d' un,5,58271,9236,17.98,à le occasion de un,yes,no,fragment,,
à la veille de la,5,58213,9237,15.16,à le veille de le,yes,no,fragment,,
ce qui est de la,5,58093,9238,11.54,ce qui être de le,yes,no,fragment,,
était en train de se,5,58039,9239,19.95,être en train de se,yes,no,fragment,,
les unes que les autres,5,58035,9240,24.2,le un que le autre,yes,yes,,,
l' autre côté de l',5,57990,9241,17.99,le autre côté de le,yes,no,fragment,,
employée au Canada depuis au,5,57898,9242,37.76,employer au Canada depuis au,no,no,fragment; rare word,,
ne sais pas si je,5,57852,9243,22.86,ne savoir pas si je,yes,yes,,,
la mise en place du,5,57767,9244,22.2,le mise en place du,yes,no,fragment,,
il y a longtemps que,5,57697,9245,22.4,il y avoir longtemps que,yes,no,fragment,,
l' information et de la,5,57497,9246,14.88,le information et de le,yes,no,fragment,,
en même temps que les,5,57408,9247,18.15,en même temps que le,yes,no,fragment,,
les uns que les autres,5,57356,9248,22.77,le un que le autre,yes,yes,,,
au bord de la mer,5,57251,9249,23.73,au bord de le mer,yes,yes,,,
au début de l' année,5,57069,9250,22.95,au début de le année,yes,yes,,,
ce que vous avez fait,5,57051,9251,23.78,ce que vous avoir faire,yes,yes,,,
les uns sur les autres,5,57017,9252,23.8,le un sur le autre,yes,yes,,,
à la tête de l',5,57013,9253,12.69,à le tête de le,yes,no,fragment,,
la prise en charge de,5,56884,9254,22.38,le prise en charge de,yes,no,fragment,,
à la tête d' une,5,56846,9255,15.38,à le tête de un,yes,no,fragment,,
vie de tous les jours,5,56842,9256,22.4,vie de tout le jour,yes,yes,,,
à l' occasion de l',5,56831,9257,15.54,à le occasion de le,yes,no,fragment,,
de gaz à effet de,5,56715,9258,21.15,de gaz à effet de,yes,no,fragment,,
à la fin de sa,5,56710,9259,15.77,à le fin de son,yes,no,fragment,,
depuis le début de la,5,56584,9260,18.87,depuis le début de le,yes,no,fragment,,
l' une contre l' autre,5,56569,9261,19.39,le un contre le autre,yes,yes,,,
les membres de la famille,5,56479,9262,20.63,le membre de le famille,yes,yes,,,
l ' histoire de la,5,56466,9263,,l ' histoire de le,no,no,fragment; rare word,,
que ce ne soit pas,5,56421,9264,20.04,que ce ne être pas,yes,yes,,,
un peu à l' écart,5,56296,9265,23.23,un peu à le écart,yes,yes,,,
les mains dans les poches,5,56003,9266,27.27,le main dans le poche,yes,yes,,,
ce que je peux faire,5,55937,9267,23.82,ce que je pouvoir faire,yes,yes,,,
je ne peux pas vous,5,55877,9268,23.1,je ne pouvoir pas vous,yes,yes,,,
ne veux pas que tu,5,55841,9269,22.92,ne vouloir pas que tu,yes,yes,,,
tout ce que je sais,5,55798,9270,22.15,tout ce que je savoir,yes,yes,,,
a fait l' objet d',5,55693,9271,21.91,avoir faire le objet de,yes,no,fragment,,
coup d' œil à la,5,55669,9272,22.18,coup de œil à le,yes,no,fragment,,
ne me dis pas que,5,55649,9273,23.16,ne me dire pas que,yes,no,fragment,,
que nous ne sommes pas,5,55639,9274,22.36,que nous ne être pas,yes,yes,,,
le bien et le mal,5,55485,9275,17.72,le bien et le mal,yes,yes,,,
dans le champ de la,5,55370,9276,15.98,dans le champ de le,yes,no,fragment,,
tout ce que l' on,5,55219,9277,17.41,tout ce que le on,yes,yes,,,
de ce qui se passait,5,55181,9278,21.28,de ce qui se passer,yes,no,fragment,,
quelque procédé que ce soit,5,55149,9279,31.78,quelque procédé que ce être,yes,yes,,,
par quelque procédé que ce,5,55113,9280,28.71,par quelque procédé que ce,yes,no,fragment,,
e e e e e,5,55066,9281,,e e e e e,yes,no,,,
il y a lieu de,5,54907,9282,19.39,il y avoir lieu de,yes,no,fragment,,
que dans la mesure où,5,54845,9283,21.07,que dans le mesure où,yes,yes,,,
et puis il y a,5,54786,9284,19.37,et pouvoir il y avoir,yes,no,fragment,,
cela ne veut pas dire,5,54780,9285,28.21,celer ne vouloir pas dire,yes,yes,,,
à l' aide de la,5,54498,9286,14.36,à le aide de le,yes,no,fragment,,
est sur le point de,5,54473,9287,15.91,être sur le point de,yes,no,fragment,,
au beau milieu de la,5,54463,9288,22.57,au beau milieu de le,yes,no,fragment,,
la vie et la mort,5,54440,9289,18.1,le vie et le mort,yes,yes,,,
je ne peux pas me,5,54420,9290,23.73,je ne pouvoir pas me,yes,no,fragment,,
tout au long de sa,5,54419,9291,21.53,tout au long de son,yes,no,fragment,,
le devant de la scène,5,54337,9292,19.76,le devant de le scène,yes,yes,,,
à qui que ce soit,5,54324,9293,18.11,à qui que ce être,yes,yes,,,
je ne vous ai pas,5,54207,9294,20.02,je ne vous avoir pas,yes,yes,,,
le reste de l' année,5,54148,9295,20.27,le reste de le année,yes,yes,,,
à l' extérieur de la,5,54117,9296,15.51,à le extérieur de le,yes,no,fragment,,
moins que ce ne soit,5,54083,9297,23.22,moins que ce ne être,yes,yes,,,
comme son nom l' indique,5,54057,9298,28.75,comme son nom le indique,yes,yes,,,
ce ne sont que des,5,53913,9299,17.2,ce ne être que un,yes,no,fragment,,
il est à noter que,5,53888,9300,20.92,il être à noter que,yes,no,fragment,,
un coup d' œil par,5,53871,9301,25.16,un coup de œil par,yes,no,fragment,,
que je ne sais pas,5,53862,9302,20.62,que je ne savoir pas,yes,yes,,,
Ouvert du mardi au vendredi,5,53840,9303,,Ouvert du mardi au vendredi,no,no,rare word,,
comme je l' ai dit,5,53690,9304,21.18,comme je le avoir dire,yes,yes,,,
que je ne veux pas,5,53547,9305,21.03,que je ne vouloir pas,yes,yes,,,
comme je vous l' ai,5,53457,9306,19.66,comme je vous le avoir,yes,yes,,,
au cours de la période,5,53435,9307,22.41,au cours de le période,yes,yes,,,
à l' issue de la,5,52996,9308,16.33,à le issue de le,yes,no,fragment,,
pas de temps à perdre,5,52942,9309,21.27,pas de temps à perdre,yes,yes,,,
de près ou de loin,5,52899,9310,21.21,de près ou de loin,yes,no,fragment,,
au même titre que les,5,52865,9311,21.95,au même titre que le,yes,no,fragment,,
la fin de la journée,5,52465,9312,19.72,le fin de le journée,yes,yes,,,
à l' époque de la,5,52460,9313,14.12,à le époque de le,yes,no,fragment,,
de tout ou partie de,5,52399,9314,17.58,de tout ou partie de,yes,no,fragment,,
la Bibliothèque nationale de France,5,52308,9315,,le Bibliothèque nationale de France,no,no,rare word,,
dans la plupart des pays,5,52250,9316,22.93,dans le plupart un pays,yes,yes,,,
suivants du Code de la,5,52239,9317,,suivant du Code de le,no,no,fragment; rare word,,
je ne vois pas pourquoi,5,52202,9318,26.67,je ne voir pas pourquoi,yes,yes,,,
il y a eu des,5,52065,9319,21.2,il y avoir avoir un,yes,no,fragment,,
je ne peux pas te,5,52030,9320,25.64,je ne pouvoir pas te,yes,no,fragment,,
je ne me suis jamais,5,51996,9321,24.98,je ne me être jamais,yes,yes,,,
un coup d' œil dans,5,51918,9322,24.41,un coup de œil dans,yes,no,fragment,,
au sein de la société,5,51881,9323,22.3,au sein de le société,yes,no,written style,,
la dernière fois que je,5,51847,9324,22.27,le dernier fois que je,yes,yes,,,
de plus en plus vite,5,51800,9325,19.24,de plus en plus vite,yes,no,fragment,,
Convention européenne des droits de,5,51582,9326,,Convention européen un droit de,no,no,fragment; rare word,,
à l' origine d' une,5,51485,9327,17.75,à le origine de un,yes,no,fragment,,
il est tout à fait,5,51463,9328,17.04,il être tout à faire,yes,yes,,,
tu veux que je te,5,51399,9329,26.3,tu vouloir que je te,yes,no,fragment,,
sur la base d' un,5,51328,9330,18.85,sur le base de un,yes,no,fragment,,
il faut que je te,5,51293,9331,22.49,il falloir que je te,yes,no,fragment,,
je ne sais pas où,5,51218,9332,23.41,je ne savoir pas où,yes,yes,,,
dans la mesure où ils,5,51186,9333,23.28,dans le mesure où il,yes,yes,,,
dans l' histoire de l',5,51150,9334,14.77,dans le histoire de le,yes,no,fragment,,
à l' un de ses,5,51121,9335,11.41,à le un de son,yes,no,fragment,,
il y eut un silence,5,51036,9336,27.22,il y avoir un silence,yes,yes,,,
du Code de procédure pénale,5,51031,9337,,du Code de procédure pénal,no,no,rare word,,
si l' on peut dire,5,51029,9338,23.12,si le on pouvoir dire,yes,yes,,,
la surface de l' eau,5,51028,9339,21.59,le surface de le eau,yes,yes,,,
sur la base d' une,5,50892,9340,19.12,sur le base de un,yes,no,fragment,,
la protection de l' environnement,5,50877,9341,22.89,le protection de le environnement,yes,yes,,,
depuis le début des années,5,50868,9342,26.69,depuis le début un année,yes,yes,,,
les unes après les autres,5,50846,9343,27.33,le un après le autre,yes,yes,,,
donner un coup de main,5,50827,9344,26.06,donner un coup de main,yes,yes,,,
et d' autre de la,5,50767,9345,11.8,et de autre de le,yes,no,fragment,,
les battements de son cœur,5,50636,9346,27.14,le battement de son cœur,yes,yes,,,
connue sous le nom de,5,50458,9347,27.02,connu sou le nom de,yes,no,fragment,,
il ne peut y avoir,5,50432,9348,22.8,il ne pouvoir y avoir,yes,yes,,,
à la recherche de la,5,50424,9349,13.44,à le recherche de le,yes,no,fragment,,
dans le sens d' une,5,50358,9350,17.19,dans le sens de un,yes,no,fragment,,
il y a aussi des,5,50334,9351,19.12,il y avoir aussi un,yes,no,fragment,,
en chair et en os,5,50296,9352,27.38,en chair et en os,yes,yes,,,
il ne l' avait pas,5,50285,9353,15.8,il ne le avoir pas,yes,yes,,,
y accéder et en partir,5,50216,9354,27.97,y accéder et en partir,yes,yes,,,
la fin du mois de,5,50200,9355,20.18,le fin du mois de,yes,no,fragment,,
Comment y accéder et en,5,50110,9356,,Comment y accéder et en,no,no,fragment; rare word,,
à la fin du XIX,5,50093,9357,,à le fin du XIX,no,no,rare word,,
sur le point de se,5,49983,9358,16.65,sur le point de se,yes,no,fragment,,
tu es en train de,5,49932,9359,25.04,tu être en train de,yes,no,fragment,,
au début du XX e,5,49883,9360,,au début du XX e,no,no,rare word,,
un coup d' œil au,5,49865,9361,24.94,un coup de œil au,yes,no,fragment,,
que je ne connais pas,5,49770,9362,22.99,que je ne connaître pas,yes,yes,,,
de la Légion d' honneur,5,49455,9363,,de le Légion de honneur,no,no,fragment; rare word,,
un homme et une femme,5,49451,9364,20.27,un homme et un femme,yes,yes,,,
et je ne sais pas,5,49439,9365,19.42,et je ne savoir pas,yes,no,fragment,,
se leva d' un bond,5,49419,9366,30.08,se lever de un bond,no,no,rare word,,
il y en a qui,5,49351,9367,16.64,il y en avoir qui,yes,yes,,,
quelque chose ne va pas,5,49014,9368,28.08,quelque chose ne aller pas,yes,yes,,,
Emile Copyright Arvensa Editions Page,5,48781,9369,,Emile Copyright Arvensa Editions Page,no,no,rare word,,
une bonne partie de la,5,48723,9370,19.69,un bon partie de le,yes,no,fragment,,
comme nous l' avons déjà,5,48696,9371,25.53,comme nous le avoir déjà,yes,yes,,,
la vie et de la,5,48674,9372,10.99,le vie et de le,yes,no,fragment,,
y a quelque chose de,5,48643,9373,23.39,y avoir quelque chose de,yes,no,fragment,,
au bord de la route,5,48643,9374,23.15,au bord de le router,yes,yes,,,
d' un grand nombre de,5,48606,9375,20.15,de un grand nombre de,yes,no,fragment,,
de la nature et de,5,48602,9376,12.01,de le nature et de,yes,no,fragment,,
était de plus en plus,5,48537,9377,15.03,être de plus en plus,yes,yes,,,
l' homme et la femme,5,48447,9378,18.3,le homme et le femme,yes,yes,,,
Jacques Copyright Arvensa Editions Page,5,48399,9379,,Jacques Copyright Arvensa Editions Page,no,no,rare word,,
que je ne pouvais pas,5,48375,9380,23.14,que je ne pouvoir pas,yes,yes,,,
qui est en train de,5,48297,9381,17.57,qui être en train de,yes,no,fragment,,
au point de vue de,5,48282,9382,19.53,au point de vue de,yes,no,fragment,,
il va de soi que,5,48207,9383,21.58,il aller de soi que,yes,no,fragment,,
il est hors de question,5,48207,9384,22.3,il être hors de question,yes,yes,,,
à l ' aide de,5,48105,9385,,à l ' aide de,no,no,fragment; rare word,,
il faut que je me,5,48060,9386,20.42,il falloir que je me,yes,no,fragment,,
ce qui est arrivé à,5,48000,9387,20.89,ce qui être arrivé à,yes,no,fragment,,
pas la première fois que,5,47977,9388,20.88,pas le première fois que,yes,no,fragment,,
une bonne fois pour toutes,5,47926,9389,26.97,un bon fois pour tout,yes,yes,,,
dans la salle d' attente,5,47875,9390,25.88,dans le salle de attente,yes,yes,,,
la porte de sa chambre,5,47684,9391,21.58,le porte de son chambre,yes,yes,,,
pas la moindre idée de,5,47681,9392,22.3,pas le moindre idée de,yes,no,fragment,,
avant la fin de la,5,47661,9393,16.92,avant le fin de le,yes,no,fragment,,
à l ' origine de,5,47646,9394,,à l ' origine de,no,no,fragment; rare word,,
que je suis en train,5,47608,9395,23.66,que je être en train,yes,yes,,,
je ne pensais pas que,5,47541,9396,23.69,je ne penser pas que,yes,no,fragment,,
Ouvert toute l ' année,5,47514,9397,,Ouvert toute l ' année,no,no,rare word,,
à l' écart de la,5,47430,9398,16.23,à le écart de le,yes,no,fragment,,
sur le chemin de la,5,47409,9399,15.92,sur le chemin de le,yes,no,fragment,,
plus de la moitié des,5,47323,9400,17.59,plus de le moitié un,yes,no,fragment,,
au milieu de la pièce,5,47290,9401,22.49,au milieu de le pièce,yes,yes,,,
de faire en sorte que,5,47285,9402,19.5,de faire en sorte que,yes,no,fragment,,
la liberté de la presse,5,47238,9403,21.68,le liberté de le presse,yes,yes,,,
la Convention européenne des droits,5,47092,9404,,le Convention européen un droit,no,no,rare word,,
faire quoi que ce soit,5,47002,9405,25.97,faire quoi que ce être,yes,yes,,,
pour ce qui est du,5,46898,9406,15.56,pour ce qui être du,yes,no,fragment,,
du bien et du mal,5,46885,9407,19.86,du bien et du mal,yes,yes,,,
il est vrai que la,5,46841,9408,17.38,il être vrai que le,yes,no,fragment,,
il y en a un,5,46803,9409,15.86,il y en avoir un,yes,no,fragment,,
du Code de la propriété,5,46776,9410,,du Code de le propriété,no,no,rare word,,
coup d' œil à l',5,46728,9411,22.57,coup de œil à le,yes,no,fragment,,
je ne suis pas en,5,46646,9412,18.93,je ne être pas en,yes,no,fragment,,
que je ne voulais pas,5,46613,9413,22.65,que je ne vouloir pas,yes,yes,,,
les forces de l' ordre,5,46588,9414,21.92,le forcer de le ordre,yes,yes,,,
est l' un des plus,5,46585,9415,13.3,être le un un plus,yes,yes,,,
le reste de la journée,5,46399,9416,20.13,le reste de le journée,yes,yes,,,
à l ' égard des,5,46383,9417,,à l ' égard un,no,no,fragment; rare word,,
de plus en plus difficile,5,46382,9418,19.54,de plus en plus difficile,yes,no,fragment,,
tout ce que je peux,5,46354,9419,22.73,tout ce que je pouvoir,yes,yes,,,
un rapide coup d' œil,5,46344,9420,31.25,un rapide coup de œil,yes,yes,,,
dans le meilleur des cas,5,46339,9421,23.69,dans le meilleur un cas,yes,yes,,,
à peine le temps de,5,46337,9422,18.12,à peiner le temps de,yes,no,fragment,,
il y a des choses,5,46307,9423,21.33,il y avoir un chose,yes,yes,,,
je ne veux pas de,5,46241,9424,18.65,je ne vouloir pas de,yes,no,fragment,,
je ne sais pas encore,5,46128,9425,23.69,je ne savoir pas encore,yes,yes,,,
dans la poche de son,5,46117,9426,18.93,dans le poche de son,yes,no,fragment,,
dans la mise en œuvre,5,46098,9427,22.98,dans le mise en œuvre,yes,yes,,,
samedi le midi et le,5,46093,9428,24.05,samedi le midi et le,yes,no,fragment,,
l' un des plus beaux,5,46088,9429,20.78,le un un plus beau,yes,yes,,,
le long de la route,5,46059,9430,20.19,le long de le router,yes,yes,,,
je me suis mis à,5,46034,9431,24.84,je me être mis à,yes,no,fragment,,
y a des gens qui,5,46004,9432,22.11,y avoir un gens qui,yes,yes,,,
ce qui se passait dans,5,45946,9433,23.46,ce qui se passer dans,yes,no,fragment,,
il est vrai que les,5,45891,9434,18.06,il être vrai que le,yes,no,fragment,,
prise en compte de la,5,45888,9435,20.42,prise en compte de le,yes,no,fragment,,
il était hors de question,5,45774,9436,23.86,il être hors de question,yes,yes,,,
il y a quelques mois,5,45759,9437,25.55,il y avoir quelque mois,yes,yes,,,
que je ne connaissais pas,5,45738,9438,24.73,que je ne connaître pas,yes,yes,,,
rien à voir avec les,5,45708,9439,20.94,rien à voir avec le,yes,no,fragment,,
je ne comprends pas pourquoi,5,45634,9440,27.54,je ne comprendre pas pourquoi,yes,yes,,,
pour la première fois à,5,45629,9441,19.88,pour le première fois à,yes,no,fragment,,
ce que je voulais dire,5,45623,9442,25.86,ce que je vouloir dire,yes,yes,,,
il y a eu une,5,45590,9443,21.35,il y avoir avoir un,yes,no,fragment,,
elle ne l' avait pas,5,45533,9444,16.72,lui ne le avoir pas,yes,yes,,,
un moment ou à un,5,45532,9445,18.09,un moment ou à un,yes,no,fragment,,
à la hauteur de la,5,45512,9446,14.99,à le hauteur de le,yes,no,fragment,,
la prendre dans ses bras,5,45510,9447,24.14,le prendre dans son bras,yes,yes,,,
moment ou à un autre,5,45475,9448,21.51,moment ou à un autre,yes,yes,,,
l' un sur l' autre,5,45466,9449,15.79,le un sur le autre,yes,yes,,,
jeté un coup d' œil,5,45439,9450,32.61,jeté un coup de œil,yes,yes,,,
tout ce que tu as,5,45431,9451,23.57,tout ce que tu avoir,yes,yes,,,
dans le cadre de cette,5,45355,9452,18.56,dans le cadre de ce,yes,no,fragment; written style,,
sur la base de la,5,45279,9453,15.62,sur le base de le,yes,no,fragment,,
je ne vois pas ce,5,45262,9454,22.69,je ne voir pas ce,yes,no,fragment,,
il d' une voix rauque,5,45220,9455,27.6,il de un voix rauque,no,no,rare word,,
en bonne et due forme,5,45179,9456,30.95,en bon et devoir forme,yes,yes,,,
au long de la vie,5,45137,9457,19.67,au long de le vie,yes,yes,,,
il y a bien longtemps,5,45118,9458,24.34,il y avoir bien longtemps,yes,yes,,,
après la Seconde Guerre mondiale,5,45114,9459,,après le Seconde Guerre mondial,no,no,rare word,,
comme ce fut le cas,5,45102,9460,23.68,comme ce être le cas,yes,yes,,,
à soupe d' huile d',5,45101,9461,28.14,à soupe de huile de,yes,no,fragment,,
ce qui venait de se,5,45057,9462,19.68,ce qui venir de se,yes,no,fragment,,
je ne veux pas être,5,45051,9463,22.99,je ne vouloir pas être,yes,yes,,,
dans les pays de l',5,45041,9464,14.51,dans le pays de le,yes,no,fragment,,
se rendre à l' évidence,5,45037,9465,25.68,se rendre à le évidence,yes,yes,,,
la vie de tous les,5,44873,9466,15.89,le vie de tout le,yes,no,fragment,,
je ne suis pas d',5,44872,9467,18.95,je ne être pas de,yes,no,fragment,,
au greffe du tribunal de,5,44858,9468,29.97,au greffe du tribunal de,yes,no,fragment,,
il est vrai que le,5,44838,9469,17.74,il être vrai que le,yes,no,fragment,,
que je ne l' ai,5,44810,9470,16.82,que je ne le avoir,yes,yes,,,
à l ' aide d,5,44730,9471,,à l ' aide d,no,no,rare word,,
il ne suffit pas de,5,44661,9472,19.68,il ne suffire pas de,yes,no,fragment,,
de l' ensemble de la,5,44647,9473,11.95,de le ensemble de le,yes,no,fragment,,
tout ce que vous avez,5,44591,9474,22.86,tout ce que vous avoir,yes,yes,,,
qui est à l' origine,5,44588,9475,18.27,qui être à le origine,yes,yes,,,
d' un coup d' œil,5,44582,9476,23.65,de un coup de œil,yes,yes,,,
de l' homme et du,5,44581,9477,13.27,de le homme et du,yes,no,fragment,,
dans la première moitié du,5,44522,9478,23.92,dans le première moitié du,yes,no,fragment,,
de la cour d' appel,5,44522,9479,22.09,de le cour de appel,yes,no,fragment,,
de l' ordre de la,5,44497,9480,12.29,de le ordre de le,yes,no,fragment,,
il va sans dire que,5,44447,9481,23.95,il aller sans dire que,yes,no,fragment,,
de la fin des années,5,44363,9482,19,de le fin un année,yes,no,fragment,,
je ne peux pas le,5,44321,9483,20.19,je ne pouvoir pas le,yes,no,fragment,,
de l' un de ses,5,44286,9484,9.95,de le un de son,yes,no,fragment,,
il était en train de,5,44147,9485,18.39,il être en train de,yes,no,fragment,,
à la fois de la,5,44147,9486,11.07,à le fois de le,yes,no,fragment,,
sur la question de la,5,44134,9487,14.2,sur le question de le,yes,no,fragment,,
est de l' ordre de,5,44050,9488,13.74,être de le ordre de,yes,no,fragment,,
pendant la Seconde Guerre mondiale,5,44036,9489,,pendant le Seconde Guerre mondial,no,no,rare word,,
un coup d' œil vers,5,43960,9490,27.6,un coup de œil vers,yes,yes,,,
d' un quart d' heure,5,43860,9491,26.32,de un quart de heure,yes,yes,,,
un peu de temps pour,5,43812,9492,18.19,un peu de temps pour,yes,no,fragment,,
ne se limite pas à,5,43767,9493,22.41,ne se limite pas à,yes,no,fragment,,
avant de se tourner vers,5,43751,9494,27.12,avant de se tourner vers,yes,yes,,,
à la recette des finances,5,43710,9495,28.61,à le recette un finance,yes,yes,,,
au fond de la salle,5,43652,9496,22.33,au fond de le salle,yes,yes,,,
je ne suis pas le,5,43651,9497,18.18,je ne être pas le,yes,no,fragment,,
à partir de la fin,5,43617,9498,18.76,à partir de le fin,yes,yes,,,
si je ne suis pas,5,43571,9499,21.3,si je ne être pas,yes,yes,,,
à deux pas de la,5,43497,9500,12.17,à deux pas de le,yes,no,fragment,,
il y a dix ans,5,43315,9501,26.35,il y avoir dix an,yes,yes,,,
de façon à ce que,5,43265,9502,16.19,de façon à ce que,yes,no,fragment,,
sur le ton de la,5,43143,9503,14.59,sur le ton de le,yes,no,fragment,,
à l' image de la,5,43138,9504,14.03,à le image de le,yes,no,fragment,,
la fin du Moyen Âge,5,43098,9505,,le fin du Moyen Âge,no,no,rare word,,
l' encadrement de la porte,5,43079,9506,23.3,le encadrement de le porte,no,no,rare word,,
ne vous en faites pas,5,43000,9507,22.39,ne vous en faire pas,yes,yes,,,
sur la table de la,5,42991,9508,15.15,sur le table de le,yes,no,fragment,,
vous êtes en train de,5,42986,9509,24.2,vous être en train de,yes,no,fragment,,
l' autre bout du fil,5,42932,9510,28.78,le autre bout du fil,yes,yes,,,
à la base de la,5,42878,9511,13.59,à le base de le,yes,no,fragment,,
déclaration des droits de l',5,42860,9512,23.81,déclaration un droit de le,yes,no,fragment,,
soupe d' huile d' olive,5,42767,9513,38.51,soupe de huile de olive,yes,yes,,,
il y a de l',5,42734,9514,13.4,il y avoir de le,yes,no,fragment,,
l ' autre côté de,5,42698,9515,,l ' autre côté de,no,no,fragment; rare word,,
au début du XXe siècle,5,42668,9516,,au début du XXe siècle,no,no,rare word,,
sur le fondement de l',5,42645,9517,19.15,sur le fondement de le,yes,no,fragment,,
mise en œuvre d' une,5,42641,9518,23.75,mise en œuvre de un,yes,no,fragment,,
sur le devant de la,5,42617,9519,14.22,sur le devant de le,yes,no,fragment,,
ceux qui ne sont pas,5,42585,9520,21.86,celui qui ne être pas,yes,yes,,,
de la seconde moitié du,5,42567,9521,22.99,de le seconde moitié du,yes,no,fragment,,
les pays de l' OCDE,5,42478,9522,,le pays de le OCDE,no,no,rare word,,
Transports Comment y accéder et,5,42410,9523,,Transports Comment y accéder et,no,no,fragment; rare word,,
ce qui se passe en,5,42406,9524,20.97,ce qui se passe en,yes,no,fragment,,
de mettre un terme à,5,42380,9525,21.23,de mettre un terme à,yes,no,fragment,,
comme nous l' avons dit,5,42373,9526,24.09,comme nous le avoir dire,yes,yes,,,
au samedi le midi et,5,42350,9527,25.79,au samedi le midi et,yes,no,fragment,,
l' entrée en vigueur de,5,42340,9528,24.15,le entrée en vigueur de,yes,no,fragment,,
mise en place de la,5,42337,9529,19.39,mise en place de le,yes,no,fragment,,
d' un coup de pied,5,42335,9530,21.74,de un coup de pied,yes,yes,,,
les uns avec les autres,5,42315,9531,23.86,le un avec le autre,yes,yes,,,
à l' encontre de la,5,42257,9532,17.23,à le encontre de le,yes,no,fragment,,
dans le monde de la,5,42241,9533,12.88,dans le monde de le,yes,no,fragment,,
lui laisser le temps de,5,42218,9534,20.99,luire laisser le temps de,yes,no,fragment,,
au bout de la rue,5,42191,9535,21.9,au bout de le rue,yes,yes,,,
du temps et de l',5,42144,9536,12.75,du temps et de le,yes,no,fragment,,
la raison pour laquelle il,5,41982,9537,22.51,le raison pour lequel il,yes,no,written style,,
l' histoire de l' humanité,5,41950,9538,21.59,le histoire de le humanité,yes,yes,,,
liaison avec les marchandises mentionnées,5,41900,9539,,liaison avec le marchandise mentionnées,no,no,rare word,,
tu ne l' as pas,5,41885,9540,21.21,tu ne le avoir pas,yes,yes,,,
la première fois de ma,5,41816,9541,21.35,le première fois de mon,yes,no,fragment,,
la Déclaration des droits de,5,41799,9542,,le Déclaration un droit de,no,no,fragment; rare word,,
par le biais d' une,5,41734,9543,21.7,par le biais de un,yes,no,fragment,,
je ne veux pas te,5,41720,9544,24.89,je ne vouloir pas te,yes,no,fragment,,
ce que tu fais là,5,41719,9545,26.24,ce que tu faire là,yes,yes,,,
le plus grand nombre de,5,41680,9546,20.64,le plus grand nombre de,yes,no,fragment,,
avec les marchandises mentionnées sous,5,41675,9547,,avec le marchandise mentionnées sou,no,no,rare word,,
la jurisprudence de la Cour,5,41668,9548,,le jurisprudence de le Cour,no,no,rare word,,
me suis rendu compte que,5,41668,9549,31.35,me être rendu compte que,yes,no,fragment,,
à la lumière de la,5,41647,9550,13.31,à le lumière de le,yes,no,fragment,,
dans la salle de bain,5,41592,9551,24.22,dans le salle de bain,yes,yes,,,
mais il y a des,5,41575,9552,17.48,mais il y avoir un,yes,no,fragment,,
il y avait de la,5,41451,9553,13.59,il y avoir de le,yes,no,fragment,,
ont été déposés au greffe,5,41445,9554,,avoir être déposer au greffe,no,no,rare word,,
ce qui veut dire que,5,41419,9555,24.07,ce qui vouloir dire que,yes,no,fragment,,
de manière à ce que,5,41366,9556,16.26,de manière à ce que,yes,no,fragment,,
sur les bords de la,5,41361,9557,19.27,sur le bord de le,yes,no,fragment,,
il ne l' a pas,5,41342,9558,14.64,il ne le avoir pas,yes,yes,,,
en avoir le cœur net,5,41342,9559,28.8,en avoir le cœur net,yes,yes,,,
de tout ce qui est,5,41268,9560,14.46,de tout ce qui être,yes,no,fragment,,
que l' on retrouve dans,5,41234,9561,21.58,que le on retrouver dans,yes,no,fragment,,
de la théorie de la,5,41230,9562,13.04,de le théorie de le,yes,no,fragment,,
avec les marchandises et en,5,41152,9563,21.62,avec le marchandise et en,yes,no,fragment,,
première fois de ma vie,5,41113,9564,26.3,première fois de mon vie,yes,yes,,,
l' une des plus belles,5,41092,9565,20.95,le un un plus beau,yes,yes,,,
tous les jours et les,5,41001,9566,18.75,tout le jour et le,yes,no,fragment,,
je ne vois pas comment,5,40981,9567,26.17,je ne voir pas comment,yes,yes,,,
à l' abri de la,5,40968,9568,16.21,à le abri de le,yes,no,fragment,,
comme nous l ' avons,5,40962,9569,,comme nous l ' avoir,no,no,rare word,,
et pour la première fois,5,40874,9570,19.55,et pour le première fois,yes,no,fragment,,
à l' instar de la,5,40841,9571,17.3,à le instar de le,no,no,fragment; rare word,,
à l ' occasion de,5,40833,9572,,à l ' occasion de,no,no,fragment; rare word,,
il faut que je vous,5,40797,9573,19.51,il falloir que je vous,yes,yes,,,
ce que tout le monde,5,40787,9574,19,ce que tout le monde,yes,yes,,,
à la surface de la,5,40713,9575,14.68,à le surface de le,yes,no,fragment,,
si tu ne veux pas,5,40706,9576,24.6,si tu ne vouloir pas,yes,yes,,,
sur le plan de l',5,40700,9577,16.03,sur le plan de le,yes,no,fragment,,
qui était en train de,5,40685,9578,18.96,qui être en train de,yes,no,fragment,,
la fin du XVIII e,5,40569,9579,,le fin du XVIII e,no,no,rare word,,
la fin de l' été,5,40562,9580,16.73,le fin de le être,yes,yes,,,
d ' un point de,5,40518,9581,,d ' un point de,no,no,fragment; rare word,,
le seuil de la porte,5,40514,9582,20.74,le seuil de le porte,yes,yes,,,
bras l' un de l',5,40498,9583,14.39,bras le un de le,yes,no,fragment,,
tout ce qui se passe,5,40459,9584,23.24,tout ce qui se passe,yes,yes,,,
on peut se demander si,5,40446,9585,27.01,on pouvoir se demander si,yes,yes,,,
tout au long de son,5,40442,9586,20.57,tout au long de son,yes,no,fragment,,
sur la table de nuit,5,40432,9587,21.56,sur le table de nuit,yes,yes,,,
l ' histoire de l,5,40422,9588,,l ' histoire de l,no,no,rare word,,
Canada depuis au moins aussi,5,40385,9589,33.05,Canada depuis au moins aussi,no,no,rare word,,
pays en voie de développement,5,40381,9590,27.43,pays en voie de développement,yes,yes,,,
je ne l' avais jamais,5,40335,9591,22.46,je ne le avoir jamais,yes,yes,,,
entre les hommes et les,5,40332,9592,18.45,entrer le homme et le,yes,no,fragment,,
ce que l' on pourrait,5,40299,9593,20.54,ce que le on pouvoir,yes,yes,,,
fait l ' objet d,5,40293,9594,,faire l ' objet d,no,no,rare word,,
à un moment ou à,5,40263,9595,17.28,à un moment ou à,yes,no,fragment,,
sur le rebord de la,5,40261,9596,20.24,sur le rebord de le,yes,no,fragment,,
de l' évolution de la,5,40258,9597,13.45,de le évolution de le,yes,no,fragment,,
il y a là une,5,40255,9598,19.65,il y avoir là un,yes,no,fragment,,
qui ne l' est pas,5,40243,9599,14.33,qui ne le être pas,yes,yes,,,
il se dirigea vers la,5,40204,9600,24.91,il se dirigea vers le,no,no,fragment; rare word,,
les jours et les jours,5,40196,9601,20.24,le jour et le jour,yes,yes,,,
marchandises et en liaison avec,5,40145,9602,30.91,marchandise et en liaison avec,yes,no,fragment,,
dans la mesure où elles,5,40061,9603,24.6,dans le mesure où lui,yes,yes,,,
le ministre de l' Intérieur,5,40055,9604,,le ministre de le Intérieur,no,no,rare word,,
il y a d' autres,5,40033,9605,19.34,il y avoir de autre,yes,yes,,,
à l' angle de la,5,40029,9606,16.03,à le angle de le,yes,no,fragment,,
non autorisée est un délit,5,39995,9607,35.82,non autoriser être un délit,yes,yes,,,
ce que je dois faire,5,39935,9608,24.15,ce que je devoir faire,yes,yes,,,
un coup de pied dans,5,39897,9609,22.2,un coup de pied dans,yes,no,fragment,,
à la différence de la,5,39892,9610,14.26,à le différence de le,yes,no,fragment,,
jours et les jours fériés,5,39886,9611,31.23,jour et le jour férié,no,no,rare word,,
sous le coup de la,5,39885,9612,17.16,sou le coup de le,yes,no,fragment,,
les femmes et les hommes,5,39879,9613,20.59,le femme et le homme,yes,yes,,,
code de la santé publique,5,39864,9614,29.1,code de le santé public,yes,yes,,,
ça ne sert à rien,5,39839,9615,27.94,ça ne servir à rien,yes,yes,,,
l' intérieur de la maison,5,39774,9616,19.57,le intérieur de le maison,yes,yes,,,
ce qui va se passer,5,39760,9617,25.3,ce qui aller se passer,yes,yes,,,
que je ne comprends pas,5,39757,9618,22.69,que je ne comprendre pas,yes,yes,,,
ce que je vais faire,5,39727,9619,23.32,ce que je aller faire,yes,yes,,,
l' ensemble de la population,5,39724,9620,20.53,le ensemble de le population,yes,yes,,,
par l' intermédiaire d' un,5,39668,9621,21.27,par le intermédiaire de un,yes,no,fragment,,
dès le début de la,5,39620,9622,19.38,dès le début de le,yes,no,fragment,,
par le président de la,5,39609,9623,15.76,par le président de le,yes,no,fragment,,
à la fin de son,5,39597,9624,14.72,à le fin de son,yes,no,fragment,,
il ne lui restait plus,5,39580,9625,23.91,il ne luire rester plus,yes,yes,,,
du lundi au jeudi de,5,39562,9626,28.16,du lundi au jeudi de,yes,no,fragment,,
du ministère des Affaires étrangères,5,39556,9627,,du ministère un Affaires étranger,no,no,rare word,,
les marchandises et en liaison,5,39555,9628,28.65,le marchandise et en liaison,yes,yes,,,
dans la majorité des cas,5,39537,9629,23.37,dans le majorité un cas,yes,yes,,,
été déposés au greffe du,5,39522,9630,,être déposer au greffe du,no,no,fragment; rare word,,
et la mise en œuvre,5,39502,9631,21.39,et le mise en œuvre,yes,no,fragment,,
d' or et d' argent,5,39479,9632,23.05,de or et de argent,yes,yes,,,
il y a un an,5,39477,9633,22.34,il y avoir un an,yes,yes,,,
l' histoire de l' art,5,39388,9634,19.2,le histoire de le art,yes,yes,,,
du chef de l' État,5,39370,9635,,du chef de le État,no,no,rare word,,
y a quelque chose qui,5,39369,9636,25.68,y avoir quelque chose qui,yes,yes,,,
à l' abri des regards,5,39204,9637,27.23,à le abri un regard,yes,yes,,,
bras autour de son cou,5,39197,9638,29.99,bras autour de son cou,yes,yes,,,
la moindre idée de ce,5,39171,9639,22.31,le moindre idée de ce,yes,no,fragment,,
le long de la côte,5,39148,9640,21.26,le long de le côte,yes,yes,,,
aux termes de l' article,5,39140,9641,24.7,aux terme de le article,yes,yes,,,
du mardi au samedi le,5,39130,9642,28.61,du mardi au samedi le,yes,no,fragment,,
y avait quelque chose de,5,39119,9643,23.95,y avoir quelque chose de,yes,no,fragment,,
liaison avec les marchandises et,5,39118,9644,30.51,liaison avec le marchandise et,yes,no,fragment,,
la présidence de la République,5,39109,9645,,le présidence de le République,no,no,rare word,,
ce qui est de l',5,39078,9646,11.61,ce qui être de le,yes,no,fragment,,
il ne faut pas se,5,39058,9647,19.51,il ne falloir pas se,yes,no,fragment,,
ne faut pas oublier que,5,39017,9648,26.08,ne falloir pas oublier que,yes,no,fragment,,
quoi que ce soit de,5,39007,9649,20.71,quoi que ce être de,yes,no,fragment,,
que l ' on a,5,38983,9650,,que l ' on avoir,no,no,rare word,,
au CANADA depuis au moins,5,38981,9651,,au CANADA depuis au moins,no,no,rare word,,
il y en a pour,5,38965,9652,16.42,il y en avoir pour,yes,no,fragment,,
qui venait de se passer,5,38958,9653,24.07,qui venir de se passer,yes,yes,,,
à l' exception de la,5,38913,9654,15.62,à le exception de le,yes,no,fragment,,
la porte de la maison,5,38871,9655,17.61,le porte de le maison,yes,yes,,,
la porte de la cuisine,5,38866,9656,19.26,le porte de le cuisine,yes,yes,,,
au bout d' une heure,5,38864,9657,24.88,au bout de un heure,yes,yes,,,
fur et à mesure des,5,38860,9658,25.69,fur et à mesure un,yes,no,fragment,,
technologies de l' information et,5,38842,9659,24.66,technologie de le information et,yes,no,fragment,,
de tout et de rien,5,38822,9660,13.46,de tout et de rien,yes,no,fragment,,
de la mise en scène,5,38811,9661,21.04,de le mise en scène,yes,no,fragment,,
sont à l' origine de,5,38807,9662,17.6,être à le origine de,yes,no,fragment,,
l' homme et de la,5,38788,9663,11.46,le homme et de le,yes,no,fragment,,
avait l' impression d' être,5,38766,9664,22.59,avoir le impression de être,yes,yes,,,
avec un clin d' œil,5,38756,9665,29.67,avec un clin de œil,yes,yes,,,
lève les yeux au ciel,5,38741,9666,31.48,lève le oeil au ciel,yes,yes,,,
de l' existence d' un,5,38737,9667,15.84,de le existence de un,yes,no,fragment,,
je ne peux pas faire,5,38683,9668,23.82,je ne pouvoir pas faire,yes,yes,,,
la main sur l' épaule,5,38681,9669,23.83,le main sur le épauler,yes,yes,,,
Employée au CANADA depuis au,5,38675,9670,,Employée au CANADA depuis au,no,no,fragment; rare word,,
en même temps que l',5,38658,9671,17.52,en même temps que le,yes,no,fragment,,
à l' heure de la,5,38622,9672,13.24,à le heure de le,yes,no,fragment,,
de ce qui a été,5,38596,9673,16.35,de ce qui avoir être,yes,no,fragment,,
en un rien de temps,5,38580,9674,17.35,en un rien de temps,yes,yes,,,
l' embrasure de la porte,5,38574,9675,,le embrasure de le porte,no,no,rare word,,
fin du XVIII e siècle,5,38541,9676,,fin du XVIII e siècle,no,no,rare word,,
tous les jours le midi,5,38526,9677,25.88,tout le jour le midi,yes,yes,,,
de chaque côté de la,5,38518,9678,16.76,de chaque côté de le,yes,no,fragment,,
à la tête d' un,5,38516,9679,14.53,à le tête de un,yes,no,fragment,,
elle leva les yeux vers,5,38514,9680,28,lui lever le oeil vers,no,no,rare word,,
le temps et l' espace,5,38498,9681,19.42,le temps et le espace,yes,yes,,,
le fait de ne pas,5,38477,9682,13.97,le faire de ne pas,yes,yes,,,
sur l' ensemble de la,5,38435,9683,14.94,sur le ensemble de le,yes,no,fragment,,
de tout à l' heure,5,38374,9684,16.65,de tout à le heure,yes,no,fragment,,
de Copyright Arvensa Editions Page,5,38246,9685,,de Copyright Arvensa Editions Page,no,no,fragment; rare word,,
coup d' œil à sa,5,38199,9686,24.78,coup de œil à son,yes,no,fragment,,
de la fin de la,5,38191,9687,10.8,de le fin de le,yes,no,fragment,,
a fait l' objet de,5,38184,9688,19.47,avoir faire le objet de,yes,no,fragment,,
en jetant un coup d',5,38148,9689,26.67,en jeter un coup de,yes,no,fragment,,
la tête sur le côté,5,38130,9690,20.79,le tête sur le côté,yes,yes,,,
pas d' autre choix que,5,38092,9691,22.47,pas de autre choix que,yes,no,fragment,,
il y a de quoi,5,38042,9692,18.78,il y avoir de quoi,yes,yes,,,
l' un comme l' autre,5,38036,9693,16.31,le un comme le autre,yes,yes,,,
l ' un de ses,5,38011,9694,,l ' un de son,no,no,fragment; rare word,,
par la mise en place,5,37996,9695,22.38,par le mise en place,yes,yes,,,
du tribunal de grande instance,5,37984,9696,32.03,du tribunal de grand instance,no,no,rare word,,
la cour d' appel de,5,37978,9697,21.86,le cour de appel de,yes,no,fragment,,
à la sortie de la,5,37976,9698,14.32,à le sortie de le,yes,no,fragment,,
depuis la nuit des temps,5,37970,9699,23.77,depuis le nuit un temps,yes,yes,,,
le cadre d ' une,5,37963,9700,,le cadre d ' un,no,no,fragment; rare word,,
sur le plan de travail,5,37940,9701,21.2,sur le plan de travail,yes,yes,,,
de l ' homme et,5,37916,9702,,de l ' homme et,no,no,fragment; rare word,,
au premier coup d' œil,5,37915,9703,29.43,au premier coup de œil,yes,yes,,,
et je ne peux pas,5,37901,9704,19.88,et je ne pouvoir pas,yes,no,fragment,,
au bord de la rivière,5,37869,9705,24.76,au bord de le rivière,yes,yes,,,
la main dans les cheveux,5,37840,9706,21.93,le main dans le cheveu,yes,yes,,,
ce que je vous ai,5,37821,9707,18.98,ce que je vous avoir,yes,yes,,,
tu vois ce que je,5,37698,9708,23.53,tu voir ce que je,yes,yes,,,
je ne lui ai pas,5,37681,9709,19.6,je ne luire avoir pas,yes,yes,,,
au sein de la communauté,5,37622,9710,23.49,au sein de le communauté,yes,no,written style,,
je suis d' accord avec,5,37607,9711,24.91,je être de accord avec,yes,no,fragment,,
à ce qui se passe,5,37602,9712,20.23,à ce qui se passe,yes,yes,,,
de ne pas l' avoir,5,37548,9713,15.18,de ne pas le avoir,yes,no,fragment,,
à compter de la date,5,37526,9714,22.65,à compter de le date,yes,yes,,,
d' une partie de la,5,37416,9715,13.87,de un partie de le,yes,no,fragment,,
de la France et de,5,37383,9716,10.93,de le France et de,no,no,fragment; rare word,,
il y a trois ans,5,37380,9717,24.63,il y avoir trois an,yes,yes,,,
quoi que ce soit à,5,37337,9718,21.91,quoi que ce être à,yes,no,fragment,,
il y a des années,5,37322,9719,20.54,il y avoir un année,yes,yes,,,
la prise de conscience de,5,37320,9720,19.46,le prise de conscience de,yes,no,fragment,,
un rôle important dans la,5,37296,9721,23.84,un rôle important dans le,yes,no,fragment,,
les bras l' un de,5,37272,9722,14.34,le bras le un de,yes,no,fragment,,
tout ce que nous avons,5,37269,9723,22.63,tout ce que nous avoir,yes,yes,,,
le bord de la route,5,37262,9724,20.91,le bord de le router,yes,yes,,,
quoi que ce soit d',5,37226,9725,22.54,quoi que ce être de,yes,no,fragment,,
la fin de la semaine,5,37198,9726,19.55,le fin de le semaine,yes,yes,,,
exemplaires ont été déposés au,5,37165,9727,,exemplaire avoir être déposer au,no,no,fragment; rare word,,
je ne suis pas encore,5,37160,9728,22.23,je ne être pas encore,yes,yes,,,
l' impôt sur les sociétés,5,37125,9729,28.14,le impôt sur le société,yes,yes,,,
notamment en ce qui concerne,5,37113,9730,26.85,notamment en ce qui concerner,yes,yes,,,
toutes les peines du monde,5,37108,9731,29.58,tout le peiner du monde,yes,yes,,,
il me semble que je,5,37108,9732,21.39,il me sembler que je,yes,yes,,,
le Conseil d' État a,5,37071,9733,,le Conseil de État avoir,no,no,rare word,,
il y a autre chose,5,37066,9734,23.57,il y avoir autre chose,yes,yes,,,
de la rue de la,5,37056,9735,11.51,de le rue de le,yes,no,fragment,,
l' espace et le temps,5,37027,9736,19.37,le espace et le temps,yes,yes,,,
entrée en vigueur de la,5,37008,9737,23.31,entrée en vigueur de le,yes,no,fragment,,
que l' on trouve dans,5,36832,9738,19.65,que le on trouver dans,yes,no,fragment,,
au moins une fois par,5,36825,9739,22.4,au moins un fois par,yes,no,fragment,,
à la fin du XIXe,5,36793,9740,,à le fin du XIXe,no,no,rare word,,
dans les bras l' un,5,36780,9741,16.77,dans le bras le un,yes,no,fragment,,
des Droits de l' Homme,5,36760,9742,,un Droits de le Homme,no,no,rare word,,
à la place de la,5,36660,9743,11.65,à le place de le,yes,no,fragment,,
par le biais de l',5,36657,9744,18.83,par le biais de le,yes,no,fragment,,
je ne me souviens plus,5,36640,9745,25.98,je ne me souvenir plus,yes,yes,,,
de la peine de mort,5,36639,9746,17.62,de le peiner de mort,yes,no,fragment,,
que l ' on ne,5,36614,9747,,que l ' on ne,no,no,fragment; rare word,,
ne se contente pas de,5,36610,9748,21.78,ne se content pas de,yes,no,fragment,,
à la tombée de la,5,36596,9749,15.82,à le tombée de le,yes,no,fragment,,
part et d' autre du,5,36593,9750,19.7,part et de autre du,yes,no,fragment,,
se mettre à l' abri,5,36576,9751,25.78,se mettre à le abri,yes,yes,,,
ne sert à rien de,5,36563,9752,22.11,ne servir à rien de,yes,no,fragment,,
à l' ensemble de la,5,36557,9753,12.92,à le ensemble de le,yes,no,fragment,,
au cours des dernières années,5,36555,9754,30.53,au cours un dernier année,yes,yes,,,
il est intéressant de noter,5,36536,9755,27.17,il être intéressant de noter,yes,yes,,,
l' espace d' une seconde,5,36517,9756,24.11,le espace de un seconde,yes,yes,,,
que je ne l' avais,5,36495,9757,18.43,que je ne le avoir,yes,yes,,,
le pour et le contre,5,36441,9758,14.62,le pour et le contre,yes,yes,,,
je te l' ai déjà,5,36431,9759,24.26,je te le avoir déjà,yes,yes,,,
de la Côte d' Ivoire,5,36413,9760,,de le Côte de Ivoire,no,no,fragment; rare word,,
font l' objet d' une,5,36408,9761,23.49,faire le objet de un,yes,no,fragment,,
sur l' ensemble du territoire,5,36402,9762,25.65,sur le ensemble du territoire,yes,yes,,,
je ne suis pas très,5,36395,9763,22.22,je ne être pas très,yes,yes,,,
à la place de l',5,36368,9764,12.29,à le place de le,yes,no,fragment,,
lui prit la main et,5,36171,9765,22.97,luire prendre le main et,yes,no,fragment,,
me dis pas que tu,5,36132,9766,24.22,me dire pas que tu,yes,yes,,,
il y a là un,5,36124,9767,19.21,il y avoir là un,yes,no,fragment,,
rien à voir avec l',5,36076,9768,20.53,rien à voir avec le,yes,no,fragment,,
deux exemplaires ont été déposés,5,36074,9769,,deux exemplaire avoir être déposer,no,no,rare word,,
à tout à l' heure,5,36069,9770,17.82,à tout à le heure,yes,yes,,,
avec plus ou moins de,5,36061,9771,19.17,avec plus ou moins de,yes,no,fragment,,
sur la base de l',5,36025,9772,15.93,sur le base de le,yes,no,fragment,,
je sais que je ne,5,36016,9773,20.13,je savoir que je ne,yes,no,fragment,,
porte de la salle de,5,36014,9774,17.88,porte de le salle de,yes,no,fragment,,
au sein de la famille,5,36013,9775,21.72,au sein de le famille,yes,no,written style,,
je ne suis pas certain,5,35997,9776,25.06,je ne être pas certain,yes,yes,,,
l ' ensemble de la,5,35980,9777,,l ' ensemble de le,no,no,fragment; rare word,,
début du XIX e siècle,5,35961,9778,,début du XIX e siècle,no,no,rare word,,
la mise en scène de,5,35943,9779,20.93,le mise en scène de,yes,no,fragment,,
je ne voulais pas que,5,35878,9780,22.27,je ne vouloir pas que,yes,no,fragment,,
mais on ne peut pas,5,35875,9781,20.39,mais on ne pouvoir pas,yes,yes,,,
pour ne pas avoir à,5,35863,9782,17.7,pour ne pas avoir à,yes,no,fragment,,
sur la table de chevet,5,35818,9783,26.16,sur le table de chevet,yes,yes,,,
