word	lemma
de	de
je	je
est	être
pas	pas
le	le
que	que
la	le
vous	vous
tu	tu
un	un
c'	ce
à	à
et	et
il	il
a	avoir
l'	le
ne	ne
les	le
j'	je
en	en
on	on
ça	ça
une	un
d'	de
ce	ce
qu'	que
pour	pour
ai	avoir
n'	ne
des	un
qui	qui
mais	mais
dans	dans
nous	nous
elle	lui
me	me
bien	bien
si	si
du	du
y	y
suis	être
non	non
t'	te
avec	avec
tout	tout
plus	plus
mon	mon
m'	me
te	te
au	au
fait	faire
moi	moi
s'	se
oui	oui
va	aller
était	être
as	avoir
faire	faire
ils	il
sur	sur
quoi	quoi
se	se
comme	comme
sais	savoir
être	être
veux	vouloir
ici	ici
ma	mon
toi	toi
est-ce	est-ce
dit	dire
lui	luire
votre	votre
es	être
pourquoi	pourquoi
où	où
là	là
rien	rien
cette	ce
sont	être
quand	quand
peux	pouvoir
dire	dire
son	son
avez	avoir
vais	aller
alors	alors
ton	ton
comment	comment
par	par
ou	ou
chose	chose
bon	bon
ont	avoir
merci	merci
juste	juste
très	très
jamais	jamais
été	être
aussi	aussi
avoir	avoir
vraiment	vraiment
voir	voir
même	même
sa	son
oh	oh
maintenant	maintenant
tous	tout
peut	pouvoir
deux	deux
ces	ce
êtes	être
allez	aller
ta	ton
autre	autre
peu	peu
temps	temps
quelque	quelque
fais	faire
toujours	toujours
encore	encore
notre	notre
mes	mon
besoin	besoin
avait	avoir
accord	accord
faut	falloir
dois	devoir
vie	vie
peut-être	peut-être
aller	aller
fois	fois
vu	voir
donc	donc
sans	sans
monde	monde
étais	être
parce	parce
avant	avant
sûr	sûr
trop	trop
quelqu'	quelque
parler	parler
personne	personne
avais	avoir
père	père
crois	croire
après	après
aux	aux
dieu	dieu
ouais	ouais
ses	son
pense	penser
eu	avoir
aime	aimer
leur	son
homme	homme
viens	venir
vrai	vrai
femme	femme
ok	ok
doit	doit
veut	vouloir
ans	an
m.	m.
mal	mal
chez	chez
déjà	déjà
depuis	depuis
beaucoup	beaucoup
vos	votre
bonne	bon
mort	mort
mieux	mieux
vas	aller
mère	mère
sera	être
dis	dire
fille	fille
tes	ton
gens	gens
quel	quel
vois	voir
désolé	désolé
ca	ca
voilà	voilà
avons	avoir
petit	petit
maison	maison
soit	être
cela	celer
autres	autre
toute	toute
soir	soir
passé	passé
prendre	prendre
jour	jour
monsieur	monsieur
nos	notre
savoir	savoir
choses	chose
salut	salut
cet	ce
nom	nom
argent	argent
bonjour	bonjour
nuit	nuit
raison	raison
moins	moins
arrive	arriver
maman	maman
reste	reste
moment	moment
voulais	vouloir
seul	seul
aider	aider
air	air
entre	entrer
papa	papa
passe	passe
aurais	avoir
problème	problème
ah	ah
peur	peur
regarde	regarder
voulez	vouloir
gars	gars
trouvé	trouver
fils	fils
attends	attendre
savez	savoir
jusqu'	jusque
trouver	trouver
trois	trois
assez	assez
famille	famille
dû	devoir
eh	eh
toutes	tout
plaît	plaire
pourrait	pouvoir
travail	travail
pris	pris
pu	pouvoir
tête	tête
quelle	quel
sait	savoir
sommes	être
appelle	appeler
quelques	quelque
faites	faire
partir	partir
vite	vite
arrête	arrêter
seule	seul
serait	être
voiture	voiture
enfants	enfant
tuer	tuer
merde	merde
hé	hé
pendant	pendant
idée	idée
chance	chance
parle	parler
aurait	avoir
part	part
elles	lui
jours	jour
grand	grand
aujourd'hui	aujourd'hui
venir	venir
ami	ami
demain	demain
hein	hein
tard	tard
puis	pouvoir
truc	truc
passer	passer
petite	petit
tant	tant
connais	connaître
combien	combien
mec	mec
sens	sens
pouvez	pouvoir
porte	porte
sortir	sortir
super	super
heure	heure
contre	contre
coup	coup
comprends	comprendre
entendu	entendu
vient	venir
allons	aller
ensemble	ensemble
nouveau	nouveau
amour	amour
importe	importer
sang	sang
désolée	désolé
cas	cas
sous	sou
rester	rester
amis	ami
prends	prendre
fini	fini
hommes	homme
tué	tuer
question	question
partie	partie
histoire	histoire
devrais	devoir
aide	aide
dernière	dernier
demande	demande
chercher	chercher
pensais	penser
genre	genre
seulement	seulement
police	police
car	car
mois	mois
frère	frère
laisser	laisser
aucun	aucun
mettre	mettre
eux	lui
laisse	laisse
chaque	chaque
ville	ville
arrivé	arrivé
devrait	devoir
parlé	parlé
avez-vous	avez-vous
vont	aller
longtemps	longtemps
aucune	aucun
heures	heure
bébé	bébé
place	place
revoir	revoir
putain	putain
compris	compris
ni	ni
savais	savoir
leurs	leurs
étaient	être
attention	attention
donner	donner
affaire	affaire
endroit	endroit
pourrais	pouvoir
corps	corps
façon	façon
donné	donné
est-il	est-il
voici	voici
train	train
dont	dont
écoute	écoute
yeux	oeil
trouve	trouver
pouvoir	pouvoir
type	typer
perdu	perdu
premier	premier
première	première
côté	côté
point	point
tellement	tellement
main	main
tiens	tien
sois	être
enfant	enfant
vieux	vieux
matin	matin
venu	venir
pardon	pardon
là-bas	là-bas
suite	suite
vers	vers
minutes	minuter
demandé	demandé
venez	venir
devant	devant
dr	dr
enfin	enfin
arrêter	arrêter
cause	cause
nouvelle	nouveau
attendez	attendre
chambre	chambre
droit	droit
parti	parti
mis	mis
eau	eau
compte	compte
dirait	dire
terre	terrer
belle	beau
espère	espérer
aimerais	aimer
loin	loin
as-tu	as-tu
mari	mari
donne	donne
fin	fin
croire	croire
mme	mme
aura	aura
gros	gros
boulot	boulot
plutôt	plutôt
chérie	chéri
prêt	prêt
filles	fille
bureau	bureau
mourir	mourir
hier	hier
possible	possible
jouer	jouer
demander	demander
celui	celui
voulait	vouloir
beau	beau
jeune	jeune
euh	euh
dehors	dehors
docteur	docteur
a-t-il	a-t-il
confiance	confiance
appeler	appeler
années	année
vérité	vérité
école	école
chef	chef
femmes	femme
propos	propos
semaine	semaine
vivre	vivre
regardez	regarder
feu	feu
journée	journée
madame	madame
hey	hey
téléphone	téléphoner
près	près
affaires	affairer
meilleur	meilleur
devez	devoir
dessus	dessus
mains	main
penses	penser
prie	prie
équipe	équipe
vas-y	vas-y
grande	grand
manger	manger
arriver	arriver
dur	dur
guerre	guerre
ait	avoir
appelé	appelé
marche	marche
sécurité	sécurité
garçon	garçon
essaie	essayer
important	important
dites	dire
exactement	exactement
font	faire
fort	fort
presque	presque
plein	plein
derrière	derrière
ben	ben
mariage	mariage
parents	parent
capitaine	capitaine
dernier	dernier
fou	fou
ceux	celui
tomber	tomber
attendre	attendre
vue	vue
pensé	penser
souviens	souvenir
envie	envie
fête	fête
jeu	jeu
génial	génial
pays	pays
garde	garde
cours	cours
bientôt	bientôt
ii	ii
numéro	numéro
personnes	personne
cinq	cinq
parfait	parfait
excusez-moi	excusez-moi
laissé	laisser
ainsi	ainsi
retour	retour
semble	sembler
autant	autant
peine	peiner
minute	minute
essayé	essayer
plan	plan
instant	instant
serai	être
prison	prison
penser	penser
essayer	essayer
prend	prendre
arme	arme
mauvais	mauvais
mot	mot
travailler	travailler
quatre	quatre
rentrer	rentrer
regarder	regarder
choix	choix
êtes-vous	êtes-vous
parfois	parfois
film	film
abord	abord
voyez	voir
faute	faute
facile	facile
croyais	croire
bas	bas
changer	changer
entendre	entendre
plaisir	plaisir
heureux	heureux
entrer	entrer
voudrais	vouloir
es-tu	es-tu
propre	propre
étiez	être
tour	tour
fera	faire
ensuite	ensuite
garder	garder
agent	agent
allait	aller
lit	lit
travaille	travailler
adore	adorer
amie	amie
rendre	rendre
allons-y	allons-y
route	router
lieu	lieu
année	année
voit	voir
commence	commencer
service	service
devoir	devoir
attend	attendre
drôle	drôle
difficile	difficile
sûre	sûr
pire	pire
pos	pos
peuvent	pouvoir
sujet	sujet
état	état
ceci	ceci
impossible	impossible
sorte	sorte
perdre	perdre
dollars	dollar
voulu	vouloir
morte	mort
ira	aller
faisait	faire
bizarre	bizarre
oublié	oublier
arrêtez	arrêter
ferai	faire
serais	être
tôt	tôt
inquiète	inquiet
payer	payer
coeur	coeur
dès	dès
pouvais	pouvoir
reviens	revenir
chien	chien
suffit	suffire
prenez	prendre
pensez	penser
café	café
calme	calme
cherche	cherche
montrer	montrer
parles	parler
photo	photo
ferme	ferme
problèmes	problème
the	the
cœur	cœur
sûrement	sûrement
verre	verre
aimes	aimer
devons	devoir
veulent	vouloir
doute	doute
musique	musique
courant	courant
sauf	sauf
moyen	moyen
nouvelles	nouveau
puis-je	puis-je
avis	avis
sauver	sauver
hôpital	hôpital
questions	question
meurtre	meurtre
sérieux	sérieux
seconde	seconde
trucs	truc
comprendre	comprendre
allais	aller
esprit	esprit
cool	cool
mlle	mlle
marché	marché
fous	fou
laisse-moi	laisse-moi
haut	haut
salle	salle
malade	malade
changé	changer
gentil	gentil
allé	aller
six	six
simple	simple
john	john
semaines	semaine
celle	celui
jack	jack
appris	apprendre
seigneur	seigneur
dîner	dîner
sors	sors
commencé	commencer
suppose	supposer
chemin	chemin
partout	partout
bras	bras
cul	cul
prochaine	prochain
visage	visage
h	h
meilleure	meilleur
face	face
soirée	soirée
roi	roi
surtout	surtout
retard	retard
écrit	écrit
livre	livre
rapport	rapport
chéri	chéri
message	message
voulez-vous	voulez-vous
vaut	valoir
ferais	faire
morts	mort
boire	boire
soyez	être
président	président
plait	plait
bois	bois
sinon	sinon
erreur	erreur
new	new
ecoute	ecoute
mr	mr
rentre	rentrer
rendez-vous	rendez-vous
devait	devoir
revenir	revenir
joue	joue
pauvre	pauvre
devenir	devenir
s	s
rencontrer	rencontrer
sort	sort
commencer	commencer
pouvait	pouvoir
occupe	occuper
entends	entendre
souvent	souvent
pièce	pièce
reçu	recevoir
grave	grave
mets	mets
intérieur	intérieur
honneur	honneur
dormir	dormir
an	an
faux	faux
messieurs	monsieur
groupe	groupe
rêve	rêve
carte	carte
aviez	avoir
appel	appel
manque	manque
envoyé	envoyé
début	début
sam	sam
puisse	pouvoir
écoutez	écouter
laissez-moi	laissez-moi
bonsoir	bonsoir
content	content
secret	secret
venue	venue
cher	cher
dis-moi	dis-moi
effet	effet
voyons	voir
sac	sac
continue	continuer
acheter	acheter
voix	voix
certains	certain
occuper	occuper
noël	noël
gagner	gagner
grâce	grâce
maître	maître
prix	prix
mauvaise	mauvais
général	général
âge	âge
long	long
rue	rue
tirer	tirer
apprendre	apprendre
cheveux	cheveu
noir	noir
promis	promis
avaient	avoir
patron	patron
avocat	avocat
force	forcer
accident	accident
dix	dix
probablement	probablement
laissez	laisser
bout	bout
ordre	ordre
armes	arme
cru	cru
déteste	détester
retrouver	retrouver
millions	million
incroyable	incroyable
voyage	voyage
ailleurs	ailleurs
oublie	oublie
ressemble	ressembler
bienvenue	bienvenu
disparu	disparu
protéger	protéger
utiliser	utiliser
situation	situation
petits	petit
aurai	avoir
veux-tu	veux-tu
connaissez	connaître
simplement	simplement
scène	scène
sœur	sœur
prête	prêt
oncle	oncle
devriez	devoir
liste	liste
soeur	soeur
complètement	complètement
dos	dos
armée	armée
paix	paix
battre	battre
york	york
crime	crime
anniversaire	anniversaire
finir	finir
réussi	réussir
agit	agir
i	i
retourner	retourner
sale	sale
libre	libre
bouge	bouge
contrôle	contrôler
rappelle	rappeler
arrêté	arrêté
hôtel	hôtel
idiot	idiot
okay	okay
rencontré	rencontrer
restez	rester
absolument	absolument
mots	mot
victime	victime
impression	impression
décidé	décidé
sympa	sympa
pars	partir
fasse	faire
avion	avion
bordel	bordel
habitude	habitude
table	table
rouge	rouge
système	système
photos	photo
médecin	médecin
seras	être
bateau	bateau
stupide	stupide
faim	faim
autour	autour
fond	fond
surprise	surprise
croyez	croire
devais	devoir
ligne	ligne
porter	porter
imagine	imaginer
colère	colère
clair	clair
seront	être
savait	savoir
balle	balle
gagné	gagner
or	or
hors	hors
magnifique	magnifique
risque	risque
terminé	terminer
su	savoir
heureuse	heureux
mission	mission
jolie	joli
parlez	parler
présent	présent
sorti	sortir
cadeau	cadeau
expliquer	expliquer
volé	voler
plusieurs	plusieurs
gauche	gauche
ferait	faire
neuf	neuf
passe-t-il	passe-t-il
ouvre	ouvre
disais	dire
dedans	dedans
disent	dire
pouvons	pouvoir
allez-y	allez-y
suivre	suivre
pourra	pouvoir
inspecteur	inspecteur
réponse	réponse
lumière	lumière
pieds	pied
pote	pote
montre	montre
pied	pied
marcher	marcher
charlie	charlie
auras	avoir
envoyer	envoyer
vraie	vrai
espèce	espèce
doivent	devoir
allô	allô
pareil	pareil
vas-tu	vas-tu
soleil	soleil
camp	camp
fallait	falloir
coin	coin
ignore	ignorer
moitié	moitié
you	you
selon	selon
tenir	tenir
grosse	grosse
vouloir	vouloir
michael	michael
vieille	vieux
devenu	devenir
continuer	continuer
rend	rendre
sortie	sortie
recherche	recherche
arrière	arrière
lire	lire
doucement	doucement
joli	joli
avance	avance
exact	exact
disait	dire
club	club
arrivée	arrivée
tue	tue
laquelle	lequel
poser	poser
chaud	chaud
aimé	aimé
david	david
fais-tu	fais-tu
tom	tom
professeur	professeur
quitter	quitter
loi	loi
tueur	tueur
donne-moi	donne-moi
flics	flic
connaître	connaître
lettre	lettre
forme	forme
connaît	connaître
conseil	conseil
bar	bar
normal	normal
danger	danger
dangereux	dangereux
folle	folle
jure	jurer
tiré	tiré
essaye	essayer
bonnes	bon
offre	offre
but	but
froid	froid
allez-vous	allez-vous
prêts	prêt
tranquille	tranquille
gamin	gamin
joe	joe
classe	classe
joué	jouer
poste	poste
con	con
mike	mike
attaque	attaquer
boîte	boîte
enquête	enquête
visite	visiter
juge	juge
moi-même	moi-même
bord	bord
debout	debout
envoie	envoyer
preuve	preuve
oublier	oublier
bons	bon
vivant	vivant
ciel	ciel
lu	lire
touche	toucher
aimer	aimer
faites-vous	faites-vous
télé	télé
met	mettre
écouter	écouter
serez	être
ll	ll
pourtant	pourtant
change	change
triste	triste
droite	droite
gueule	gueule
tombe	tombe
sentir	sentir
ouvrir	ouvrir
travers	travers
santé	santé
dossier	dossier
ie	ie
jeunes	jeune
frank	frank
coucher	coucher
cuisine	cuisine
monte	monte
pouvez-vous	pouvez-vous
signifie	signifier
entrez	entrer
relation	relation
centre	centre
dame	dame
chacun	chacun
chanson	chanson
foutre	foutre
voler	voler
blanc	blanc
george	george
certain	certain
don	don
âme	âme
manière	manière
flic	flic
décision	décision
mange	manger
vit	vit
compagnie	compagnie
déjeuner	déjeuner
différent	différent
tire	tire
ordres	ordre
clé	clé
vaisseau	vaisseau
secondes	second
enfer	enfer
sortez	sortir
vendre	vendre
faisais	faire
responsable	responsable
mecs	mec
nulle	nulle
signe	signe
lieutenant	lieutenant
aille	aller
acheté	acheter
étrange	étrange
diable	diable
viennent	venir
monter	monter
là-dedans	là-dedans
l	l
capable	capable
emmener	emmener
écrire	écrire
honte	honte
bouche	bouche
préfère	préférer
coupable	coupable
rire	rire
payé	payer
soin	soin
milieu	milieu
appartement	appartement
prochain	prochain
cerveau	cerveau
paris	pari
m	m
blague	blague
choisi	choisir
époque	époque
aurez	avoir
voie	voie
réunion	réunion
connu	connu
allée	allée
intérêt	intérêt
cheval	cheval
combat	combat
silence	silence
coups	coup
existe	exister
ia	ia
retourne	retourne
tel	tel
trou	trou
public	public
peter	peter
oeil	oeil
pleine	plein
cacher	cacher
amoureux	amoureux
drogue	droguer
commandant	commandant
garçons	garçon
faisons	faire
paul	paul
n	ne
tient	tenir
est-elle	est-elle
prise	prise
gouvernement	gouvernement
dirai	dire
client	client
adresse	adresse
journal	journal
contact	contact
dingue	dingue
sent	sentir
récupérer	récupérer
base	base
preuves	preuve
présente	présente
peau	peau
servir	servir
peuple	peuple
exemple	exemple
fiche	fiche
max	max
promets	promettre
lequel	lequel
blessé	blessé
c	c
société	société
tort	tort
sept	sept
pourriez	pouvoir
savent	savoir
ouvert	ouvert
héros	héros
menti	mentir
mer	mer
contente	content
quitté	quitter
jeter	jeter
sauvé	sauver
bière	bière
assis	assis
robe	robe
ecoutez	ecoutez
devient	devenir
félicitations	félicitation
opération	opération
prévu	prévoir
fut	être
tenez	tenir
livres	livre
répondre	répondre
seuls	seul
pute	pute
entrée	entrée
vol	vol
horrible	horrible
vin	vin
dommage	dommage
dites-moi	dites-moi
auriez	avoir
colonel	colonel
ramener	ramener
règles	règle
nez	nez
justice	justice
fbi	fbi
découvert	découvert
départ	départ
bruit	bruit
secours	secours
vérifier	vérifier
enceinte	enceinte
mise	mise
témoin	témoin
dirais	dire
directeur	directeur
intéressant	intéressant
excuse	excuse
environ	environ
t	t
inutile	inutile
terrible	terrible
danse	danse
position	position
humain	humain
apparemment	apparemment
avenir	avenir
rêves	rêve
œil	œil
bête	bête
sérieusement	sérieusement
bravo	bravo
approche	approche
nourriture	nourriture
fric	fric
plupart	plupart
lycée	lycée
tas	tas
empêcher	empêcher
longue	longue
sexe	sexe
niveau	niveau
banque	banque
éviter	éviter
étions	être
lune	lune
pitié	pitié
liberté	liberté
expérience	expérience
procès	procès
radio	radio
hum	hum
verra	voir
thé	thé
partez	partir
utilisé	utiliser
mur	mur
pose	pose
revenu	revenu
deuxième	deuxième
bande	bande
asseyez-vous	asseyez-vous
certaines	certain
ridicule	ridicule
nord	nord
appelez	appeler
copine	copiner
baiser	baiser
anglais	anglais
henry	henry
toilettes	toilette
portes	porte
faudra	falloir
occupé	occupé
grands	grand
and	and
dérange	déranger
rôle	rôle
censé	censé
savez-vous	savez-vous
james	james
reine	reine
croit	croire
cour	cour
église	église
vide	vide
obtenir	obtenir
conneries	connerie
ennuis	ennui
personnel	personnel
conduire	conduire
tombé	tomber
sol	sol
code	code
huit	huit
avions	avions
espoir	espoir
comprenez	comprendre
spécial	spécial
vidéo	vidéo
vêtements	vêtement
défense	défense
alex	alex
sud	sud
grand-mère	grand-mère
match	match
bombe	bombe
intéresse	intéresser
zone	zone
tante	tante
paraît	paraître
excuser	excuser
magasin	magasin
marier	marier
chère	chère
aie	avoir
souvenir	souvenir
proche	proche
revient	revient
danny	danny
douleur	douleur
arrivera	arriver
presse	presse
merveilleux	merveilleux
asseoir	asseoir
ravi	ravir
aimais	aimer
h.	h.
amérique	amérique
fenêtre	fenêtre
mien	mien
terrain	terrain
sergent	sergent
peux-tu	peux-tu
projet	projet
quartier	quartier
planète	planète
certainement	certainement
rapide	rapide
lorsque	lorsque
assurer	assurer
rendu	rendu
mignon	mignon
tourne	tourne
danser	danser
bob	bob
clients	client
petites	petit
aimez	aimer
présenter	présenter
importance	importance
venus	venir
jimmy	jimmy
sache	savoir
mérite	mérite
machine	machine
derniers	dernier
programme	programme
mesdames	madame
meilleurs	meilleur
honnête	honnête
essayez	essayer
irai	aller
connard	connard
occasion	occasion
prouver	prouver
travaillé	travailler
glace	glace
ayez	avoir
parie	parier
camion	camion
fier	fier
discuter	discuter
village	village
spectacle	spectacle
d	d
nul	nul
rose	rose
touché	toucher
mangé	manger
vis	vis
parole	parole
rencontre	rencontre
apprécie	apprécier
jane	jane
réalité	réalité
savons	savon
respect	respect
remettre	remettre
vacances	vacance
détruire	détruire
choisir	choisir
ha	ha
découvrir	découvrir
idées	idée
officier	officier
frères	frère
sert	servir
bill	bill
solution	solution
informations	information
attendais	attendre
monstre	monstre
sexy	sexy
ordinateur	ordinateur
retrouvé	retrouver
nature	nature
rappeler	rappeler
énergie	énergie
pierre	pierre
utilise	utiliser
pression	pression
chaussures	chaussure
faite	faire
histoires	histoire
sarah	sarah
marié	marier
espace	espace
soient	être
nick	nick
portable	portable
préparer	préparer
nécessaire	nécessaire
court	court
offrir	offrir
will	will
ai-je	ai-je
tony	tony
envers	envers
bain	bain
charge	charge
mary	mary
harry	harry
jim	jim
ennemi	ennemi
arrivent	arriver
immédiatement	immédiatement
finalement	finalement
énorme	énorme
grand-père	grand-père
test	test
gagne	gagner
réfléchir	réfléchir
victimes	victime
chanter	chanter
futur	futur
lâche	lâche
mademoiselle	mademoiselle
copain	copain
enlever	enlever
pensez-vous	pensez-vous
retrouve	retrouver
épouser	épouser
fleurs	fleur
salope	salope
aies	avoir
gosse	gosse
arranger	arranger
riche	riche
faits	faire
ancien	ancien
stop	stop
accepter	accepter
restes	reste
nouveaux	nouveau
sauter	sauter
suspect	suspect
vies	vie
durant	durer
invité	inviter
politique	politique
dents	dent
patient	patient
repas	repas
urgence	urgence
cartes	carte
jambes	jambe
conversation	conversation
telle	tel
bus	bus
to	to
tourner	tourner
toucher	toucher
mémoire	mémoire
série	série
mariée	marié
contraire	contraire
vent	vent
taille	taille
donnez-moi	donnez-moi
trouves	trouver
celui-là	celui-là
chat	chat
continuez	continuer
contrat	contrat
couteau	couteau
double	double
dure	dure
carrière	carrière
excuse-moi	excuse-moi
ray	ray
regardé	regarder
descendre	descendre
université	université
sentiments	sentiment
papier	papier
remarqué	remarquer
noms	nom
vécu	vécu
courage	courage
beauté	beauté
bu	boire
tais-toi	tais-toi
après-midi	après-midi
excellent	excellent
assieds-toi	assieds-toi
richard	richard
propres	propre
parmi	parmi
forte	forte
étant	étant
couple	couple
aiment	aimer
permis	permis
différence	différence
faudrait	falloir
course	course
humains	humain
dégage	dégager
mille	mille
accès	accès
cible	cible
joyeux	joyeux
bonheur	bonheur
aimait	aimer
manqué	manqué
action	action
steve	steve
aidé	aider
vouliez	vouloir
trouvez	trouver
films	film
emmène	emmener
marie	marier
taxi	taxi
restaurant	restaurant
crise	crise
piste	piste
dernières	dernier
puisque	puisque
blanche	blanche
coupe	coupe
secrets	secret
prince	prince
marrant	marrant
raisons	raison
refuse	refuser
apporté	apporter
cassé	cassé
lors	lors
mettez	mettre
dis-lui	dis-lui
tuée	tuer
maladie	maladie
mienne	mien
rentré	rentré
week-end	week-end
excuses	excuse
km	km
alcool	alcool
voudrait	vouloir
fil	fil
rends	rendre
quitte	quitte
couché	couché
disons	dire
totalement	totalement
claire	claire
it	it
londres	londres
remercier	remercier
mêmes	même
partis	parti
pensait	penser
île	île
tommy	tommy
remercie	remercier
caméra	caméra
pensent	penser
suis-je	suis-je
pleurer	pleurer
régler	régler
ouvrez	ouvrez
entier	entier
foutu	foutu
types	typer
fermer	fermer
animaux	animal
dise	dire
image	image
étage	étage
rejoindre	rejoindre
soldats	soldat
amuser	amuser
points	point
suivi	suivi
oubliez	oublier
langue	langue
direction	direction
frais	frais
veuillez	vouloir
miss	miss
soldat	soldat
couleur	couleur
bouger	bouger
frappé	frappé
frapper	frapper
venait	venir
raté	rater
évidemment	évidemment
sacré	sacrer
clés	clé
mentir	mentir
épouse	épouse
troisième	troisième
johnny	johnny
amy	amy
jésus	jésus
faible	faible
ryan	ryan
afin	afin
bleu	bleu
failli	failli
courir	courir
américain	américain
détails	détail
pont	pont
gay	gay
regarde-moi	regarde-moi
jake	jake
billy	billy
attraper	attraper
papiers	papier
poisson	poisson
lui-même	lui-même
wow	wow
chiens	chien
date	date
intention	intention
procureur	procureur
goût	goût
pourras	pouvoir
shérif	shérif
sais-tu	sais-tu
arrêt	arrêt
sourire	sourire
lait	lait
chasse	chasse
signal	signal
parlait	parler
destin	destin
marre	marre
français	français
princesse	princesse
paie	paie
foi	foi
chier	chier
dois-je	dois-je
présence	présence
doigts	doigt
partenaire	partenaire
quelles	quel
daniel	daniel
préféré	préférer
adieu	adieu
costume	costume
entreprise	entreprise
utile	utile
calme-toi	calme-toi
lien	lien
unique	unique
appartient	appartenir
attendant	attendre
amené	amener
moindre	moindre
quels	quel
amener	amener
amène	amène
enfoiré	enfoiré
recherches	rechercher
discours	discours
données	donner
robert	robert
art	art
appelles	appeler
salaud	salaud
penses-tu	penses-tu
magie	magie
bouteille	bouteille
justement	justement
raconter	raconter
rapidement	rapidement
bref	bref
tribunal	tribunal
viendra	venir
passée	passée
superbe	superbe
pourrai	pouvoir
pièces	pièce
certaine	certain
obligé	obliger
formidable	formidable
pause	pause
identité	identité
campagne	campagne
lee	lee
auraient	avoir
couper	couper
mark	mark
morceau	morceau
os	os
lettres	lettre
nombre	nombre
intelligent	intelligent
gâteau	gâteau
dépend	dépendre
job	job
jeux	jeu
compter	compter
cou	cou
of	of
reprendre	reprendre
joie	joie
agents	agent
gardes	garde
star	star
regard	regard
demandez	demander
balles	balle
vendu	vendre
majesté	majesté
menace	menace
malgré	malgré
appareil	appareil
demandais	demander
là-haut	là-haut
privé	privé
adam	adam
forces	forcer
fonctionne	fonctionner
méchant	méchant
jambe	jambe
empreintes	empreinte
ange	ange
agir	agir
noire	noire
imbécile	imbécile
gentille	gentil
labo	labo
résultats	résultat
toi-même	toi-même
cinéma	cinéma
nouvel	nouveau
malheureusement	malheureusement
décider	décider
né	naître
importante	important
voulons	vouloir
détruit	détruire
parfaitement	parfaitement
martin	martin
produit	produit
réparer	réparer
chapeau	chapeau
gérer	gérer
écoute-moi	écoute-moi
adn	adn
échange	échange
mince	mince
bougez	bouger
parfaite	parfait
meurt	mourir
fout	foutre
vitesse	vitesse
fermé	fermé
succès	succès
au-dessus	au-dessus
etre	etre
souvenirs	souvenir
comprend	comprendre
odeur	odeur
pain	pain
falloir	falloir
aise	aise
caché	cacher
règle	règle
imaginer	imaginer
raconte	raconter
vus	voir
accepté	accepter
trouvée	trouver
dors	dormir
celui-ci	celui-ci
ministre	ministre
infos	info
vendredi	vendredi
voitures	voiture
lever	lever
arbre	arbre
maire	maire
faveur	faveur
pourraient	pouvoir
prendra	prendre
surpris	surpris
jeté	jeté
également	également
fac	fac
apporter	apporter
washington	washington
champ	champ
peut-on	peut-on
comptes	compte
échapper	échapper
valeur	valeur
in	in
réel	réel
couverture	couverture
million	million
article	article
doux	doux
parc	parc
toit	toit
unité	unité
resté	rester
plage	plage
partager	partager
malin	malin
recevoir	recevoir
inquiétez	inquiéter
attendu	attendu
charles	charles
coffre	coffre
uh	uh
eddie	eddie
chris	chris
celle-là	celui-là
ramène	ramener
mode	mode
folie	folie
extérieur	extérieur
van	van
membre	membre
prévenir	prévenir
cache	cache
inquiéter	inquiéter
hasard	hasard
concerne	concerner
réponds	répondre
génie	génie
j	je
parlais	parler
parlons	parler
jardin	jardin
saison	saison
montré	montrer
frappe	frappe
enchanté	enchanté
gosses	gosse
abandonner	abandonner
assure	assurer
apporte	apporter
prépare	préparer
mètres	mètre
suivant	suivant
souhaite	souhaiter
services	service
ouest	ouest
va-t'	va-t'
poids	poids
poche	poche
faisant	faire
répondu	répondre
directement	directement
source	source
france	france
créer	créer
samedi	samedi
aidez-moi	aidez-moi
univers	univers
saura	savoir
réalisé	réaliser
américains	américain
perds	perdre
membres	membre
viande	viande
o'	o'
bobby	bobby
sont-ils	sont-ils
crois-moi	crois-moi
amoureuse	amoureux
grandes	grand
changement	changement
compliqué	compliqué
bal	bal
page	page
conduit	conduit
passage	passage
piège	piège
kevin	kevin
ressens	ressentir
accepte	accepter
grace	grace
fais-le	fais-le
amusant	amusant
dan	dan
donnez	donner
traces	trace
trésor	trésor
explique	expliquer
fesses	fesse
perte	perte
fantôme	fantôme
naissance	naissance
retraite	retraite
regardes	regarder
franchement	franchement
côtés	côté
larry	larry
étranger	étranger
poulet	poulet
vienne	venir
débarrasser	débarrasser
enlève	enlève
marque	marque
mens	mentir
fantastique	fantastique
cent	cent
beaux	beau
entendez	entendre
ouverte	ouvert
bâtiment	bâtiment
a-t-elle	a-t-elle
devrions	devoir
embrasser	embrasser
tombée	tombée
manquer	manquer
entré	entrer
san	san
chevaux	cheval
habite	habiter
animal	animal
fatigué	fatigué
heureusement	heureusement
billets	billet
convaincre	convaincre
appelait	appeler
rachel	rachel
paradis	paradis
émission	émission
lance	lancer
nettoyer	nettoyer
file	file
dimanche	dimanche
agréable	agréable
plans	plan
conscience	conscience
ennemis	ennemi
disant	dire
connaissance	connaissance
douce	doux
belles	beau
sentiment	sentiment
bataille	bataille
perd	perdre
pourrez	pouvoir
relations	relation
espérais	espérer
fais-moi	fais-moi
vôtre	vôtre
servi	servir
souci	souci
note	note
doigt	doigt
mensonge	mensonge
volonté	volonté
walter	walter
victoire	victoire
direct	direct
abandonné	abandonné
information	information
joindre	joindre
proches	proche
brian	brian
droits	droit
eric	eric
nerveux	nerveux
coupé	coupé
patients	patient
invités	inviter
arrivés	arriver
descends	descendre
pleure	pleurer
traitement	traitement
jerry	jerry
senti	sentir
cancer	cancer
répète	répéter
reposer	reposer
regrette	regretter
aide-moi	aide-moi
flingue	flingue
cousin	cousin
désormais	désormais
vérifié	vérifier
crains	craindre
douche	douche
gaz	gaz
interdit	interdire
théorie	théorie
scott	scott
trace	trace
contrôler	contrôler
signer	signer
no	no
demandes	demande
internet	internet
andy	andy
cherchez	chercher
salon	salon
pete	pete
serons	être
appels	appel
lancer	lancer
protection	protection
pantalon	pantalon
rappelles	rappeler
dossiers	dossier
style	style
ravie	ravir
semblant	semblant
yeah	yeah
kim	kim
offert	offrir
vieil	vieux
humaine	humain
grandi	grandir
médicaments	médicament
acte	acte
moyens	moyen
lois	loi
kate	kate
meurs	mourir
laisserai	laisser
aéroport	aéroport
mauvaises	mauvais
détective	détective
autrement	autrement
témoins	témoin
queue	queue
coincé	coincer
mariés	marier
sonne	sonner
innocent	innocent
dira	dire
créé	créé
jason	jason
supporter	supporter
milliers	millier
heu	heu
infirmière	infirmier
métier	métier
crétin	crétin
retirer	retirer
surveillance	surveillance
chances	chance
oreilles	oreille
trouvera	trouver
suicide	suicide
militaire	militaire
atteindre	atteindre
fuir	fuir
casse	casse
dormi	dormir
pilote	pilote
rires	rire
appelée	appeler
risques	risque
leçon	leçon
paquet	paquet
man	man
défendre	défendre
immeuble	immeuble
récemment	récemment
chinois	chinois
battu	battu
aveugle	aveugle
oiseau	oiseau
qu	qu
propriétaire	propriétaire
ancienne	ancien
veste	veste
anna	anna
simon	simon
saviez	savoir
amies	amie
cherché	chercher
tirez	tirer
al	al
différents	différent
gardez	garder
feras	faire
lisa	lisa
lis	lis
station	station
mandat	mandat
assassin	assassin
thomas	thomas
célèbre	célèbre
dort	dormir
bague	bague
dépêche-toi	dépêche-toi
tente	tente
devenue	devenir
ventre	ventre
carter	carter
respire	respirer
haute	haute
connaissais	connaître
genoux	genou
terme	terme
vert	vert
emily	emily
refusé	refuser
hâte	hâte
réveiller	réveiller
commande	commande
commun	commun
souris	souris
partons	partir
perdue	perdre
dirige	diriger
verras	voir
charmant	charmant
chante	chanter
sport	sport
celle-ci	celui-ci
viré	virer
ies	ies
fiston	fiston
étoiles	étoiler
laisses	laisser
parlant	parlant
là-dessus	là-dessus
signé	signer
virer	virer
permettre	permettre
pouvoirs	pouvoir
luke	luke
pluie	pluie
passez	passer
vrais	vrai
enlevé	enlevé
moments	moment
blesser	blesser
ombre	ombre
rome	rome
épisode	épisode
talent	talent
chocolat	chocolat
assurance	assurance
angleterre	angleterre
couche	couche
site	site
neige	neige
gardé	gardé
chemise	chemise
ted	ted
voulaient	vouloir
emploi	emploi
précédemment	précédemment
surveiller	surveiller
privée	priver
entière	entier
saint	saint
parlent	parler
réfléchi	réfléchir
my	my
attendent	attendre
jette	jeter
facilement	facilement
joues	joue
jury	jury
passera	passer
voleur	voleur
véritable	véritable
entend	entendre
chaise	chaise
accusé	accuser
zéro	zéro
clairement	clairement
mouvement	mouvement
celles	celui
sommeil	sommeil
blancs	blanc
survivre	survivre
semblait	sembler
o	o
craint	craindre
traduction	traduction
notes	note
repos	repos
siège	siège
policier	policier
allés	aller
puissance	puissance
familles	famille
second	second
cellule	cellule
engagé	engagé
adorable	adorable
matt	matt
spéciale	spéciale
violence	violence
ours	ours
gorge	gorge
examen	examen
dieux	dieu
major	major
obtenu	obtenir
évident	évident
distance	distance
titre	titre
lundi	lundi
choc	choc
différentes	différent
théâtre	théâtre
exploser	exploser
â	â
rivière	rivière
paye	paye
allo	allo
revenez	revenir
écoutes	écouter
logique	logique
alice	alice
miracle	miracle
lève	lève
montagne	montagne
essayais	essayer
pauvres	pauvre
tenu	tenu
chicago	chicago
auprès	auprès
lèvres	lèvre
plat	plat
lunettes	lunette
journaux	journal
attaquer	attaquer
mine	mine
pistolet	pistolet
divorce	divorce
noirs	noir
meurtres	meurtre
premiers	premier
forêt	forêt
respirer	respirer
fortune	fortune
réponses	réponse
devraient	devoir
explosion	explosion
reviendra	revenir
mène	mener
doc	doc
maria	marier
responsabilité	responsabilité
annie	annie
erreurs	erreur
principal	principal
épée	épée
tienne	tien
travaillait	travailler
tableau	tableau
cabinet	cabinet
normale	normale
alerte	alerte
meurtrier	meurtrier
whoa	whoa
libérer	libérer
commis	commis
sérieuse	sérieux
carl	carl
sous-titrage	sous-titrage
rock	rock
vision	vision
réveillé	réveiller
auront	avoir
mesure	mesure
arthur	arthur
kyle	kyle
ed	ed
louis	louis
1er	1er
secrétaire	secrétaire
dave	dave
images	image
fuite	fuite
amitié	amitié
annonce	annonce
pousser	pousser
william	william
idiote	idiot
nombreux	nombreux
brisé	brisé
raconté	raconter
cardiaque	cardiaque
minuit	minuit
humeur	humeur
physique	physique
prof	prof
lieux	lieu
los	los
seins	sein
crier	crier
top	top
go	go
permission	permission
romantique	romantique
lac	lac
vente	vente
vache	vache
suit	suivre
clark	clark
courses	course
casser	casser
études	étude
modèle	modèle
susan	susan
version	version
jeff	jeff
pensées	penser
prudent	prudent
plaisante	plaisanter
emmené	emmener
réfléchis	réfléchir
concert	concert
blessure	blessure
tir	tir
chauffeur	chauffeur
midi	midi
souvenez	souvenir
puissant	puissant
moteur	moteur
répond	répondre
hmm	hmm
city	city
coûte	coûter
reculez	reculer
dessous	dessous
souffle	souffler
construire	construire
démon	démon
achète	acheter
smith	smith
caméras	caméra
pousse	pousse
cesse	cesser
gare	gare
rentrée	rentrée
finit	finir
bosse	bosse
kelly	kelly
fer	fer
couilles	couille
quiconque	quiconque
vole	vole
ignorais	ignorer
soutien	soutien
usine	usine
château	château
lâche-moi	lâche-moi
ont-ils	ont-ils
garage	garage
délicieux	délicieux
oreille	oreille
virus	virus
réellement	réellement
posé	poser
avancer	avancer
maisons	maison
voisins	voisin
dites-lui	dites-lui
deviens	devenir
sage	sage
crédit	crédit
ambulance	ambulance
gamins	gamin
fière	fier
tourné	tourner
puce	puce
finie	finir
canon	canon
liquide	liquide
devine	deviner
particulier	particulier
prennent	prendre
traverser	traverser
rues	rue
park	park
criminel	criminel
cependant	cependant
sombre	sombre
agence	agence
comportement	comportement
artiste	artiste
bosser	bosser
gouverneur	gouverneur
paroles	parole
résoudre	résoudre
chut	choir
période	période
bat	bat
seraient	être
bébés	bébé
cherches	chercher
e	e
croyez-moi	croyez-moi
donnes	donner
préparé	préparer
soucis	souci
traiter	traiter
street	street
différente	différent
reconnais	reconnaître
bye	bye
pourriez-vous	pourriez-vous
fromage	fromage
essence	essence
ayant	avoir
côte	côte
tenté	tenter
chaleur	chaleur
tests	test
champagne	champagne
objet	objet
ouai	ouai
disparaître	disparaître
oiseaux	oiseau
re	r
europe	europe
supposé	supposer
supplie	supplier
tournée	tournée
résultat	résultat
roger	roger
concernant	concerner
vérifie	vérifier
souffrir	souffrir
occupée	occuper
fusil	fusil
gardien	gardien
déranger	déranger
verrai	voir
fatiguée	fatiguer
vote	vote
dégagez	dégager
anciens	ancien
voila	voiler
tués	tuer
forcément	forcément
cadeaux	cadeau
herbe	herbe
b	b
menteur	menteur
vivante	vivant
riches	riche
vive	vive
sacrée	sacrer
taylor	taylor
adulte	adulte
siècle	siècle
attente	attente
endroits	endroit
écris	écrire
rapports	rapport
piscine	piscine
rentrez	rentrer
lendemain	lendemain
fumer	fumer
concours	concours
ment	mentir
monté	monter
passait	passer
vous-même	vous-même
inviter	inviter
coach	coach
fausse	faux
élevé	élevé
chair	chair
magique	magique
chaîne	chaîne
chèque	chèque
réseau	réseau
enfance	enfance
mensonges	mensonge
pourrions	pouvoir
choisis	choisir
taire	taire
inquiet	inquiet
enfuir	enfuir
bel	bel
profiter	profiter
science	science
revenue	revenue
billet	billet
crâne	crâne
jaloux	jaloux
tien	tien
arrestation	arrestation
laver	laver
nuits	nuit
caisse	caisse
scientifique	scientifique
russe	russe
cris	cri
traité	traité
attaqué	attaquer
écoutez-moi	écoutez-moi
montez	monter
sean	sean
promesse	promesse
sénateur	sénateur
blessures	blessure
sucre	sucre
murs	mur
attrape	attrape
représente	représenter
emma	emma
esprits	esprit
cloche	cloche
phil	phil
cia	cia
réputation	réputation
étudier	étudier
trompe	trompe
chute	chute
jackson	jackson
demi	demi
devra	devoir
plainte	plainte
grand-chose	grand-chose
tim	tim
joey	joey
sorcière	sorcière
venant	venant
alan	alan
californie	californie
tenue	tenue
journaliste	journaliste
soyons	être
chouette	chouette
karen	karen
aurons	avoir
avocats	avocat
cherchais	chercher
angeles	angeles
surveille	surveiller
département	département
abandonne	abandonner
prendrai	prendre
peinture	peinture
refaire	refaire
honnêtement	honnêtement
opinion	opinion
geste	geste
étais-tu	étais-tu
gaffe	gaffe
empire	empire
aient	avoir
pizza	pizza
seriez	être
fan	fan
poitrine	poitrine
y'	y'
jenny	jenny
lorsqu'	lorsque
médecins	médecin
remonte	remonter
aventure	aventure
réglé	régler
mac	mac
abby	abby
barre	barre
foyer	foyer
jean	jean
amuse	amuser
mener	mener
uniforme	uniforme
cauchemar	cauchemar
soupe	soupe
intelligente	intelligent
jus	jus
prêtre	prêtre
lily	lily
trompé	tromper
chuck	chuck
corde	corde
champion	champion
somme	sommer
conférence	conférence
commissaire	commissaire
répondez	répondre
attrapé	attraper
red	red
racontes	raconter
deviner	deviner
recommencer	recommencer
dis-tu	dis-tu
complet	complet
crimes	crime
maggie	maggie
crème	crème
construit	construire
excusez	excuser
entraînement	entraînement
centaines	centaine
calmer	calmer
joueur	joueur
couloir	couloir
horreur	horreur
propriété	propriété
admettre	admettre
matériel	matériel
verrez	voir
foule	foule
st	st
réaction	réaction
ennuie	ennuyer
laura	laura
pub	pub
hiver	hiver
manteau	manteau
pis	pis
débile	débile
trouverai	trouver
conseiller	conseiller
humanité	humanité
studio	studio
josh	josh
lapin	lapin
désert	désert
combattre	combattre
big	big
julie	julie
boutique	boutique
fonds	fonds
voient	voir
états-unis	états-unis
reviendrai	revenir
ramené	ramener
discussion	discussion
connaissait	connaître
vegas	vegas
sir	sir
fiancée	fiancée
remonter	remonter
incendie	incendie
arbres	arbre
conseils	conseil
géniale	génial
messages	message
ex	ex
surface	surface
appellent	appeler
atteint	atteint
recommence	recommencer
curieux	curieux
lucy	lucy
ascenseur	ascenseur
mars	mars
apprend	apprendre
abri	abri
larmes	larme
dites-vous	dites-vous
impliqué	impliquer
répéter	répéter
pardonner	pardonner
donnerai	donner
soi	soi
marine	marine
cadavre	cadavre
o.k.	o.k.
front	front
uniquement	uniquement
traîner	traîner
rare	rare
permet	permettre
stan	stan
parking	parking
morceaux	morceau
réussir	réussir
morgan	morgan
empêche	empêcher
traversé	traverser
américaine	américaine
hank	hank
décide	décider
doué	doué
gloire	gloire
gang	gang
communauté	communauté
plaisantes	plaisanter
déclaration	déclaration
jones	jones
portait	porter
croient	croire
projets	projet
frontière	frontière
saute	saute
hais	haïr
laissée	laisser
suivez-moi	suivez-moi
prénom	prénom
tenter	tenter
liaison	liaison
cérémonie	cérémonie
fasses	faire
vivent	vivre
ho	ho
océan	océan
vélo	vélo
aimerait	aimer
réaliser	réaliser
poupée	poupée
navire	navire
saches	savoir
parties	partie
patrick	patrick
remplacer	remplacer
prisonnier	prisonnier
ménage	ménage
porté	porté
employés	employer
dépêchez-vous	dépêchez-vous
bouton	bouton
acteur	acteur
show	show
julia	julia
mardi	mardi
juré	juré
barry	barry
médecine	médecine
restera	rester
lourd	lourd
chargé	chargé
au-delà	au-delà
survécu	survivre
bite	bite
soudain	soudain
voyais	voir
travailles	travailler
prévenu	prévenir
regardez-moi	regardez-moi
baisse	baisse
filer	filer
rompu	rompu
véhicule	véhicule
sauve	sauver
rencontrés	rencontrer
emmerde	emmerde
estomac	estomac
donna	donner
couvrir	couvrir
meilleures	meilleur
rater	rater
terminée	terminer
fred	fred
tâche	tâcher
réserve	réserve
brûler	brûler
chou	chou
réveille	réveiller
sentez	sentir
ferme-la	ferme-la
réveille-toi	réveille-toi
etait	etait
origine	origine
rêvé	rêver
gary	gary
pouviez	pouvoir
poursuivre	poursuivre
actions	action
tapis	tapis
absence	absence
lâcher	lâcher
tempête	tempête
um	um
souffre	souffrir
touchez	toucher
cents	cent
rempli	remplir
écran	écran
dis-le	dis-le
victor	victor
affreux	affreux
enterrement	enterrement
inconnu	inconnu
venger	venger
team	team
feriez	faire
sara	sara
inventé	inventer
installer	installer
ya	ya
va-t-il	va-t-il
rythme	rythme
étudiants	étudiant
pratique	pratique
whisky	whisky
calmez-vous	calmez-vous
travaillez	travailler
ballon	ballon
équipage	équipage
signes	signe
élèves	élève
faites-le	faites-le
parlera	parler
attirer	attirer
récompense	récompense
reconnu	reconnaître
irait	aller
loup	loup
traite	traite
lâchez-moi	lâchez-moi
ca.	ca.
vengeance	vengeance
imaginez	imaginer
navré	navrer
feront	faire
finis	finir
propose	proposer
forcé	forcé
lutte	lutte
opportunité	opportunité
personnage	personnage
2e	2e
boss	boss
arrêtes	arrêter
convaincu	convaincre
allons-nous	allons-nous
accompagner	accompagner
essayons	essayer
limite	limite
panique	panique
technologie	technologie
brillant	brillant
king	king
afrique	afrique
nourrir	nourrir
région	région
nathan	nathan
passent	passer
salaire	salaire
veille	veille
appelle-moi	appelle-moi
ceinture	ceinture
explication	explication
chansons	chanson
profond	profond
professionnel	professionnel
possède	posséder
étonnant	étonnant
venais	venir
casier	casier
jouez	jouer
roman	roman
sandwich	sandwich
arrives	arriver
nana	nana
nommé	nommer
incident	incident
retournez	retourner
sophie	sophie
potes	pote
comité	comité
chine	chine
technique	technique
haine	haine
identifier	identifier
célibataire	célibataire
jackie	jackie
annoncer	annoncer
portée	portée
fleur	fleur
roule	roule
palais	palais
tromper	tromper
lady	lady
attendait	attendre
jeudi	jeudi
abruti	abruti
disiez	dire
normalement	normalement
circonstances	circonstance
appelez-moi	appelez-moi
canapé	canapé
sommes-nous	sommes-nous
protège	protéger
est-à-dire	est-à-dire
affronter	affronter
connait	connait
élève	élève
pêche	pêche
masque	masque
couvert	couvert
extraordinaire	extraordinaire
malheur	malheur
sentais	sentir
royaume	royaume
porc	porc
envoyez	envoyer
brûle	brûler
entretien	entretien
vingt	vingt
objets	objet
gêne	gêne
bloc	bloc
aidera	aider
final	final
conduis	conduire
excellente	excellent
brûlé	brûlé
amanda	amanda
business	business
sauté	sauté
trouvent	trouver
ferez	faire
alarme	alarme
laisse-le	laisse-le
rencard	rencard
concentrer	concentrer
étoile	étoile
engager	engager
singe	singe
colle	colle
ooh	ooh
assistant	assistant
fallu	falloir
mm	mm
central	central
prisonniers	prisonnier
naturel	naturel
essayait	essayer
pardonnez-moi	pardonnez-moi
étape	étape
cage	cage
davantage	davantage
alliance	alliance
collègues	collègue
collier	collier
rayon	rayon
correct	correct
jesse	jesse
gâcher	gâcher
quant	quant
assassiné	assassiner
placard	placard
soif	soif
conditions	condition
min	min
remis	remis
russes	russe
miel	miel
personnellement	personnellement
entièrement	entièrement
howard	howard
impressionnant	impressionnant
passes	passé
créature	créature
black	black
lancé	lancé
kilomètres	kilométrer
sers	servir
échappé	échappé
parte	partir
prouve	prouver
associé	associé
monnaie	monnayer
dean	dean
moque	moque
voisin	voisin
clinique	clinique
tape	tape
têtes	tête
lentement	lentement
classique	classique
temple	temple
steven	steven
produits	produit
passion	passion
prenne	prendre
échoué	échouer
écouté	écouter
existence	existence
correspond	correspondre
analyse	analyse
retire	retirer
mystère	mystère
maîtresse	maîtresse
port	port
tension	tension
qualité	qualité
nationale	nationale
respecte	respecter
vierge	vierge
piano	piano
secteur	secteur
espérons	espérer
devoirs	devoir
pot	pot
contacter	contacter
secrète	secrète
dispute	dispute
cigarette	cigarette
manques	manque
bouffe	bouffe
jugement	jugement
idiots	idiot
courageux	courageux
limites	limite
bibliothèque	bibliothèque
désir	désir
condition	condition
sales	sale
courrier	courrier
volant	volant
merveilleuse	merveilleux
fumée	fumée
chanceux	chanceux
expert	expert
anne	anne
rick	rick
lève-toi	lève-toi
tasse	tasse
poussé	pousser
étrangers	étranger
censée	censé
permettez	permettre
hall	hall
approcher	approcher
that	that
greg	greg
pile	pile
japonais	japonais
soigner	soigner
urgences	urgence
effets	effet
essai	essai
fruits	fruit
yo	yo
remplir	remplir
commençons	commencer
miles	mile
donnera	donner
soins	soin
charlotte	charlotte
risqué	risquer
avouer	avouer
passés	passé
épreuve	épreuve
vivants	vivant
conduite	conduite
p	p
robin	robin
chffffff	chffffff
découvre	découvrir
avantage	avantage
retenir	retenir
love	lover
miroir	miroir
etat	etat
procédure	procédure
verres	verre
copie	copie
jaune	jaune
dames	dame
betty	betty
efforts	effort
proposé	proposer
blessée	blesser
crie	crier
voyager	voyager
disque	disque
golf	golf
annuler	annuler
section	section
catherine	catherine
aube	aube
précis	précis
appellerai	appeler
doug	doug
etes-vous	etes-vous
lumières	lumière
helen	helen
briser	briser
fait-il	fait-il
vampire	vampire
échec	échec
mexique	mexique
figure	figurer
repose	repose
urgent	urgent
profil	profil
médical	médical
chiffres	chiffre
carrément	carrément
pointe	pointe
is	is
interroger	interroger
sauce	sauce
séance	séance
fiancé	fiancé
chaude	chaude
sacs	sac
vivait	vivre
aimerai	aimer
alliez	allier
partage	partage
johnson	johnson
assise	assise
foot	foot
accusation	accusation
bagages	bagage
boule	boule
copains	copain
nu	nu
patience	patience
suivez	suivre
criminels	criminel
poissons	poisson
fermez	fermer
bleue	bleu
tyler	tyler
égal	égal
organiser	organiser
œuvre	œuvre
organisation	organisation
moto	moto
parlerai	parler
texas	texas
attitude	attitude
documents	document
étiez-vous	étiez-vous
effort	effort
enchantée	enchanter
restent	rester
diriger	diriger
apprends	apprendre
proposition	proposition
pareille	pareil
terres	terrer
serpent	serpent
all	all
audience	audience
info	info
voyait	voir
télévision	télévision
intéressé	intéresser
pattes	patte
possibilité	possibilité
football	football
poison	poison
maudit	maudire
cochon	cochon
reconnaître	reconnaître
paire	paire
your	your
condamné	condamner
croyait	croire
sauvage	sauvage
maximum	maximum
domaine	domaine
drogues	droguer
poussière	poussière
visiter	visiter
nôtres	nôtre
policiers	policier
rat	rat
ajouter	ajouter
chambres	chambre
séparer	séparer
valise	valise
idéal	idéal
exprès	exprès
cooper	cooper
empereur	empereur
forcer	forcer
vincent	vincent
juger	juger
montagnes	montagne
t-il	t-il
printemps	printemps
rebecca	rebecca
avoue	avouer
oliver	oliver
faisaient	faire
allaient	aller
profondément	profondément
aides	aider
collègue	collègue
bonbons	bonbon
fantômes	fantôme
légende	légende
embrasse	embrasse
suffisamment	suffisamment
disparition	disparition
suivante	suivant
commencez	commencer
poule	poule
semblez	sembler
éducation	éducation
restée	rester
dragon	dragon
plaque	plaque
prenons	prendre
auparavant	auparavant
mobile	mobile
peut-il	peut-il
jamie	jamie
elizabeth	elizabeth
malades	malade
molly	molly
invite	invite
musée	musée
connaissent	connaître
elle-même	elle-même
bijoux	bijou
refuser	refuser
chers	cher
pensée	penser
andrew	andrew
psy	psy
saurais	savoir
adultes	adulte
préviens	prévenir
appart	appart
chasser	chasser
sable	sable
balance	balance
critique	critique
fièvre	fièvre
irais	aller
terminer	terminer
brown	brown
monstres	monstre
angela	angela
leo	leo
essaies	essayer
coïncidence	coïncidence
charmante	charmant
née	naître
suggère	suggérer
raisonnable	raisonnable
conséquences	conséquence
jouait	jouer
décisions	décision
lucas	lucas
sensible	sensible
déposer	déposer
imagination	imagination
objection	objection
autorisation	autorisation
faites-moi	faites-moi
chirurgie	chirurgie
ordinaire	ordinaire
rouges	rouge
voyez-vous	voyez-vous
voudra	vouloir
vieilles	vieux
hollywood	hollywood
magazine	magazine
matière	matière
rentres	rentrer
vend	vendre
pourrais-je	pourrais-je
libéré	libérer
sexuelle	sexuel
posez	poser
bagarre	bagarre
ross	ross
solide	solide
lié	lié
marques	marque
cercle	cercler
caroline	carolin
sûrs	sûr
sortira	sortir
étudiant	étudiant
extrêmement	extrêmement
digne	digne
cirque	cirque
amen	amen
carlos	carlos
congé	congé
roy	roy
prenait	prendre
boston	boston
meurent	mourir
beurre	beurre
émotions	émotion
causé	causer
sortes	sorte
el	el
stade	stade
entraîner	entraîner
préférée	préférer
allemand	allemand
blonde	blonde
japon	japon
sortis	sortir
malheureux	malheureux
personnelle	personnel
barbara	barbara
épaule	épauler
était-ce	était-ce
we	we
pigé	piger
lls	lls
menacé	menacer
arrivait	arriver
taux	taux
tireur	tireur
mamie	mamie
3e	3e
supporte	supporter
lignes	ligner
voyant	voyant
examiner	examiner
terry	terry
orange	orange
nerveuse	nerveux
ouverture	ouverture
patiente	patient
huile	huile
trouverez	trouver
sire	sire
mignonne	mignonne
parfum	parfum
retourné	retourner
fêter	fêter
publique	public
invitée	invité
incapable	incapable
cap	cap
couleurs	couleur
sainte	saint
accompagne	accompagner
demi-heure	demi-heure
camarade	camarade
éliminer	éliminer
croix	croix
large	large
moral	moral
détail	détail
wilson	wilson
thérapie	thérapie
troupes	troupe
froide	froid
signature	signature
pensons	penser
parker	parker
donnée	donnée
assistante	assistant
éloigner	éloigner
trahi	trahir
jo	jo
enterré	enterré
adaptation	adaptation
brave	brave
jeunesse	jeunesse
guérir	guérir
officiers	officier
recule	reculer
toby	toby
machines	machine
justin	justin
sommet	sommet
géant	géant
démons	démon
taper	taper
linda	linda
territoire	territoire
organisé	organiser
portefeuille	portefeuille
sally	sally
adorer	adorer
scénario	scénario
emprunter	emprunter
tours	tour
etes	etes
nate	nate
alibi	alibi
respecter	respecter
marchera	marcher
tentative	tentative
décès	décès
rappelez	rappeler
lord	lord
livrer	livrer
blessés	blesser
donnent	donner
fêtes	fête
pressé	pressé
frankie	frankie
davis	davis
supérieur	supérieur
précieux	précieux
poil	poil
rats	rat
cave	cave
progrès	progrès
objectif	objectif
grosses	gros
cole	cole
bruce	bruce
armé	armé
panne	panne
iras	aller
bains	bain
officiellement	officiellement
enculé	enculer
difficiles	difficile
renvoyer	renvoyer
miller	miller
invitation	invitation
allemagne	allemagne
loyer	loyer
plateau	plateau
trés	trés
mai	mai
humour	humour
marcus	marcus
olivia	olivia
actes	acte
êtres	être
cinglé	cinglé
moche	moche
suffisant	suffisant
douée	douer
obligée	obliger
junior	junior
boit	boire
juifs	juif
enfermé	enfermer
joseph	joseph
travaux	travail
approchez	approcher
jolies	joli
expression	expression
cherchait	chercher
libres	libres
jordan	jordan
race	race
injuste	injuste
gordon	gordon
plu	pleuvoir
trafic	trafic
eue	avoir
déplacer	déplacer
exercice	exercice
travaillent	travailler
forts	fort
épousé	épouser
do	do
cabine	cabine
miami	miami
baise	baise
tenait	tenir
changera	changer
populaire	populaire
descend	descendre
nager	nager
ferons	faire
énervé	énervé
nôtre	nôtre
électrique	électrique
devrais-je	devrais-je
furieux	furieux
jessica	jessica
nation	nation
for	for
placé	placé
traître	traître
juif	juif
ouah	ouah
cassette	cassette
péché	péché
instinct	instinct
katie	katie
derek	derek
remise	remise
allemands	allemand
sexuel	sexuel
excitant	excitant
enregistrement	enregistrement
foutez	foutre
arrangé	arranger
original	original
agression	agression
rendez	rendre
commandé	commander
ailes	aile
employé	employer
ricky	ricky
boite	boiter
petit-déjeuner	petit-déjeuner
coupez	couper
avons-nous	avons-nous
angle	angle
participer	participer
neveu	neveu
activité	activité
coucou	coucou
température	température
bleus	bleu
cherchent	chercher
bourse	bourse
reçois	recevoir
éternité	éternité
poubelle	poubelle
harvey	harvey
milliards	milliard
vol.	vol.
compétition	compétition
viol	viol
marty	marty
coté	coté
pouls	pouls
laissez-le	laissez-le
jay	jay
illégal	illégal
termine	terminer
ranger	ranger
élever	élever
places	place
autorité	autorité
échelle	échelle
commission	commission
tribu	tribu
voleurs	voleur
comédie	comédie
seules	seul
accueil	accueil
pommes	pomme
premières	premier
autorisé	autorisé
taule	taule
absurde	absurde
souffrance	souffrance
rattraper	rattraper
demi-tour	demi-tour
indiens	indien
transformer	transformer
parle-moi	parle-moi
mérites	mérite
dégâts	dégât
fermée	fermer
réception	réception
french	french
réservé	réserver
annulé	annuler
wayne	wayne
mercredi	mercredi
meme	meme
négatif	négatif
union	union
deviennent	devenir
durer	durer
semblent	sembler
bombes	bomber
ivre	ivre
avancez	avancer
témoigner	témoigner
bah	bah
langage	langage
tunnel	tunnel
chats	chat
pur	pur
poudre	poudre
oeuvre	oeuvre
jour-là	jour-là
influence	influencer
todd	todd
méchants	méchant
by	by
numéros	numéro
récupéré	récupérer
pure	pur
biens	bien
garce	garce
tarte	tarte
tres	tres
hauteur	hauteur
carol	carol
finale	finale
culture	culture
revienne	revenir
pensiez	penser
pénis	pénis
crois-tu	crois-tu
déçu	déçu
production	production
bible	bible
pierres	pierre
gants	gant
sous-sol	sous-sol
beth	beth
oeufs	oeuf
nina	nina
pouvons-nous	pouvons-nous
rumeurs	rumeur
intérêts	intérêt
regardais	regarder
indice	indice
ministère	ministère
brad	brad
témoignage	témoignage
œufs	œufs
effrayant	effrayant
fouiller	fouiller
prier	prier
diane	diane
actrice	acteur
suspects	suspect
soirs	soir
pisser	pisser
causer	causer
finira	finir
entrepôt	entrepôt
oxygène	oxygéner
s.	s.
marshall	marshall
west	west
inquiètes	inquiet
conclu	conclure
souviens-toi	souviens-toi
devras	devoir
francisco	francisco
salade	salade
indique	indique
matinée	matinée
flotte	flotte
uns	un
rage	rage
amiral	amiral
perdus	perdu
gagnant	gagnant
mettent	mettre
national	national
frigo	frigo
christ	christ
vince	vince
sachant	sachant
opérations	opération
stress	stress
tuera	tuer
grant	grant
lâchez	lâcher
commander	commander
guide	guide
blagues	blague
chic	chic
comte	comte
fauteuil	fauteuil
prises	prise
vampires	vampire
noble	noble
apprécier	apprécier
auteur	auteur
kilos	kilo
tuerai	tuer
séparés	séparer
l.a.	l.a.
pouvaient	pouvoir
principale	principale
bottes	botte
semblerait	sembler
miens	mien
foutue	foutu
espion	espion
album	album
sortent	sortir
lou	lou
violent	violent
terroristes	terroriste
énerve	énerver
voudras	vouloir
repartir	repartir
spencer	spencer
teddy	teddy
serment	serment
unités	unité
restait	rester
promotion	promotion
sure	sur
division	division
ron	ron
viendrai	venir
foie	foie
puisses	pouvoir
pardonne	pardonner
robot	robot
relax	relax
jess	jess
mères	mère
ethan	ethan
joueurs	joueur
rejoint	rejoindre
taisez-vous	taisez-vous
collection	collection
stupides	stupide
option	option
communication	communication
bizarres	bizarre
rigole	rigole
anges	ange
vague	vague
innocents	innocent
lewis	lewis
nombreuses	nombreux
laboratoire	laboratoire
soutenir	soutenir
naturellement	naturellement
vends	vendre
floride	floride
charme	charme
ian	ian
adjoint	adjoint
trouvait	trouver
terroriste	terroriste
paraître	paraître
clan	clan
livraison	livraison
jalouse	jaloux
retiré	retirer
efficace	efficace
revenus	revenu
diplôme	diplôme
piégé	piéger
interne	interne
ennuyeux	ennuyeux
électricité	électricité
ignorer	ignorer
buvez	boire
pervers	pervers
baby	baby
gâché	gâcher
phase	phase
trouvés	trouver
repris	repris
enregistré	enregistrer
besoins	besoin
révolution	révolution
passons	passer
sein	sein
valait	valoir
barbe	barbe
pari	pari
fans	fan
dylan	dylan
connue	connu
commerce	commerce
formation	formation
habiller	habiller
fichu	fichu
renseignements	renseignement
bêtises	bêtise
michelle	michelle
parent	parent
tina	tina
commissariat	commissariat
gratuit	gratuit
tuyau	tuyau
couvre	couvrir
convient	convier
adoré	adorer
total	total
oû	oû
nancy	nancy
autrefois	autrefois
éteint	éteint
étude	étude
fenêtres	fenêtre
actuellement	actuellement
écart	écart
charger	charger
habitants	habitant
comté	comté
étudié	étudier
bol	bol
dette	dette
diner	diner
rêver	rêver
interrompre	interrompre
micro	micro
liens	lien
plastique	plastique
rompre	rompre
éteindre	éteindre
dégoûtant	dégoûtant
deviez	devoir
minable	minable
égoïste	égoïste
casey	casey
léger	léger
cigarettes	cigarette
sœurs	sœurs
edward	edward
réveillée	réveiller
one	one
cité	cité
be	be
culpabilité	culpabilité
las	las
adorerais	adorer
pourrons	pouvoir
produire	produire
nucléaire	nucléaire
russie	russie
rejoins	rejoindre
tandis	tandis
descendez	descendre
espagnol	espagnol
volée	volée
vaisseaux	vaisseau
régime	régime
pilules	pilule
aïe	aïe
empreinte	empreinte
russell	russell
sain	sain
identifié	identifié
évidence	évidence
fidèle	fidèle
trouveras	trouver
diras	dire
remède	remède
cimetière	cimetière
couler	couler
1re	1re
emporter	emporter
fâché	fâché
exécution	exécution
evidemment	evidemment
porno	porno
devrez	devoir
cellules	cellule
éléments	élément
rang	rang
autorités	autorité
laissera	laisser
hannah	hannah
fierté	fierté
vérifiez	vérifier
travaillais	travailler
congrès	congrès
détends-toi	détends-toi
pratiquement	pratiquement
enfui	enfuir
métro	métro
diamants	diamant
raymond	raymond
façons	façon
processus	processus
âmes	âme
caution	caution
lecture	lecture
rond	rond
camarades	camarade
ressemblait	ressembler
écraser	écraser
caractère	caractère
trous	trou
intelligence	intelligence
renforts	renfort
résister	résister
sous-titres	sous-titre
roses	rose
ressenti	ressentir
douze	douze
gus	gus
instructions	instruction
gibbs	gibbs
plaindre	plaindre
voudrez	vouloir
so	so
ali	ali
exprimer	exprimer
religion	religion
survie	survie
couches	coucher
pourri	pourrir
esclave	esclave
septembre	septembre
particulièrement	particulièrement
tradition	tradition
dennis	dennis
aidez	aider
jusque	jusque
commencent	commencer
stratégie	stratégie
chasseur	chasseur
intéressante	intéressant
walker	walker
quinn	quinn
guitare	guitare
loué	louer
attaché	attacher
nue	nue
améliorer	améliorer
termes	terme
soeurs	soeur
randy	randy
vidéos	vidéo
amant	amant
courte	court
escalier	escalier
owen	owen
bêtes	bête
défi	défi
gentils	gentil
rentrons	rentrer
créatures	créature
chirurgien	chirurgien
montre-moi	montre-moi
dollar	dollar
quatrième	quatrième
changent	changer
souvenez-vous	souvenez-vous
accent	accent
parlez-vous	parlez-vous
personnalité	personnalité
durs	dur
commandement	commandement
lampe	lamper
kenny	kenny
crever	crever
ken	ken
centrale	centrale
oscar	oscar
espérer	espérer
goûter	goûter
nerfs	nerf
grandir	grandir
préférerais	préférer
feux	feu
dépassé	dépassé
tuez	tuer
faut-il	faut-il
passant	passant
totale	totale
rencontrée	rencontrer
pro	pro
carrie	carrie
méchante	méchant
ressentir	ressentir
déclaré	déclaré
dessin	dessin
généreux	généreux
attendons	attendre
bourré	bourré
mn	mn
manuel	manuel
officiel	officiel
reconnaissance	reconnaissance
boisson	boisson
embrassé	embrassé
savaient	savoir
appétit	appétit
commandes	commande
découverte	découverte
risquer	risquer
entendue	entendre
excité	excité
rouler	rouler
câble	câble
fume	fumer
phrase	phrase
réveil	réveil
avère	avérer
champs	champ
disponible	disponible
levé	lever
julian	julian
dose	doser
coma	coma
cuisiner	cuisiner
groupes	groupe
envoyée	envoyer
dépêche	dépêche
sociale	social
assister	assister
comptez	compter
manières	manière
mangez	manger
équipes	équipe
gère	gérer
mortel	mortel
voies	voies
dick	dick
événements	événement
indien	indien
enterrer	enterrer
stylo	stylo
gamine	gamin
homicide	homicide
vais-je	vais-je
laissons	laisser
sue	suer
détendre	détendre
dis-leur	dis-leur
blake	blake
martha	martha
regardant	regardant
riz	riz
aurions	avoir
correctement	correctement
b.	b.
ailles	aller
crée	créer
imagines	imaginer
transfert	transfert
complexe	complexe
zut	zut
accueillir	accueillir
ongles	ongle
portrait	portrait
criminelle	criminelle
définitivement	définitivement
présenté	présenter
remarque	remarque
désastre	désastre
vraies	vrai
métal	métal
jennifer	jennifer
traverse	traverser
italie	italie
laissez-nous	laissez-nous
degrés	degré
connaissez-vous	connaissez-vous
up	up
coincée	coincer
masse	masse
etats-unis	etats-unis
pardonne-moi	pardonne-moi
drapeau	drapeau
traîne	traîne
croyez-vous	croyez-vous
plaire	plaire
baisé	baiser
rappelez-vous	rappelez-vous
reçoit	recevoir
liz	liz
devenus	devenir
noix	noix
cabane	cabane
lion	lion
jonathan	jonathan
budget	budget
inde	inde
malédiction	malédiction
souffert	souffrir
villes	ville
keith	keith
lot	lot
militaires	militaire
escaliers	escalier
rumeur	rumeur
serviette	serviette
commercial	commercial
méthode	méthode
eli	eli
avenue	avenue
autopsie	autopsie
pue	puer
cliente	client
arrange	arranger
venons	venir
descendu	descendre
intervention	intervention
arrêtée	arrêter
chefs	chef
priorité	priorité
serré	serré
italien	italien
quoique	quoique
casino	casino
acteurs	acteur
passeport	passeport
pomme	pomme
sincèrement	sincèrement
ressources	ressourcer
environnement	environnement
can	can
elena	elena
connor	connor
louise	louise
rigoles	rigoler
ellen	ellen
menaces	menace
regarde-toi	regarde-toi
toast	toast
bâton	bâton
doutes	doute
préfères	préférer
thanksgiving	thanksgiving
bail	bail
réunis	réunir
énormément	énormément
négocier	négocier
remets	remettre
sacrifice	sacrifice
reconnaissant	reconnaissant
williams	williams
jeremy	jeremy
citoyens	citoyen
abattu	abattu
habits	habit
otage	otage
tatouage	tatouage
interview	interview
couru	couru
héroïne	héroïne
opérer	opérer
tendance	tendance
rupture	rupture
médias	média
marqué	marqué
batterie	batterie
enseigne	enseigne
manager	manager
promener	promener
héritage	héritage
écrivain	écrivain
clown	clown
ecoute-moi	ecoute-moi
positif	positif
hitler	hitler
jungle	jungle
équipement	équipement
penny	penny
complice	complice
réalise	réaliser
préparez	préparer
profite	profiter
assuré	assurer
importantes	important
mette	mettre
pages	page
cousine	cousin
tester	tester
génération	génération
bâtard	bâtard
torture	torturer
putains	putain
creuser	creuser
mmm	mmm
jacob	jacob
a-t-on	a-t-on
loyauté	loyauté
techniquement	techniquement
cravate	cravate
mourra	mourir
effacer	effacer
t-shirt	t-shirt
brigade	brigade
événement	événement
rappelé	rappeler
dises	dire
étranges	étrange
collège	collège
leader	leader
ténèbres	ténèbres
samantha	samantha
trompes	trompe
associés	associé
examens	examen
taré	tarer
bart	bart
dent	dent
dangereuse	dangereux
poumons	poumon
holly	holly
destruction	destruction
bateaux	bateau
trouvais	trouver
pires	pire
charité	charité
considère	considérer
révérend	révérend
retrouvée	retrouver
girl	girl
surement	surement
expériences	expérience
quart	quart
poches	poche
désire	désirer
boîtes	boîte
malcolm	malcolm
moderne	moderne
résolu	résolu
manges	manger
mentionné	mentionner
pétrole	pétrole
solitaire	solitaire
essayant	essayer
démarre	démarrer
arracher	arracher
tendre	tendre
sincère	sincère
issue	issue
saut	saut
débrouiller	débrouiller
mickey	mickey
regardait	regarder
white	white
devaient	devoir
timide	timide
chevalier	chevalier
r	r
précisément	précisément
continues	continuer
halloween	halloween
ordures	ordure
volontaire	volontaire
interrogatoire	interrogatoire
trahison	trahison
vomir	vomir
tueurs	tueur
travis	travis
confirmé	confirmer
cri	cri
clay	clay
cassée	casser
soucie	soucier
censés	censé
adrian	adrian
siècles	siècle
cruel	cruel
plaisantez	plaisanter
agi	agir
probable	probable
scandale	scandale
laissent	laisser
otages	otage
invisible	invisible
mélange	mélanger
responsabilités	responsabilité
ashley	ashley
harold	harold
albert	albert
importants	important
attendrai	attendre
déménager	déménager
perdez	perdre
visages	visage
échantillon	échantillon
explosé	exploser
jouent	jouer
homer	homer
nan	nan
flash	flash
systèmes	système
usa	user
simples	simple
christine	christine
charges	charge
funérailles	funérailles
ressembler	ressembler
césar	césar
evan	evan
jouets	jouet
chaos	chaos
mm-hmm	mm-hmm
green	green
outils	outil
audrey	audrey
résistance	résistance
dessert	dessert
cons	con
insiste	insister
veuve	veuve
riley	riley
effectivement	effectivement
dernièrement	dernièrement
neil	neil
moyenne	moyenne
logan	logan
contient	contenir
espagne	espagne
virée	virée
épaules	épauler
stone	stone
passe-moi	passe-moi
altesse	altesse
gênant	gênant
voter	voter
manquait	manquer
laisse-la	laisse-la
protégé	protéger
esclaves	esclave
arrêtera	arrêter
construction	construction
utilisez	utiliser
cadavres	cadavre
immense	immense
net	net
renvoyé	renvoyer
population	population
mondiale	mondial
juillet	juillet
capacité	capacité
sortait	sortir
expliqué	expliquer
va-t-on	va-t-on
sensation	sensation
sien	sien
mason	mason
retenu	retenir
informer	informer
récupère	récupérer
ordonné	ordonner
potentiel	potentiel
baisser	baisser
admire	admirer
morale	morale
pasteur	pasteur
patrouille	patrouille
connerie	connerie
impact	impact
partant	partant
baseball	baseball
sel	sel
conducteur	conducteur
maintenir	maintenir
stable	stable
motel	motel
pourront	pouvoir
poker	poker
abattre	abattre
littéralement	littéralement
présidente	président
hill	hill
oublierai	oublier
tokyo	tokyo
jules	jules
panneau	panneau
évite	éviter
regardent	regarder
tragédie	tragédie
angel	angel
serveur	serveur
fruit	fruit
aaron	aaron
marge	marge
earl	earl
prière	prière
activités	activité
légiste	légiste
impôts	impôt
possession	possession
confirmer	confirmer
out	out
vendeur	vendeur
discuté	discuté
dépasse	dépasser
apprécié	apprécier
combinaison	combinaison
joan	joan
proposer	proposer
séjour	séjour
utilisent	utiliser
exception	exception
ambassadeur	ambassadeur
lincoln	lincoln
craindre	craindre
allison	allison
boy	boy
poing	poing
commences	commencer
chapitre	chapitrer
four	four
rapporte	rapporter
association	association
connaissiez	connaître
audition	audition
ordure	ordure
écriture	écriture
publicité	publicité
cendres	cendre
motif	motif
respiration	respiration
rends-moi	rends-moi
quinze	quinze
art.	art.
regretter	regretter
avril	avril
boue	boue
pleuré	pleurer
rita	rita
pipi	pipi
noté	noter
sammy	sammy
tv	tv
cran	cran
échappe	échapper
veuille	vouloir
vivez	vivre
apparence	apparence
principe	principe
oublies	oublier
essentiel	essentiel
moment-là	moment-là
quittez	quitter
sortons	sortir
alpha	alpha
gentleman	gentleman
gabriel	gabriel
eaux	eau
house	house
brise	brise
verte	verte
boules	boule
lauren	lauren
canada	canada
demandent	demander
exige	exiger
règlement	règlement
francis	francis
barney	barney
aimable	aimable
habillé	habillé
ann	ann
symbole	symbole
endormi	endormi
margaret	margaret
marin	marin
what	what
docteurs	docteur
adorent	adorer
revanche	revanche
rarement	rarement
gâteaux	gâteau
préparez-vous	préparez-vous
parait	parer
with	with
fonce	foncer
satellite	satellite
paige	paige
dettes	dette
rembourser	rembourser
passagers	passager
luxe	luxe
vallée	vallée
médicale	médical
reprend	reprendre
transport	transport
effrayé	effrayé
franc	franc
couronne	couronne
scientifiques	scientifique
chacune	chacun
plante	plante
menu	menu
revolver	revolver
bonhomme	bonhomme
légal	légal
liam	liam
discute	discuter
bonté	bonté
bières	bière
complète	complet
avertissement	avertissement
acier	acier
subir	subir
sentait	sentir
berlin	berlin
kitty	kitty
plais	plaire
planté	planter
branche	branche
puissante	puissant
engagement	engagement
imaginé	imaginer
options	option
coûté	coûter
changements	changement
révéler	révéler
mesures	mesure
coordonnées	coordonnée
contacts	contact
bip	bip
producteur	producteur
cessé	cesser
fonction	fonction
lame	lame
donnait	donner
navrée	navrer
shawn	shawn
cachée	cacher
salopard	salopard
cuir	cuir
monica	monica
megan	megan
direz	dire
goutte	goutte
rate	rate
ticket	ticket
douter	douter
chloé	chloé
fédéral	fédéral
stephen	stephen
maths	maths
ose	ose
attaques	attaquer
autoroute	autoroute
accuser	accuser
dealer	dealer
déposition	déposition
victoria	victoria
étonne	étonner
deuil	deuil
occupe-toi	occupe-toi
légère	léger
huh	huh
avocate	avocat
statue	statue
excellence	excellence
coule	coule
armés	armer
piqué	piquer
eva	eva
pères	père
basket	basket
harris	harris
ô	ô
pathétique	pathétique
x	x
journalistes	journaliste
remarquer	remarquer
booth	booth
matthew	matthew
innocente	innocent
fichiers	fichier
casque	casque
ruiné	ruiner
mené	mener
v	v
prime	prime
bloqué	bloquer
faisiez	faire
jenna	jenna
bénisse	bénir
hélas	héler
sec	sec
éclater	éclater
bienvenu	bienvenu
aile	aile
mortes	mort
combats	combat
kg	kg
protocole	protocole
prendrais	prendre
chatte	chatte
mouvements	mouvement
poignée	poignée
reviennent	revenir
gloria	gloria
nelson	nelson
aah	aah
vodka	vodka
roue	rouer
oblige	obliger
quartiers	quartier
boucle	boucle
mordu	mordre
fois-ci	fois-ci
légitime	légitime
délire	délire
médicament	médicament
resto	resto
trente	trente
island	island
douloureux	douloureux
vues	vue
tonnes	tonne
jersey	jersey
demoiselle	demoiselle
attire	attirer
bagnole	bagnole
serveuse	serveuse
contacté	contacter
relève	relève
reprends	reprendre
allume	allumer
conflit	conflit
accomplir	accomplir
bouteilles	bouteille
shane	shane
pensant	pensant
lisez	lire
prêtes	prêt
badge	badge
little	little
pension	pension
déposé	déposé
routine	routine
crève	crève
articles	article
chagrin	chagrin
local	local
saurai	savoir
appuie	appuyer
filmer	filmer
ayons	avoir
know	know
amusez-vous	amusez-vous
servent	servir
réduire	réduire
remet	remettre
filé	filé
courez	courir
rit	rit
symptômes	symptôme
feuilles	feuiller
candidat	candidat
vides	vide
soupirs	soupir
rory	rory
professionnelle	professionnel
ressemblent	ressembler
wade	wade
sauvages	sauvage
organise	organiser
munitions	munition
cercueil	cercueil
cm	cm
enquêter	enquêter
disparue	disparu
réelle	réel
trône	trône
ouverts	ouvert
planque	planque
asile	asile
louer	louer
allumer	allumer
craig	craig
tarder	tarder
fausses	faux
f	f
administration	administration
arrangement	arrangement
existent	exister
hop	hop
juin	juin
sachez	savoir
contrairement	contrairement
wendy	wendy
conseille	conseiller
ford	ford
fabrique	fabrique
mitchell	mitchell
obscurité	obscurité
talents	talent
enlevez	enlever
informé	informer
colline	colline
telles	tel
horribles	horrible
avoué	avoué
mentez	mentir
réalisateur	réalisateur
lesquelles	lequel
fait-on	fait-on
puits	puits
octobre	octobre
cherchons	chercher
costumes	costume
irez	aller
suis-moi	suis-moi
léo	léo
renoncer	renoncer
aimée	aimer
république	république
rendent	rendre
longues	long
sauvée	sauver
nuit-là	nuit-là
testament	testament
facture	facture
domicile	domicile
basse	basse
transformé	transformé
emmenée	emmener
médaille	médaille
texte	texte
établir	établir
vanessa	vanessa
sienne	sien
kong	kong
record	record
connaisse	connaître
blé	blé
guerrier	guerrier
sms	sms
entrain	entrain
quittes	quitter
plantes	plante
restons	rester
accéder	accéder
suprême	suprême
warren	warren
installé	installé
tuent	tuer
décrire	décrire
enveloppe	envelopper
était-il	était-il
manche	manche
écoles	école
rappelle-toi	rappelle-toi
batman	batman
embête	embêter
espèces	espèce
dalle	dalle
auquel	auquel
mrs	mrs
cadre	cadre
enseigner	enseigner
maquillage	maquillage
fâchée	fâcher
restant	restant
prétend	prétendre
demandait	demander
gris	gris
levez	lever
nora	nora
sépare	séparer
enlèvement	enlèvement
magicien	magicien
historique	historique
circulation	circulation
1ère	1ère
piquer	piquer
stanley	stanley
canard	canard
lancement	lancement
quantité	quantité
gym	gym
time	time
punir	punir
téléphoner	téléphoner
hélicoptère	hélicoptère
dinde	dinde
subi	subir
énerver	énerver
auto	auto
mêle	mêler
anthony	anthony
placer	placer
réduit	réduit
fédéraux	fédéral
bruits	bruit
sujets	sujet
jetez	jeter
he	he
tube	tube
organes	organe
mettez-vous	mettez-vous
poils	poil
époux	époux
tendu	tendre
ingénieur	ingénieur
téléphones	téléphoner
pape	pape
routes	router
lâché	lâché
portant	portant
bats	battre
laissant	laisser
pouce	pouce
infection	infection
faiblesse	faiblesse
mettra	mettre
manhattan	manhattan
responsables	responsable
devinez	deviner
remarquable	remarquable
tenais	tenir
mérité	mérité
collins	collins
santa	santa
libération	libération
malentendu	malentendu
élément	élément
vaincre	vaincre
attiré	attirer
mêler	mêler
bouffer	bouffer
souvient	souvenir
profonde	profond
chaussettes	chaussette
morgue	morgue
accuse	accuser
portez	porter
estime	estime
soda	soda
silencieux	silencieux
diana	diana
faibles	faible
avertir	avertir
côtes	côte
tournage	tournage
bonnie	bonnir
effraction	effraction
valises	valise
atmosphère	atmosphère
délit	délit
fui	fuir
menottes	menotte
partenaires	partenaire
bureaux	bureau
this	this
requin	requin
détention	détention
factures	facture
agissait	agir
continué	continuer
donne-lui	donne-lui
observer	observer
visites	visiter
conscient	conscient
condoléances	condoléances
maya	maya
sortant	sortant
nicole	nicole
enfermer	enfermer
vôtres	vôtre
tumeur	tumeur
marches	marches
crainte	craindre
panier	panier
ruth	ruth
immunité	immunité
terriblement	terriblement
compromis	compromis
serait-ce	serait-ce
minimum	minimum
tels	tel
coûter	coûter
revue	revue
hong	hong
scotch	scotch
tracy	tracy
repéré	repérer
ruiner	ruiner
différemment	différemment
violée	violer
harper	harper
trompez	tromper
salauds	salaud
putes	pute
clara	clara
pleins	plein
come	come
personnages	personnage
péchés	pêcher
fascinant	fascinant
utilisée	utiliser
avaler	avaler
nièce	nièce
élu	élu
meubles	meuble
magnifiques	magnifique
devienne	devenir
explose	exploser
portent	porter
viennes	venir
passerai	passer
sagesse	sagesse
seth	seth
fouillé	fouillé
française	français
janet	janet
attends-moi	attends-moi
just	just
imaginais	imaginer
douzaine	douzaine
fusillade	fusillade
intentions	intention
puissent	pouvoir
permettez-moi	permettez-moi
serrer	serrer
trouble	trouble
sachiez	savoir
connexion	connexion
renversé	renverser
voudriez	vouloir
équilibre	équilibre
usage	usage
rapporter	rapporter
meure	mourir
sydney	sydney
intéresser	intéresser
sourd	sourd
vaudrait	valoir
industrie	industrie
connus	connu
norman	norman
soudainement	soudainement
états	état
brooklyn	brooklyn
croirait	croire
communiquer	communiquer
déménagé	déménager
saigne	saigner
longs	long
festival	festival
inconnue	inconnu
parliez	parler
revu	revoir
parlez-moi	parlez-moi
destinée	destiner
linge	linge
ressent	ressentir
câlin	câlin
trouvons	trouver
promettre	promettre
jugé	juger
fragile	fragile
fabuleux	fabuleux
sieste	sieste
conçu	concevoir
indices	indice
obéir	obéir
suicider	suicider
chant	chant
simpson	simpson
curiosité	curiosité
balancer	balancer
entraîneur	entraîneur
judy	judy
écrasé	écrasé
archives	archive
intimité	intimité
demeure	demeure
ambiance	ambiance
c.	c.
ressembles	ressembler
brillante	brillant
ramasser	ramasser
satisfait	satisfait
tara	tara
karl	karl
connaitre	connaitre
hector	hector
tissu	tissu
viendrais	venir
nuages	nuage
avait-il	avait-il
phoebe	phoebe
soir-là	soir-là
résidence	résidence
jouais	jouer
pourrais-tu	pourrais-tu
arriverai	arriver
politiques	politique
débat	débat
fonctionner	fonctionner
prostituée	prostituée
bo	bo
homo	homo
pompiers	pompier
sorcières	sorcier
parles-tu	parles-tu
leçons	leçon
rendra	rendre
vic	vic
naturelle	naturel
réunions	réunion
implique	impliquer
bracelet	bracelet
look	look
zoo	zoo
confortable	confortable
navette	navette
cervelle	cervelle
baron	baron
jumeaux	jumeau
genou	genou
ralph	ralph
may	may
mystérieux	mystérieux
coincés	coincer
campus	campus
arriverait	arriver
augmenter	augmenter
tragique	tragique
cash	cash
elliot	elliot
vilain	vilain
toc	toc
essaient	essayer
moscou	moscou
heather	heather
destination	destination
grossesse	grossesse
foiré	foirer
royal	royal
exposition	exposition
amuse-toi	amuse-toi
nid	nid
artistes	artiste
vise	viser
merdé	merder
mafia	mafia
assiette	assiette
finn	finn
demanderai	demander
kit	kit
capables	capable
aiderait	aider
par-dessus	par-dessus
fréquence	fréquence
ceux-là	celui-là
montrent	montrer
caches	cacher
stars	star
dépensé	dépenser
lane	lane
méthodes	méthode
boum	boum
atelier	atelier
passées	passé
divine	divin
balade	balade
passais	passer
capitale	capital
générale	générale
hémorragie	hémorragie
prouvé	prouver
déplacé	déplacé
massage	massage
mets-toi	mets-toi
daisy	daisy
suffira	suffire
emmenez	emmener
ranch	ranch
passez-moi	passez-moi
touchée	touchée
murphy	murphy
draps	drap
novembre	novembre
dépression	dépression
young	young
quelconque	quelconque
opéra	opéra
prenais	prendre
violé	violer
endormir	endormir
prends-le	prends-le
échanger	échanger
racheter	racheter
fillette	fillette
duré	durer
cessez	cesser
locale	locale
punition	punition
juliette	juliette
accrocher	accrocher
lesquels	lequel
rencontres	rencontre
chaussure	chaussure
natalie	natalie
rob	rob
tiroir	tiroir
accusations	accusation
agis	agir
abandonnée	abandonner
debbie	debbie
devrai	devoir
arrivez	arriver
hello	hello
quête	quête
arrivais	arriver
chase	chase
inquiétude	inquiétude
sources	source
dommages	dommage
allant	allant
fringues	fringue
marco	marco
grève	grève
baissez	baisser
scènes	scène
nettoie	nettoyer
rendue	rendre
batte	batte
sauras	savoir
menteuse	menteur
tennis	tennis
rares	rare
vire	virer
dale	dale
désirez	désirer
culotte	culotte
disques	disque
oignons	oignon
alicia	alicia
spécialiste	spécialiste
entraîne	entraîner
mitch	mitch
tigre	tigre
foire	foire
solitude	solitude
chariot	chariot
judiciaire	judiciaire
deal	deal
mannequin	mannequin
carla	carla
localiser	localiser
tombent	tomber
cesser	cesser
aiguille	aiguille
mettons	mettre
suisse	suisse
allumé	allumé
atterri	atterrir
euros	euro
misérable	misérable
a.	a.
fournir	fournir
juan	juan
diego	diego
légumes	légume
sperme	sperme
agit-il	agit-il
confirme	confirmer
pneus	pneu
évacuer	évacuer
ordinateurs	ordinateur
ex-femme	ex-femme
crié	crier
gras	gras
sembles	sembler
jouet	jouet
citoyen	citoyen
plafond	plafond
fiers	fier
willie	willie
signaler	signaler
pisse	pisse
poème	poème
pendu	pendre
holmes	holmes
prières	prière
prêter	prêter
resterai	rester
confier	confier
arrêtés	arrêter
voyages	voyage
dégueulasse	dégueulasse
arrête-toi	arrête-toi
ligue	ligue
voisine	voisin
irons	aller
montrez-moi	montrez-moi
pique	pique
trompée	tromper
fermes	ferme
tiendra	tenir
sandy	sandy
périmètre	périmètre
dana	dana
furent	être
massacre	massacre
kent	kent
walt	walt
muscles	muscle
détestes	détester
aiderai	aider
bizarrement	bizarrement
irlandais	irlandais
météo	météo
veiller	veiller
internes	interne
verrons	voir
description	description
défaut	défaut
enlevée	enlever
anonyme	anonyme
ambassade	ambassade
buter	buter
adversaire	adversaire
fermeture	fermeture
quasiment	quasiment
chasseurs	chasseur
intervenir	intervenir
soupir	soupir
mangent	manger
civils	civil
automne	automne
excitée	exciter
tranquilles	tranquille
aurait-il	aurait-il
partira	partir
refait	refaire
splendide	splendide
accro	accro
horloge	horloge
moteurs	moteur
bougé	bouger
enverrai	envoyer
sentent	sentir
vomi	vomi
économie	économie
feuille	feuiller
colonne	colonne
vagues	vague
pétrin	pétrin
pistes	piste
dépenser	dépenser
pipe	pipe
osé	oser
pirate	pirate
promesses	promesse
frites	frite
parier	parier
essayes	essayer
envoyés	envoyer
peindre	peindre
partent	partir
informatique	informatique
admets	admettre
doutais	douter
dés	dé
dépose	dépose
ancêtres	ancêtre
acide	acide
immobilier	immobilier
blue	blue
saisir	saisir
mettrai	mettre
liés	lier
patty	patty
kirk	kirk
obligés	obliger
constamment	constamment
vedette	vedette
marchait	marcher
christian	christian
aidée	aider
familier	familier
fixe	fixe
dignité	dignité
tirs	tir
disparaît	disparaître
élections	élection
dessins	dessin
déclare	déclarer
catastrophe	catastrophe
choisit	choisir
prétendre	prétendre
amenez	amener
marteau	marteau
jet	jet
g	g
paierai	payer
cameron	cameron
accorder	accorder
accroche-toi	accroche-toi
volontiers	volontiers
affection	affection
disaient	dire
enregistrer	enregistrer
ordonne	ordonner
tombes	tombe
saisi	saisi
trouille	trouille
poignardé	poignarder
ronnie	ronnie
fiches	fiche
scanner	scanner
document	document
colin	colin
atterrir	atterrir
rois	roi
transforme	transformer
jill	jill
sec.	sec.
échantillons	échantillon
serre	serre
fichier	fichier
répétition	répétition
gina	gina
dentiste	dentiste
fassiez	faire
occupes	occuper
plairait	plaire
plats	plat
accorde	accorder
formes	forme
machin	machin
christopher	christopher
va-t-elle	va-t-elle
déterminer	déterminer
ouvriers	ouvrier
times	times
utilisant	utiliser
sexuels	sexuel
célébrer	célébrer
allen	allen
oublions	oublier
montée	montée
philip	philip
partirai	partir
civil	civil
got	got
pompes	pomper
marc	marc
promenade	promenade
entraîné	entraîner
jetée	jetée
profit	profit
tiennent	tenir
tache	tache
franklin	franklin
emporte	emporter
damon	damon
absent	absent
désespéré	désespéré
burke	burke
prochaines	prochain
création	création
cinquième	cinquième
levez-vous	levez-vous
ecoutez-moi	ecoutez-moi
ellie	ellie
refuge	refuge
base-ball	base-ball
diamant	diamant
coke	coke
antenne	antenne
satan	satan
aperçu	aperçu
antoine	antoine
réussite	réussite
guère	guère
provoquer	provoquer
formule	formule
fleuve	fleuve
recette	recette
intime	intime
cordes	corde
plaie	plaie
réagir	réagir
cuire	cuire
leslie	leslie
bénédiction	bénédiction
saloperie	saloperie
eve	eve
compassion	compassion
brooke	brooke
vaux	valoir
obsédé	obséder
duc	duc
curtis	curtis
bidon	bidon
divorcer	divorcer
relever	relever
sobre	sobre
deviné	deviner
occupés	occuper
sonné	sonner
drogué	drogué
von	von
merveille	merveille
flammes	flamme
illusion	illusion
anneau	anneau
sauvetage	sauvetage
comprennent	comprendre
madison	madison
gentiment	gentiment
lana	lana
canal	canal
pleut	pleuvoir
exposé	exposé
violet	violet
élevée	élever
gps	gps
april	april
rapproche	rapprocher
leonard	leonard
fatigue	fatigue
effrayer	effrayer
dormais	dormir
benjamin	benjamin
réfléchissez	réfléchir
get	get
like	like
lave	lave
visiteurs	visiteur
piéger	piéger
péter	péter
occuperai	occuper
pédé	pédé
désordre	désordre
surnom	surnom
palmer	palmer
drew	drew
meg	meg
range	range
structure	structure
évasion	évasion
dites-le	dites-le
discret	discret
petit-fils	petit-fils
délicat	délicat
appuyer	appuyer
royale	royale
foutus	foutu
photographe	photographe
disputer	disputer
supérieure	supérieur
raccroche	raccrocher
ère	ère
normaux	normal
tuerait	tuer
officielle	officiel
seattle	seattle
marines	marines
steak	steak
connaissons	connaître
drame	drame
are	are
intense	intense
svp	svp
août	août
loups	loup
verdict	verdict
échecs	échec
considéré	considérer
pirates	pirate
assaut	assaut
écrite	écrire
observe	observer
survivants	survivant
étudie	étudier
explosifs	explosif
tues	tues
poursuite	poursuite
recherché	rechercher
arrêtez-vous	arrêtez-vous
singes	singe
finisse	finir
téléphoné	téléphoner
sonnerie	sonnerie
synchro	synchro
çà	çà
mouche	mouche
botter	botter
watson	watson
bingo	bingo
plaques	plaque
clef	clef
nous-mêmes	nous-mêmes
grillé	grillé
peint	peindre
relecture	relecture
décembre	décembre
montrez	montrer
lindsay	lindsay
douceur	douceur
fiançailles	fiançailles
impressionné	impressionner
restés	rester
glisser	glisser
allions	allier
faîtes	faîte
neal	neal
ned	ned
vider	vider
fonctions	fonction
michel	michel
capacités	capacité
touches	toucher
reverra	revoir
anderson	anderson
fermés	fermer
bougies	bougie
baignoire	baignoire
coincer	coincer
familiale	familiale
donnerais	donner
eux-mêmes	eux-mêmes
révélé	révéler
international	international
fun	fun
banques	banque
émotion	émotion
cocaïne	cocaïne
conversations	conversation
turner	turner
jetons	jeton
relais	relais
saleté	saleté
retenue	retenue
kurt	kurt
compétences	compétence
plaisanterie	plaisanterie
longueur	longueur
thème	thème
magasins	magasin
lutter	lutter
viendront	venir
monseigneur	monseigneur
mourant	mourant
contenu	contenu
ennui	ennui
corée	corée
référence	référence
-ooo--	-ooo--
cachette	cachette
came	came
insectes	insecte
moustache	moustache
certes	certes
britannique	britannique
laissez-la	laissez-la
poésie	poésie
assassinat	assassinat
lex	lex
tabac	tabac
garantie	garantie
couples	couple
bacon	bacon
apres	apres
freddy	freddy
hôte	hôte
conclusion	conclusion
insisté	insister
personnels	personnel
représentant	représentant
pull	pull
défoncé	défoncé
fraîche	frais
zach	zach
donald	donald
voile	voile
règne	règne
venaient	venir
misère	misère
future	futur
compliment	compliment
sou	sou
inverse	inverse
coller	coller
grotte	grotte
élection	élection
fouille	fouille
irak	irak
deviendra	devenir
vois-tu	vois-tu
tristesse	tristesse
orchestre	orchestre
suivent	suivre
analyses	analyse
allez-vous-en	allez-vous-en
portail	portail
mines	mine
montres	montres
spéciales	spécial
possibilités	possibilité
puni	punir
génétique	génétique
robes	robe
aimons	aimer
reconnaissez	reconnaître
soirées	soirée
boissons	boisson
généralement	généralement
planche	planche
eut	avoir
chaînes	chaîne
sorcier	sorcier
lent	lent
pam	pam
vivons	vivre
nuage	nuage
now	now
arrêtent	arrêter
divorcé	divorcé
payée	payer
louche	louche
occupera	occuper
maladies	maladie
biscuits	biscuit
connards	connard
interrogé	interroger
archer	archer
trahir	trahir
sous-vêtements	sous-vêtement
duke	duke
saurait	savoir
reporter	reporter
bazar	bazar
mondes	monder
antonio	antonio
mail	mail
boutons	bouton
caporal	caporal
j.	j.
dites-leur	dites-leur
développement	développement
quarantaine	quarantaine
poursuit	poursuivre
juges	juge
tombés	tomber
plains	plaindre
nettoyé	nettoyer
beach	beach
marchent	marcher
enfuie	enfuir
enterprise	enterprise
inspecteurs	inspecteur
demie	demie
mcgee	mcgee
graves	grave
alison	alison
enfoirés	enfoiré
acceptez	accepter
inhabituel	inhabituel
tickets	ticket
essaierai	essayer
votes	vote
détester	détester
han	han
rebelles	rebelle
descente	descente
marchandise	marchandise
nicky	nicky
confus	confus
possibles	possible
shaw	shaw
infirmerie	infirmerie
savon	savon
terreur	terreur
innocence	innocence
vols	vol
virginie	virginie
janvier	janvier
cheville	cheville
experts	expert
puissiez	pouvoir
ais	ais
incroyablement	incroyablement
plomb	plomb
serions	être
réparé	réparer
piper	piper
harvard	harvard
galerie	galerie
cristal	cristal
temporaire	temporaire
insensé	insensé
cauchemars	cauchemar
mettait	mettre
prendrait	prendre
décharge	décharger
permets	permettre
spécialement	spécialement
prêté	prêté
prenant	prenant
épuisé	épuisé
benny	benny
blanches	blanc
gravité	gravité
attacher	attacher
taupe	taupe
centaine	centaine
cambriolage	cambriolage
manquent	manquer
bétail	bétail
catholique	catholique
sacrifier	sacrifier
salue	saluer
e-mail	e-mail
naomi	naomi
arts	art
inspiration	inspiration
casse-toi	casse-toi
majorité	majorité
blair	blair
malheureuse	malheureux
mel	mel
coco	coco
jazz	jazz
kennedy	kennedy
surprendre	surprendre
noyer	noyer
surprises	surprise
peut-etre	peut-etre
relevé	relever
principes	principe
jacques	jacques
moquer	moquer
rituel	rituel
biologique	biologique
énormes	énorme
tordu	tordre
concept	concept
extra	extra
nettoyage	nettoyage
missiles	missile
syndicat	syndicat
bailey	bailey
circuit	circuit
tournoi	tournoi
dénoncer	dénoncer
hope	hope
éternel	éternel
graham	graham
laisserais	laisser
buck	buck
bond	bond
éternelle	éternel
déesse	déesse
fée	fée
balancé	balancé
fameux	fameux
ci	ci
sirène	sirène
pat	pat
dérangé	dérangé
jalousie	jalousie
carmen	carmen
dépêcher	dépêcher
rassembler	rassembler
lesbienne	lesbien
vif	vif
dégager	dégager
cat	cat
gardiens	gardien
demandons	demander
boucher	boucher
noires	noir
désirs	désir
social	social
promets-moi	promets-moi
barbecue	barbecue
galaxie	galaxie
statut	statut
carton	carton
fox	fox
extrême	extrême
requête	requête
francs	franc
planter	planter
troy	troy
provoqué	provoquer
citron	citron
identification	identification
impressionner	impressionner
commentaire	commentaire
nus	nu
chantier	chantier
déplace	déplacer
saviez-vous	saviez-vous
baker	baker
chemins	chemin
unis	unir
arnaque	arnaque
ultime	ultime
vaches	vache
feraient	faire
quai	quai
maïs	maïs
bay	bay
stark	stark
cocktail	cocktail
pêcher	pêcher
spécialité	spécialité
orbite	orbite
étudiante	étudiant
correction	correction
3ème	3ème
comptable	comptable
arraché	arraché
manny	manny
stuart	stuart
pénible	pénible
appelés	appeler
y.	y.
signez	signer
vain	vain
afghanistan	afghanistan
oreiller	oreiller
wallace	wallace
éclair	éclair
sociaux	social
erica	erica
tactique	tactique
alliés	allier
violer	violer
allergique	allergique
villa	villa
croisé	croisé
bang	bang
cicatrice	cicatrice
vitre	vitre
postes	poste
apparaît	apparaître
habitué	habitué
codes	code
tonnerre	tonnerre
road	road
miracles	miracle
maîtres	maître
zoe	zoe
sensé	sensé
melle	melle
grange	grange
promo	promo
donnez-lui	donnez-lui
degré	degré
cibles	cible
habillée	habiller
duncan	duncan
sentez-vous	sentez-vous
espérant	espérer
appartenait	appartenir
battus	battu
flamme	flamme
apportez	apporter
bases	baser
traînée	traînée
laser	laser
flipper	flipper
katherine	katherine
amateur	amateur
jen	jen
serpents	serpent
garcia	garcia
élite	élite
valeurs	valeur
contents	content
chantage	chantage
haley	haley
yang	yang
poussez	pousser
civile	civil
amber	amber
ralentir	ralentir
happy	happy
prudente	prudent
solaire	solaire
miranda	miranda
rejeté	rejeter
psychopathe	psychopathe
meredith	meredith
comparé	comparé
troubles	trouble
banc	banc
engin	engin
amenée	amenée
maillot	maillot
pété	péter
joy	joy
trajet	trajet
développer	développer
démarrer	démarrer
gagnes	gagner
peste	peste
castle	castle
viendrait	venir
down	down
déconne	déconner
retrouvera	retrouver
denise	denise
habitudes	habitude
confession	confession
académie	académie
assassins	assassin
inventer	inventer
cieux	ciel
signalé	signaler
avancé	avancé
rapporté	rapporter
trevor	trevor
barman	barman
libère	libérer
tournez	tourner
carnet	carnet
complot	complot
éloigne	éloigner
nier	nier
augmentation	augmentation
nanas	nana
pareils	pareil
emmenez-le	emmenez-le
envoient	envoyer
dépôt	dépôt
mariages	mariage
partagé	partager
actuelle	actuel
camions	camion
sonner	sonner
détendez-vous	détendez-vous
appellera	appeler
physiquement	physiquement
reed	reed
world	world
nichons	nichon
registre	registre
mia	mia
pompe	pomper
frappée	frapper
veronica	veronica
présentation	présentation
fabriquer	fabriquer
gene	gene
saluer	saluer
joint	joint
ondes	onde
évolution	évolution
augmente	augmenter
empoisonné	empoisonner
grippe	grippe
détresse	détresse
effacé	effacé
chiffre	chiffre
guerriers	guerrier
battent	battre
guéri	guéri
hurler	hurler
psychiatre	psychiatre
confié	confier
fit	faire
when	when
orage	orage
xena	xena
cavalier	cavalier
soi-disant	soi-disant
commettre	commettre
aurais-je	aurais-je
déchiré	déchiré
énervée	énerver
pendre	pendre
pousse-toi	pousse-toi
mordre	mordre
brosse	brosse
craquer	craquer
difficultés	difficulté
impatient	impatient
mario	mario
guy	guy
pyjama	pyjama
flèche	flèche
suivie	suivre
hommage	hommage
rentrés	rentrer
éclate	éclater
crevé	crevé
ordonnance	ordonnance
anglaise	anglais
accompli	accompli
boxe	boxe
serviettes	serviette
diriez-vous	diriez-vous
sèche	sèche
maudite	maudit
décroche	décrocher
veniez	venir
rendait	rendre
habituer	habituer
intuition	intuition
serena	serena
fondation	fondation
consulter	consulter
concierge	concierge
rosie	rosir
bêtise	bêtise
comptent	compter
réunir	réunir
lâches	lâche
u	u
étrangère	étranger
philadelphie	philadelphie
harrison	harrison
inconscient	inconscient
mairie	mairie
poussée	poussée
établi	établi
vaisselle	vaisselle
hélico	hélico
volés	voler
ronde	ronde
fardeau	fardeau
hockey	hockey
choisie	choisir
brille	briller
ris	ris
alcoolique	alcoolique
doyle	doyle
d.	d.
cuit	cuit
remplie	remplir
entreprises	entreprise
ivan	ivan
éteins	éteindre
premièrement	premièrement
enchères	enchère
pertes	perte
sous-marin	sous-marin
rayons	rayon
annule	annuler
kira	kira
monk	monk
livré	livrer
intérieure	intérieur
standard	standard
glissé	glissé
annoncé	annoncer
civilisation	civilisation
rentrant	rentrant
souper	souper
aprés	aprés
veuilles	vouloir
institut	institut
ventes	vente
filmé	filmer
continuent	continuer
grey	grey
fracture	fracture
reparti	repartir
demande-lui	demande-lui
concentre-toi	concentre-toi
engage	engager
fine	fine
dvd	dvd
fusils	fusil
wyatt	wyatt
intéressée	intéresser
éléphant	éléphant
bouclier	bouclier
avantages	avantage
considérer	considérer
chips	chips
rappelle-moi	rappelle-moi
atterrissage	atterrissage
voyou	voyou
connie	connie
houston	houston
fabriqué	fabriquer
coiffure	coiffure
payez	payer
jusque-là	jusque-là
ri	rire
botte	botte
arrêtait	arrêter
député	député
stefan	stefan
patronne	patronne
cookies	cookie
barrière	barrière
obtient	obtenir
disposition	disposition
papillon	papillon
capturé	capturer
attendra	attendre
entrés	entrer
tucker	tucker
adorait	adorer
emporté	emporté
dramatique	dramatique
pourvu	pourvoir
originale	original
accroche	accroche
ras	ras
superman	superman
pop	pop
district	district
apprendra	apprendre
sorties	sortie
tranquillement	tranquillement
tenez-vous	tenez-vous
sharon	sharon
arrières	arrière
préférez	préférer
radar	radar
halte	halte
deux-là	deux-là
zombie	zombie
grille	grille
critiques	critique
soucier	soucier
promet	promettre
visiblement	visiblement
mâle	mâle
donnant	donnant
ciao	ciao
copines	copiner
brenda	brenda
paniqué	paniquer
poète	poète
licence	licence
sauvés	sauver
col	col
titres	titre
verrais	voir
chan	chan
valent	valoir
admis	admis
emprunté	emprunté
honnêtes	honnête
attentivement	attentivement
techniques	technique
passerelle	passerelle
melissa	melissa
réalises	réaliser
reculer	reculer
transmission	transmission
drake	drake
gré	gré
poignet	poignet
montant	montant
embarrassant	embarrassant
beau-père	beau-père
maîtrise	maîtrise
lydia	lydia
remplace	remplacer
solo	solo
toile	toile
hunter	hunter
parrain	parrain
transmettre	transmettre
honorable	honorable
jolis	joli
aussitôt	aussitôt
facteur	facteur
pere	pere
east	east
claque	claque
chloe	chloe
impliquée	impliquer
sabre	sabre
filet	filet
troupe	troupe
henri	henri
brandon	brandon
onze	onze
conclure	conclure
claudia	claudia
analyser	analyser
antécédents	antécédent
pâle	pâle
servira	servir
investissement	investissement
sentie	sentir
pére	pére
puissants	puissant
facebook	facebook
vice-président	vice-président
bud	bud
fixer	fixer
levée	levée
paula	paula
poli	poli
expliquerai	expliquer
day	day
surprenant	surprenant
shopping	shopping
visuel	visuel
directrice	directrice
imbéciles	imbécile
vulnérable	vulnérable
pacifique	pacifique
correspondance	correspondance
retiens	retenir
éliminé	éliminer
chienne	chienne
conte	conte
compagnon	compagnon
difficulté	difficulté
fées	fée
arrivant	arrivant
caravane	caravane
da	da
disparus	disparu
embêter	embêter
balader	balader
pharmacie	pharmacie
défilé	défilé
ramasse	ramasse
âgé	âgé
chanteur	chanteur
avery	avery
précise	préciser
rançon	rançon
infirmières	infirmier
bossé	bosser
grayson	grayson
miguel	miguel
bauer	bauer
retient	retenir
étonnerait	étonner
lawrence	lawrence
miennes	mien
kidnappé	kidnapper
souhaitez	souhaiter
nounou	nounou
adams	adams
ralentis	ralentir
repérer	repérer
automatique	automatique
bowling	bowling
détruite	détruire
emménager	emménager
laissés	laisser
comptais	compter
us	us
dormez	dormir
cindy	cindy
sebastian	sebastian
gant	gant
maurice	maurice
discipline	discipline
choisissez	choisir
bisou	bisou
connaissances	connaissance
bernard	bernard
paperasse	paperasse
essais	essai
hauts	haut
affiche	affiche
pardonné	pardonner
dallas	dallas
enfermée	enfermer
recevez	recevoir
good	good
fisher	fisher
loge	loge
camionnette	camionnette
rocher	rocher
transféré	transférer
supérieurs	supérieur
héritier	héritier
payés	payer
terribles	terrible
sénat	sénat
polly	polly
partes	partir
individu	individu
dites-nous	dites-nous
continuons	continuer
décevoir	décevoir
fusion	fusion
conne	con
ado	ado
crane	crane
angie	angie
airs	air
traumatisme	traumatisme
pierce	pierce
comtesse	comtesse
basé	baser
auriez-vous	auriez-vous
défaite	défaite
khan	khan
rapprocher	rapprocher
assassiner	assassiner
talons	talon
œuf	œuf
compté	compter
rosa	roser
haricots	haricot
roulé	roulé
fiable	fiable
voulions	vouloir
morris	morris
renfort	renfort
escroc	escroc
fassent	faire
déconner	déconner
andré	andré
céréales	céréale
tit	tit
bandes	bande
artistique	artistique
fins	fin
georges	georges
blâmer	blâmer
perdant	perdant
décédé	décéder
lloyd	lloyd
brouillard	brouillard
quelques-uns	quelques-uns
oses-tu	oses-tu
caleb	caleb
occupez-vous	occupez-vous
brute	brute
puisqu'	puisque
cinquante	cinquante
calibre	calibre
trottoir	trottoir
poubelles	poubelle
pilule	pilule
portais	porter
arabe	arabe
qualités	qualité
voire	voire
encre	encre
eus	avoir
foudre	foudre
visions	vision
légèrement	légèrement
loupé	loupé
not	not
blesse	blesser
fortes	fort
existait	exister
cochons	cochon
aimeriez	aimer
shirley	shirley
marchand	marchand
poursuivi	poursuivre
démocratie	démocratie
script	script
loyal	loyal
respirez	respirer
sueur	sueur
espions	espion
li	li
battue	battue
changez	changer
précieuse	précieuse
impliquer	impliquer
empêché	empêcher
satisfaire	satisfaire
plonger	plonger
pilotes	pilote
reagan	reagan
toilette	toilette
spéciaux	spécial
vagin	vagin
décrit	décrire
hanna	hanna
boucles	boucle
coupables	coupable
coupée	coupée
former	former
typique	typique
pleures	pleurer
humaines	humain
faille	faille
alfred	alfred
allure	allure
sucer	sucer
copies	copie
habiter	habiter
raciste	raciste
allonger	allonger
ressort	ressort
drôles	drôle
serviteur	serviteur
e.	e.
sexuelles	sexuel
case	case
personnelles	personnel
championnat	championnat
web	web
locaux	local
domestique	domestique
cd	cd
remplis	remplir
veine	veine
pa	pa
ennuyer	ennuyer
ravissante	ravissant
honnêteté	honnêteté
moques	moquer
voudriez-vous	voudriez-vous
sid	sid
thompson	thompson
approprié	approprié
patrie	patrie
canons	canon
reconnaissante	reconnaissant
nécessaires	nécessaire
philippe	philippe
monroe	monroe
forcée	forcer
guider	guider
verts	vert
certificat	certificat
amende	amende
présume	présumer
pan	pan
ana	ana
fusée	fusée
zack	zack
séparation	séparation
jeffrey	jeffrey
renvoie	renvoyer
beverly	beverly
sciences	science
caca	caca
désespoir	désespoir
voeux	voeu
auberge	auberge
diront	dire
moore	moore
bishop	bishop
zombies	zombie
boyd	boyd
magazines	magazine
marquer	marquer
rechercher	rechercher
soie	soie
stella	stella
chèvre	chèvre
hache	hache
winston	winston
fraude	frauder
perry	perry
ignorez	ignorer
racontez	raconter
hot	hot
mont	mont
carburant	carburant
ve	ve
tapé	taper
veines	veine
méritent	mériter
ç	ç
démissionné	démissionner
méritait	mériter
alien	alien
médicaux	médical
australie	australie
insulte	insulter
farce	farce
tires	tirer
appât	appât
folles	fou
explorer	explorer
instrument	instrument
noah	noah
gage	gage
concentré	concentré
précédent	précédent
cortex	cortex
curieuse	curieux
réponds-moi	réponds-moi
déçue	déçu
âne	âne
hal	hal
lt	lt
scotty	scotty
danseuse	danseur
corruption	corruption
oeuf	oeuf
secondaire	secondaire
ombres	ombre
who	who
économies	économie
chauve	chauve
reese	reese
tableaux	tableau
entouré	entouré
contrats	contrat
sauront	savoir
retournes	retourner
fumé	fumé
silver	silver
adopter	adopter
comptait	compter
demandant	demander
épicerie	épicerie
bennett	bennett
applaudissements	applaudissement
rentrera	rentrer
suicidé	suicider
déchets	déchet
installe	installer
clyde	clyde
inconnus	inconnu
souhaiter	souhaiter
gratuitement	gratuitement
voté	voter
have	haver
supermarché	supermarché
pleurs	pleur
crache	cracher
rideau	rideau
février	février
mises	mises
préoccupe	préoccuper
repousser	repousser
roues	rouer
surmonter	surmonter
cœurs	cœurs
exécuter	exécuter
agneau	agneau
ruby	ruby
syndrome	syndrome
mama	mama
dimension	dimension
téléphonique	téléphonique
parcours	parcours
excite	exciter
jesus	jesus
becky	becky
scolaire	scolaire
dis-le-moi	dis-le-moi
appelons	appeler
dingues	dingue
finissent	finir
générations	génération
raser	raser
étages	étage
rende	rendre
cheminée	cheminée
voyous	voyou
saoul	saoul
merdique	merdique
bell	bell
sont-elles	sont-elles
sun	sun
saine	sain
nazis	nazi
chiant	chiant
alimentaire	alimentaire
observation	observation
clean	clean
grossier	grossier
reid	reid
ajoute	ajouter
délicate	délicat
capturer	capturer
môme	môme
calmes	calme
sullivan	sullivan
excepté	excepté
papy	papy
4e	4e
distraire	distraire
rappellerai	rappeler
profondeur	profondeur
randall	randall
chèques	chèque
triple	triple
regret	regret
mulder	mulder
vulgaire	vulgaire
jouant	jouer
grain	grain
grenier	grenier
emplacement	emplacement
coopérer	coopérer
faciles	facile
torturer	torturer
crétins	crétin
aîné	aîné
sembler	sembler
journées	journée
char	char
tire-toi	tire-toi
home	home
électronique	électronique
richie	richie
collé	collé
attendez-moi	attendez-moi
infiniment	infiniment
retournons	retourner
armées	armer
aigle	aigle
matelas	matelas
poussez-vous	poussez-vous
proie	proie
furieuse	furieux
angoisse	angoisse
traitée	traiter
prévoir	prévoir
mick	mick
tais	taire
iront	aller
vachement	vachement
barrage	barrage
gays	gay
éternellement	éternellement
coeurs	coeur
sens-tu	sens-tu
buddy	buddy
austin	austin
marcel	marcel
stand	stand
durée	durée
wells	wells
robots	robot
sheila	sheila
vietnam	vietnam
peggy	peggy
broadway	broadway
rôles	rôle
crash	crash
débrouille	débrouiller
arrache	arracher
diagnostic	diagnostic
flynn	flynn
texto	texto
harcèlement	harcèlement
délai	délai
reggie	reggie
inscrit	inscrit
cassie	cassie
barnes	barnes
arnold	arnold
nègre	nègre
bosses	bosse
vainqueur	vainqueur
achetée	acheter
manipuler	manipuler
représenter	représenter
sortais	sortir
elvis	elvis
araignée	araignée
colonie	colonie
faillite	faillite
pognon	pognon
égalité	égalité
honorer	honorer
group	group
pensaient	penser
courageuse	courageux
mentale	mental
travaillant	travailler
espoirs	espoir
rideaux	rideau
renard	renard
trouveront	trouver
boom	boom
jon	jon
vœux	vœux
françois	françois
mineurs	mineur
inspire	inspirer
douleurs	douleur
défendu	défendu
aimiez	aimer
exister	exister
israël	israël
tripes	tripe
brésil	brésil
denny	denny
assurez-vous	assurez-vous
plaira	plaire
pacte	pacte
réagi	réagir
dons	don
choper	choper
honoré	honoré
griffin	griffin
isabelle	isabelle
multiples	multiple
sacrément	sacrément
hôpitaux	hôpital
zones	zone
agressé	agressé
transporter	transporter
ambition	ambition
colis	colis
regardons	regarder
grimper	grimper
dessiner	dessiner
mouillé	mouiller
édition	édition
chargée	charger
obsession	obsession
mallette	mallette
casquette	casquette
pèse	peser
purée	purée
invasion	invasion
prétexte	prétexte
was	was
candidats	candidat
impasse	impasse
cleveland	cleveland
tissus	tissu
démissionne	démissionner
messe	messe
revoilà	revoilà
vivais	vivre
modeste	modeste
cow-boy	cow-boy
présents	présent
mona	mona
vice	vice
éloigné	éloigné
garantis	garantir
saurez	savoir
vaincu	vaincre
déja	déja
graisse	graisse
poulets	poulet
stock	stock
right	right
vœu	vœu
kansas	kansas
hunt	hunt
camps	camp
opposé	opposé
buvons	boire
arc	arc
niveaux	niveau
accidents	accident
inutiles	inutile
gentillesse	gentillesse
commençait	commencer
taureau	taureau
arrete	arrete
selle	selle
na	na
missile	missile
détestent	détester
inspiré	inspiré
banane	banane
réplique	réplique
remplacé	remplacer
effrayée	effrayer
commune	commune
aspect	aspect
autorise	autoriser
thérapeute	thérapeute
désagréable	désagréable
examiné	examiner
crack	crack
t.	t.
fédération	fédération
comparer	comparer
stopper	stopper
relevés	relever
reynolds	reynolds
prié	prier
pressentiment	pressentiment
repose-toi	repose-toi
matty	matty
conviction	conviction
offres	offre
assassinée	assassiner
emmènes	emmener
saisis	saisir
rein	rein
lourde	lourde
trouverons	trouver
fontaine	fontaine
flippant	flipper
buffy	buffy
favori	favori
comprendra	comprendre
lits	lit
religieux	religieux
glenn	glenn
cal	cal
señor	señor
ruine	ruine
confidentiel	confidentiel
participé	participer
décoller	décoller
déclarer	déclarer
timing	timing
publié	publier
merdes	merde
ciseaux	ciseau
empirer	empirer
south	south
attentat	attentat
instable	instable
chômage	chômage
renverser	renverser
dixon	dixon
mortelle	mortel
endormie	endormir
apparu	apparaître
hésite	hésiter
pensions	pension
2ème	2ème
balai	balai
distributeur	distributeur
prit	prendre
environs	environ
rapides	rapide
revenons	revenir
tiens-toi	tiens-toi
aventures	aventurer
florence	florence
belle-mère	belle-mère
isolé	isolé
éthique	éthique
if	if
bars	bar
détecteur	détecteur
aveux	aveu
commentaires	commentaire
bornes	borne
réussit	réussir
sécurisé	sécuriser
coca	coca
utilises	utiliser
béton	béton
tess	tess
tables	table
cachés	cacher
retournée	retourner
fumier	fumier
douglas	douglas
baraque	baraque
franchir	franchir
tortue	tortue
isaac	isaac
revois	revoir
fonctionnent	fonctionner
performance	performance
verront	voir
nage	nage
clubs	club
profession	profession
gâche	gâche
vidé	vider
glisse	glisse
changes	change
pourrait-il	pourrait-il
valable	valable
conditionnelle	conditionnel
soupçons	soupçon
lessive	lessive
radios	radio
urine	urine
score	score
dorénavant	dorénavant
escorte	escorte
location	location
fiona	fiona
démissionner	démissionner
fondre	fondre
financier	financier
draguer	draguer
outre	outre
démonstration	démonstration
diabolique	diabolique
fichez	ficher
moutons	mouton
justifier	justifier
supposée	supposer
rasoir	rasoir
utilisait	utiliser
sympathique	sympathique
confirmation	confirmation
planifié	planifier
latin	latin
formulaire	formulaire
tuyaux	tuyau
chen	chen
répondeur	répondeur
travaillons	travailler
mineur	mineur
active	active
dispositif	dispositif
confusion	confusion
alimentation	alimentation
fuis	fuir
jupe	jupe
plancher	plancher
épargner	épargner
évacuation	évacuation
attache	attache
patates	patate
partait	partir
dirais-tu	dirais-tu
dawson	dawson
séquence	séquence
jouons	jouer
inévitable	inévitable
violation	violation
brennan	brennan
marina	marina
intrus	intrus
soulagement	soulagement
correspondent	correspondre
sortirai	sortir
yoga	yoga
cape	cape
troupeau	troupeau
déclenché	déclencher
assure-toi	assure-toi
pouvions	pouvoir
abeilles	abeille
fermez-la	fermez-la
rocky	rocky
rex	rex
croira	croire
minus	minus
tueront	tuer
hotel	hotel
cam	cam
ados	ados
vont-ils	vont-ils
gin	gin
traites	traiter
télégramme	télégramme
menacer	menacer
inscrire	inscrire
manoir	manoir
contrarié	contrarié
concentration	concentration
brody	brody
provoque	provoquer
achetez	acheter
jambon	jambon
papi	papi
cérébrale	cérébral
assistance	assistance
brett	brett
avalé	avalé
professeurs	professeur
rêvais	rêver
pétasse	pétasse
braquage	braquage
chinoise	chinois
see	see
piges	pige
lci	lci
lester	lester
tiers	tiers
légalement	légalement
aliens	aliens
suggéré	suggérer
dîtes	dire
déchire	déchirer
hypothèse	hypothèse
dwight	dwight
demandée	demander
mets-le	mets-le
gonna	gonna
pointer	pointer
cigare	cigare
adorais	adorer
serrure	serrure
qg	qg
marron	marron
préserver	préserver
dépasser	dépasser
nuls	nul
accroché	accrocher
mikey	mikey
chanté	chanter
surveillez	surveiller
anciennes	ancien
dégueu	dégueu
raccrocher	raccrocher
billard	billard
allah	allah
sauveur	sauveur
séduire	séduire
coiffeur	coiffeur
marais	marais
conrad	conrad
déclencher	déclencher
armoire	armoire
glaces	glace
îles	île
habille	habiller
elaine	elaine
klaus	klaus
vertu	vertu
respecté	respecter
gangs	gang
campbell	campbell
appelais	appeler
episode	episode
détestais	détester
cuba	cuba
sonny	sonny
aimerions	aimer
nikki	nikki
sheldon	sheldon
récolte	récolte
touristes	touriste
darrin	darrin
media	media
maigre	maigre
chandler	chandler
sourit	sourire
éveillé	éveillé
lola	lola
langues	langue
balcon	balcon
cathy	cathy
expédition	expédition
freddie	freddie
artie	artie
trophée	trophée
évaluation	évaluation
chimique	chimique
détenu	détenu
donnerait	donner
pince	pince
primaire	primaire
regrets	regret
nations	nation
kathy	kathy
christina	christina
plaisantais	plaisanter
psychiatrique	psychiatrique
appareils	appareil
traîné	traîner
enfuit	enfuir
capital	capital
baie	baie
sandra	sandra
invention	invention
gilet	gilet
croisés	croiser
mexicain	mexicain
vera	vera
compliquée	compliqué
paiement	paiement
tueuse	tueur
fédérale	fédéral
joyeuse	joyeuse
deb	deb
omar	omar
rappel	rappel
réservoir	réservoir
brick	brick
office	office
coopération	coopération
trajectoire	trajectoire
propriétaires	propriétaire
mi	mi
hayes	hayes
paiera	payer
bruno	bruno
mental	mental
messager	messager
frangin	frangin
combattu	combattre
souhait	souhait
anton	anton
carson	carson
kid	kid
dépenses	dépense
passerait	passer
crochet	crochet
naître	naître
age	age
exceptionnel	exceptionnel
rude	rude
développé	développé
dee	dee
fonctionné	fonctionner
bones	bones
traquer	traquer
samuel	samuel
teresa	teresa
mêlé	mêler
mettez-le	mettez-le
chimiques	chimique
addition	addition
transférer	transférer
exacte	exact
gratitude	gratitude
baby-sitter	baby-sitter
insupportable	insupportable
cargaison	cargaison
incroyables	incroyable
laissait	laisser
planètes	planète
préparation	préparation
prépare-toi	prépare-toi
waouh	waouh
passager	passager
venez-vous	venez-vous
camille	camille
désolés	désolé
authentique	authentique
jumelles	jumelle
burt	burt
prudents	prudent
guerres	guerre
branché	branché
hudson	hudson
intéressent	intéresser
couteaux	couteau
jessie	jessie
5e	5e
communications	communication
matins	matin
ncis	ncis
raide	raide
via	via
spock	spock
overdose	overdose
schmidt	schmidt
arizona	arizona
craché	craché
privilège	privilège
professionnels	professionnel
navy	navy
fauché	fauché
destiné	destiner
sévère	sévère
investir	investir
creuse	creux
joel	joel
grec	grec
nues	nu
publier	publier
murray	murray
foster	foster
viendras	venir
philosophie	philosophie
er	er
intelligents	intelligent
commençais	commencer
boucliers	bouclier
suspendu	suspendre
obstacle	obstacle
générateur	générateur
peintre	peintre
pourboire	pourboire
échangé	échanger
comptoir	comptoir
raclée	raclée
altitude	altitude
pelle	pelle
rebelle	rebelle
morphine	morphine
grenouille	grenouiller
violon	violon
sacrifices	sacrifice
laisse-nous	laisse-nous
montage	montage
andrea	andrea
offenser	offenser
disputés	disputer
gabrielle	gabrielle
rhume	rhume
doit-on	doit-on
shakespeare	shakespeare
pablo	pablo
arrive-t-il	arrive-t-il
sociétés	société
particulière	particulier
embrasse-moi	embrasse-moi
tâches	tâcher
claude	claude
attaqués	attaquer
gâchis	gâchis
charbon	charbon
établissement	établissement
psychologique	psychologique
regarde-le	regarde-le
surprend	surprendre
night	night
devront	devoir
queen	queen
armure	armure
déménage	déménager
gwen	gwen
mat	mat
pourrie	pourrir
divin	divin
g.	g.
ver	ver
poupées	poupée
raccompagne	raccompagner
graines	graine
excusez-nous	excusez-nous
puzzle	puzzle
travailleurs	travailleur
roberts	robert
berger	berger
alexander	alexander
supplémentaires	supplémentaire
montrerai	montrer
donovan	donovan
assumer	assumer
beau-frère	beau-frère
ohio	ohio
perdent	perdre
neuve	neuf
amants	amant
karma	karma
stevens	stevens
jeanne	jeanne
meuf	meuf
ego	ego
abus	abus
agresseur	agresseur
donneur	donneur
épreuves	épreuve
cousins	cousin
grandit	grandir
hills	hills
dirigé	dirigé
signaux	signal
clefs	clé
wes	wes
oz	oz
croisière	croisière
humide	humide
rio	rio
régulièrement	régulièrement
square	square
alentours	alentours
vaste	vaste
voisinage	voisinage
tiendrai	tenir
delta	delta
dawn	dawn
guérison	guérison
écrivez	écrire
paille	paille
célébrité	célébrité
indiquent	indiquer
gêné	gêné
calculs	calcul
humble	humble
cachets	cachet
distorsion	distorsion
accordé	accorder
réclame	réclame
radiations	radiation
canne	canne
costaud	costaud
ring	ring
mourrai	mourir
proximité	proximité
scan	scan
exposer	exposer
actuel	actuel
foirer	foirer
moine	moine
utiles	utile
détenus	détenu
familial	familial
tirent	tirer
assisté	assisté
peyton	peyton
calendrier	calendrier
publiques	public
litres	litre
garer	garer
maux	mal
traduit	traduire
damien	damien
marilyn	marilyn
dis-nous	dis-nous
chimie	chimie
fourni	fourni
sons	son
osez-vous	osez-vous
redevenir	redevenir
détente	détente
sites	site
phénomène	phénomène
pneu	pneu
limousine	limousine
méritez	mériter
serait-il	serait-il
duel	duel
nolan	nolan
at	at
appartiennent	appartenir
braves	braver
lake	lake
intégrer	intégrer
fermier	fermier
tronche	tronche
réaliste	réaliste
dorment	dormir
vapeur	vapeur
dormait	dormir
fichue	fichu
lions	lion
missions	mission
persuadé	persuader
néanmoins	néanmoins
sixième	sixième
viens-tu	viens-tu
carré	carré
iris	iris
alec	alec
roméo	roméo
pigeon	pigeon
planning	planning
round	round
agenda	agenda
communiste	communiste
recours	recours
renseigner	renseigner
hamilton	hamilton
mouches	mouche
oses	oser
culot	culot
cycle	cycle
situations	situation
mit	mettre
ressortir	ressortir
trains	train
ex-mari	ex-mari
temps-ci	temps-ci
cachez	cacher
champignons	champignon
amusé	amusé
renoncé	renoncer
calvin	calvin
marins	marin
enregistrements	enregistrement
habituel	habituel
musicale	musical
claires	clair
ohh	ohh
finissons-en	finissons-en
retrouvés	retrouver
épouses	épouse
collecte	collecter
inspection	inspection
devions	devoir
jonas	jonas
taches	tache
laurie	laurie
envisager	envisager
affamé	affamé
vendue	vendu
pointé	pointé
ouvertes	ouvert
rejetée	rejeter
arriveras	arriver
perruque	perruque
pompier	pompier
bonus	bonus
directe	direct
flingues	flingue
obtiens	obtenir
gray	gray
accrochez-vous	accrochez-vous
bloque	bloquer
ete	ete
débarquer	débarquer
prochains	prochain
parts	part
modèles	modèle
calcul	calcul
achat	achat
sombres	sombre
refusez	refuser
volontaires	volontaire
débarrasse	débarrasser
gardent	garder
life	life
gil	gil
manifestement	manifestement
démission	démission
refus	refus
entrent	entrer
rodney	rodney
caisses	caisse
mousse	mousse
supprimer	supprimer
chauffer	chauffer
requins	requin
stage	stage
photographie	photographie
remords	remords
adopté	adopter
suggestion	suggestion
atroce	atroce
maris	mari
revivre	revivre
interroge	interroger
foutaises	foutaise
exécuté	exécuter
hart	hart
girls	girl
étouffer	étouffer
chaises	chaise
comporter	comporter
break	break
réveillez-vous	réveillez-vous
colocataire	colocataire
pénétrer	pénétrer
petit-ami	petit-ami
pige	pige
trauma	trauma
va-t-en	va-t-en
tonton	tonton
cherchant	chercher
trouvées	trouver
gelée	gelée
ironie	ironie
sanguin	sanguin
way	way
grimpe	grimper
plume	plume
perdons	perdre
rogers	rogers
atout	atout
féliciter	féliciter
chad	chad
ramenez	ramener
entende	entendre
erin	erin
ella	ella
k	k
ouvres	ouvres
habituellement	habituellement
permanence	permanence
starfleet	starfleet
coulé	coulé
comique	comique
procéder	procéder
edgar	edgar
dorothy	dorothy
décrocher	décrocher
répare	réparer
ecoutes	ecoutes
protégée	protéger
réflexion	réflexion
parié	parier
chili	chili
imposer	imposer
logiciel	logiciel
adoption	adoption
lavé	laver
pressée	pressée
formé	formé
mèche	mèche
mile	mile
peut-elle	peut-elle
veut-il	veut-il
relâcher	relâcher
guise	guise
convaincue	convaincre
déterminé	déterminé
musicien	musicien
del	del
confort	confort
adapter	adapter
refuses	refuser
saucisse	saucisse
bouquin	bouquin
attachée	attacher
souriez	sourire
etais	etais
tristes	triste
portables	portable
échouer	échouer
evans	evans
finances	finance
substance	substance
maîtriser	maîtriser
voudrais-tu	voudrais-tu
phoenix	phoenix
actif	actif
féminin	féminin
préférés	préférer
créateur	créateur
am	am
want	want
ivrogne	ivrogne
there	there
lapins	lapin
désespérée	désespérer
sièges	siège
gagnez	gagner
prononcer	prononcer
nés	naître
insulter	insulter
est-on	est-on
plaint	plaindre
blâme	blâme
chevaliers	chevalier
ponts	pont
chewing-gum	chewing-gum
lenny	lenny
boris	boris
river	river
frontières	frontière
céder	céder
rigoler	rigoler
chiottes	chiotte
interdis	interdire
minuscule	minuscule
extraterrestres	extraterrestre
stewart	stewart
em	em
diversion	diversion
mentent	mentir
volent	voler
trouverais	trouver
tourne-toi	tourne-toi
tuant	tuer
ignores	ignorer
affecte	affecter
béni	bénir
pique-nique	pique-nique
concentre	concentrer
mentionner	mentionner
entendent	entendre
appartiens	appartenir
ravis	ravir
gars-là	gars-là
injection	injection
otto	otto
hugo	hugo
whoo	whoo
détecteurs	détecteur
enregistre	enregistrer
collines	colline
soigné	soigner
internationale	internationale
romains	romain
compliments	compliment
causes	cause
décides	décider
réserves	réserve
permettra	permettre
souffrances	souffrance
fantasme	fantasme
baleine	baleine
soutient	soutenir
kidnapping	kidnapping
juridique	juridique
tue-le	tue-le
cogné	cogné
gérant	gérant
ressentez	ressentir
fraternité	fraternité
spatial	spatial
etc.	etc.
positive	positif
conséquence	conséquence
suspecte	suspecter
let	let
ruse	ruse
embarquer	embarquer
imaginaire	imaginaire
instruments	instrument
torse	torse
puissions	pouvoir
rendez-moi	rendez-moi
rusty	rusty
cartel	cartel
bouges	bouger
âgée	âgé
risquez	risquer
voyagé	voyager
baltimore	baltimore
cody	cody
hans	hans
autel	autel
bénéfices	bénéfice
chanteuse	chanteur
paient	payer
extraterrestre	extraterrestre
engagée	engager
indépendance	indépendance
eglise	eglise
cloches	cloche
instants	instant
ow	ow
alias	alias
jurés	jurer
vivra	vivre
lena	lena
apprenne	apprendre
cinglée	cinglé
véhicules	véhicule
féminine	féminin
salles	salle
cyrus	cyrus
parfaits	parfait
profitez	profiter
jared	jared
sync	sync
perles	perle
profité	profiter
rime	rime
soûl	soûl
sida	sida
raconte-moi	raconte-moi
futé	futé
littérature	littérature
sasha	sasha
crises	crise
positions	position
ski	ski
ellis	ellis
piqûre	piqûre
baissé	baissé
ex.	exemple
attaquée	attaquer
reconnaît	reconnaître
acheteur	acheteur
apparaître	apparaître
express	express
prennes	prendre
élégant	élégant
seau	seau
volume	volume
ajouté	ajouté
pète	péter
enthousiasme	enthousiasmer
rendrai	rendre
écho	écho
bouleversé	bouleverser
orteils	orteil
tournent	tourner
robbie	robbie
light	light
devrons	devoir
fidèles	fidèle
attaquent	attaquer
immigration	immigration
they	they
tanner	tanner
accusée	accuser
souhaité	souhaiter
saigner	saigner
gagnent	gagner
fixé	fixé
obliger	obliger
aérienne	aérien
étiquette	étiquette
coton	coton
navires	navire
alternative	alternative
embrassée	embrasser
révèle	révéler
mandy	mandy
fletcher	fletcher
virginia	virginia
angelo	angelo
perfection	perfection
bandits	bandit
crayon	crayon
écrase	écraser
yes	yes
bonbon	bonbon
bac	bac
regina	regina
paysans	paysan
abraham	abraham
cookie	cookie
mettant	mettre
réchauffer	réchauffer
briques	brique
dîne	dîner
rentrerai	rentrer
soi-même	soi-même
battait	battre
venues	venue
nuire	nuire
raj	raj
adresses	adresse
conclusions	conclusion
comporte	comporte
hélène	hélène
beckett	beckett
clôture	clôture
mystérieuse	mystérieux
enfuis	enfuir
ari	ari
intégrité	intégrité
parages	parage
maddie	maddie
cliff	cliff
due	devoir
tonne	tonne
attendez-vous	attendez-vous
marvin	marvin
shelby	shelby
reparlera	reparler
penses-y	penses-y
loser	loser
vendent	vendre
investi	investir
danses	danse
chrétien	chrétien
plumes	plume
évité	éviter
soulever	soulever
macgyver	macgyver
reverrai	revoir
sapin	sapin
enquêtes	enquête
chanceuse	chanceux
terrifiant	terrifiant
épidémie	épidémie
encourager	encourager
ch00ffff	ch00ffff
comprenne	comprendre
cachent	cacher
augmenté	augmenter
défoncer	défoncer
grenade	grenade
wally	wally
mignons	mignon
fourgon	fourgon
enseigné	enseigné
cardinal	cardinal
gestion	gestion
oubliée	oublier
entretenir	entretenir
keller	keller
arrêtez-le	arrêtez-le
raccroché	raccrocher
ballet	ballet
défends	défends
utilisation	utilisation
menton	menton
glacé	glacé
prudence	prudence
hôtels	hôtel
éditeur	éditeur
voeu	voeu
prévenue	prévenu
pleines	plein
bla	bla
profs	prof
sacrifié	sacrifier
noyé	noyer
dessiné	dessiné
réacteur	réacteur
apparition	apparition
devenait	devenir
mére	mére
assemblée	assemblée
rangs	rang
luis	luire
connecté	connecter
pedro	pedro
débris	débris
chang	chang
summer	summer
hyper	hyper
gratuite	gratuit
kane	kane
hangar	hangar
rendrait	rendre
régiment	régiment
buzz	buzz
entrainement	entrainement
flux	flux
noces	noce
bloquer	bloquer
je-je	je-je
arrogant	arrogant
brûlée	brûler
mériter	mériter
repasser	repasser
racines	racine
sûreté	sûreté
averti	averti
naze	naze
june	june
bœuf	bœuf
plaise	plaire
composé	composé
font-ils	font-ils
nadia	nadia
stevie	stevie
kara	kara
appartements	appartement
sonde	sonde
noel	noel
mimi	mimi
pdg	pdg
burns	burns
bouts	bout
plombs	plomb
défauts	défaut
saucisses	saucisse
interdite	interdit
convention	convention
condamnation	condamnation
couvertures	couverture
célèbres	célèbre
saints	saint
testé	tester
soulager	soulager
hétéro	hétéro
impatiente	impatiente
célibataires	célibataire
embauché	embaucher
regardez-vous	regardez-vous
mere	mere
distrait	distrait
refais	refaire
déconnes	déconner
déchirer	déchirer
bush	bush
vase	vase
torche	torche
appelez-vous	appelez-vous
fuit	fuir
mouillée	mouiller
largué	larguer
supplémentaire	supplémentaire
conduisait	conduire
poules	poule
coins	coin
superbes	superbe
roulant	roulant
qualifié	qualifié
mécanique	mécanique
outil	outil
accompagné	accompagné
reins	rein
pantalons	pantalon
bouleversée	bouleverser
tuerais	tuer
vivian	vivian
théories	théorie
lemon	lemon
semblé	sembler
donnés	donner
coupure	coupure
dog	dog
goûts	goût
craqué	craquer
accouchement	accouchement
contenir	contenir
trip	trip
hourra	hourra
ouragan	ouragan
liée	lier
spike	spike
mou	mou
pic	pic
haleine	haleine
allongé	allongé
matchs	match
espionner	espionner
catégorie	catégorie
abigail	abigail
arrivées	arrivée
dodo	dodo
kay	kay
barreaux	barreau
poses	pose
ruban	ruban
bâtiments	bâtiment
buffet	buffet
gavin	gavin
romain	romain
embuscade	embuscade
mo	mo
musiciens	musicien
garantir	garantir
três	três
dégagé	dégagé
kang	kang
rudy	rudy
bougie	bougie
valentin	valentin
soutiens	soutien
débarrassé	débarrasser
magiques	magique
grise	gris
felix	felix
entendus	entendre
déprimé	déprimé
masques	masque
vaccin	vaccin
drôlement	drôlement
terrorisme	terrorisme
particules	particule
migraine	migraine
ressemblez	ressembler
val	val
coude	coude
siens	sien
impliqués	impliquer
sauvez	sauver
sur-le-champ	sur-le-champ
faisons-le	faisons-le
vilaine	vilain
abandonnez	abandonner
franck	franck
artifice	artifice
définition	définition
rico	rico
domestiques	domestique
sherlock	sherlock
isolement	isolement
espionne	espionner
liv	liv
dynamite	dynamite
dj	dj
reprises	reprise
étouffe	étouffer
allemande	allemande
reprocher	reprocher
boeuf	boeuf
country	country
pizzas	pizza
idéale	idéal
pardonnez	pardonner
durera	durer
sylvia	sylvia
pâtes	pâte
aspirine	aspirine
accidentellement	accidentellement
recommande	recommander
soigne	soigner
nourrit	nourrir
chargement	chargement
emballe	emballer
était-elle	était-elle
sanctuaire	sanctuaire
revenait	revenir
merveilles	merveille
conspiration	conspiration
économiser	économiser
raccompagner	raccompagner
convenu	convenu
richesse	richesse
égard	égard
chassé	chasser
aident	aider
bilan	bilan
adieux	adieu
sortiras	sortir
architecte	architecte
regardez-le	regardez-le
trahis	trahir
honteux	honteux
mater	mater
price	price
patrons	patron
femelle	femelle
dante	dante
mini	mini
démolir	démolir
sportif	sportif
dizaines	dizaine
sexuellement	sexuellement
suivait	suivre
pope	pope
fouet	fouet
introduit	introduire
artère	artère
constitution	constitution
gold	gold
accélère	accélérer
réglo	réglo
apocalypse	apocalypse
juive	juif
mercedes	mercedes
chapelle	chapelle
jan	jan
versé	verser
provient	provenir
arrêtons	arrêter
merlin	merlin
obtenez	obtenir
boulots	boulot
arbitre	arbitre
lécher	lécher
séparé	séparer
ciné	ciné
affecté	affecté
cacahuètes	cacahuète
hésitez	hésiter
exemplaire	exemplaire
relâche	relâche
programmes	programme
certitude	certitude
bec	bec
crevettes	crevette
jin	jin
perdues	perdre
poursuites	poursuite
hamburger	hamburger
herbes	herbe
transmis	transmettre
apprennent	apprendre
décor	décor
parano	parano
maternelle	maternelle
gai	gai
négociations	négociation
antidote	antidote
cachait	cacher
revoit	revoir
clarke	clarke
noter	noter
cracher	cracher
horizon	horizon
emplois	emploi
mouchoir	mouchoir
bernie	bernie
agressif	agressif
modifier	modifier
denver	denver
prenez-le	prenez-le
stacy	stacy
grandeur	grandeur
judith	judith
détestait	détester
parvenir	parvenir
leon	leon
nerf	nerf
q	q
accoucher	accoucher
data	dater
mètre	mètre
éclat	éclat
hugh	hugh
falaise	falaise
affreuse	affreux
logement	logement
adresser	adresser
croiser	croiser
entrées	entrée
laurel	laurel
explications	explication
comprendrais	comprendre
ivy	ivy
cerveaux	cerveau
torturé	torturer
doris	doris
bridget	bridget
nicholas	nicholas
retrait	retrait
back	back
cassettes	cassette
épuisée	épuiser
ruines	ruine
cv	cv
chi	chi
clou	clou
détesté	détester
violeur	violeur
brutal	brutal
illusions	illusion
remplaçant	remplaçant
tremble	tremble
existé	exister
nomme	nommer
dansé	danser
privés	privé
initiative	initiative
argument	argument
scully	scully
croise	croiser
sirop	sirop
cicatrices	cicatrice
end	end
sublime	sublime
résiste	résister
renonce	renonce
économique	économique
conséquent	conséquent
repart	repartir
rochers	rocher
ruelle	ruelle
prions	prier
parade	parade
nain	nain
ballons	ballon
élevés	élever
marijuana	marijuana
evelyn	evelyn
largement	largement
manquez	manquer
rampe	rampe
bienvenus	bienvenu
retrouverai	retrouver
inquiets	inquiet
patte	patte
nommée	nommer
écarter	écarter
accélérer	accélérer
tunnels	tunnel
sachent	savoir
nuque	nuque
doubler	doubler
diplômé	diplômé
récent	récent
gala	gala
here	here
aidés	aider
jefferson	jefferson
quotidien	quotidien
préfèrerais	préfèrerais
aérien	aérien
fortement	fortement
nouilles	nouille
gravement	gravement
trad	trad
lancez	lancer
hypocrite	hypocrite
glacée	glacer
enterrée	enterrer
devrions-nous	devrions-nous
rassemblement	rassemblement
valet	valet
paysage	paysage
mexico	mexico
savions	savoir
reprenez	reprendre
cruz	cruz
réels	réel
goûte	goûter
gâchette	gâchette
exercices	exercice
cure	cure
gémissements	gémissement
lucky	lucky
ramassé	ramassé
répétez	répéter
fosse	fosse
décédée	décéder
reviendras	revenir
lin	lin
rancune	rancune
disparaissent	disparaître
quittée	quitter
sang-froid	sang-froid
écoutais	écouter
dance	dance
autographe	autographe
dépense	dépense
hurle	hurler
paisible	paisible
apollo	apollo
dexter	dexter
phillip	phillip
supplier	supplier
milo	milo
donnez-nous	donnez-nous
cuisinier	cuisinier
ramènes	ramener
weekend	weekend
attrapez-le	attrapez-le
représentation	représentation
wall	wall
séduisant	séduisant
renseignement	renseignement
gouttes	goutte
haïr	haïr
oubliais	oublier
coloc	coloc
marchez	marcher
banlieue	banlieue
évader	évader
corriger	corriger
regards	regard
cuillère	cuillère
souffler	souffler
éclaté	éclaté
beurk	beurk
nombres	nombre
carlton	carlton
imposteur	imposteur
sofia	sofia
insigne	insigne
commencement	commencement
visiteur	visiteur
caserne	caserne
callie	callie
lynn	lynn
reportage	reportage
effraie	effraie
délicieuse	délicieux
cartons	carton
petite-fille	petite-fille
marianne	marian
abrutis	abrutir
obéis	obéir
sophia	sophia
discrètement	discrètement
sympas	sympa
province	province
aidez-nous	aidez-nous
mythe	mythe
envoies	envoyer
légale	légal
puisqu	puisqu
ward	ward
laissez-les	laissez-les
uniformes	uniforme
sonnette	sonnette
enfoncer	enfoncer
muet	muet
erik	erik
intéressait	intéresser
camping	camping
posséder	posséder
simone	simone
américaines	américain
yacht	yacht
prophète	prophète
observé	observer
contexte	contexte
obligation	obligation
encaisser	encaisser
perspective	perspective
optimiste	optimiste
moon	moon
mate	mat
tomates	tomate
cogner	cogner
cynthia	cynthia
entendait	entendre
sadie	sadie
milan	milan
consiste	consister
convoi	convoi
pelouse	pelouse
flûte	flûte
nicolas	nicolas
reviendrais	revenir
gardait	garder
dentaire	dentaire
modifié	modifier
tequila	tequila
liées	lier
épouvantable	épouvantable
dragons	dragon
confie	confier
devons-nous	devons-nous
willy	willy
téléphoniques	téléphonique
contenter	contenter
rassemble	rassembler
tracasse	tracasser
mourrez	mourir
pourrir	pourrir
combattant	combattant
fiction	fiction
attendiez	attendre
jedi	jedi
spirituel	spirituel
organisme	organisme
lizzie	lizzie
indienne	indienne
mouton	mouton
supplié	supplier
suzanne	suzanne
plaisanter	plaisanter
prés	pré
sente	sente
percy	percy
excès	excès
idole	idole
high	high
emménagé	emménager
orphelinat	orphelinat
perturbé	perturber
pois	pois
voudront	vouloir
compagnies	compagnie
infecté	infecté
partiez	partir
mettrais	mettre
susie	susie
croissance	croissance
relâché	relâcher
évanoui	évanoui
quelquefois	quelquefois
doyen	doyen
pearl	pearl
échoue	échouer
slip	slip
expliquerait	expliquer
laisse-les	laisse-les
griffes	griffe
mesurer	mesurer
pâques	pâques
contacte	contacter
gestes	geste
servez-vous	servez-vous
laid	laid
paies	paie
avancée	avancée
continent	continent
nucléaires	nucléaire
amuses	amuser
mènera	mener
hait	haïr
amateurs	amateur
pâte	pâte
horaires	horaire
énigme	énigme
est-ce-que	est-ce-que
localisé	localiser
grognements	grognement
poèmes	poème
josé	josé
bouquet	bouquet
bijou	bijou
tournez-vous	tournez-vous
majeur	majeur
soutenu	soutenir
cellulaire	cellulaire
yale	yale
men	men
bassin	bassin
bonnet	bonnet
psychologie	psychologie
touchant	touchant
courent	courir
demanderais	demander
secouer	secouer
peurs	peur
compréhension	compréhension
plaintes	plainte
nsa	nsa
di	di
mènent	mener
tatouages	tatouage
aiguilles	aiguiller
paniquer	paniquer
sages	sage
clairs	clair
milliard	milliard
donnais	donner
joyce	joyce
répété	répéter
aimaient	aimer
pleuvoir	pleuvoir
semestre	semestre
becca	becca
arrivons	arriver
jaunes	jaune
discrétion	discrétion
cognac	cognac
étonné	étonné
racine	racine
jurer	jurer
débiles	débile
violente	violent
gabe	gaber
restaurants	restaurant
piloter	piloter
médium	médium
intimes	intime
post	post
soulagé	soulager
bunker	bunker
capsule	capsule
éponge	éponge
luther	luther
classes	classe
rétablir	rétablir
comprendras	comprendre
blues	blues
nommer	nommer
efface	effacer
lavage	lavage
vicki	vicki
hi	hi
préparent	préparer
mâchoire	mâchoire
percer	percer
poster	poster
robinson	robinson
malik	malik
curé	curé
adrénaline	adrénaline
ironique	ironique
avatar	avatar
tournant	tournant
plonge	plonge
prostituées	prostituée
essayent	essayer
viser	viser
isabel	isabel
sécher	sécher
vortex	vortex
conseillé	conseiller
parlaient	parler
thon	thon
cruelle	cruel
menacée	menacer
choqué	choquer
tirée	tirée
fais-toi	fais-toi
continuera	continuer
goûté	goûté
maléfique	maléfique
side	side
ouf	ouf
toutefois	toutefois
égale	égal
localisation	localisation
garrett	garrett
suffisait	suffire
reproduire	reproduire
sports	sport
rhum	rhum
marshal	marshal
débarqué	débarqué
wesley	wesley
buvait	boire
apparences	apparence
sers-toi	sers-toi
loup-garou	loup-garou
après-demain	après-demain
servait	servir
cheryl	cheryl
chrétiens	chrétien
potter	potter
merdier	merdier
brady	brady
gilbert	gilbert
refusent	refuser
mord	mordre
nouvelle-orléans	nouvelle-orléans
réduction	réduction
distribution	distribution
provisions	provision
weaver	weaver
proprio	proprio
plongée	plongée
meurtrière	meurtrière
vendez	vendre
ignorait	ignorer
pr	pr
sdf	sdf
porcs	porc
doive	devoir
deuxièmement	deuxièmement
anomalie	anomalie
alexis	alexis
fitz	fitz
carbone	carbone
dit-il	dit-il
fi	fi
clinton	clinton
indic	indic
chelsea	chelsea
shepherd	shepherd
distances	distance
einstein	einstein
boys	boy
barb	barb
visible	visible
prévue	prévoir
ava	ava
fidélité	fidélité
perde	perdre
sérieuses	sérieux
salir	salir
zoé	zoé
gail	gail
réconfort	réconfort
réagit	réagir
croyant	croyant
politiciens	politicien
satisfaction	satisfaction
foutent	foutre
signale	signaler
autorisée	autoriser
connais-tu	connais-tu
hôtesse	hôtesse
remettra	remettre
triomphe	triomphe
chargez	charger
acquis	acquis
soupire	soupirer
butin	butin
concurrence	concurrence
trait	trait
atlanta	atlanta
informateur	informateur
signification	signification
fait-elle	fait-elle
horaire	horaire
dépit	dépit
vanter	vanter
from	from
assurances	assurance
chiot	chiot
spa	spa
coque	coque
burton	burton
déguisé	déguisé
garé	garer
aimant	aimant
producteurs	producteur
indiquer	indiquer
diffusé	diffuser
étrangères	étranger
news	news
pentagone	pentagone
protecteur	protecteur
ninja	ninja
forteresse	forteresse
brisée	briser
précision	précision
prononce	prononce
conquérir	conquérir
parlerons	parler
mourras	mourir
tabasser	tabasser
bénéfice	bénéfice
conception	conception
more	more
livreur	livreur
entendais	entendre
recommandé	recommander
plaisait	plaire
défunt	défunt
larguer	larguer
potion	potion
parcouru	parcourir
baxter	baxter
rassurer	rassurer
cuisses	cuisse
gelé	gelé
couverts	couvert
affirme	affirmer
toxique	toxique
hilarant	hilarant
barres	barrer
montes	monter
librement	librement
invente	inventer
vieillard	vieillard
allées	aller
coupes	coupe
brun	brun
suivis	suivre
entrant	entrant
emballer	emballer
approuve	approuver
grouille	grouiller
addison	addison
american	american
demandez-lui	demandez-lui
sanchez	sanchez
occupent	occuper
mails	mail
débarque	débarquer
nasa	nasa
souvienne	souvenir
infini	infini
ramenée	ramener
bouchée	bouchée
condamner	condamner
commode	commode
tammy	tammy
vérification	vérification
e-mails	e-mail
crystal	crystal
make	make
chauffage	chauffage
adores	adorer
merdeux	merdeux
couvent	couvent
réservation	réservation
survivant	survivant
documentaire	documentaire
diffusion	diffusion
cross	cross
greffe	greffe
whitney	whitney
disparais	disparaître
conserver	conserver
réfugiés	réfugier
exagéré	exagéré
nœud	nœud
hormones	hormone
hm	hm
fiancés	fiancé
porteur	porteur
prends-en	prends-en
lâche-le	lâche-le
craignais	craindre
relié	relier
droguée	droguer
humilier	humilier
carlo	carlo
applique	applique
infiltré	infiltrer
ouaip	ouaip
condamnés	condamner
patricia	patricia
ià	ià
won	won
reconnue	reconnaître
puces	puce
f.b.i.	f.b.i.
bourrée	bourrée
individus	individu
péril	péril
semer	semer
impatience	impatience
remonté	remonter
laisseront	laisser
bisous	bisou
alexandre	alexandre
espionnage	espionnage
géante	géant
suggérer	suggérer
calmement	calmement
acceptes	accepter
biscuit	biscuit
heurté	heurter
chapeaux	chapeau
appuyez	appuyer
prendrez	prendre
phrases	phrase
britanniques	britannique
jai	jai
aviez-vous	aviez-vous
canyon	canyon
lori	lori
loterie	loterie
miettes	miette
pièges	piège
gates	gates
violents	violent
toux	toux
portland	portland
par-là	par-là
finch	finch
jasper	jasper
aimera	aimer
take	take
majeure	majeure
recul	recul
dirigeants	dirigeant
immédiat	immédiat
archie	archie
olive	olive
vents	vent
stu	stu
trêve	trêve
hérité	hériter
visa	visa
tate	tate
têtu	têtu
griller	griller
lignée	lignée
défaire	défaire
épave	épave
italiens	italien
indispensable	indispensable
meurtriers	meurtrier
fréquente	fréquenter
mômes	môme
brûlures	brûlure
municipal	municipal
améliore	améliorer
rich	rich
petits-enfants	petit-enfant
cote	cote
étapes	étape
application	application
générosité	générosité
reçus	recevoir
soumettre	soumettre
déception	déception
führer	führer
séminaire	séminaire
libérée	libérer
baisers	baiser
défier	défier
briggs	briggs
principalement	principalement
amelia	amelia
redevable	redevable
sherman	sherman
nourri	nourrir
enverra	envoyer
ordi	ordi
sal	sal
meute	meute
regardée	regarder
yens	yen
colorado	colorado
aillent	aller
dite	dire
partais	partir
patienter	patienter
coq	coq
œuvres	œuvres
secondaires	secondaire
minou	minou
dates	date
debra	debra
emmerder	emmerder
salopes	salope
pouces	pouce
créée	créer
anéantir	anéantir
rentrait	rentrer
fourrure	fourrure
demandera	demander
fût	fût
dong	dong
mule	mule
fourmis	fourmi
how	how
terrasse	terrasse
chorale	chorale
occasions	occasion
cavalerie	cavalerie
menthe	menthe
préfet	préfet
climat	climat
installation	installation
verser	verser
holt	holt
stressé	stresser
solutions	solution
secte	secte
détectives	détective
bradley	bradley
foncé	foncé
corrompu	corrompu
frappes	frappe
insecte	insecte
capture	capture
extrait	extrait
lacey	lacey
prêtres	prêtre
bates	bates
sentence	sentence
généreuse	généreux
religieuse	religieux
dealers	dealer
matos	matos
supposer	supposer
attrapez	attraper
compagnons	compagnon
employée	employer
faisons-nous	faisons-nous
new-york	new-york
appelles-tu	appelles-tu
reproche	reproche
connasse	connasse
scoop	scoop
boucler	boucler
bella	bella
sinistre	sinistre
pauvreté	pauvreté
harriet	harriet
plaider	plaider
shannon	shannon
épais	épais
bourbon	bourbon
obligations	obligation
mortels	mortel
gangster	gangster
tait	taire
paquets	paquet
cuisinière	cuisinière
habites	habiter
poings	poing
bien-être	bien-être
appliquer	appliquer
ignorent	ignorer
commencera	commencer
brèche	brèche
chaton	chaton
embarque	embarquer
say	say
préférable	préférable
bandit	bandit
wong	wong
marks	mark
musulmans	musulman
là-dessous	là-dessous
clowns	clown
harmonie	harmonie
désintox	désintox
laisserait	laisser
franchi	franchir
insister	insister
héro	héro
tuez-le	tuez-le
hostile	hostile
trempé	trempé
woody	woody
tete	tete
réalisez	réaliser
décroché	décrocher
craignez	craindre
intermédiaire	intermédiaire
prophétie	prophétie
activé	activé
utilité	utilité
tremblement	tremblement
habitait	habiter
utilisés	utiliser
cite	citer
placée	placer
ally	ally
hallucinations	hallucination
saul	saul
culs	cul
pancakes	pancake
filez	filer
immatriculation	immatriculation
entres	entrer
excitation	excitation
allumettes	allumette
décollage	décollage
valley	valley
embauche	embauche
asie	asie
sourcils	sourcil
close	clore
dot	dot
montréal	montréal
amical	amical
quarante	quarante
prendront	prendre
vicky	vicky
avances	avancer
froc	froc
berceau	berceau
mesdemoiselles	mademoiselle
presser	presser
moquez	moquer
powell	powell
gregory	gregory
glen	glen
chalet	chalet
heart	heart
quoiqu'	quoique
provenant	provenir
danielle	danielle
apprenez	apprendre
bert	bert
martini	martini
occupez	occuper
remettez	remettre
envoler	envoler
k.	k.
confesser	confesser
francine	francine
vaughn	vaughn
endommagé	endommager
harceler	harceler
physiques	physique
napoléon	napoléon
cohen	cohen
z	z
parlions	parler
motivation	motivation
révélation	révélation
tentant	tentant
roland	roland
indépendant	indépendant
prétends	prétendre
ernie	ernie
communistes	communiste
serveurs	serveur
piraté	pirater
danseur	danseur
servante	servante
jadis	jadis
centimètres	centimètre
reposez-vous	reposez-vous
rôti	rôti
anormal	anormal
sentiras	sentir
gages	gage
insultes	insulter
émissions	émission
couverte	couverte
écartez-vous	écartez-vous
désespérément	désespérément
malins	malin
discussions	discussion
wang	wang
introduire	introduire
tue-moi	tue-moi
étendre	étendre
glaçons	glaçon
mettrait	mettre
crawford	crawford
volontairement	volontairement
emballé	emballer
électriques	électrique
gotham	gotham
pleurait	pleurer
inscription	inscription
faisiez-vous	faisiez-vous
pitoyable	pitoyable
évènement	évènement
muscle	muscle
rendus	rendre
répugnant	répugnant
beignets	beignet
secrètes	secret
programmé	programmer
montgomery	montgomery
party	party
enfreint	enfreindre
connaissaient	connaître
illégale	illégal
flou	flou
24h	24h
irlande	irlande
crédible	crédible
bd	bd
esclavage	esclavage
preniez	prendre
cire	cire
yep	yep
coupures	coupure
zero	zero
gamme	gamme
crue	crue
salutations	salutation
détient	détenir
anonymes	anonyme
écharpe	écharpe
lier	lier
centime	centime
brune	brune
finiras	finir
jours-ci	jours-ci
noeud	noeud
librairie	librairie
humiliation	humiliation
enfermés	enfermer
rigolo	rigolo
banks	banks
aveugles	aveugle
venise	venise
foin	foin
respectable	respectable
bouddha	bouddha
soviétique	soviétique
écoutent	écouter
mépris	mépris
peterson	peterson
récente	récent
absolue	absolu
bulletin	bulletin
gideon	gideon
avale	avaler
croyons	croire
lionel	lionel
identiques	identique
roche	roche
culte	culte
emmène-moi	emmène-moi
endurer	endurer
souhaits	souhait
intrusion	intrusion
goa'	goa'
ahh	ahh
rejeter	rejeter
prisonnière	prisonnier
arrangera	arranger
mentor	mentor
terrifié	terrifier
nobles	noble
évier	évier
county	county
helena	helena
sensibles	sensible
daniels	daniels
similaire	similaire
vivres	vivre
mills	mills
communiqué	communiqué
dures	dur
ouvrier	ouvrier
tenant	tenant
occupait	occuper
onde	onde
exclu	exclure
moulin	moulin
gagnera	gagner
herr	herr
tiens-moi	tiens-moi
prendras	prendre
sonia	sonia
semblables	semblable
fugitif	fugitif
chantait	chanter
douzaines	douzaine
millie	millie
dérangerait	déranger
indiqué	indiqué
décolle	décoller
plier	plier
raisin	raisin
semblable	semblable
massacrer	massacrer
reconstruire	reconstruire
stp	stp
passeports	passeport
habituelle	habituel
surveillé	surveiller
gèle	geler
vicieux	vicieux
citer	citer
trish	trish
lard	lard
sidney	sidney
ordinaires	ordinaire
suffire	suffire
inquiétais	inquiéter
brien	brien
opposition	opposition
banquier	banquier
brendan	brendan
consoler	consoler
amènes	amener
évaluer	évaluer
achèterai	acheter
brooks	brook
springfield	springfield
approché	approché
frappez	frapper
sherry	sherry
sniper	sniper
vega	vega
impulsion	impulsion
procurer	procurer
fanny	fanny
marée	marée
joshua	joshua
cliché	cliché
tranche	tranche
valoir	valoir
opinions	opinion
tout-puissant	tout-puissant
barbie	barbie
mack	mack
moelle	moelle
filme	filmer
évènements	évènement
nourris	nourrir
traque	traque
rush	rush
allié	allié
câbles	câble
never	never
oeuvres	oeuvre
dinozzo	dinozzo
shh	shh
samouraï	samouraï
arrêterai	arrêter
asiatique	asiatique
chantent	chanter
volées	volée
rasé	raser
craque	craque
tendue	tendue
horreurs	horreur
maudits	maudire
comble	comble
abusé	abuser
aborder	aborder
inacceptable	inacceptable
courtoisie	courtoisie
arabes	arabe
écureuil	écureuil
réparation	réparation
rentrent	rentrer
supposons	supposer
queens	queens
scie	scie
repère	repère
embaucher	embaucher
sympathie	sympathie
sacrés	sacrer
sutton	sutton
atomique	atomique
fumes	fumer
bataillon	bataillon
achètes	acheter
lesbiennes	lesbien
oups	oups
briquet	briquet
timmy	timmy
kenneth	kenneth
piégée	piéger
repars	repartir
japonaise	japonais
old	old
ramènera	ramener
explosif	explosif
esther	esther
blog	blog
ouh	ouh
complices	complice
maligne	malin
traîtres	traître
mi-temps	mi-temps
changerait	changer
quentin	quentin
p'	p'
gibson	gibson
centre-ville	centre-ville
achever	achever
parapluie	parapluie
verrait	voir
disposer	disposer
sérum	sérum
reviendront	revenir
priez	prier
triche	triche
financière	financière
franchise	franchise
suce	sucer
contrariée	contrarier
devenez	devenir
nazi	nazi
soupçonne	soupçonner
portera	porter
teint	teint
rattrape	rattraper
remarques	remarque
écrits	écrit
hanches	hanche
béguin	béguin
vivaient	vivre
bulle	bulle
tiennes	tien
extraire	extraire
a2	a2
jouir	jouir
burger	burger
chantez	chanter
cordon	cordon
aurais-tu	aurais-tu
brûlant	brûlant
poumon	poumon
tailleur	tailleur
abandonnes	abandonner
égouts	égout
intrigue	intriguer
impoli	impoli
télécommande	télécommande
épargne	épargne
nie	nier
tubes	tube
faisions	faire
approuvé	approuvé
confiture	confiture
présentes	présent
pom-pom	pom-pom
géré	gérer
équitable	équitable
spatiale	spatial
ficelles	ficelle
tracer	tracer
saumon	saumon
jade	jade
séances	séance
exercer	exercer
hyde	hyde
inventaire	inventaire
distribuer	distribuer
dîné	dîner
inattendu	inattendu
briller	briller
affirmatif	affirmatif
janice	janice
verrouillé	verrouiller
convenable	convenable
empêchera	empêcher
orgueil	orgueil
mangeons	manger
cigares	cigare
jeep	jeep
immeubles	immeuble
artillerie	artillerie
attraction	attraction
gymnase	gymnase
mondial	mondial
trainer	trainer
permanente	permanente
franche	franc
amendement	amendement
disparues	disparu
garderai	garder
maladroit	maladroit
salive	salive
kat	kat
simmons	simmons
allumée	allumer
cuivre	cuivre
peigne	peigne
hughes	hughes
espérait	espérer
plombier	plombier
cherchiez	chercher
piles	pile
passionnant	passionnant
baigner	baigner
villageois	villageois
ralenti	ralenti
investisseurs	investisseur
comprenais	comprendre
celles-ci	celui-ci
solides	solide
ouvrent	ouvrent
bulles	bulle
eleanor	eleanor
soutien-gorge	soutien-gorge
gonzesse	gonzesse
song	song
marquis	marquis
drone	drone
détourner	détourner
non.	non.
ugh	ugh
duchesse	duchesse
choi	choi
sirènes	sirène
cargo	cargo
bancaire	bancaire
clin	clin
fuyez	fuir
interrompu	interrompre
triché	tricher
batailles	bataille
barré	barré
limité	limité
torres	torres
vestiaire	vestiaire
précaution	précaution
graine	graine
disponibles	disponible
emmènerai	emmener
participe	participe
sdi	sdi
ail	ail
jr	jr
associée	associer
prononcé	prononcé
session	session
contribution	contribution
chauffe	chauffe
baissez-vous	baissez-vous
itinéraire	itinéraire
plongé	plonger
maniaque	maniaque
marcherait	marcher
gardons	gardon
monty	monty
dirigent	diriger
basée	baser
soumis	soumis
q2	q2
millier	millier
objectifs	objectif
étrangler	étrangler
voudraient	vouloir
studios	studio
souviendrai	souvenir
distraction	distraction
exploiter	exploiter
chauds	chaud
espéré	espérer
spécifique	spécifique
libérez	libérer
disputes	disputer
p.	p.
pratiquer	pratiquer
fâche	fâcher
dom	dom
répandre	répandre
fondu	fondu
lires	lire
devise	devise
manifeste	manifeste
design	design
approchent	approcher
soulève	soulever
pâté	pâté
humilié	humilié
javier	javier
fais-lui	fais-lui
informe	informe
pagaille	pagaille
virage	virage
admirer	admirer
yankees	yankee
moutarde	moutarde
métaphore	métaphore
bridge	bridge
bâtir	bâtir
jardinier	jardinier
méfier	méfier
donnie	donnie
pavillon	pavillon
she	she
woo	woo
dévoué	dévoué
cafétéria	cafétéria
globe	globe
éloignez-vous	éloignez-vous
pubs	pub
débuts	début
lente	lente
arche	arche
émotionnel	émotionnel
deja	deja
passionné	passionner
remplit	remplir
tricher	tricher
éclairer	éclairer
é	é
déclarations	déclaration
raccourci	raccourci
chemises	chemise
module	module
fourchette	fourchette
aidait	aider
contrôles	contrôler
restiez	rester
mexicains	mexicain
jenkins	jenkins
clous	clou
tango	tango
contes	conte
douces	doux
consciente	conscient
transition	transition
ignorance	ignorance
poisse	poisse
avéré	avérer
mangeait	manger
branches	branche
cogne	cogne
irresponsable	irresponsable
madrid	madrid
ambitieux	ambitieux
morsure	morsure
ding	ding
sainteté	sainteté
pigeons	pigeon
creusé	creuser
italienne	italien
sermon	sermon
diplômes	diplôme
alaska	alaska
trent	trent
grèce	grèce
arriverez	arriver
intéressantes	intéressant
yu	yu
fatigués	fatiguer
révolutionnaire	révolutionnaire
loue	louer
avertis	avertir
prends-moi	prends-moi
parle-lui	parle-lui
hospitalité	hospitalité
coût	coût
melinda	melinda
faveurs	faveur
références	référence
faucon	faucon
detroit	detroit
fibres	fibre
normales	normal
poignarder	poignarder
appuyé	appuyé
barrer	barrer
traditions	tradition
rangé	ranger
emmerdes	emmerder
utérus	utérus
rails	rail
prévenez	prévenir
vexer	vexer
maitre	maitre
propriétés	propriété
chaudes	chaud
croyable	croyable
laissais	laisser
voleuse	voleur
cerf	cerf
marion	marion
contrebande	contrebande
astronaute	astronaute
poussent	pousser
parasite	parasite
impose	imposer
dôme	dôme
sentirais	sentir
paresseux	paresseux
enculés	enculer
unir	unir
garée	garer
prétendu	prétendre
mettais	mettre
pratt	pratt
frérot	frérot
classée	classer
pareilles	pareil
vendait	vendre
probleme	probleme
identique	identique
tarés	tarer
ignoré	ignorer
baskets	basket
prends-la	prends-la
flèches	flèche
statistiques	statistique
musical	musical
porte-bonheur	porte-bonheur
consultation	consultation
invincible	invincible
bouc	bouc
greene	greene
freins	frein
limonade	limonade
baisse-toi	baisse-toi
aire	aire
feriez-vous	feriez-vous
citation	citation
darren	darren
suture	suture
perdra	perdre
gênée	gêner
mélanger	mélanger
résumé	résumer
thèse	thèse
farine	farine
frankenstein	frankenstein
enfonce	enfoncer
absente	absent
wolf	wolf
perle	perle
enseignement	enseignement
r.	r.
magnétique	magnétique
tenez-moi	tenez-moi
chantes	chanter
naïf	naïf
bavarder	bavarder
sorcellerie	sorcellerie
envoi	envoi
absolu	absolu
dansez	danser
assiettes	assiette
hawaï	hawaï
intéressés	intéresser
notion	notion
mannequins	mannequin
labyrinthe	labyrinthe
scout	scout
fouillez	fouiller
boivent	boire
battez	battre
irm	irm
f.	f.
contourner	contourner
lecteur	lecteur
bâti	bâti
coûtera	coûter
kai	kai
amène-toi	amène-toi
retirez	retirer
entrevue	entrevue
mourront	mourir
reviendrait	revenir
appui	appui
boxeur	boxeur
reflet	reflet
consentement	consentement
promise	promis
falls	falls
vingtaine	vingtaine
rabbin	rabbin
bio	bio
dément	dément
découper	découper
permanent	permanent
terrestre	terrestre
criant	criant
lucifer	lucifer
phare	phare
habituée	habituer
candidature	candidature
onu	onu
bloquée	bloquer
principaux	principal
voulant	vouloir
financiers	financier
moe	moe
généraux	général
etje	etje
ra	ra
mollo	mollo
léon	léon
homard	homard
terminale	terminale
supposés	supposer
évanouie	évanouir
hopital	hopital
toubib	toubib
baguette	baguette
initiales	initiale
lilly	lilly
trésors	trésor
poney	poney
concerts	concert
bien-aimée	bien-aimé
file-moi	file-moi
malchance	malchance
négro	négro
jeannie	jeannie
confiant	confiant
ampoule	ampoule
drague	drague
éteignez	éteindre
neill	neill
parachute	parachuter
cafés	café
psychologue	psychologue
rafraîchir	rafraîchir
prétentieux	prétentieux
wu	wu
stups	stup
armstrong	armstrong
gardée	garder
obligatoire	obligatoire
persuader	persuader
grade	grade
réactions	réaction
effondre	effondrer
punie	punir
buté	buté
enregistrée	enregistrer
gorille	gorille
bourreau	bourreau
atteinte	atteinte
sas	sas
neutre	neutre
septième	septième
sifflet	sifflet
abandon	abandon
défend	défendre
déguisement	déguisement
hammond	hammond
uh-huh	uh-huh
north	north
edwards	edwards
walsh	walsh
cinglés	cinglé
dormant	dormant
cadet	cadet
roosevelt	roosevelt
coffre-fort	coffre-fort
experte	expert
doublé	doublé
approbation	approbation
preston	preston
google	google
mystères	mystère
contrôlé	contrôler
cocktails	cocktail
michigan	michigan
sloan	sloan
félicite	féliciter
présidence	présidence
prévenus	prévenir
nègres	nègre
people	people
holden	holden
détonateur	détonateur
veau	veau
châtiment	châtiment
arriveront	arriver
bad	bad
détruits	détruire
c.m.c.	c.m.c.
voyageur	voyageur
resteras	rester
promu	promouvoir
publics	public
adolescent	adolescent
étendue	étendue
évanouir	évanouir
apprête	apprêter
punis	punir
coutume	coutume
obstacles	obstacle
pressés	presser
impressionnée	impressionner
capote	capote
porterai	porter
polonais	polonais
cruauté	cruauté
arguments	argument
conduits	conduit
banal	banal
appellerais	appeler
creux	creux
peuvent-ils	peuvent-ils
morveux	morveux
envoye	envoye
sieur	sieur
pamela	pamela
mélodie	mélodie
négociation	négociation
egypte	egypte
consultant	consultant
surf	surf
wagon	wagon
imprévisible	imprévisible
embarqué	embarquer
montana	montana
assieds	asseoir
ketchup	ketchup
comprennes	comprendre
iv	iv
vétérinaire	vétérinaire
ramon	ramon
trouvez-vous	trouvez-vous
probation	probation
cheveu	cheveu
fréquenter	fréquenter
coudes	coude
plaisirs	plaisir
légendaire	légendaire
ceux-ci	celui-ci
franco	franco
gènes	gène
correcte	correct
tartes	tarte
déprimant	déprimant
revenant	revenant
marta	marta
traitez	traiter
gardner	gardner
fermées	fermer
4x4	4x4
dewey	dewey
warner	warner
correspondant	correspondant
immobile	immobile
arrêtais	arrêter
critiquer	critiquer
live	live
interdiction	interdiction
rentrais	rentrer
coéquipier	coéquipier
elderman	elderman
combattants	combattant
douté	douter
vermine	vermine
ôter	ôter
orphelins	orphelin
ennemie	ennemi
pissé	pisser
romans	roman
médocs	médoc
privées	privé
abandonnés	abandonner
tuées	tuer
mécanisme	mécanisme
reprenons	reprendre
martiale	martial
fondé	fondé
retournerai	retourner
darryl	darryl
julien	julien
dirigeant	dirigeant
antibiotiques	antibiotique
sandwiches	sandwich
construite	construire
batteur	batteur
rigolez	rigoler
universitaire	universitaire
paru	paraître
mers	mer
marchant	marcher
palm	palm
clayton	clayton
visité	visiter
ronald	ronald
enthousiaste	enthousiaste
financer	financer
jouera	jouer
sandwichs	sandwich
bâtards	bâtard
devint	devenir
encourage	encourager
over	over
blond	blond
sécurisée	sécuriser
reproduira	reproduire
masculin	masculin
insensible	insensible
ty	ty
isoler	isoler
bree	bree
laine	laine
analysé	analyser
seigneurs	seigneur
exagères	exagérer
trouverait	trouver
tanya	tanya
entrons	entrer
anita	anita
sourde	sourde
réussis	réussir
tombera	tomber
équipier	équipier
transaction	transaction
gratuits	gratuit
mindy	mindy
stellaire	stellaire
suspension	suspension
détour	détour
opère	opérer
entendra	entendre
manifestation	manifestation
saurons	savoir
champions	champion
épousée	épouser
palace	palace
diriez	dire
spectaculaire	spectaculaire
céleste	céleste
infirmier	infirmier
saignement	saignement
pensez-y	pensez-y
bien-aimé	bien-aimé
accomplie	accomplir
réclamer	réclamer
pieu	pieu
schéma	schéma
traduire	traduire
opposer	opposer
indigne	indigne
lorelai	lorelai
tapette	tapette
accusés	accuser
fuck	fuck
amenés	amener
inoffensif	inoffensif
élan	élan
effondrer	effondrer
rousse	roux
manches	manche
tentation	tentation
fatal	fatal
seize	seize
visez	viser
pédale	pédale
recommencé	recommencer
gratte	gratter
hamburgers	hamburger
profits	profit
zoey	zoey
donne-nous	donne-nous
devon	devon
inculper	inculper
mouchard	mouchard
nikita	nikita
prostitution	prostitution
strictement	strictement
stephanie	stephanie
dark	dark
explique-moi	explique-moi
prédit	prédire
humiliant	humiliant
gène	gène
jacuzzi	jacuzzi
impeccable	impeccable
rejette	rejeter
préfèrent	préférer
habille-toi	habille-toi
lila	lila
rangers	rangers
cerise	cerise
cha	cha
orphelin	orphelin
entrepreneur	entrepreneur
v.	v.
interprète	interprète
pakistan	pakistan
athlète	athlète
relier	relier
occupation	occupation
panneaux	panneau
indépendante	indépendant
industries	industrie
crabe	crabe
ridicules	ridicule
short	short
sugar	sugar
vitamines	vitamine
pennsylvanie	pennsylvanie
henderson	henderson
précautions	précaution
renvoyée	renvoyer
choses-là	choses-là
lie	lie
caoutchouc	caoutchouc
injustice	injustice
indiana	indiana
ezra	ezra
jérusalem	jérusalem
lueur	lueur
étonnes	étonner
stagiaire	stagiaire
triangle	triangle
orientation	orientation
peintures	peinture
canards	canard
raconterai	raconter
placés	placer
remuer	remuer
stephens	stephens
épisodes	épisode
apprécierais	apprécier
provisoire	provisoire
conduisez	conduire
couchée	coucher
retarder	retarder
general	general
maintient	maintenir
pauline	pauline
dénoncé	dénoncer
immortel	immortel
déroule	dérouler
elsa	elsa
dangereuses	dangereux
savais-tu	savais-tu
accords	accord
frotter	frotter
gerald	gerald
résolution	résolution
affiches	afficher
abe	abe
institution	institution
fatale	fatal
détacher	détacher
baises	baiser
rive	rive
montrera	montrer
duo	duo
mauviette	mauviette
sterling	sterling
prendrons	prendre
compréhensible	compréhensible
auteurs	auteur
sierra	sierra
prétendant	prétendant
hayley	hayley
pêcheur	pêcheur
malaise	malaise
cavale	cavale
georgie	georgie
participation	participation
géniaux	génial
gratter	gratter
saisie	saisie
pologne	pologne
concentrez-vous	concentrez-vous
moines	moine
nécessairement	nécessairement
touchés	toucher
garde-le	garde-le
creek	creek
talentueux	talentueux
louie	louie
collaboration	collaboration
origines	origine
satané	sataner
lourds	lourd
cafard	cafard
géants	géant
exagère	exagérer
parlement	parlement
comprendrez	comprendre
bougent	bouger
pots	pot
envisage	envisager
croie	croire
amusante	amusant
nash	nash
conserve	conserve
méprise	méprise
plasma	plasma
récit	récit
déplacement	déplacement
ivresse	ivresse
réserver	réserver
tribus	tribu
obscur	obscur
cultures	culture
voudrions	vouloir
elisabeth	elisabeth
jarod	jarod
vitrine	vitrine
tomate	tomate
donnons	donner
cassidy	cassidy
rebours	rebours
payait	payer
bruyant	bruyant
prenez-vous	prenez-vous
pourris	pourrir
bouffon	bouffon
affamés	affamer
wheeler	wheeler
hui	hui
nocturne	nocturne
5ème	5ème
protégez	protéger
trembler	trembler
relaxe	relaxe
courtney	courtney
affirmer	affirmer
complications	complication
paranoïaque	paranoïaque
franz	franz
nécessité	nécessiter
carottes	carotte
habitez	habiter
navigation	navigation
seringue	seringue
épargné	épargner
manquera	manquer
fermiers	fermier
cho	cho
tirés	tirer
biologie	biologie
gagnants	gagnant
millionnaire	millionnaire
iran	iran
patate	patate
décidez	décider
edie	edie
tessa	tessa
gêner	gêner
trompés	tromper
intéressants	intéressant
dortoir	dortoir
marketing	marketing
roberto	roberto
enterre	enterrer
protégés	protéger
émeute	émeute
pros	pro
gueules	gueule
box	box
acceptera	accepter
souffrent	souffrir
apprendrai	apprendre
volcan	volcan
mentait	mentir
tireurs	tireur
sélection	sélection
poussin	poussin
marissa	marissa
préoccupé	préoccupé
squelette	squelette
profondes	profond
rouleau	rouleau
ducon	ducon
achats	achat
faith	faith
détecté	détecter
menteurs	menteur
brique	brique
recommandation	recommandation
désirez-vous	désirez-vous
dope	dope
inclus	inclus
délires	délire
acceptée	accepter
vieillir	vieillir
secrètement	secrètement
clarence	clarence
pourrait-on	pourrait-on
shelly	shelly
usines	usine
malle	malle
peluche	peluche
aimez-vous	aimez-vous
employeur	employeur
pouvant	pouvoir
recherchent	rechercher
différences	différence
suivra	suivre
kramer	kramer
vance	vance
martiaux	martial
transcript	transcript
désaccord	désaccord
bronze	bronze
interprétation	interprétation
montre-lui	montre-lui
écrivait	écrire
crichton	crichton
évêque	évêque
écoulé	écouler
visé	visé
bâtons	bâton
l.	l.
entendez-vous	entendez-vous
quitterai	quitter
bananes	banane
chimio	chimio
hanche	hanche
pourrions-nous	pourrions-nous
trouvez-moi	trouvez-moi
consacrer	consacrer
andouille	andouille
intact	intact
grands-parents	grands-parents
centres	centre
parceque	parceque
finirai	finir
chocolats	chocolat
contactez	contacter
procédé	procédé
divers	divers
agité	agité
tournait	tourner
lancée	lancée
gaspiller	gaspiller
exprime	exprimer
abdomen	abdomen
montent	monter
traitent	traiter
souhaites	souhaiter
noyau	noyau
anneaux	anneau
déshabiller	déshabiller
admirable	admirable
révolte	révolte
pleinement	pleinement
couvre-feu	couvre-feu
finissez	finir
vendus	vendre
parcourir	parcourir
examine	examiner
célébrités	célébrité
couloirs	couloir
dalton	dalton
villages	village
annonces	annonce
électeurs	électeur
dã	dã
hale	haler
effondré	effondré
paralysé	paralyser
caleçon	caleçon
traités	traité
représentent	représenter
kilo	kilo
resterez	rester
taxes	taxe
klaxon	klaxon
opératoire	opératoire
trousses	trousse
solde	solde
séries	série
touchent	toucher
punch	punch
avortement	avortement
chip	chip
dani	dani
sinclair	sinclair
acceptable	acceptable
amsterdam	amsterdam
satellites	satellite
faculté	faculté
ragots	ragot
don'	don'
pôle	pôle
expulser	expulser
sceau	sceau
battant	battant
réseaux	réseau
voyageurs	voyageur
ignoble	ignoble
offerte	offrir
délibérément	délibérément
pop-corn	pop-corn
croyances	croyance
flatté	flatter
game	game
amer	amer
insulté	insulter
worf	worf
finance	finance
adolescents	adolescent
paré	parer
clientèle	clientèle
tracé	tracé
marrante	marrant
transports	transport
talon	talon
voyiez	voir
bouchon	bouchon
off	off
influencer	influencer
locales	local
coréen	coréen
symboles	symbole
survivra	survivre
registres	registre
wc	wc
attentes	attente
affecter	affecter
fournisseur	fournisseur
theo	theo
convaincant	convaincant
remercions	remercier
traitements	traitement
rajouter	rajouter
lourdes	lourd
activer	activer
néant	néant
souvenu	souvenir
ferais-tu	ferais-tu
complétement	complétement
spectateurs	spectateur
condamne	condamner
abeille	abeille
embarras	embarras
prisons	prison
pratiques	pratique
mara	mara
nevada	nevada
lézard	lézard
wright	wright
poivre	poivre
infiltrer	infiltrer
lèche	lécher
voiles	voile
hautes	haut
tombez	tomber
cest	cest
déjeune	déjeuner
criez	crier
santiago	santiago
déclenche	déclenche
négative	négative
mourrais	mourir
classé	classé
stéroïdes	stéroïde
immédiate	immédiat
agences	agencer
emparer	emparer
lopez	lopez
faites-les	faites-les
bougez-vous	bougez-vous
concurrents	concurrent
ennuyeuse	ennuyeux
lointain	lointain
massive	massif
louper	louper
risquent	risquer
repoussé	repoussé
criait	crier
forcés	forcer
répondent	répondre
kidnapper	kidnapper
bryan	bryan
envahi	envahir
dominer	dominer
serve	servir
anxiété	anxiété
sex	sex
flirter	flirter
encontre	encontre
achètent	acheter
oswald	oswald
armement	armement
regarde-la	regarde-la
gonflé	gonflé
enquêteur	enquêteur
ling	ling
trompait	tromper
connecter	connecter
secoué	secouer
patterson	patterson
mccoy	mccoy
maureen	maureen
orgasme	orgasme
seriez-vous	seriez-vous
russ	russ
kung-fu	kung-fu
tirera	tirer
transformation	transformation
décoration	décoration
dévoiler	dévoiler
teste	tester
town	town
vip	vip
tornade	tornade
etant	etant
lisais	lire
sains	sain
congés	congé
karaté	karaté
frost	frost
regretteras	regretter
state	stater
légendes	légende
chopé	choper
camper	camper
autobus	autobus
considération	considération
apporte-moi	apporte-moi
sexualité	sexualité
retardé	retarder
rébellion	rébellion
blouse	blouse
serviteurs	serviteur
orteil	orteil
jettes	jeter
piégés	piéger
fossé	fossé
opéré	opérer
régulier	régulier
incapables	incapable
hystérique	hystérique
comparaison	comparaison
sabrina	sabrina
bi	bi
ji	ji
évolué	évolué
circuits	circuit
sky	sky
oppose	opposer
posté	poster
ragoût	ragoût
sentimental	sentimental
paumé	paumé
téléportation	téléportation
terminal	terminal
paysan	paysan
juliet	juliet
romance	romancer
lorenzo	lorenzo
coulisses	coulisse
coupés	couper
culottes	culotte
dizaine	dizaine
débuté	débuter
aiden	aiden
teal'	teal'
terrifiée	terrifier
katrina	katrina
faciliter	faciliter
renforcer	renforcer
x.	x.
prévoit	prévoir
omelette	omelette
priorités	priorité
fran	fran
imiter	imiter
convoqué	convoquer
stanford	stanford
déjeuné	déjeuner
envahir	envahir
marathon	marathon
cahier	cahier
baleines	baleine
messire	messire
éclats	éclat
brillants	brillant
support	support
présentée	présenter
toutou	toutou
twitter	twitter
florrick	florrick
poignard	poignard
paires	paire
agitation	agitation
réparations	réparation
vitres	vitre
bousillé	bousiller
dangers	danger
impuissant	impuissant
escalade	escalade
sans-abri	sans-abri
classiques	classique
promène	promener
constante	constante
arc-en-ciel	arc-en-ciel
dites-le-moi	dites-le-moi
mineure	mineure
dirigeait	diriger
jonah	jonah
quittés	quitter
auxquelles	auxquelles
juridiction	juridiction
engagés	engager
cary	cary
implication	implication
virginité	virginité
golden	golden
compagne	compagne
tenues	tenue
séché	sécher
nixon	nixon
bute	buter
cherchaient	chercher
étagère	étagère
gun	gun
tiffany	tiffany
assume	assumer
hassan	hassan
pc	pc
ohé	ohé
sait-on	sait-on
geoffrey	geoffrey
luc	luc
crêpes	crêpe
poteau	poteau
agissez	agir
projection	projection
ç'	ça
benson	benson
la-bas	la-bas
concerné	concerner
étincelle	étincelle
annulée	annuler
fantasmes	fantasme
supporté	supporter
cherchée	chercher
bunny	bunny
6e	6e
smoking	smoking
signifiait	signifier
blocs	bloc
réservée	réserver
embrasses	embrasser
cowboy	cowboy
pick-up	pick-up
médicales	médical
scorpion	scorpion
treize	treize
grandis	grandir
mêlée	mêlée
procédures	procédure
volait	voler
tuteur	tuteur
apportera	apporter
courts	court
compteur	compteur
verse	verse
gorgée	gorgée
gel	gel
penserai	penser
lise	lire
delà	delà
brent	brent
amusée	amuser
fritz	fritz
notez	noter
melanie	melanie
allons-nous-en	allons-nous-en
extinction	extinction
atlantic	atlantic
annuaire	annuaire
ghetto	ghetto
edith	edith
soulagée	soulager
exil	exil
silencieuse	silencieux
trouve-moi	trouve-moi
rompez	rompre
parasites	parasite
purement	purement
vitaux	vital
sensibilité	sensibilité
lampes	lamper
compromettre	compromettre
pirater	pirater
tribord	tribord
ascension	ascension
axe	axe
faites-la	faites-la
pensera	penser
drive	drive
jude	jude
ariel	ariel
débordé	débordé
vanille	vanille
croirais	croire
andre	andre
roll	roll
lumineux	lumineux
chester	chester
attendaient	attendre
chères	cher
animé	animé
boulettes	boulette
jeans	jean
ressentais	ressentir
julio	julio
lances	lancer
infraction	infraction
rupert	rupert
minables	minable
majordome	majordome
réconforter	réconforter
condamnée	condamner
moniteur	moniteur
vocation	vocation
gigantesque	gigantesque
banquet	banquet
mallory	mallory
payent	payer
allusion	allusion
retenez	retenir
défie	défier
brothers	brothers
sortez-le	sortez-le
chantant	chantant
audacieux	audacieux
arrestations	arrestation
marrer	marrer
reviennes	revenir
retrouvent	retrouver
reparle	reparler
madeleine	madeleine
composition	composition
voles	voler
retrouvez	retrouver
inculpé	inculpé
singh	singh
recherchons	rechercher
araignées	araignée
tord	tordre
maintenez	maintenir
barque	barque
heure-ci	heure-ci
ignorant	ignorant
ziva	ziva
trouviez	trouver
ming	ming
assoir	assoir
picard	picard
ouvrira	ouvrir
divertissement	divertissement
obama	obama
temps-là	temps-là
hold-up	hold-up
suicidée	suicider
excusé	excuser
impitoyable	impitoyable
payes	paie
songe	songe
amours	amour
chants	chant
fabriques	fabriquer
casses	casser
georgia	georgia
réviser	réviser
extraction	extraction
autoriser	autoriser
fous-moi	fous-moi
empoisonner	empoisonner
fax	fax
étroit	étroit
modernes	moderne
comptant	comptant
polo	polo
phillips	phillips
wanda	wanda
mourante	mourant
pinces	pince
tank	tank
motifs	motif
ostie	ostie
techniciens	technicien
amusés	amuser
diplomatique	diplomatique
tétons	téton
sauvera	sauver
equipe	equipe
planifier	planifier
fameuse	fameux
iui	iui
disparaisse	disparaître
offensé	offenser
suédois	suédois
vaurien	vaurien
conseillère	conseiller
fabrication	fabrication
darcy	darcy
you'	you'
seuil	seuil
1ch00ffff	1ch00ffff
fournit	fournir
entretiens	entretien
rap	rap
gangsters	gangster
assurée	assurer
poursuivez	poursuivre
envoyait	envoyer
cyril	cyril
vertige	vertige
robinet	robinet
postale	postal
confuse	confus
christy	christy
trappe	trappe
éloigne-toi	éloigne-toi
précises	préciser
batteries	batterie
poursuis	poursuivre
aw	aw
tuez-moi	tuez-moi
marionnette	marionnette
frein	frein
j.j.	j.j.
tentez	tenter
comprenons	comprendre
détecte	détecter
résidents	résident
remontez	remonter
hésiter	hésiter
parlerais	parler
débattre	débattre
justes	juste
console	console
coureur	coureur
consommation	consommation
textos	textos
adolescente	adolescent
conflits	conflit
autorisés	autoriser
pansement	pansement
préciser	préciser
mississippi	mississippi
fractures	fracture
remerciez	remercier
descendant	descendant
chet	chet
allumez	allumer
sookie	sookie
inconsciente	inconscient
baptême	baptême
norma	norma
trey	trey
milles	mille
pleurez	pleurer
communs	commun
4ème	4ème
disciples	disciple
baigne	baigner
graal	graal
veillerai	veiller
libérés	libérer
sincères	sincère
passe-temps	passe-temps
oie	oie
évitez	éviter
comprenait	comprendre
clos	clos
nathalie	nathalie
peg	peg
adorables	adorable
survit	survivre
défiler	défiler
grecs	grec
gretchen	gretchen
souhaiterais	souhaiter
sheriff	sheriff
obsédée	obsédé
effectué	effectuer
manuscrit	manuscrit
emmenez-moi	emmenez-moi
répondrai	répondre
mangeant	manger
éléphants	éléphant
planches	planche
cadillac	cadillac
chauve-souris	chauve-souris
tambour	tambour
fonctionnaire	fonctionnaire
kerry	kerry
accessoires	accessoire
fessée	fessée
cornes	corner
mentalement	mentalement
sautez	sauter
posent	poser
bender	bender
tombeau	tombeau
interpol	interpol
exploitation	exploitation
t-shirts	t-shirt
attirée	attirer
prototype	prototype
infidèle	infidèle
préférence	préférence
guérie	guérir
petite-amie	petite-amie
préparée	préparer
ruisseau	ruisseau
réjouis	réjouir
plaies	plaie
numérique	numérique
cass	cass
filtre	filtre
écrirai	écrire
travailleur	travailleur
ramènerai	ramener
capte	capter
chancelier	chancelier
springs	springs
fabuleuse	fabuleux
patrouilles	patrouille
donne-le-moi	donne-le-moi
mangera	manger
brouhaha	brouhaha
chrétienne	chrétien
costa	costa
cuisse	cuisse
bull	bull
naples	naples
levier	levier
dévorer	dévorer
galère	galère
souliers	soulier
primes	prime
efficacité	efficacité
quittera	quitter
connecticut	connecticut
hôtes	hôte
jamal	jamal
réuni	réunir
éclaircir	éclaircir
cassés	casser
homosexuel	homosexuel
recettes	recette
ginger	ginger
santos	santos
comptez-vous	comptez-vous
sing	sing
retrouves	retrouver
callen	callen
luthor	luthor
avant-hier	avant-hier
effectuer	effectuer
infarctus	infarctus
crucial	crucial
cynique	cynique
raid	raid
devenues	devenir
pin	pin
langley	langley
expliquez	expliquer
apportez-moi	apportez-moi
clope	clope
loto	loto
écurie	écurie
sauve-toi	sauve-toi
sanders	sanders
faiblesses	faiblesse
égratignure	égratignure
défonce	défonce
fondateur	fondateur
ancre	ancre
planqué	planqué
riez	rire
vital	vital
resterais	rester
spectre	spectre
séduisante	séduisant
surveillent	surveiller
jj	jj
éclairage	éclairage
intensifs	intensif
comprenez-vous	comprenez-vous
marbre	marbre
lésions	lésion
préférées	préférer
embarquement	embarquement
ringard	ringard
trimestre	trimestre
tenons	tenir
régner	régner
odieux	odieux
entente	entente
détourné	détourné
willow	willow
élimine	éliminer
kelso	kelso
montrant	montrer
pair	pair
introuvable	introuvable
doubles	doubler
phyllis	phyllis
réalisation	réalisation
records	record
suède	suède
négatifs	négatif
appelle-le	appelle-le
cailloux	caillou
apporterai	apporter
neutraliser	neutraliser
ferais-je	ferais-je
moyen-orient	moyen-orient
corbeau	corbeau
ferry	ferry
haven	haven
viendrez	venir
silas	silas
restais	rester
préférais	préférer
trac	trac
féroce	féroce
kidnappée	kidnapper
justifie	justifier
hara	hara
trafiquant	trafiquant
bites	bite
penche	pencher
adversaires	adversaire
queje	queje
atlantis	atlantis
fraises	fraise
diaz	diaz
put	pouvoir
deeks	deeks
aveu	aveu
brûlés	brûler
querelle	querelle
engueuler	engueuler
oxford	oxford
tarée	tarer
trahie	trahir
utilisons	utiliser
enterrés	enterrer
bea	bea
amusez	amuser
agnes	agnes
papillons	papillon
coquille	coquille
suffisante	suffisant
cricket	cricket
cuisines	cuisine
spirituelle	spirituel
habile	habile
souffrait	souffrir
rafael	rafael
malone	malone
rient	rire
technicien	technicien
exceptionnelle	exceptionnel
temporelle	temporel
beck	beck
cavaliers	cavalier
envisagé	envisager
aimeriez-vous	aimeriez-vous
émetteur	émetteur
global	global
traits	trait
primo	primo
emprise	emprise
pudding	pudding
pourcentage	pourcentage
dominic	dominic
bleues	bleu
turc	turc
mc	mc
voudrai	vouloir
caillou	caillou
négligence	négligence
aquarium	aquarium
collectif	collectif
décennies	décennie
maximale	maximale
habitue	habituer
organe	organe
éprouve	éprouver
nickel	nickel
entrailles	entrailles
reprise	reprise
pistolets	pistolet
jetés	jeter
rangée	rangée
theresa	theresa
lasse	las
fourré	fourré
well	well
ur	ur
beatles	beatles
suffi	suffire
roux	roux
billie	billie
craignent	craindre
expo	expo
simulation	simulation
suicidaire	suicidaire
câlins	câlin
connaissant	connaître
découvertes	découverte
ritchie	ritchie
cédé	céder
quasi	quasi
vierges	vierge
turk	turk
politesse	politesse
aliments	aliment
aviation	aviation
emprunte	emprunter
cale	cale
troublé	troubler
aidais	aider
vivrai	vivre
fautes	faute
bryce	bryce
fragments	fragment
2h	2h
étang	étang
peloton	peloton
hastings	hastings
mexicaine	mexicain
hautement	hautement
garanti	garanti
amélioré	améliorer
fonder	fonder
anniversaires	anniversaire
eddy	eddy
contagieux	contagieux
résisté	résister
croyaient	croire
cries	crier
futurs	futur
forment	former
rejoignez	rejoindre
distinguer	distinguer
trancher	trancher
festin	festin
prue	prue
eun	eun
locataire	locataire
dynamique	dynamique
entourage	entourage
brancher	brancher
inquiétant	inquiétant
regagner	regagner
maison-blanche	maison-blanche
cook	cook
flacon	flacon
tardis	tardis
érection	érection
arriverais	arriver
tyson	tyson
otis	otis
habitent	habiter
pittsburgh	pittsburgh
nico	nico
gaze	gaze
sucré	sucrer
coquin	coquin
crotte	crotte
développe	développer
couture	couture
boulet	boulet
cantine	cantine
étrangement	étrangement
excellents	excellent
quittent	quitter
républicain	républicain
jogging	jogging
bronx	bronx
chaleureux	chaleureux
quatorze	quatorze
lindsey	lindsey
maintenance	maintenance
email	email
détermination	détermination
débutant	débutant
résume	résumer
égaux	égal
favorite	favorite
prévois	prévoir
reparler	reparler
candy	candy
canot	canot
détruis	détruire
apercevoir	apercevoir
darling	darling
shanghai	shanghai
bouclé	bouclé
opportunités	opportunité
réfléchit	réfléchir
regarderai	regarder
expliquez-moi	expliquez-moi
ceintures	ceinture
raisonner	raisonner
gravé	graver
chiots	chiot
illinois	illinois
satisfaite	satisfait
moïse	moïse
balistique	balistique
audace	audace
dit-on	dit-on
finirait	finir
fais-la	fais-la
dolly	dolly
rassure	rassurer
poignets	poignet
il-te-plaît	il-te-plaît
iii	iii
bénis	bénir
ratée	rater
perquisition	perquisition
columbia	columbia
hacker	hacker
plâtre	plâtre
been	been
reconnaissants	reconnaissant
évadé	évadé
vargas	vargas
ash	ash
coriace	coriace
pet	pet
récolter	récolter
chutes	chute
passages	passage
arrogance	arrogance
baratin	baratin
two	two
mature	mature
dubois	dubois
rends-toi	rends-toi
étend	étendre
complicité	complicité
punk	punk
osez	oser
autrui	autrui
boulevard	boulevard
mutation	mutation
servirait	servir
soupçon	soupçon
inspecter	inspecter
énerves	énerver
séduit	séduire
créatif	créatif
esthétique	esthétique
durement	durement
considérez	considérer
fraise	fraise
reprendra	reprendre
cassées	casser
a-t'	a-t'
abel	abel
contrôleur	contrôleur
mets-la	mets-la
sawyer	sawyer
buster	buster
incidents	incident
embrouille	embrouille
guérit	guérir
entoure	entourer
caitlin	caitlin
calculé	calculer
tabassé	tabasser
menée	menée
mémoires	mémoire
renée	renaître
frances	frances
présentés	présenter
écoutera	écouter
julius	julius
conseillers	conseiller
vénus	vénus
sédatif	sédatif
lèvre	lèvre
renaissance	renaissance
naviguer	naviguer
opérateur	opérateur
envoyées	envoyer
âgées	âgé
lyle	lyle
involontaire	involontaire
about	about
magnus	magnus
emmenait	emmener
tacos	taco
wraith	wraith
doré	doré
chargeur	chargeur
policière	policier
shelley	shelley
enquêteurs	enquêteur
tarzan	tarzan
aiderais	aider
répétitions	répétition
tendresse	tendresse
betsy	betsy
étais-je	étais-je
mutuellement	mutuellement
séoul	séoul
reste-t-il	reste-t-il
incontrôlable	incontrôlable
drogués	droguer
regretterez	regretter
cachet	cachet
appréciez	apprécier
timothy	timothy
recruté	recruter
trentaine	trentaine
appelaient	appeler
wo	wo
adapté	adapté
républicains	républicain
jt	jt
manipulé	manipuler
tyran	tyran
gagnante	gagnant
mécanicien	mécanicien
homos	homo
cece	cece
grammes	gramme
mâles	mâle
nains	nain
boone	boone
agressée	agresser
désigné	désigner
toits	toit
heureuses	heureux
oubliera	oublier
ciment	ciment
passions	passion
automobile	automobile
aspirateur	aspirateur
écroule	écrouler
coursier	coursier
souviendra	souvenir
saoule	soûl
vernon	vernon
chronique	chronique
furax	furax
nicki	nicki
attende	attendre
allonge-toi	allonge-toi
laide	laid
dutch	dutch
pion	pion
étendu	étendu
emmènent	emmener
répondez-moi	répondez-moi
intacte	intact
ja	ja
favoris	favori
représentants	représentant
o.	o.
récents	récent
feel	feel
slogan	slogan
benton	benton
difficilement	difficilement
refusait	refuser
tasha	tasha
ingrédients	ingrédient
valérie	valérie
mamans	maman
complique	compliquer
annulation	annulation
attendions	attendre
gouvernante	gouvernant
démarche	démarcher
contenait	contenir
abandonnerai	abandonner
martinez	martiner
sauriez	savoir
consacré	consacrer
gallagher	gallagher
hausse	hausse
circuler	circuler
harbor	harbor
entourée	entourer
frappe-moi	frappe-moi
bancaires	bancaire
coudre	coudre
hou	hou
réciproque	réciproque
protéines	protéiner
échappée	échappée
apprécies	apprécier
enquêté	enquêter
rédacteur	rédacteur
salades	salade
comptes-tu	comptes-tu
épées	épée
rappellera	rappeler
mae	mae
cède	céder
provenance	provenance
donny	donny
rencontrent	rencontrer
dresser	dresser
démarré	démarrer
hodgins	hodgins
butler	butler
nausée	nausée
files	file
repousse	repousse
petit-déj	petit-déj
casting	casting
luca	luca
dérangement	dérangement
nice	nice
gemma	gemma
horatio	horatio
strip-teaseuse	strip-teaseuse
confidentialité	confidentialité
pétard	pétard
run	run
intéresses	intéresser
disparaitre	disparaitre
haut-parleur	haut-parleur
serais-je	serais-je
pente	pente
amusement	amusement
précédente	précédent
identités	identité
perdants	perdant
emménage	emménager
dessine	dessiner
colt	colt
vagabond	vagabond
susceptible	susceptible
racontez-moi	racontez-moi
expliquez-vous	expliquez-vous
grady	grady
peines	peiner
oprah	oprah
collision	collision
votez	voter
annuel	annuel
maternité	maternité
give	give
parallèle	parallèle
nonne	nonne
kilomètre	kilométrer
enduré	endurer
comète	comète
flanc	flanc
débrouilles	débrouiller
handicapé	handicapé
témoignages	témoignage
color	color
accordée	accorder
saletés	saleté
emprunt	emprunt
lang	lang
sait-il	sait-il
ball	ball
ike	ike
plate	plate
générique	générique
servez	servir
bouillir	bouillir
mangerai	manger
anesthésie	anesthésie
scandaleux	scandaleux
émotionnellement	émotionnellement
monastère	monastère
relaxer	relaxer
animation	animation
écoutait	écouter
yaourt	yaourt
coussin	coussin
aidan	aidan
toxiques	toxique
fureur	fureur
trek	trek
edna	edna
descendue	descendre
soja	soja
demoiselles	demoiselle
réessayer	réessayer
changée	changer
tell	tell
délivrer	délivrer
jupiter	jupiter
perroquet	perroquet
dakota	dakota
echo	echo
corne	corner
brutes	brute
fichus	fichu
travaillaient	travailler
permettent	permettre
drones	drone
mention	mention
enferme	enfermer
accusez	accuser
pédés	pédé
protègent	protéger
aimeraient	aimer
plaqué	plaqué
attirant	attirant
victoires	victoire
fourrer	fourrer
hygiène	hygiène
installée	installer
musulman	musulman
sentier	sentier
building	building
toiles	toile
commotion	commotion
naïve	naïf
inquiétait	inquiéter
rusé	ruser
webster	webster
oregon	oregon
invitations	invitation
rappelez-moi	rappelez-moi
where	where
superviseur	superviseur
cendrillon	cendrillon
commençant	commençant
yankee	yankee
marchandises	marchandise
braquer	braquer
partirons	partir
traiteur	traiteur
caramel	caramel
soufflé	soufflé
suivants	suivant
tampon	tampon
tentes	tenter
faciale	facial
thor	thor
suggestions	suggestion
souffres	souffrir
temporairement	temporairement
obstruction	obstruction
paulie	paulie
morty	morty
vocale	vocal
architecture	architecture
deacon	deacon
similaires	similaire
noie	noyer
etats	etats
nell	nell
marcy	marcy
fusées	fusée
pyramide	pyramide
enseignant	enseignant
pains	pain
pâtés	pâté
transporte	transporter
brandy	brandy
week-ends	week-end
ingénieurs	ingénieur
branler	branler
abuser	abuser
herman	herman
room	room
définir	définir
daphné	daphné
gens-là	gens-là
aimes-tu	aimes-tu
anéanti	anéantir
saloperies	saloperie
éloignés	éloigner
sweet	sweet
possédé	posséder
chevilles	cheville
elijah	elijah
taverne	taverne
leah	leah
grincheux	grincheux
mckay	mckay
unes	un
chope	chope
extérieure	extérieur
porche	porche
publiquement	publiquement
discrète	discret
fléau	fléau
babylon	babylon
équivalent	équivalent
percé	percer
adultère	adultère
lancelot	lancelot
catalogue	catalogue
attentionné	attentionné
grandiose	grandiose
corrected	corrected
belle-fille	belle-fille
cobra	cobra
herbert	herbert
dillon	dillon
milice	milice
photographier	photographier
transformée	transformée
touriste	touriste
harley	harley
agonie	agonie
resteront	rester
monstrueux	monstrueux
redoutable	redoutable
prometteur	prometteur
clip	clip
chargés	charger
yard	yard
planquer	planquer
manquant	manquant
buissons	buisson
shin	shin
sanglots	sanglot
arreter	arreter
amenez-le	amenez-le
apprécient	apprécier
nat	nat
passerez	passer
découvrent	découvrir
consulté	consulter
ecole	ecole
secs	sec
coffres	coffre
couchait	coucher
marchés	marchés
unies	unir
dialogue	dialogue
ressemblance	ressemblance
benne	benne
motion	motion
clandestin	clandestin
chaussette	chaussette
relie	relier
réjouir	réjouir
peuples	peuplé
bander	bander
déprime	déprime
repasse	repasser
barrett	barrett
courait	courir
soo	soo
hawaii	hawaii
lo	lo
glorieux	glorieux
tobias	tobias
skinner	skinner
espagnols	espagnol
tablette	tablette
attirante	attirant
lâchez-le	lâchez-le
axl	axl
escorter	escorter
cobb	cobb
pardonnera	pardonner
venin	venin
capot	capot
maréchal	maréchal
contenant	contenant
pointes	pointe
veinard	veinard
emballage	emballage
cherchez-vous	cherchez-vous
consulat	consulat
pressing	pressing
atlantique	atlantique
lmpossible	lmpossible
racontait	raconter
fouiner	fouiner
financement	financement
assois	asseoir
miséricorde	miséricorde
cassandra	cassandra
tic	tic
offrent	offrir
oubli	oubli
loger	loger
diviser	diviser
présentent	présenter
bam	bam
testicules	testicule
forêts	forêt
préparait	préparer
parlons-en	parlons-en
foncer	foncer
coop	coop
hawkins	hawkins
milton	milton
crépuscule	crépuscule
détestez	détester
froides	froid
admettons	admettre
junkie	junkie
terrains	terrain
blouson	blouson
politicien	politicien
parfaites	parfait
séparément	séparément
tracteur	tracteur
proviseur	proviseur
scellé	scellé
apportes	apporter
estimé	estimer
stanton	stanton
tousse	tousser
peignoir	peignoir
recruter	recruter
asseyez	asseoir
dérangez	déranger
pureté	pureté
priver	priver
scalpel	scalpel
salaires	salaire
ko	ko
doctorat	doctorat
exigences	exigence
réveillera	réveiller
assurément	assurément
emmènera	emmener
hantée	hanté
mélangé	mélanger
emprisonné	emprisonner
her	her
hésité	hésiter
morales	morale
courants	courant
mosquée	mosquée
cérébral	cérébral
limitée	limiter
gaby	gaby
ferment	ferment
improbable	improbable
convictions	conviction
acheteurs	acheteur
gamma	gamma
formulaires	formulaire
fonctionnement	fonctionnement
dépendance	dépendance
croûte	croûte
away	away
illégalement	illégalement
quittant	quitter
bavard	bavard
prévisible	prévisible
escadron	escadron
aspiration	aspiration
jardins	jardin
auxquels	auxquels
coûtent	coûter
br	br
braqué	braquer
pardonnerai	pardonner
fluide	fluide
taudis	taudis
listes	lister
hardy	hardy
préliminaires	préliminaire
stations	station
miam	miam
celles-là	celui-là
felicity	felicity
10h	10h
stérile	stérile
assommé	assommer
newton	newton
bossait	bosser
hamlet	hamlet
allan	allan
hameçon	hameçon
allongée	allonger
stressée	stresser
saboter	saboter
grenades	grenade
cuisiné	cuisiné
revers	revers
diamond	diamond
divan	divan
citrouille	citrouille
joanna	joanna
acceptent	accepter
ferez-vous	ferez-vous
donuts	donuts
poêle	poêle
dinosaures	dinosaure
progresse	progresser
gendre	gendre
bouquins	bouquin
mentais	mentir
phares	phare
masqué	masquer
évoluer	évoluer
jumeau	jumeau
quelques-unes	quelques-uns
richards	richard
lawson	lawson
remporté	remporter
intimider	intimider
percuté	percuter
spence	spence
lulu	lulu
habitués	habituer
salopards	salopard
apparue	apparaître
crapaud	crapaud
partageons	partager
pénétré	pénétrer
eden	eden
plaisent	plaire
déménagement	déménagement
flippe	flipper
youtube	youtube
curry	curry
avorter	avorter
suivais	suivre
fâcher	fâcher
woods	woods
remette	remettre
sondages	sondage
irene	irene
bouillie	bouillie
effrayante	effrayant
habit	habit
portière	portière
firme	firme
jésus-christ	jésus-christ
zoom	zoom
rechange	rechange
hillary	hillary
vendeurs	vendeur
menaçant	menaçant
requiert	requérir
stéphanie	stéphanie
sauves	sauver
oublient	oublier
caverne	caverne
ghost	ghost
explosions	explosion
recevra	recevoir
magne-toi	magne-toi
moralité	moralité
équipé	équipé
sloane	sloane
hosto	hosto
buffalo	buffalo
comptabilité	comptabilité
enlèves	enlever
carnaval	carnaval
diabète	diabète
tata	tata
mémé	mémé
faisais-tu	faisais-tu
posée	posée
fichent	ficher
exclure	exclure
rufus	rufus
perception	perception
gains	gain
resterait	rester
ollie	ollie
spectacles	spectacle
daleks	daleks
scarlett	scarlett
démoniaque	démoniaque
paraissait	paraître
velours	velours
pertinent	pertinent
caviar	caviar
demandez-vous	demandez-vous
préservatifs	préservatif
mois-ci	mois-ci
moya	moya
terrence	terrence
hot-dog	hot-dog
y-a-t-il	y-a-t-il
arsenal	arsenal
songé	songer
passerais	passer
hanson	hanson
broche	broche
envole	envoler
méfie	méfier
banni	banni
trouduc	trouduc
parce-que	parce-que
pneumonie	pneumonie
recommencez	recommencer
racaille	racaille
ba	ba
déprimée	déprimer
tirons-nous	tirons-nous
fréquences	fréquence
clive	cliver
charley	charley
crédibilité	crédibilité
brin	brin
insistez	insister
angles	angle
instruction	instruction
souri	sourire
rodriguez	rodriguez
chie	chier
enceintes	enceinte
disputé	disputé
actifs	actif
saké	saké
subtil	subtil
imprimer	imprimer
murmure	murmure
ultra	ultra
agresser	agresser
bats-toi	bats-toi
sanguine	sanguine
hurlant	hurlant
need	need
éventuellement	éventuellement
vatican	vatican
t-elle	t-elle
partenariat	partenariat
klingon	klingon
suivrai	suivre
emmett	emmett
carnage	carnage
attentif	attentif
flint	flint
refroidir	refroidir
diligence	diligence
godzilla	godzilla
partagent	partager
vaudou	vaudou
suffirait	suffire
floyd	floyd
recrues	recrue
claquer	claquer
libby	libby
gardais	garder
résidus	résidu
bloqués	bloquer
richmond	richmond
isabella	isabella
équation	équation
brume	brume
diverses	divers
déconné	déconner
matthews	matthews
verrou	verrou
noblesse	noblesse
mélanie	mélanie
vivement	vivement
judas	judas
arène	arène
évidente	évident
témoigne	témoigner
siffle	siffler
scénariste	scénariste
cascade	cascade
espagnole	espagnol
conduira	conduire
industriel	industriel
strip-tease	strip-tease
sortirez	sortir
méritais	mériter
attendue	attendre
8h	8h
logo	logo
call	call
douches	douche
hard	hard
music	music
once	once
vins	vin
expertise	expertise
oklahoma	oklahoma
déçois	décevoir
extraordinaires	extraordinaire
survivor	survivor
bennet	bennet
psychotique	psychotique
chef-d'	chef-d'
employer	employer
décoré	décorer
inférieur	inférieur
inapproprié	inapproprié
éruption	éruption
invites	inviter
recouvert	recouvrir
offense	offense
combine	combine
fu	fu
nécessite	nécessiter
poux	pou
totalité	totalité
ignorons	ignorer
virés	virer
knight	knight
quelquechose	quelquechose
vient-il	vient-il
our	our
doses	doser
vernis	vernis
tuez-les	tuez-les
interdits	interdire
argentine	argentine
prépares	préparer
remue	remue
willis	willis
respectent	respecter
ferguson	ferguson
hot-dogs	hot-dog
holà	holà
grotesque	grotesque
repaire	repaire
oui.	oui.
refusée	refuser
envoie-moi	envoie-moi
aurait-elle	aurait-elle
contaminé	contaminer
renseigné	renseigner
accueille	accueillir
baba	baba
découvrira	découvrir
heidi	heidi
annulez	annuler
forge	forge
centimes	centime
babe	babe
espérez	espérer
fa	fa
dominique	dominique
barre-toi	barre-toi
oranges	orange
tsar	tsar
andrews	andrews
camelot	camelot
messagerie	messagerie
jung	jung
portier	portier
crient	crier
vétérans	vétéran
propagande	propagande
malibu	malibu
envoyez-moi	envoyez-moi
défoncée	défoncer
remercié	remercier
saint-valentin	saint-valentin
malley	malley
irrésistible	irrésistible
débute	débuter
lecteurs	lecteur
radiation	radiation
miroirs	miroir
espères	espérer
émissaire	émissaire
interpréter	interpréter
rassurant	rassurant
emmenés	emmener
carotte	carotte
amitiés	amitié
fondateurs	fondateur
toronto	toronto
rogne	rogner
grill	grill
voulais-tu	voulais-tu
montrait	montrer
ingénierie	ingénierie
buts	but
trudy	trudy
ferions	faire
sonya	sonya
clichés	cliché
aspects	aspect
gladys	gladys
choquée	choquer
think	think
servie	servir
bette	bette
revendre	revendre
maine	maine
recrue	recrue
suive	suivre
blaine	blaine
occupais	occuper
étouffé	étouffé
trouvez-le	trouvez-le
colonies	colonie
reçue	reçu
chirurgiens	chirurgien
préparés	préparer
tombait	tomber
q.g.	q.g.
barreau	barreau
daphne	daphne
bianca	bianca
étalon	étalon
manège	manège
sortez-moi	sortez-moi
mourrait	mourir
larme	larme
strict	strict
lanceur	lanceur
bouge-toi	bouge-toi
jun	jun
tirez-vous	tirez-vous
crèche	crèche
bird	bird
éveillée	éveiller
protocoles	protocole
complexes	complexé
reverrons	revoir
légion	légion
perpétuité	perpétuité
bravoure	bravoure
confondre	confondre
pincer	pincer
kiki	kiki
gentlemen	gentleman
douloureuse	douloureuse
hollandais	hollandais
appartenant	appartenant
carreau	carreau
cox	cox
génies	génie
i.	i.
interviewer	interviewer
mg	mg
aria	aria
let'	let'
rase	rase
racontent	raconter
critères	critère
approches	approche
gardera	garder
colleen	colleen
mathématiques	mathématique
topo	topo
ingrat	ingrat
rancard	rancard
dispose	disposer
croquis	croquis
frere	frere
pousses	pousse
raoul	raoul
stockage	stockage
captain	captain
taxis	taxi
premiere	premiere
bracelets	bracelet
battement	battement
désirer	désirer
veillez	veiller
choquant	choquant
mi-chemin	mi-chemin
assigné	assigner
éteinte	éteint
maestro	maestro
offrant	offrant
supplément	supplément
ampleur	ampleur
incendies	incendier
réduite	réduit
9h	9h
précipiter	précipiter
savant	savant
continuerai	continuer
battrai	battre
prédateur	prédateur
amicale	amical
tac	tac
tae	tae
dépêchons-nous	dépêchons-nous
inclut	inclure
interdire	interdire
imitation	imitation
antique	antique
ramper	ramper
écosse	écosser
pike	pike
cylons	cylons
divertir	divertir
traversée	traversée
jax	jax
kirby	kirby
antiquités	antiquité
gracie	gracier
iowa	iowa
apprendras	apprendre
cachées	cacher
réveillon	réveillon
manning	manning
facilité	facilité
inspirer	inspirer
interromps	interrompre
plaide	plaider
mords	mordre
façade	façade
golfe	golfe
précédents	précédent
raisins	raisin
remédier	remédier
mutuelle	mutuelle
pédales	pédale
dansent	danser
monument	monument
danois	danois
héroïque	héroïque
clause	clause
boo	boo
samson	samson
vous-mêmes	vous-mêmes
bagues	bague
tarif	tarif
textes	texte
hanté	hanté
sensations	sensation
choux	chou
accompagnes	accompagner
achève	achever
reverras	revoir
rod	rod
mystique	mystique
porte-parole	porte-parole
potentiels	potentiel
endors	endormir
locataires	locataire
soul	soul
entraînés	entraîner
steaks	steak
compare	comparer
mouiller	mouiller
croiront	croire
secourir	secourir
résurrection	résurrection
bouffé	bouffer
caresser	caresser
ace	ace
lucille	lucille
émotionnelle	émotionnel
josie	josie
valentine	valentin
limiter	limiter
perturbe	perturber
coleman	coleman
vaguement	vaguement
lynette	lynette
médaillon	médaillon
auditions	audition
redire	redire
kentucky	kentucky
écossais	écossais
crédits	crédit
knox	knox
dégénéré	dégénéré
momie	momie
montre-toi	montre-toi
fais-les	fais-les
klein	klein
gardez-le	gardez-le
expulsé	expulsé
frustrant	frustrant
glee	glee
dévouement	dévouement
remerciements	remerciement
sultan	sultan
gazon	gazon
lem	lem
spécialisé	spécialisé
cueillir	cueillir
collants	collant
imminente	imminent
mercure	mercure
décidera	décider
motivé	motiver
liu	liu
rendant	rendant
vertébrale	vertébral
témoigné	témoigner
écoutons	écouter
lingerie	lingerie
saignes	saigner
suspecté	suspecter
qi	qi
recherchez	rechercher
enfiler	enfiler
concevoir	concevoir
audio	audio
tournes	tourner
allergie	allergie
laisse-toi	laisse-toi
doctor	doctor
pencher	pencher
assurerai	assurer
concession	concession
grenouilles	grenouiller
reviendrez	revenir
joker	joker
négocie	négocier
sautes	sauter
travailliez	travailler
newman	newman
ip	ip
détecter	détecter
reviendrons	revenir
colby	colby
sournois	sournois
sud-est	sud-est
temporel	temporel
bikini	bikini
probabilité	probabilité
transporté	transporter
diffuser	diffuser
vaudra	valoir
fish	fish
rival	rival
cafards	cafard
écrans	écran
hors-la-loi	hors-la-loi
jouerai	jouer
viril	viril
clarifier	clarifier
homicides	homicide
écarte	écarter
partisans	partisan
tailler	tailler
agissent	agir
jennings	jennings
disco	disco
scouts	scout
éloignée	éloigner
subitement	subitement
rates	rater
ensembles	ensemble
pingouin	pingouin
organisée	organiser
ms	ms
élue	élu
plaza	plaza
reproches	reproche
produisent	produire
enculer	enculer
envolé	envoler
préliminaire	préliminaire
maura	maura
western	western
déposée	déposer
saisons	saison
champignon	champignon
trophées	trophée
chèvres	chèvre
il-vous-plaît	il-vous-plaît
traditionnel	traditionnel
giles	giles
interrupteur	interrupteur
tapes	taper
athéna	athéna
clavier	clavier
prescrit	prescrire
félix	félix
thorax	thorax
artificielle	artificiel
trafiquants	trafiquant
couvrez	couvrir
trompette	trompette
fabricant	fabricant
réglée	régler
milliardaire	milliardaire
retournera	retourner
ferraille	ferrailler
oubliés	oublier
canadien	canadien
détroit	détroit
maryland	maryland
dinosaure	dinosaure
foulard	foulard
questionner	questionner
branleur	branleur
informés	informer
réveilles	réveiller
achetés	acheter
thoracique	thoracique
yuri	yuri
paroisse	paroisse
obsèques	obsèques
tuait	tuer
faufiler	faufiler
saint-esprit	saint-esprit
remontant	remontant
balise	balise
pellicule	pellicule
tentatives	tentative
apprentissage	apprentissage
présentez	présenter
wagner	wagner
dégoûte	dégoûter
baver	baver
restau	restau
médailles	médaille
beethoven	beethoven
prédire	prédire
subit	subit
sorciers	sorcier
lorraine	lorrain
réchauffe	réchauffer
attends-tu	attends-tu
conquis	conquis
dracula	dracula
jettent	jeter
enragé	enragé
préjugés	préjuger
campement	campement
lentilles	lentille
expérimenté	expérimenté
commença	commencer
combler	combler
technologies	technologie
justine	justine
filons	filon
humidité	humidité
trouve-toi	trouve-toi
réelles	réel
expliques	expliquer
argo	argo
passeras	passer
servant	servant
élégante	élégant
power	power
est-tu	est-tu
vibrations	vibration
alléluia	alléluia
discrets	discret
loft	loft
outrage	outrage
observateur	observateur
siennes	sien
empoisonnée	empoisonner
asthme	asthme
envies	envie
mountain	mountain
hymne	hymne
championne	champion
abris	abri
érotique	érotique
famine	famine
valerie	valerie
chin	chin
donne-le	donne-le
hetty	hetty
lockhart	lockhart
moquent	moquer
disposé	disposé
détendu	détendu
were	were
vouliez-vous	vouliez-vous
olivier	olivier
3h	3h
miriam	miriam
admission	admission
populaires	populaire
abîmé	abîmé
manchester	manchester
rembourserai	rembourser
dea	dea
offrez	offrir
fraîches	frais
boutiques	boutique
jorge	jorge
sentes	sentir
faites-lui	faites-lui
melon	melon
mackenzie	mackenzie
assiste	assister
olga	olga
conquête	conquête
situe	situer
concentrée	concentré
amélioration	amélioration
hippie	hippie
étranglé	étranglé
contrôlent	contrôler
cristaux	cristal
dimensions	dimension
nigel	nigel
catholiques	catholique
exploration	exploration
fibre	fibre
tiens-le	tiens-le
micro-ondes	micro-ondes
quais	quai
avise	aviser
tiger	tiger
travaillerai	travailler
cartouches	cartouche
réponde	répondre
privilèges	privilège
obus	obus
chambers	chambers
succession	succession
perkins	perkins
dissimuler	dissimuler
dauphin	dauphin
derniere	derniere
pourboires	pourboire
hercule	hercule
compreniez	comprendre
enfoncé	enfoncé
pêcheurs	pêcheur
nord-est	nord-est
offensive	offensive
protégera	protéger
mathieu	mathieu
partit	partir
tombant	tombant
innocentes	innocent
madeline	madeline
geek	geek
kgb	kgb
morse	morse
entre-temps	entre-temps
facon	facon
sheridan	sheridan
enjeu	enjeu
cristina	cristina
réagis	réagir
frit	frit
chié	chié
affilée	affiler
chameau	chameau
sociales	social
cora	cora
bobo	bobo
emploie	employer
regrettable	regrettable
appelant	appelant
marionnettes	marionnette
diraient	dire
suivons	suivre
contrarier	contrarier
regarde-les	regarde-les
abîme	abîmer
lã	lã
fermement	fermement
escroquerie	escroquerie
izzy	izzy
taco	taco
bien-sûr	bien-sûr
directions	direction
rejet	rejet
appartenir	appartenir
jasmine	jasmine
astronautes	astronaute
mentirais	mentir
arriva	arriver
sophistiqué	sophistiqué
suspendue	suspendre
nord-ouest	nord-ouest
handicap	handicap
prague	prague
prescription	prescription
feras-tu	feras-tu
préservatif	préservatif
grue	grue
grandissent	grandir
cachez-vous	cachez-vous
allumette	allumette
natation	natation
exploits	exploit
marseille	marseille
situé	situé
craignait	craindre
gentilles	gentil
griffith	griffith
ramène-moi	ramène-moi
empoisonnement	empoisonnement
regardiez	regarder
shit	shit
bowl	bowl
jensen	jensen
chêne	chêne
sensée	sensé
interprété	interpréter
allonge	allonger
bocal	bocal
violette	violette
capteurs	capteur
nausées	nausée
romantiques	romantique
gaufres	gaufre
doués	douer
flatteur	flatteur
gerry	gerry
doublure	doublure
savage	savage
négligé	négligé
fry	fry
natale	natal
fez	fez
amusait	amuser
pendaison	pendaison
rossi	rossi
prudemment	prudemment
violemment	violemment
soûle	saoûl
masters	master
shore	shore
accélérateur	accélérateur
tranquillité	tranquillité
ingrid	ingrid
excités	exciter
apaiser	apaiser
guillaume	guillaume
disciple	disciple
décident	décider
habillés	habiller
tortues	tortue
ralentit	ralentir
contraint	contraindre
frissons	frisson
lâ	lâ
ginny	ginny
leurre	leurre
micros	micro
répondra	répondre
lisait	lire
moquette	moquetter
pack	pack
rassurez-vous	rassurez-vous
barbare	barbare
défenses	défense
pare-brise	pare-brise
castro	castro
cacahuète	cacahuète
projecteurs	projecteur
costard	costard
margot	margot
revenais	revenir
ouïe	ouïe
croyiez	croire
woman	woman
donniez	donner
toni	toni
enfile	enfiler
tantôt	tantôt
matériaux	matériau
recommences	recommencer
personnalités	personnalité
roxy	roxy
natasha	natasha
honneurs	honneur
flippé	flipper
compenser	compenser
commando	commando
buvais	boire
dérive	dérive
clone	clone
retirée	retirer
brûlent	brûler
louisiane	louisiane
etrange	etrange
dilemme	dilemme
apparaissent	apparaître
bug	bug
crowley	crowley
optique	optique
accueilli	accueillir
tigres	tigre
strip	strip
torpilles	torpiller
kirsten	kirsten
castor	castor
genève	genève
jackpot	jackpot
stupéfiant	stupéfiant
attachés	attacher
anxieux	anxieux
lèves	lever
déchiffrer	déchiffrer
vêtement	vêtement
clémence	clémence
muffin	muffin
nette	nette
méprenez	méprendre
acompte	acompte
marchons	marcher
motos	moto
sursis	sursis
regrettes	regretter
joo	joo
cercles	cercler
vinnie	vinnie
greta	greta
titus	titus
cube	cube
lâche-la	lâche-la
truman	truman
lisant	lire
leaders	leader
imprimé	imprimé
ram	ram
signatures	signature
volez	voler
trousse	trousse
souhaitons	souhaiter
rédemption	rédemption
harlem	harlem
aînée	aîné
hiérarchie	hiérarchie
label	label
exotique	exotique
proprement	proprement
zeus	zeus
attaquez	attaquer
playboy	playboy
décors	décor
admiration	admiration
garant	garant
too	too
sculpture	sculpture
scooter	scooter
tarde	tarder
déplaît	déplaire
eugene	eugene
cuite	cuite
permettant	permettre
expire	expirer
mercenaires	mercenaire
cambrioleur	cambrioleur
hannibal	hannibal
seymour	seymour
catch	catch
god	god
dre	dre
faisable	faisable
invisibles	invisible
égout	égout
géorgie	géorgie
errant	errant
usb	usb
lucien	lucien
flot	flot
combinaisons	combinaison
center	center
passaient	passer
permettrait	permettre
soudaine	soudain
réussie	réussir
bénie	bénir
rhonda	rhonda
enlevés	enlever
surfer	surfer
somnifères	somnifère
accouche	accoucher
détruira	détruire
bye-bye	bye-bye
yoon	yoon
blondes	blond
impressionnante	impressionnant
radin	radin
aimeras	aimer
robbins	robbins
ventilation	ventilation
droguer	droguer
tend	tendre
fiasco	fiasco
fantaisie	fantaisie
égaré	égaré
sud-ouest	sud-ouest
utilisées	utiliser
zane	zane
dead	dead
brûlure	brûlure
rené	renaître
frére	frére
décharger	décharger
meeting	meeting
mmh	mmh
sonore	sonore
grognement	grognement
doucher	doucher
ice	ice
saurais-je	saurais-je
pepper	pepper
concret	concret
vertes	vert
lara	lara
amusent	amuser
créés	créer
alzheimer	alzheimer
implants	implant
dimitri	dimitri
arnaquer	arnaquer
tolérance	tolérance
verrouillée	verrouiller
sottises	sottise
mascotte	mascotte
frisson	frisson
stacey	stacey
réalisent	réaliser
pleurant	pleurant
week	week
orient	orient
pardonnes	pardonner
écrites	écrire
plantée	planter
ferrari	ferrari
perturber	perturber
kappa	kappa
emmenez-la	emmenez-la
butch	butch
redonner	redonner
spaghettis	spaghetti
amnésie	amnésie
cardiaques	cardiaque
skip	skip
muffins	muffin
dissuader	dissuader
rassemblé	rassembler
ga	ga
cachais	cacher
rajoute	rajouter
connues	connu
justicier	justicier
fernando	fernando
écoutant	écoutant
crête	crête
reno	reno
préoccuper	préoccuper
pépé	pépé
geler	geler
hypnose	hypnose
caine	caine
katy	katy
karaoké	karaoké
duck	duck
définitif	définitif
boites	boiter
pianiste	pianiste
externe	externe
illégales	illégal
marsh	marsh
boussole	boussole
noyée	noyer
suspense	suspense
manquerai	manquer
beignet	beignet
idiotes	idiot
affronte	affronter
ballade	ballade
dansons	danser
boyle	boyle
francesca	francesca
danseurs	danseur
abuse	abuser
portaient	porter
jody	jody
cadres	cadre
respiratoire	respiratoire
chun	chun
marchands	marchand
pret	pret
carole	carole
baisée	baiser
exploit	exploit
morton	morton
fuller	fuller
croyance	croyance
installés	installer
têtue	têtu
épatant	épatant
paranoïa	paranoïa
plate-forme	plate-forme
sadique	sadique
super-héros	super-héros
dérangée	déranger
brisés	briser
punaise	punaise
harcèle	harceler
défis	défi
clément	clément
contente-toi	contente-toi
rhodes	rhodes
semé	semer
décent	décent
normes	norme
kev	kev
paolo	paolo
respects	respect
vinaigre	vinaigre
lames	lame
amigo	amigo
caresse	caresse
speed	speed
agressive	agressive
intello	intello
mêre	mêre
remplissez	remplir
tempérament	tempérament
excellentes	excellent
immortalité	immortalité
steed	steed
pseudo	pseudo
spot	spot
dague	dague
entraînée	entraîner
appelle-t-il	appelle-t-il
montrée	montrer
agisse	agir
briefing	briefing
ouste	ouste
étranglée	étrangler
regardera	regarder
bagage	bagage
morrison	morrison
tasses	tasse
aide-nous	aide-nous
deviendrait	devenir
profondeurs	profondeur
tapez	taper
naturelles	naturel
rdv	rdv
malheurs	malheur
apprenait	apprendre
gilles	gille
démocrate	démocrate
picasso	picasso
représailles	représaille
cosmos	cosmos
marjorie	marjorie
détruisez	détruire
arrêts	arrêt
végétarien	végétarien
sentimentale	sentimental
pancarte	pancarte
prenez-en	prenez-en
tordue	tordu
bloom	bloom
vieilli	vieillir
higgins	higgins
dénommé	dénommé
massacré	massacrer
confrérie	confrérie
sortiez	sortir
rangez	ranger
décorations	décoration
patriote	patriote
hyun	hyun
calmé	calmer
poire	poire
actionnaires	actionnaire
conduisais	conduire
posait	poser
strike	strike
informée	informer
bagarres	bagarre
jeeves	jeeves
hip	hip
perturbation	perturbation
tentent	tenter
souverain	souverain
brève	brève
virez	virer
carver	carver
neufs	neuf
assoit	asseoir
rembrandt	rembrandt
dora	dorer
couchez-vous	couchez-vous
dc	dc
roc	roc
pleurent	pleurer
trouvaient	trouver
assistants	assistant
plomberie	plomberie
diplômée	diplômé
espere	espere
escrocs	escroc
excentrique	excentrique
frustration	frustration
saufs	sauf
lamentable	lamentable
ulds	ulds
could	could
reprenne	reprendre
porsche	porsche
ouvre-le	ouvre-le
bluff	bluff
priya	priya
rejoins-moi	rejoins-moi
tanaka	tanaka
attrapée	attraper
réflexe	réflexe
supprimé	supprimer
6h	6h
viole	viole
sentirez	sentir
agrandir	agrandir
clochard	clochard
encouragé	encourager
moran	moran
promettez	promettre
démoli	démolir
notaire	notaire
restaurer	restaurer
compartiment	compartiment
courante	courante
avancent	avancer
délinquants	délinquant
désespérés	désespérer
mémo	mémo
copier	copier
congélateur	congélateur
luna	luna
égypte	égypte
courtes	court
contusions	contusion
imprudent	imprudent
merveilleuses	merveilleux
abbott	abbott
entends-tu	entends-tu
bandeau	bandeau
station-service	station-service
hormis	hormis
voyaient	voir
probléme	probléme
bêta	bêta
estimation	estimation
oignon	oignon
roulettes	roulette
opérationnel	opérationnel
plaisant	plaisant
épices	épice
tenez-le	tenez-le
remboursé	rembourser
nourrice	nourrice
organique	organique
brusquement	brusquement
pass	pass
jose	jose
pédophile	pédophile
étés	été
essentiellement	essentiellement
semblaient	sembler
brebis	brebis
connectés	connecter
drapeaux	drapeau
grouille-toi	grouille-toi
résumer	résumer
athlètes	athlète
fourrière	fourrière
princeton	princeton
transplantation	transplantation
traînes	traîner
titan	titan
équipements	équipement
intestins	intestin
horace	horace
exprimé	exprimer
che	che
titulaire	titulaire
death	death
galant	galant
veulent-ils	veulent-ils
akira	akira
prospérité	prospérité
grains	grain
rigueur	rigueur
porto	porto
officiels	officiel
soigneusement	soigneusement
éric	éric
wisconsin	wisconsin
émeutes	émeute
écrivais	écrire
jeremiah	jeremiah
téléporter	téléporter
nounours	nounours
perso	perso
menés	mener
jouaient	jouer
plutot	plutot
enfers	enfer
boulangerie	boulangerie
eues	avoir
essuyer	essuyer
bruns	brun
coince	coincer
résolue	résoudre
inquiètent	inquiéter
pâtisserie	pâtisserie
interruption	interruption
sortirais	sortir
défensive	défensive
kitt	kitt
naît	naître
prairie	prairie
sabotage	sabotage
chaine	chaine
exclusivité	exclusivité
impériale	impériale
accepterai	accepter
co	co
rayna	rayna
constance	constance
pues	puer
estelle	estelle
tolérer	tolérer
beuh	beuh
rame	rame
masses	masser
parcs	parc
steph	steph
doe	doe
vanité	vanité
agriculture	agriculture
infâme	infâme
tang	tang
instincts	instinct
ouvertement	ouvertement
foyers	foyer
ongle	ongle
théo	théo
colombe	colombe
aeryn	aeryn
état-major	état-major
reich	reich
hee	hee
particuliers	particulier
indéfiniment	indéfiniment
brunch	brunch
dwayne	dwayne
ému	ému
mûr	mûr
spécialistes	spécialiste
tronc	tronc
mare	mare
barbares	barbare
crapule	crapule
biche	biche
cain	cain
mozart	mozart
séparées	séparer
soupçonné	soupçonner
moule	moule
digitales	digital
churchill	churchill
tennessee	tennessee
immonde	immonde
malsain	malsain
léonard	léonard
signée	signer
humphrey	humphrey
restauration	restauration
lisbon	lisbon
consul	consul
toasts	toast
rétablissement	rétablissement
mariées	marié
croiras	croire
laissiez	laisser
orlando	orlando
rabat-joie	rabat-joie
embarrassé	embarrasser
meneur	meneur
loyale	loyal
bank	bank
fragment	fragment
assommer	assommer
hante	hanter
disney	disney
bear	bear
providence	providence
guet	guet
manœuvre	manœuvre
souffrant	souffrant
alliances	alliance
tirant	tirant
islam	islam
alvarez	alvarez
ridiculiser	ridiculiser
blindé	blindé
rassemblez	rassembler
bass	bass
déni	déni
puissantes	puissant
souterrain	souterrain
perdrai	perdre
prodige	prodige
rendons	rendre
finirez	finir
églises	église
caféine	caféine
finies	finir
memphis	memphis
fournitures	fourniture
rouillé	rouiller
eyes	eyes
obéissez	obéir
timbres	timbre
réa	réer
souple	souple
sully	sully
gerber	gerber
said	said
récentes	récent
tee-shirt	tee-shirt
diminue	diminuer
inconvénient	inconvénient
battra	battre
pornos	porno
freud	freud
remporter	remporter
puanteur	puanteur
propositions	proposition
possédait	posséder
bave	bave
dorme	dormir
est-ce-pas	est-ce-pas
accompagnée	accompagner
changeons	changer
souffrez	souffrir
foreman	foreman
opium	opium
avait-elle	avait-elle
parlez-nous	parlez-nous
savannah	savannah
océans	océan
fisc	fisc
apprenti	apprenti
hawk	hawk
hésitation	hésitation
liza	liza
sentira	sentir
yuki	yuki
parlerait	parler
vexé	vexer
cache-cache	cache-cache
avais-je	avais-je
coffrer	coffrer
aspire	aspirer
tournure	tournure
séparent	séparer
saloon	saloon
préparatifs	préparatif
snow	snow
candidate	candidat
rendais	rendre
collant	collant
décidée	décider
mina	miner
réunit	réunir
nœuds	nœuds
fad	fad
dignes	digne
sincérité	sincérité
supposition	supposition
dormirai	dormir
sheppard	sheppard
biopsie	biopsie
résident	résident
truqué	truquer
ecartez-vous	ecartez-vous
corey	corey
livraisons	livraison
précipité	précipité
lyon	lyon
fanfare	fanfare
intensité	intensité
dédié	dédier
colombie	colombie
fantastiques	fantastique
serrures	serrure
battements	battement
démocrates	démocrate
randonnée	randonner
entendrez	entendre
nadine	nadine
drama	drama
écoutée	écouter
investigation	investigation
garden	garden
représentait	représenter
arroser	arroser
sous-estimé	sous-estimer
diplomate	diplomate
terriens	terrien
hmmm	hmmm
défait	défait
manipulation	manipulation
recrutement	recrutement
ratés	rater
continuait	continuer
associer	associer
laissées	laisser
embrassés	embrasser
bords	bord
misérables	misérable
discutons	discuter
prétendez	prétendre
inquiétudes	inquiétude
serge	serge
ronge	ronger
aidiez	aider
courbe	courbe
vulnérables	vulnérable
résout	résoudre
déguiser	déguiser
sordide	sordide
honoraires	honoraire
veillée	veillée
injonction	injonction
urgente	urgent
lasagnes	lasagne
jérôme	jérôme
exposés	exposé
giovanni	giovanni
pétition	pétition
ennemies	ennemi
célébration	célébration
détournement	détournement
nomination	nomination
grimm	grimm
crocs	croc
ruche	ruche
ananas	ananas
alain	alain
tourisme	tourisme
20h	20h
orson	orson
mettez-les	mettez-les
manie	manie
compétent	compétent
souviens-tu	souviens-tu
wonder	wonder
repérés	repérer
w.	w.
keep	keep
forfait	forfait
mourez	mourir
donneras	donner
perturbée	perturber
transmet	transmettre
tao	tao
alabama	alabama
grandissant	grandissant
first	first
cannelle	cannelle
tricheur	tricheur
alcooliques	alcoolique
challenge	challenge
improviser	improviser
applaudissez	applaudir
écrivains	écrivain
bethany	bethany
paralysie	paralysie
hybride	hybride
moss	moss
lars	lars
spring	spring
ampoules	ampoule
compliquées	compliqué
arrow	arrow
rédiger	rédiger
galactica	galactica
gomme	gomme
ferait-il	ferait-il
turquie	turquie
assassinés	assassiner
souche	souche
imite	imiter
sortirait	sortir
raven	raven
écarté	écarté
chinatown	chinatown
proposes	proposer
diarrhée	diarrhée
tactiques	tactique
déserte	désert
futures	futur
décorer	décorer
divisé	diviser
effrayés	effrayer
anomalies	anomalie
penserait	penser
mets-les	mets-les
fréquenté	fréquenté
profites-en	profites-en
constater	constater
disputent	disputer
efficaces	efficace
flotter	flotter
reilly	reilly
issues	issue
radical	radical
inquiété	inquiéter
comprise	comprendre
moches	moche
automatiquement	automatiquement
inclure	inclure
réconcilier	réconcilier
loisirs	loisir
salé	salé
aideront	aider
causée	causer
soucies	soucier
tirait	tirer
cate	cate
épingle	épingle
divorcés	divorcer
coup-là	coup-là
clopes	clope
etc	etc
traînait	traîner
scénarios	scénario
débats	débat
hilary	hilary
adoptée	adopter
vint	venir
portés	porter
t.j.	t.j.
penserais	penser
nobel	nobel
infinie	infini
canaille	canaille
minnesota	minnesota
serais-tu	serais-tu
défenseur	défenseur
set	set
donneront	donner
ethel	ethel
boxer	boxer
joies	joie
huîtres	huître
cavernes	caverne
médiocre	médiocre
bruxelles	bruxelles
répliques	réplique
appropriée	approprier
dicton	dicton
eteins	eteins
pesos	peso
gâches	gâcher
horriblement	horriblement
viendriez	venir
thaïlande	thaïlande
artificiel	artificiel
repensé	repenser
changerai	changer
impliquant	impliquer
suspendre	suspendre
reproduction	reproduction
gale	gale
hoffman	hoffman
souriant	souriant
rivières	rivière
garde-robe	garde-robe
ennuies	ennuyer
gilmore	gilmore
joints	joint
partante	partant
buenos	buenos
yakuza	yakuza
munich	munich
inauguration	inauguration
réfrigérateur	réfrigérateur
aimés	aimer
vitale	vital
why	why
perez	perez
dorée	dorée
applaudir	applaudir
gifle	gifle
redescendre	redescendre
bousiller	bousiller
démence	démence
bourre	bourre
interviews	interview
vermont	vermont
utah	utah
eliot	eliot
promettez-moi	promettez-moi
crazy	crazy
valu	valoir
sensationnel	sensationnel
trompent	tromper
évoque	évoquer
vocabulaire	vocabulaire
affamée	affamer
âgés	âgé
magistrat	magistrat
syd	syd
bourgeois	bourgeois
ames	ames
présumé	présumer
proverbe	proverbe
fumez	fumer
incision	incision
étions-nous	étions-nous
rivage	rivage
igor	igor
suivantes	suivant
riker	riker
tranchée	tranchée
contrainte	contrainte
puant	puant
referme	refermer
gomez	gomez
reddington	reddington
composer	composer
marient	marier
exemplaires	exemplaire
daryl	daryl
crayons	crayon
abîmer	abîmer
expulsion	expulsion
cheese	cheese
considérant	considérant
paulo	paulo
rubrique	rubrique
scotland	scotland
descendent	descendre
duper	duper
rodéo	rodéo
répand	répandre
cathédrale	cathédrale
dev	dev
prenaient	prendre
confronté	confronter
silhouette	silhouette
fang	fang
chatouille	chatouille
intercepté	intercepté
intégré	intégré
agnès	agnès
échanges	échanger
hollis	hollis
démontrer	démontrer
désactiver	désactiver
foutues	foutu
olympique	olympique
seo	seo
apprenant	apprenant
crisse	crisser
valve	valve
blonds	blond
grossière	grossier
travaillez-vous	travaillez-vous
dégages	dégager
supposant	supposer
détend	détendre
berkeley	berkeley
adressé	adressé
dentifrice	dentifrice
capuche	capuche
deviendrai	devenir
couronnes	couronne
vérifions	vérifier
comparaître	comparaître
rédaction	rédaction
essayaient	essayer
interférer	interférer
anévrisme	anévrisme
hectares	hectare
chéris	chéri
agite	agiter
barton	barton
kensi	kensi
conçue	concevoir
martyr	martyr
laurent	laurent
mabel	mabel
sushi	sushi
pêre	pêre
appeller	appeller
aires	aire
branle	branle
biologiques	biologique
4h	4h
décence	décence
zen	zen
implore	implorer
walden	walden
roupies	roupie
touchera	toucher
dénonce	dénoncer
land	land
sourds	sourd
réceptionniste	réceptionniste
eileen	eileen
demandiez	demander
meufs	meuf
déco	déco
infanterie	infanterie
concurrent	concurrent
piqûres	piqûre
gratos	gratos
byron	byron
flagrant	flagrant
intègre	intègre
pêché	pêcher
parquet	parquet
tablier	tablier
algorithme	algorithme
surveilles	surveiller
recueillir	recueillir
réchauffement	réchauffement
folies	folie
allergies	allergie
killer	killer
rappellent	rappeler
popularité	popularité
dîners	dîner
bide	bide
crevée	crevée
reyes	reyes
hobby	hobby
étonnée	étonner
conservateur	conservateur
renvoi	renvoi
rotation	rotation
retomber	retomber
slade	slade
applaudit	applaudir
crocodile	crocodile
divorcée	divorcer
persuadée	persuader
only	only
perdrais	perdre
défaillance	défaillance
plateforme	plateforme
dauphins	dauphin
tournevis	tournevis
philly	philly
malhonnête	malhonnête
gibier	gibier
stratégique	stratégique
sanguins	sanguin
analyste	analyste
rattrapé	rattraper
habituels	habituel
paillettes	paillette
spartacus	spartacus
mettes	mettre
rayé	rayer
éclipse	éclipse
rituels	rituel
hicks	hicks
protégerai	protéger
masser	masser
donjon	donjon
arrêteront	arrêter
sorts	sort
compétence	compétence
emmène-le	emmène-le
vaille	valoir
pourriture	pourriture
familiales	familial
asseyons-nous	asseyons-nous
comédien	comédien
brochure	brochure
lennox	lennox
géniales	génial
jean-pierre	jean-pierre
hallucine	halluciner
ressemblant	ressemblant
fargo	fargo
écrouler	écrouler
tai	tai
dobbs	dobbs
insultant	insultant
clochette	clochette
déçus	déçu
récupération	récupération
dix-huit	dix-huit
rencontrez	rencontrer
prévenez-moi	prévenez-moi
dansant	dansant
loyaux	loyal
suivront	suivre
danemark	danemark
circule	circuler
vinci	vinci
traînent	traîner
libertés	liberté
lutté	lutter
margo	margo
agitée	agiter
hopkins	hopkins
eût	avoir
bagdad	bagdad
amenez-moi	amenez-moi
annexe	annexe
repense	repenser
couche-toi	couche-toi
admet	admettre
thea	thea
polie	poli
blood	blood
voyante	voyant
norris	norris
ny	ny
poignardée	poignarder
sauna	sauna
vessie	vessie
stabilité	stabilité
7e	7e
usé	user
matelot	matelot
peser	peser
remarquez	remarquer
voulait-il	voulait-il
ingénieux	ingénieux
inférieure	inférieur
tan	tan
africain	africain
éventreur	éventreur
répit	répit
finiront	finir
coyote	coyote
blaireau	blaireau
lucia	lucia
pie	pie
enfreindre	enfreindre
gonfle	gonfler
transpire	transpirer
zeke	zeke
frotte	frotte
labeur	labeur
injecté	injecté
installez-vous	installez-vous
décomposition	décomposition
quantique	quantique
cache-toi	cache-toi
buvant	boire
arriverons	arriver
avouez	avouer
wanna	wanna
suffisent	suffire
statues	statue
philosophe	philosophe
best	best
reprends-toi	reprends-toi
head	head
irène	irène
porcelaine	porcelaine
vétéran	vétéran
gonfler	gonfler
ridge	ridge
admets-le	admets-le
leroy	leroy
astuce	astuce
com	com
gardant	garder
rétabli	rétablir
caractéristiques	caractéristique
celia	celia
mustang	mustang
traditionnelle	traditionnel
conférences	conférence
internat	internat
vivras	vivre
habité	habité
cara	cara
massachusetts	massachusetts
pulmonaire	pulmonaire
chapman	chapman
virgil	virgil
inscrite	inscrit
avais-tu	avais-tu
partirais	partir
denis	denis
douane	douane
jed	jed
vives	vive
mangeais	manger
winter	winter
charleston	charleston
karev	karev
ressaisis-toi	ressaisis-toi
boucherie	boucherie
bertie	bertie
kidnappeur	kidnappeur
déplacée	déplacer
carly	carly
exterminer	exterminer
attrape-le	attrape-le
chemisier	chemisier
vis-à-vis	vis-à-vis
clandestins	clandestin
extrêmes	extrême
inverser	inverser
déterminée	déterminer
stupidité	stupidité
serrée	serrée
réside	résider
empiré	empirer
ambitions	ambition
retourne-toi	retourne-toi
en-dessous	en-dessous
eliza	eliza
traqué	traquer
insignifiant	insignifiant
strauss	strauss
supers	super
appellerait	appeler
mentionne	mentionner
unit	unir
regretté	regretter
correspondre	correspondre
es-ce	es-ce
america	america
coupées	couper
piaule	piaule
maintes	maint
gouvernements	gouvernement
secoue	secouer
fouilles	fouille
weston	weston
colons	colon
surveillée	surveiller
rejoindrai	rejoindre
coutumes	coutume
masculine	masculin
gouffre	gouffre
notamment	notamment
snob	snob
bombay	bombay
garde-à-vous	garde-à-vous
ducky	ducky
évites	éviter
plages	plage
acquérir	acquérir
confrontation	confrontation
formalité	formalité
protèges	protéger
matrice	matrice
vendant	vendre
deviendras	devenir
slim	slim
émis	émettre
originaux	original
irruption	irruption
meth	meth
meyer	meyer
marchais	marcher
meade	meade
manoeuvre	manoeuvre
passeront	passer
gossip	gossip
corvée	corvée
dépêchons	dépêcher
talbot	talbot
intercepter	intercepter
tonneau	tonneau
argile	argile
définitive	définitif
exécutif	exécutif
impératrice	impératrice
compensation	compensation
satanée	sataner
bâbord	bâbord
humiliée	humilier
compatible	compatible
montés	monter
missouri	missouri
stargate	stargate
insolent	insolent
manteaux	manteau
addiction	addiction
manucure	manucure
jobs	job
sitôt	sitôt
subconscient	subconscient
basses	bas
homosexuels	homosexuel
mao	mao
partiel	partiel
licorne	licorne
permettrai	permettre
hilton	hilton
carrefour	carrefour
heights	heights
télescope	télescope
évolue	évoluer
repasserai	repasser
hue	huer
remerciement	remerciement
adorerait	adorer
pharaon	pharaon
maxwell	maxwell
dispositions	disposition
par-derrière	par-derrière
iron	iron
mercy	mercy
journalisme	journalisme
larges	large
possèdent	posséder
méditation	méditation
étonnante	étonnant
infirme	infirme
doutez	douter
stiles	stiles
compatriotes	compatriote
sébastien	sébastien
alerter	alerter
loupe	loupe
grottes	grotte
fleuriste	fleuriste
excursion	excursion
albums	album
découvrez	découvrir
reçoivent	recevoir
répandu	répandre
convaincus	convaincre
bactéries	bactérie
criminalité	criminalité
balivernes	baliverne
chandelle	chandelle
ernest	ernest
desmond	desmond
prétendent	prétendre
chars	char
roulette	roulette
baissée	baisser
etait-ce	etait-ce
crosse	crosse
fuites	fuite
gmt	gmt
3d	3d
rappelée	rappeler
decker	decker
yen	yen
danseuses	danseur
dodge	dodge
humilité	humilité
jag	jag
escalader	escalader
bouchons	bouchon
melvin	melvin
atterrit	atterrir
émouvant	émouvant
fitzgerald	fitzgerald
soixante	soixante
contribué	contribuer
cupcakes	cupcakes
ressuscité	ressusciter
oserais	oser
noeuds	noeud
pékin	pékin
sportifs	sportif
dé	dé
partirez	partir
prédateurs	prédateur
plausible	plausible
perdras	perdre
grogne	grogne
spécimen	spécimen
space	space
pres	pres
espaces	espace
misé	miser
élégance	élégance
panda	panda
trompais	tromper
investissements	investissement
parvenu	parvenir
chanel	chanel
frustré	frustré
pupilles	pupille
démonter	démonter
turcs	turc
mettons-nous	mettons-nous
oculaire	oculaire
poulette	poulette
harlan	harlan
étalage	étalage
webb	webb
gonzesses	gonzesse
peaux	peau
regardez-la	regardez-la
yvonne	yvonne
symptôme	symptôme
domaines	domaine
cartman	cartman
couille	couille
skye	skye
décevant	décevant
leela	leela
jugée	juger
couillon	couillon
essaiera	essayer
demande-moi	demande-moi
again	again
hollande	hollande
lambert	lambert
sera-t-il	sera-t-il
plane	plane
molle	mou
effondrement	effondrement
herb	herb
respectez	respecter
dunn	dunn
détachement	détachement
signifier	signifier
gratuites	gratuit
lucide	lucide
richesses	richesse
attachez	attacher
placez	placer
partiras	partir
orléans	orléans
souciez	soucier
minuscules	minuscule
aubrey	aubrey
utilisera	utiliser
crânien	crânien
frederick	frederick
perdrez	perdre
vivantes	vivant
calculer	calculer
saluez	saluer
relance	relance
délinquant	délinquant
grossir	grossir
ramirez	ramirez
déterrer	déterrer
mettez-la	mettez-la
klingons	klingons
genres	genre
recommander	recommander
cultiver	cultiver
grecque	grecque
stewie	stewie
relâchez	relâcher
ryder	ryder
demi-million	demi-million
oppa	oppa
méfie-toi	méfie-toi
stationnement	stationnement
honey	honey
open	open
portons	porter
compliquer	compliquer
bret	bret
stein	stein
métallique	métallique
sécuriser	sécuriser
apportent	apporter
montre-nous	montre-nous
migraines	migraine
missy	missy
formidables	formidable
rêvent	rêver
pascal	pascal
fus	être
publicitaire	publicitaire
sketch	sketch
devrait-on	devrait-on
bouches	bouche
éliminée	éliminer
united	united
plantation	plantation
sin	sin
ahmed	ahmed
bûcher	bûcher
jang	jang
dynastie	dynastie
remplacement	remplacement
portugais	portugais
drap	drap
ricardo	ricardo
mourrons	mourir
claqué	claquer
po	po
der	der
odeurs	odeur
corrections	correction
follement	follement
carolyn	carolyn
actualité	actualité
prospère	prospère
échappent	échapper
serrez	serrer
senior	senior
assures	assurer
remontent	remonter
morning	morning
entrera	entrer
elias	elias
d.c.	d.c.
rencards	rencard
parleras	parler
chercheur	chercheur
universités	université
belgique	belgique
régions	région
poétique	poétique
mêlez	mêler
discutera	discuter
relève-toi	relève-toi
autriche	autriche
dégonflé	dégonflé
reconstruction	reconstruction
futée	futée
gâté	gâté
déchirée	déchirer
cow-boys	cow-boy
paieras	payer
vogue	vogue
bourrés	bourrer
bretagne	bretagne
diagnostiqué	diagnostiquer
macho	macho
capotes	capoter
j.d.	j.d.
pilotage	pilotage
maquette	maquette
étudiantes	étudiant
agressions	agression
montait	monter
bloquez	bloquer
croisement	croisement
irina	irina
hypothèque	hypothèque
vestiaires	vestiaire
chantais	chanter
aidant	aidant
maries	marier
confirmée	confirmer
fat	fat
taxe	taxe
soulage	soulager
casques	casque
lobe	lobe
bullock	bullock
brosser	brosser
going	going
valse	valse
gentilhomme	gentilhomme
isolée	isoler
culpabiliser	culpabiliser
rouvrir	rouvrir
convertir	convertir
douanes	douane
manier	manier
retournent	retourner
distribue	distribuer
istanbul	istanbul
gandhi	gandhi
remboursement	remboursement
kenji	kenji
grove	grove
québec	québec
problême	problême
saunders	saunders
bips	bip
digérer	digérer
tre	tre
gloussements	gloussement
rembourse	rembourser
circulez	circuler
rosemary	rosemary
moustiques	moustique
saga	saga
daddy	daddy
lux	lux
nombril	nombril
achevé	achevé
jerome	jerome
ravissant	ravissant
cornichons	cornichon
calories	calorie
répondait	répondre
cabot	cabot
financièrement	financièrement
excitante	excitant
élus	élu
favorable	favorable
fascinante	fascinant
laissez-passer	laissez-passer
fonctionnait	fonctionner
facteurs	facteur
dansait	danser
écrasée	écraser
trébuché	trébucher
achètera	acheter
hubert	hubert
improviste	improviste
angus	angus
jethro	jethro
moindres	moindre
compositeur	compositeur
adolescence	adolescence
brigitte	brigitte
précieuses	précieuse
entrainer	entrainer
oser	oser
brièvement	brièvement
fais-nous	fais-nous
prends-les	prends-les
sofa	sofa
manipule	manipule
kayla	kayla
leland	leland
vulcain	vulcain
charmants	charmant
anatomie	anatomie
épouserai	épouser
dixième	dixième
gémit	gémir
achille	achille
brillent	briller
gratis	gratis
hanter	hanter
sceptique	sceptique
forcez	forcer
amènent	amener
changeait	changer
ac	ac
agiter	agiter
rassemblés	rassembler
lunaire	lunaire
rivers	rivers
découpé	découpé
master	master
contiennent	contenir
proviennent	provenir
donnerez	donner
raccrochez	raccrocher
troie	troie
identifiée	identifier
jarvis	jarvis
rubis	rubis
surnaturel	surnaturel
installations	installation
brut	brut
manifester	manifester
faisait-il	faisait-il
poursuivent	poursuivre
abominable	abominable
activation	activation
sors-moi	sors-moi
resterons	rester
utiliserai	utiliser
rencontrées	rencontrer
becker	becker
tranché	trancher
perturbations	perturbation
allie	allier
petra	petra
hold	hold
menaçait	menacer
cherry	cherry
kathryn	kathryn
confronter	confronter
désires	désirer
doit-il	doit-il
ajoutez	ajouter
intéresserait	intéresser
stressant	stressant
samouraïs	samouraï
hoover	hoover
inculpation	inculpation
appeliez	appeler
garderie	garderie
légume	légume
contredire	contredire
recevons	recevoir
étui	étui
abdos	abdos
entières	entier
comprendront	comprendre
croisade	croisade
prouvent	prouver
lil	lil
dictionnaire	dictionnaire
vendeuse	vendeur
cambriolé	cambrioler
observez	observer
institutrice	instituteur
docks	dock
eagle	eagle
constant	constant
virilité	virilité
cake	cake
méfiez-vous	méfiez-vous
renverse	renverse
niquer	niquer
débrouillerai	débrouiller
rite	rite
hydrogène	hydrogène
successeur	successeur
sifflement	sifflement
rédigé	rédiger
litre	litre
comprends-tu	comprends-tu
brûlez	brûler
douteux	douteux
huitième	huitième
romaine	romaine
idéaux	idéal
souhaitez-vous	souhaitez-vous
repenser	repenser
ressusciter	ressusciter
attrapent	attraper
messie	messie
wars	wars
ovni	ovni
chœur	chœur
olives	olive
hippies	hippie
commerciale	commerciale
expansion	expansion
maintiens	maintien
chico	chico
balayer	balayer
contractions	contraction
collaborer	collaborer
larguée	larguer
traitait	traiter
chercheurs	chercheur
transactions	transaction
alma	alma
soit-il	soit-il
alimenter	alimenter
culturel	culturel
menant	mener
troublant	troublant
losers	loser
chaperon	chaperon
forum	forum
indigènes	indigène
brevet	brevet
kathleen	kathleen
cygne	cygne
respectueux	respectueux
soutiennent	soutenir
foutais	foutre
stabiliser	stabiliser
détruisent	détruire
daily	daily
kimmy	kimmy
épaisse	épais
métaux	métal
prénoms	prénom
olympiques	olympique
ecstasy	ecstasy
sénatrice	sénatrice
rand	rand
entourent	entourer
orgie	orgie
riggs	riggs
caser	caser
tensions	tension
wild	wild
clint	clint
tempe	tempe
skate	skate
clans	clan
derrick	derrick
money	money
couvercle	couvercle
channel	channel
grossi	grossir
grissom	grissom
enjeux	enjeu
jamaïque	jamaïque
everett	everett
sondage	sondage
promouvoir	promouvoir
dires	dire
relativement	relativement
rayures	rayure
fields	fields
hip-hop	hip-hop
irving	irving
races	race
infiltration	infiltration
russel	russel
lost	lost
sûres	sûr
je-	je-
exquis	exquis
tirage	tirage
fouine	fouine
manquais	manquer
barcelone	barcelone
endort	endormir
ministres	ministre
clim	clim
fleming	fleming
hilda	hilda
rosen	rosen
mâcher	mâcher
remporte	remporter
always	always
carrés	carrer
foutez-moi	foutez-moi
servis	servir
ont-elles	ont-elles
saigné	saigner
honore	honorer
algues	algue
inoubliable	inoubliable
viktor	viktor
enchaîné	enchaîné
tito	tito
rivaliser	rivaliser
rice	rice
perdait	perdre
ida	ida
fiche-moi	fiche-moi
ichi	ichi
émet	émettre
décollé	décoller
desole	desole
piment	piment
dickie	dickie
netflix	netflix
montons	monter
réfléchissais	réfléchir
affronté	affronté
sushis	sushis
tristan	tristan
infliger	infliger
dirigée	diriger
saboté	saboter
brutus	brutus
impressionne	impressionner
microbes	microbe
swat	swat
continu	continu
partagez	partager
étonnamment	étonnamment
résistant	résistant
dimanches	dimanche
empêchent	empêcher
implant	implant
granger	granger
serrés	serrer
posture	posture
préviens-moi	préviens-moi
abattus	abattu
pride	pride
identifie	identifier
some	some
russo	russo
bénéfique	bénéfique
jets	jet
hobbs	hobbs
detective	detective
butters	butters
u.s.	u.s.
bong	bong
décidément	décidément
bénévole	bénévole
arrivera-t-il	arrivera-t-il
fasciste	fasciste
simuler	simuler
elliott	elliott
slater	slater
sachet	sachet
trahit	trahir
naturels	naturel
ecosse	ecosse
apple	apple
bernadette	bernadette
spirale	spiraler
abattoir	abattoir
disparaîtra	disparaître
rae	rae
menait	mener
durent	durer
cochonneries	cochonnerie
aboie	aboyer
cas-là	cas-là
démarrez	démarrer
arretez	arretez
gaucher	gaucher
territoires	territoire
essayez-vous	essayez-vous
asiatiques	asiatique
winnie	winnie
powers	powers
vigueur	vigueur
consolation	consolation
nypd	nypd
coquine	coquin
traverses	traverser
osaka	osaka
princes	prince
dex	dex
tueras	tuer
check	check
pleurais	pleurer
remettrai	remettre
rendes	rendre
gain	gain
christophe	christophe
orthographe	orthographe
hélicoptères	hélicoptère
mire	mire
prioritaire	prioritaire
soutif	soutif
viens-là	viens-là
tonight	tonight
sévèrement	sévèrement
retombe	retomber
vrille	vrille
dunham	dunham
conduisent	conduire
bbc	bbc
introduction	introduction
impardonnable	impardonnable
aimerais-tu	aimerais-tu
gouverne	gouverne
regardaient	regarder
gères	gérer
fondations	fondation
récompensé	récompenser
exiger	exiger
dream	dream
baldwin	baldwin
touchait	toucher
mettront	mettre
criminelles	criminelle
sacrées	sacrer
refrain	refrain
potentiellement	potentiellement
string	string
trame	trame
maturité	maturité
xavier	xavier
retrouvailles	retrouvaille
fixée	fixer
delhi	delhi
littéraire	littéraire
anders	anders
recréer	recréer
kono	kono
pépin	pépin
éclairs	éclair
emerson	emerson
bright	bright
positifs	positif
blocage	blocage
séparée	séparer
capitole	capitole
attendrais	attendre
artérielle	artériel
chung	chung
lillian	lillian
paragraphe	paragraphe
traversent	traverser
chiffon	chiffon
aériennes	aérien
choeur	choeur
pi	pi
tamara	tamara
déposez	déposer
gagnait	gagner
baronne	baronne
trempe	trempe
maternel	maternel
fire	fire
distingué	distingué
instructeur	instructeur
extorsion	extorsion
détruites	détruire
sylvester	sylvester
fluides	fluide
imaginons	imaginer
fouetter	fouetter
routier	routier
uranium	uranium
gestapo	gestapo
parés	parer
abbé	abbé
kristen	kristen
seven	seven
randolph	randolph
éclaire	éclaire
london	london
rabb	rabb
lacets	lacet
flora	flora
abed	abed
héritière	héritier
real	real
gouverner	gouverner
aléatoire	aléatoire
substances	substance
webber	webber
jugez	juger
len	len
chanteurs	chanteur
purge	purge
yan	yan
délais	délai
impôt	impôt
décalage	décalage
destinés	destiner
longuement	longuement
brittany	brittany
madonna	madonna
négocié	négocier
dax	dax
roberta	roberta
alvin	alvin
récoltes	récolte
flattée	flatter
plie	plie
buisson	buisson
edo	edo
lisent	lire
ardoise	ardoise
amènerai	amener
excessive	excessif
attribué	attribuer
matières	matière
pendue	pendu
kidnappeurs	kidnappeur
paramètres	paramètre
comprendrai	comprendre
rez-de-chaussée	rez-de-chaussée
extension	extension
quotidienne	quotidien
pitt	pitt
paternité	paternité
siffler	siffler
européen	européen
aluminium	aluminium
psychiatrie	psychiatrie
conditionné	conditionné
maintenu	maintenir
barrages	barrage
paco	paco
cérébrales	cérébral
glamour	glamour
racisme	racisme
solidarité	solidarité
vautours	vautour
terminées	terminer
bouillon	bouillon
collecter	collecter
anya	anya
supervision	supervision
mentaux	mental
créent	créer
planer	planer
décennie	décennie
alberto	alberto
tempêtes	tempête
délits	délit
paierez	payer
noyade	noyade
pleuvait	pleuvoir
classement	classement
handicapés	handicapé
aaah	aaah
gardienne	gardien
would	would
attirent	attirer
regardez-les	regardez-les
lue	lire
bêtement	bêtement
allégeance	allégeance
vipère	vipère
expliquera	expliquer
dirigez	diriger
véritables	véritable
d.j.	d.j.
peters	peters
buckley	buckley
froids	froid
sunny	sunny
insuline	insuline
recevrez	recevoir
laisseras	laisser
metteur	metteur
présage	présage
confinement	confinement
serre-moi	serre-moi
mourut	mourir
delia	delia
étiquettes	étiquette
clic	clic
wood	wood
conduisant	conduire
cabaret	cabaret
cmdt	cmdt
mercer	mercer
locke	locke
religieuses	religieux
axel	axel
assis-toi	assis-toi
carrosse	carrosse
tueraient	tuer
diminuer	diminuer
ascenseurs	ascenseur
piratage	piratage
intellectuel	intellectuel
joanne	joanne
admettez	admettre
immature	immature
attardé	attardé
familière	familier
flirt	flirt
tends	tendre
dix-sept	dix-sept
b'	b'
grasse	gras
entité	entité
then	then
disneyland	disneyland
sanglier	sanglier
battez-vous	battez-vous
mateo	mateo
edison	edison
vielle	vielle
surveillait	surveiller
ressentent	ressentir
new-yorkais	new-yorkais
obéit	obéir
massif	massif
apte	apte
intestin	intestin
poliment	poliment
constantes	constante
femelles	femelle
amènera	amener
fowler	fowler
pénètre	pénétrer
motards	motard
insu	insu
pensiez-vous	pensiez-vous
penseront	penser
die	die
communique	communiquer
ravitaillement	ravitaillement
plaisez	plaire
prélèvement	prélèvement
panama	panama
stricte	strict
tic-tac	tic-tac
aurore	aurore
ravisseurs	ravisseur
thune	thune
placement	placement
coulson	coulson
timbre	timbre
dit-elle	dit-elle
radeau	radeau
alarmes	alarmer
élevage	élevage
roxanne	roxanne
corvées	corvée
bossais	bosser
raisonnables	raisonnable
emails	e-mail
émettre	émettre
paume	paume
discrimination	discrimination
muté	muter
bombardement	bombardement
quittait	quitter
fugitifs	fugitif
mister	mister
marraine	marraine
gênez	gêner
formez	former
frappait	frapper
noce	noce
basant	baser
imprévu	imprévu
saveur	saveur
européenne	européen
pleurnicher	pleurnicher
belle-soeur	belle-soeur
whitey	whitey
crottes	crotte
arrangerai	arranger
clarté	clarté
désactivé	désactiver
civilisé	civilisé
contrôlez	contrôler
corbeaux	corbeau
miser	miser
marley	marley
n.	n.
casserole	casserole
cologne	cologne
troll	troll
approuver	approuver
soûler	soûler
sonnait	sonner
saddam	saddam
aspirer	aspirer
bestioles	bestiole
oú	oú
défectueux	défectueux
corporation	corporation
pensais-tu	pensais-tu
arrêtez-les	arrêtez-les
changeant	changeant
prends-tu	prends-tu
allongez-vous	allongez-vous
nova	nover
alchimie	alchimie
réforme	réforme
cambridge	cambridge
jumelle	jumelle
volante	volant
projecteur	projecteur
quadrant	quadrant
pulsions	pulsion
aidez-le	aidez-le
troublée	troubler
baril	baril
sarcastique	sarcastique
apprise	apprendre
tech	tech
enseignants	enseignant
désobéi	désobéir
havane	havane
béatrice	béatrice
mandats	mandat
injecter	injecter
bouché	bouché
uniques	unique
réglez	régler
layla	layla
incluant	inclure
aimerez	aimer
posera	poser
samaritain	samaritain
rêvez	rêver
allégations	allégation
gaston	gaston
ulysse	ulysse
directeurs	directeur
démange	démanger
winters	winters
0n	0n
annuelle	annuel
kendall	kendall
fiables	fiable
yoko	yoko
modifications	modification
créativité	créativité
paddy	paddy
agréables	agréable
trouvant	trouver
cosmique	cosmique
oreillers	oreiller
hamptons	hamptons
tripp	tripp
volets	volet
exposée	exposer
passiez	passer
ballard	ballard
absents	absent
mei	mei
offrons	offrir
admirateur	admirateur
charrette	charrette
grande-bretagne	grande-bretagne
qualifiée	qualifier
celà	celà
tanks	tank
zhang	zhang
adèle	adèle
autoritaire	autoritaire
through	through
shillings	shilling
dalek	dalek
couchez	coucher
badges	badge
cyanure	cyanure
gagnerai	gagner
7h	7h
dépendent	dépendre
derriere	derriere
fade	fade
hola	hola
interférences	interférence
kaylie	kaylie
éclairé	éclairé
baies	baie
économise	économiser
considérable	considérable
originaire	originaire
ada	ada
watts	watt
brutale	brutal
mariana	mariana
évoqué	évoquer
lotus	lotus
vladimir	vladimir
lutin	lutin
sos	sos
fondée	fonder
rênes	rêne
feeling	feeling
salomon	salomon
hallucination	hallucination
inventeur	inventeur
hurlé	hurler
dévouée	dévouer
huck	huck
retournés	retourner
embarrasser	embarrasser
brutalement	brutalement
rahul	rahul
fixes	fixer
versions	version
laveur	laveur
activez	activer
orpheline	orphelin
spray	spray
billes	bille
raylan	raylan
marquez	marquer
rentreras	rentrer
moqué	moquer
yeong	yeong
chevet	chevet
désiré	désirer
écrivent	écrire
merveilleusement	merveilleusement
apprécions	apprécier
gino	gino
présidentielle	présidentielle
titans	titan
passionnée	passionner
charlatan	charlatan
débarras	débarras
cactus	cactus
distraite	distrait
revaudrai	revaloir
dévotion	dévotion
nettoyez	nettoyer
dressé	dresser
bronzage	bronzage
échographie	échographie
refermer	refermer
maquiller	maquiller
foutait	foutre
romano	romano
ouvrage	ouvrage
progresser	progresser
terrien	terrien
retrouve-moi	retrouve-moi
déplacements	déplacement
his	his
had	had
monique	monique
brutalité	brutalité
attrapes	attraper
charabia	charabia
sanglant	sanglant
changeras	changer
priori	priori
financé	financer
devin	devin
débrouillé	débrouiller
funèbres	funèbre
around	around
suicides	suicide
deviendrais	devenir
eduardo	eduardo
ernesto	ernesto
grimpé	grimper
gerard	gerard
parlerez	parler
cisco	cisco
dégoutant	dégoutant
insinuez	insinuer
nié	nier
perdais	perdre
courtier	courtier
murmures	murmure
clones	clone
croissant	croissant
hotch	hotch
neuves	neuf
recoudre	recoudre
descendons	descendre
partielle	partielle
lésion	lésion
schtroumpf	schtroumpf
gaius	gaius
déclencheur	déclencheur
chow	chow
dino	dino
astrid	astrid
alfredo	alfredo
appelle-la	appelle-la
vertiges	vertige
sociopathe	sociopathe
britney	britney
gagnée	gagner
5h	5h
commerciaux	commercial
excuse-toi	excuse-toi
nino	nino
edmund	edmund
téléchargé	télécharger
baptiste	baptiste
cherie	cherie
exciter	exciter
brouillés	brouiller
incapacité	incapacité
patsy	patsy
chouchou	chouchou
rapprochent	rapprocher
newport	newport
cdc	cdc
prenez-la	prenez-la
pare-balles	pare-balles
réflexes	réflexe
chauffeurs	chauffeur
lustres	lustre
pénal	pénal
complets	complet
symbolique	symbolique
dépêchez	dépêcher
c.j.	c.j.
indemne	indemne
bavardage	bavardage
étaient-ils	étaient-ils
columbo	columbo
communion	communion
civilisations	civilisation
distant	distant
full	full
pilier	pilier
chuté	chuter
perspicace	perspicace
sabots	sabot
raisonnement	raisonnement
impossibles	impossible
pécheurs	pécheur
swing	swing
expose	exposer
errer	errer
musclé	muscler
salée	saler
saouler	saouler
blah	blah
superficiel	superficiel
fie	fier
assied	asseoir
aggraver	aggraver
excessif	excessif
délégué	délégué
inconnues	inconnu
farrell	farrell
européens	européen
mémorable	mémorable
administrateur	administrateur
dépourvu	dépourvu
chantons	chanter
flots	flot
supportes	supporter
traversant	traverser
faites-nous	faites-nous
ajuster	ajuster
alphabet	alphabet
magic	magic
bundy	bundy
amère	amer
emmenez-vous	emmenez-vous
sea	sea
élimination	élimination
much	much
bondé	bondé
coming	coming
hodges	hodges
appelez-le	appelez-le
achetait	acheter
renommée	renommée
illico	illico
résolus	résoudre
violences	violence
tabatha	tabatha
yun	yun
relancer	relancer
ramsey	ramsey
régulière	régulière
vendra	vendre
hollow	hollow
fonctionnaires	fonctionnaire
compromise	compromettre
declan	declan
surgi	surgir
débrouille-toi	débrouille-toi
talentueuse	talentueux
ouvre-moi	ouvre-moi
exigeant	exigeant
damné	damné
inspectrice	inspecteur
sweets	sweets
freeman	freeman
sat	sat
phaseurs	phaseurs
illégaux	illégal
plantés	planter
immunitaire	immunitaire
acclamations	acclamation
débuter	débuter
swan	swan
réfléchis-y	réfléchis-y
salem	salem
distinction	distinction
mourrir	mourrir
forrest	forrest
user	user
roscoe	roscoe
couchant	couchant
coussins	coussin
titanic	titanic
confirment	confirmer
ôte	ôter
sup	sup
hood	hood
sweat	sweat
verrouiller	verrouiller
odin	odin
tentait	tenter
actrices	acteur
décida	décider
tendances	tendance
camouflage	camouflage
ile	ile
connaîtra	connaître
uni	uni
gâtée	gâter
parsons	parsons
abandonnées	abandonner
inconfortable	inconfortable
créant	créer
roulez	rouler
please	please
construis	construire
jacqueline	jacqueline
énergétique	énergétique
filets	filet
crasse	crasse
barrières	barrière
plié	plié
escouade	escouade
oracle	oracle
réparée	réparer
domination	domination
tribunaux	tribunal
maquereau	maquereau
cerises	cerise
harmon	harmon
sucette	sucette
éprouver	éprouver
présenterai	présenter
made	made
attaches	attacher
hulk	hulk
alexandra	alexandra
reines	reine
seal	seal
sourires	sourire
piques	pique
caraïbes	caraïbe
fumait	fumer
darius	darius
épuisant	épuisant
brownies	brownies
fae	fae
vieillesse	vieillesse
animés	animer
fournis	fournir
cabe	cabe
landry	landry
thermique	thermique
alf	alf
6ème	6ème
participants	participant
taillé	tailler
entiers	entier
belle-sœur	belle-sœur
capté	capter
rassuré	rassurer
boches	boche
vilains	vilain
thornton	thornton
keen	keen
winchester	winchester
reconnaissez-vous	reconnaissez-vous
aération	aération
présidents	président
cocher	cocher
prolonger	prolonger
w	w
peins	peindre
arrivaient	arriver
emilio	emilio
effondrée	effondrer
norvège	norvège
sauvegarde	sauvegarde
infectés	infect
frire	frire
mercenaire	mercenaire
horn	horn
montre-leur	montre-leur
ennuyant	ennuyant
nationales	national
hologramme	hologramme
élastique	élastique
dorian	dorian
evie	evie
marguerite	marguerite
hell	hell
funèbre	funèbre
renaître	renaître
coupons	coupon
baptisé	baptiser
ouvrons	ouvrons
traversez	traverser
ficelle	ficelle
yards	yard
microscope	microscope
détaché	détaché
laverie	laverie
wendell	wendell
bossent	bosser
blanchir	blanchir
politiquement	politiquement
meuble	meuble
ramenez-le	ramenez-le
choisissent	choisir
entraider	entraider
poètes	poète
demanda	demander
réconfortant	réconfortant
alligator	alligator
envoyons	envoyer
psychologiques	psychologique
payant	payant
trafiqué	trafiquer
rêvait	rêver
far	far
norm	norm
crevette	crevette
distingue	distinguer
leila	leila
barge	barge
arrangements	arrangement
z.	z.
gérard	gérard
psychique	psychique
mcdonald	mcdonald
mûre	mûre
concentrons-nous	concentrons-nous
rip	rip
licencié	licencier
cholestérol	cholestérol
confisqué	confisquer
déplacent	déplacer
avide	avide
constitue	constituer
jae	jae
vélos	vélo
tambours	tambour
dois-tu	dois-tu
8e	8e
visiontext	visiontext
engagements	engagement
ouvrant	ouvrant
entendant	entendre
elfe	elfe
débarrasse-toi	débarrasse-toi
guerrière	guerrier
félicitation	félicitation
retrouveras	retrouver
assurez	assurer
surnommé	surnommer
exécute	exécuter
arabie	arabie
tripoter	tripoter
centimètre	centimètre
télécharger	télécharger
motivations	motivation
grâces	grâce
pou	pou
a.j.	a.j.
field	field
loretta	loretta
salvatore	salvatore
déshabille-toi	déshabille-toi
hurlements	hurlement
météorite	météorite
muette	muette
fragiles	fragile
flottant	flottant
compléter	compléter
vieillit	vieillir
dévore	dévorer
craintes	craindre
dell	dell
csi	csi
lanterne	lanterner
clientes	client
plouc	plouc
savons-nous	savons-nous
athènes	athènes
pipes	pipe
domine	dominer
pacific	pacific
ingrédient	ingrédient
embrouiller	embrouiller
clique	clique
dyson	dyson
présentations	présentation
fissure	fissure
bijouterie	bijouterie
chaussons	chausson
barker	barker
casinos	casino
homosexualité	homosexualité
reverrez	revoir
nostalgie	nostalgie
christie	christie
vito	vito
mad	mad
queues	queue
échappatoire	échappatoire
démo	démo
bandage	bandage
financières	financier
spaghetti	spaghetti
tatie	tatie
quantico	quantico
interrogatoires	interrogatoire
choque	choquer
church	church
reflète	refléter
nah	nah
superstar	superstar
pouvais-je	pouvais-je
aurora	aurora
parlez-lui	parlez-lui
rencart	rencart
innombrables	innombrable
léopard	léopard
thorne	thorne
primitif	primitif
nouveauté	nouveauté
affectation	affectation
trouva	trouver
manquée	manquer
staline	staline
épeler	épeler
souvenais	souvenir
garde-la	garde-la
fais-en	fais-en
redevenu	redevenir
subtile	subtil
douilles	douille
syndicats	syndicat
ffea2f	ffea2f
principales	principal
stern	stern
déclarée	déclarer
arrêtiez	arrêter
sarcasme	sarcasme
turtle	turtle
produise	produire
causés	causer
tuerie	tuerie
coopère	coopérer
psycho	psycho
paiements	paiement
banale	banal
judicieux	judicieux
considérée	considérer
consignes	consigne
pollution	pollution
omega	omega
pêches	pêche
agaçant	agaçant
ruiz	ruiz
divya	divya
portez-vous	portez-vous
écrive	écrire
cc	cc
frappe-le	frappe-le
quelque-chose	quelque-chose
climatique	climatique
bluffe	bluffer
chialer	chialer
scrupules	scrupule
ralentissez	ralentir
sortaient	sortir
montrez-vous	montrez-vous
tranchant	tranchant
oublieras	oublier
wing	wing
fertilité	fertilité
destructeur	destructeur
trio	trio
amulette	amulette
paupières	paupière
hazel	hazel
transfère	transférer
stimulant	stimulant
licenciement	licenciement
travaillera	travailler
quarterback	quarterback
valide	valide
urne	urne
wouah	wouah
emmène-la	emmène-la
canular	canular
coûts	coût
spécifiquement	spécifiquement
pose-le	pose-le
mcnally	mcnally
lina	lina
liquider	liquider
lizzy	lizzy
cadenas	cadenas
comprimés	comprimer
oleg	oleg
contrer	contrer
tremper	tremper
substitut	substitut
coiffer	coiffer
lisse	lisse
jojo	jojo
sybil	sybil
tribune	tribune
diminué	diminué
tree	tree
sponsor	sponsor
jacobs	jacobs
platine	platine
trouillard	trouillard
paraît-il	paraît-il
pérou	pérou
verrouillage	verrouillage
hic	hic
immoral	immoral
superficielle	superficiel
insuffisance	insuffisance
marnie	marnie
tête-à-tête	tête-à-tête
bing	bing
dash	dash
cambrioler	cambrioler
wons	wons
créneau	créneau
sicile	sicile
osseuse	osseux
scolarité	scolarité
croies	croire
lacs	lac
ruben	ruben
cutler	cutler
latino	latino
teri	teri
bibliothécaire	bibliothécaire
épicé	épicé
attendrons	attendre
lus	lire
offrait	offrir
video	video
hydra	hydra
last	last
casiers	casier
exerce	exercer
échappés	échapper
éloge	éloge
tiroirs	tiroir
évacué	évacué
caire	caire
stresse	stresser
bryant	bryant
dupe	dupe
inhabituelle	inhabituel
bouffée	bouffer
dessein	dessein
inestimable	inestimable
hutch	hutch
apprennes	apprendre
industrielle	industriel
ravisseur	ravisseur
balayage	balayage
concentrés	concentré
songer	songer
égocentrique	égocentrique
raton	raton
ordonner	ordonner
portiez	porter
sibérie	sibérie
cambriolages	cambriolage
combustion	combustion
préoccupation	préoccupation
forgeron	forgeron
déj	déj
racheté	racheter
royce	royce
quincaillerie	quincaillerie
souhaitent	souhaiter
râler	râler
paniers	panier
inventée	inventer
raines	rainer
ressorti	ressortir
dévoré	dévorer
accouché	accoucher
éduquer	éduquer
évitera	éviter
renversée	renverser
plaisanteries	plaisanterie
aucunes	aucun
proposez	proposer
yi	yi
sphère	sphère
mangerais	manger
sosie	sosie
classer	classer
détache	détacher
contribuer	contribuer
siobhan	siobhan
argh	argh
cassez	casser
espérance	espérance
tâchez	tâcher
lynch	lynch
cachant	cacher
eclair	eclair
patch	patch
performances	performance
reproduit	reproduire
mouillés	mouiller
casa	caser
régional	régional
prochainement	prochainement
lavon	lavon
tromperie	tromperie
renvoyez	renvoyer
botté	botter
ain	ain
fonctionnera	fonctionner
compréhensif	compréhensif
sacha	sacha
bowman	bowman
charmes	charme
corrompus	corrompu
enrichir	enrichir
souhaitais	souhaiter
maddy	maddy
contremaître	contremaître
rappelait	rappeler
méga	méga
dogs	dogs
subtitles	subtitles
démocratique	démocratique
amir	amir
vedettes	vedette
profonds	profond
uld	uld
décret	décret
scolaires	scolaire
18h	18h
neuvième	neuvième
superstition	superstition
ss	ss
piètre	piètre
énervez	énerver
confirmez	confirmer
sykes	sykes
pourrait-elle	pourrait-elle
manifestants	manifestant
anus	anus
greer	greer
brusque	brusque
nocturnes	nocturne
largue	largue
scanners	scanner
laisserez	laisser
brother	brother
bile	bile
adhésif	adhésif
signifient	signifier
fur	fur
sodium	sodium
ephram	ephram
fair	fair
stoppé	stopper
disparaissez	disparaître
leucémie	leucémie
luisa	luisa
protester	protester
darwin	darwin
sung	sung
rides	ride
antiquité	antiquité
soulevé	soulever
bordeaux	bordeaux
heil	heil
hit	hit
obligez	obliger
cecil	cecil
placards	placard
calmez	calmer
pv	pv
liberty	liberty
menacent	menacer
waters	wc
something	something
crosby	crosby
lourdement	lourdement
perche	perche
corrigé	corrigé
splendeur	splendeur
calmants	calmant
peck	peck
boucle-la	boucle-la
traitre	traitre
tolère	tolérer
comportements	comportement
rocco	rocco
marshals	marshal
sanglante	sanglant
ozzy	ozzy
protégeait	protéger
howie	howie
guichet	guichet
violoncelle	violoncelle
malpoli	malpoli
fugue	fuguer
selfridge	selfridge
initiale	initiale
brock	brock
muse	muse
profitez-en	profitez-en
we'	we'
sérénité	sérénité
ennuyé	ennuyé
enzo	enzo
étre	étre
collectionneur	collectionneur
pré	pré
solitaires	solitaire
mira	mirer
porteuse	porteuse
infaillible	infaillible
collaborateurs	collaborateur
underwood	underwood
acceptons	accepter
racistes	raciste
ramenez-moi	ramenez-moi
brass	brass
prenez-moi	prenez-moi
gone	gone
arnie	arnie
cochonne	cochonne
rain	rain
index	index
science-fiction	science-fiction
épique	épique
tite	tite
conduise	conduire
balances	balancer
frappant	frappant
renifle	renifler
cuits	cuit
hadès	hadès
menotté	menotter
transférée	transférer
paroi	paroi
reproduise	reproduire
radiateur	radiateur
gorilles	gorille
darnell	darnell
présentateur	présentateur
justifié	justifier
smallville	smallville
obscène	obscène
resynchro	resynchro
gourou	gourou
kiss	kiss
rejoindra	rejoindre
historiques	historique
entrave	entrave
otan	otan
wilfred	wilfred
flinguer	flinguer
guéris	guérir
compatis	compatir
transpirer	transpirer
obèse	obèse
récompenses	récompense
comporté	comporter
grandement	grandement
délégation	délégation
them	them
amoché	amocher
découverts	découvrir
guidé	guider
posais	poser
n'roll	n'roll
crampes	crampe
durable	durable
romantisme	romantisme
vivrez	vivre
méchanceté	méchanceté
attirés	attirer
griffe	griffe
génétiquement	génétiquement
company	company
manifestations	manifestation
intelligentes	intelligent
vingt-cinq	vingt-cinq
millénaire	millénaire
prouve-le	prouve-le
aperçois	apercevoir
il-te-plait	il-te-plait
distributeurs	distributeur
17h	17h
naissent	naître
aller-retour	aller-retour
molécules	molécule
croirez	croire
banquiers	banquier
acceptez-vous	acceptez-vous
étoffe	étoffe
passera-t-il	passera-t-il
précoce	précoce
séisme	séisme
sortilège	sortilège
cliniques	clinique
fallon	fallon
finissons	finir
barbier	barbier
sortiront	sortir
novice	novice
emmenez-les	emmenez-les
caractères	caractère
apprendrez	apprendre
polaire	polaire
maladroite	maladroit
influencé	influencer
pieux	pieux
agressivité	agressivité
lili	lili
parvient	parvenir
poilu	poilu
redis	redire
ave	ave
conscients	conscient
hibou	hibou
recharger	recharger
rabais	rabais
auxiliaire	auxiliaire
bossez	bosser
soviétiques	soviétique
baguettes	baguette
bangkok	bangkok
patientez	patienter
ravin	ravin
accepterais	accepter
suggérez	suggérer
mafieux	mafieux
carcasse	carcasse
embrouilles	embrouiller
huissier	huissier
tombées	tomber
répètes	répéter
vendues	vendu
comédies	comédie
cassez-vous	cassez-vous
atouts	atout
micki	micki
écrasés	écraser
abu	abu
surveillant	surveillant
vigile	vigile
demi-frère	demi-frère
parfums	parfum
attirance	attirance
salvador	salvador
retraité	retraiter
inattendue	inattendu
gueuler	gueuler
mendiant	mendiant
payson	payson
commandez	commander
1h	1h
torpille	torpille
sénateurs	sénateur
comprendrait	comprendre
amoureuses	amoureux
emmerdeur	emmerdeur
cubains	cubain
euphémisme	euphémisme
laisserons	laisser
bactérie	bactérie
laissons-le	laissons-le
chariots	chariot
utilisaient	utiliser
accrochée	accrocher
élaboré	élaboré
bavarde	bavard
tatoué	tatouer
compose	composer
liqueur	liqueur
atomes	atome
là-dehors	là-dehors
plaquer	plaquer
foncez	foncer
amos	amos
capter	capter
abondance	abondance
fainéant	fainéant
cherchera	chercher
mayonnaise	mayonnaise
harcelé	harcelé
absorbé	absorbé
shepard	shepard
récupérez	récupérer
frappent	frapper
true	true
eloignez-vous	eloignez-vous
envoyant	envoyer
déborde	déborder
minces	mince
dingo	dingo
devenant	devenir
renee	renee
lâchez-la	lâchez-la
gigi	gigi
fournisseurs	fournisseur
pharmaceutique	pharmaceutique
vérités	vérité
draper	draper
cartouche	cartouche
bientot	bientot
évoquer	évoquer
endormis	endormir
22h	22h
synchronisation	synchronisation
unie	unir
aideras	aider
instantanément	instantanément
séduction	séduction
brandi	brandir
cendrier	cendrier
cotés	coté
arrêterait	arrêter
stockholm	stockholm
ulcère	ulcère
économisé	économiser
prophètes	prophète
dictateur	dictateur
pantin	pantin
réciter	réciter
affreusement	affreusement
cheyenne	cheyenne
investisseur	investisseur
syrie	syrie
lyla	lyla
maintien	maintien
roth	roth
edouard	edouard
pratiqué	pratiquer
éloignez	éloigner
dévasté	dévasté
dégagée	dégager
mascarade	mascarade
crabes	crabe
still	still
assises	assise
dormira	dormir
atteindra	atteindre
tact	tact
astucieux	astucieux
devenais	devenir
marcos	marcos
bled	bled
norton	norton
ziggy	ziggy
camelote	camelote
défié	défier
stables	stable
bénévolat	bénévolat
glacier	glacier
wa	wa
fichons	ficher
engrais	engrais
insinues	insinuer
éventualité	éventualité
réjouit	réjouir
croyez-le	croyez-le
gênes	gêner
impérial	impérial
idem	idem
garantit	garantir
soeurette	soeurette
feng	feng
primaires	primaire
verrouille	verrouiller
summers	summers
thing	thing
cherches-tu	cherches-tu
salement	salement
exigé	exigé
phénomènes	phénomène
ping-pong	ping-pong
retrouverez	retrouver
détraqué	détraqué
rodrigo	rodrigo
fichait	ficher
potassium	potassium
jument	jument
gabby	gabby
things	things
composants	composant
pingouins	pingouin
rahl	rahl
commet	commettre
androïde	androïde
chu	choir
gendarmes	gendarmer
hostilité	hostilité
reliés	relier
mente	mentir
rã	rã
optimisme	optimisme
carreaux	carreau
metal	metal
cupidité	cupidité
marrons	marron
trolls	troll
cruels	cruel
suzie	suzie
nam	nam
gaspillage	gaspillage
copié	copier
robuste	robuste
dépendait	dépendre
extase	extase
insistes	insister
zizi	zizi
intervenu	intervenir
conduirai	conduire
débarasser	débarasser
berry	berry
mossad	mossad
tourbillon	tourbillon
riant	riant
portraits	portrait
décisif	décisif
satisfaits	satisfait
glorieuse	glorieux
bicyclette	bicyclette
pantoufles	pantoufler
gracias	gracier
rendrais	rendre
patientes	patient
inondation	inondation
trinquons	trinquer
découpe	découpe
shampoing	shampoing
évacuez	évacuer
descendants	descendant
détends	détendre
intentionnellement	intentionnellement
holland	holland
préparais	préparer
caïd	caïd
pendule	pendule
décapité	décapiter
datant	dater
torches	torche
pointure	pointure
globale	global
formalités	formalité
bmw	bmw
mellie	mellie
verrouillez	verrouiller
variété	variété
engins	engin
pioche	pioche
naufrage	naufrage
pot-de-vin	pot-de-vin
déballer	déballer
shot	shot
jeong	jeong
comportes	comporter
tomas	tomas
gore	gore
veillé	veiller
divulguer	divulguer
reconnaitre	reconnaitre
tournées	tournée
conservé	conservé
apaches	apache
oncles	oncle
expérimental	expérimental
détenue	détenu
extrémité	extrémité
hogan	hogan
biberon	biberon
mind	mind
line	line
lexi	lexi
prospectus	prospectus
accessible	accessible
marlowe	marlowe
riait	rire
combiné	combiné
islande	islande
nique	nique
intoxication	intoxication
écureuils	écureuil
sweeney	sweeney
péri	péri
surcharge	surcharge
popcorn	popcorn
descende	descendre
enchère	enchère
habituelles	habituel
michaels	michaels
infectée	infecter
garcon	garcon
couchais	coucher
démasqué	démasquer
referai	refaire
absorber	absorber
discutait	discuter
indications	indication
freya	freya
caillot	caillot
yuan	yuan
chiante	chiant
owens	owens
capturés	capturer
menacez	menacer
impressions	impression
11h	11h
accuses	accuser
organismes	organisme
coroner	coroner
fatiguer	fatiguer
gifler	gifler
laden	laden
luciano	luciano
habitais	habiter
composée	composé
friends	friends
légers	léger
interrogation	interrogation
violentes	violent
perplexe	perplexe
beautés	beauté
représenté	représenter
hum-hum	hum-hum
armurerie	armurerie
stupéfiants	stupéfiant
verrous	verrou
alimentaires	alimentaire
orion	orion
donne-la-moi	donne-la-moi
pénitencier	pénitencier
fichais	ficher
afficher	afficher
pénitence	pénitence
interface	interface
trouves-tu	trouves-tu
dépositions	déposition
brigadier	brigadier
vibre	vibrer
avançons	avancer
réfléchissons	réfléchir
linus	linus
devriez-vous	devriez-vous
cannabis	cannabis
galactique	galactique
habitant	habitant
choquer	choquer
argenterie	argenterie
prestige	prestige
circonstance	circonstance
hamster	hamster
brouiller	brouiller
lavabo	lavabo
assembler	assembler
lâchent	lâcher
deborah	deborah
wahou	wahou
indiquant	indiquer
laissez-vous	laissez-vous
moléculaire	moléculaire
annette	annette
dirons	dire
gong	gong
descendus	descendre
israéliens	israélien
synthétique	synthétique
barbu	barbu
prématuré	prématuré
instituteur	instituteur
that'	that'
réveillez	réveiller
cobaye	cobaye
pourrai-je	pourrai-je
branlette	branlette
respirateur	respirateur
diabétique	diabétique
irlandaise	irlandais
hétéros	hétéro
eteignez	eteignez
guitariste	guitariste
fléchettes	fléchette
électroniques	électronique
attaquant	attaquant
jaguar	jaguar
tranchées	tranchée
orge	orge
utilisais	utiliser
starbuck	starbuck
commandeur	commandeur
ventilateur	ventilateur
déploiement	déploiement
récompenser	récompenser
cutter	cutter
pence	penny
surmonté	surmonter
dérapé	déraper
q.	q.
lirai	lire
channing	channing
luigi	luigi
him	him
embrassez	embrasser
déserté	déserter
krusty	krusty
plaignant	plaignant
mohammed	mohammed
dues	devoir
alla	aller
pointu	pointu
sentirai	sentir
fasciné	fasciner
respectes	respecter
cubain	cubain
suggérez-vous	suggérez-vous
paradise	paradise
manquerait	manquer
fauchés	faucher
manqueras	manquer
réalistes	réaliste
mccarthy	mccarthy
noirceur	noirceur
entretuer	entretuer
tailles	taille
special	special
gaie	gai
communautaire	communautaire
grille-pain	grille-pain
périodes	période
fondement	fondement
lorna	lorna
amertume	amertume
considérés	considérer
brûlante	brûlant
labos	laboratoire
brisco	brisco
penchant	penchant
telephone	telephone
stylos	stylo
rations	ration
myers	myers
im	im
burgers	burger
entrait	entrait
attractions	attraction
cages	cage
easy	easy
débordée	déborder
ping	ping
tabouret	tabouret
wei	wei
margie	margie
virtuel	virtuel
aiguë	aigu
viagra	viagra
miteux	miteux
assignation	assignation
survivent	survivre
astéroïde	astéroïde
méditer	méditer
play	play
at-il	at-il
janine	janine
parchemin	parchemin
fréquent	fréquent
révision	révision
caprices	caprice
lucious	lucious
mordue	mordu
hayden	hayden
amène-le	amène-le
paries	parier
sous-marins	sous-marin
emilie	emilie
purgatoire	purgatoire
routière	routière
éveiller	éveiller
avoine	avoine
parais	parais
school	school
gabi	gabi
progression	progression
fracas	fracas
mettiez	mettre
rééducation	rééducation
pluies	pluie
universelle	universelle
damian	damian
bourses	bourse
élémentaire	élémentaire
mettras	mettre
caille	caille
endurance	endurance
publication	publication
milord	milord
traceur	traceur
romeo	romeo
boucan	boucan
joins	joindre
'je	'je
biographie	biographie
revoie	revoir
dixie	dixie
inhumain	inhumain
déguisée	déguiser
gland	gland
abattue	abattu
pine	piner
confortablement	confortablement
pawnee	pawnee
tong	tong
sourcier	sourcier
hypocrisie	hypocrisie
lá	lá
lunes	lune
fréquentes	fréquent
souhaitait	souhaiter
ãªtre	ãªtre
cools	cools
shea	shea
anarchie	anarchie
cachot	cachot
sables	sable
davy	davy
duquel	duquel
vancouver	vancouver
gigolo	gigolo
zurich	zurich
attentats	attentat
artefact	artefact
cockpit	cockpit
pacha	pacha
universel	universel
consigne	consigne
enquêtons	enquêter
gymnastique	gymnastique
redresser	redresser
dispersez-vous	dispersez-vous
neptune	neptune
marcia	marcia
détesterais	détester
directives	directive
illustre	illustre
sème	sème
avancées	avancée
taj	taj
trempée	trempée
sucreries	sucrerie
dupé	duper
tranches	tranche
blessant	blessant
herpès	herpès
absenter	absenter
valez	valoir
donnaient	donner
initié	initier
frousse	frousse
perfusion	perfusion
admise	admise
brillantes	brillant
contamination	contamination
essaies-tu	essaies-tu
gagneras	gagner
tordre	tordre
produite	produire
ragnar	ragnar
ôté	ôter
august	august
rondes	ronde
lucie	lucie
omis	omis
répertoire	répertoire
objections	objection
rapidité	rapidité
five	five
retrouvées	retrouver
roulait	rouler
navale	naval
fete	fete
opposée	opposer
aiderez	aider
barrez-vous	barrez-vous
carrières	carrière
bougre	bougre
isolés	isoler
goûtez	goûter
appellé	appellé
great	great
caprice	caprice
barlow	barlow
approvisionnement	approvisionnement
inspirez	inspirer
ever	ever
colocataires	colocataire
lelouch	lelouch
cheeseburger	cheeseburger
plaignent	plaindre
valium	valium
three	three
veuves	veuve
achetées	acheter
every	every
retrouverons	retrouver
propage	propager
paso	paso
manson	manson
essuie	essuie
toxines	toxine
jouiez	jouer
morsures	morsure
foutrement	foutrement
quarts	quart
rationnel	rationnel
invoquer	invoquer
humanitaire	humanitaire
manuels	manuel
occidentale	occidental
ancêtre	ancêtre
possédée	posséder
ici-bas	ici-bas
story	story
corporelle	corporel
familiaux	familial
singapour	singapour
désintoxication	désintoxication
racontais	raconter
mémorial	mémorial
jaime	jaime
davey	davey
adapte	adapter
glacial	glacial
modestie	modestie
stokes	stokes
discutez	discuter
youpi	youpi
veut-elle	veut-elle
transforment	transformer
procure	procure
hystérie	hystérie
débrancher	débrancher
deviendront	devenir
b.d.	b.d.
nothing	nothing
tantes	tante
margarita	margarita
rassure-toi	rassure-toi
diva	diva
chaudière	chaudière
tremblements	tremblement
sous-estime	sous-estimer
goldman	goldman
intervient	intervenir
exclusive	exclusive
planet	planet
weiss	weiss
détourne	détourner
évacue	évacuer
penelope	penelope
ivoire	ivoire
hopper	hopper
recommandations	recommandation
free	free
puceau	puceau
signerai	signer
brancard	brancard
essentielle	essentiel
rentable	rentable
coûterait	coûter
gagne-pain	gagne-pain
nourrissent	nourrir
reconsidérer	reconsidérer
candace	candace
cory	cory
yates	yates
enrique	enrique
marquée	marquer
estimer	estimer
croquer	croquer
louches	loucher
iceberg	iceberg
étable	étable
caffrey	caffrey
reeves	reeves
contrôlée	contrôler
escobar	escobar
soldes	solde
dresse	dresse
paraissent	paraître
canaux	canal
arrêterais	arrêter
légères	léger
rendors-toi	rendors-toi
mayday	mayday
beta	beta
after	after
ocean	ocean
définit	définir
espace-temps	espace-temps
conteneur	conteneur
hématome	hématome
emmy	emmy
toxico	toxico
poppy	poppy
buchanan	buchanan
sportive	sportif
magnez-vous	magnez-vous
mettez-moi	mettez-moi
humm	humm
mourait	mourir
imposé	imposer
lointaine	lointain
carroll	carroll
élargir	élargir
courrez	courir
garth	garth
sunset	sunset
différends	différend
uss	uss
exemples	exemple
approche-toi	approche-toi
débordés	déborder
proteste	protester
hériter	hériter
really	really
comparable	comparable
reprennent	reprendre
wilder	wilder
leigh	leigh
livrée	livrée
tampons	tampon
musculaire	musculaire
indiscret	indiscret
sacoche	sacoche
micah	micah
injections	injection
collectionne	collectionner
maritime	maritime
mécontent	mécontent
izzie	izzie
15h	15h
égoïstes	égoïste
maroc	maroc
apparement	apparement
coran	coran
wilkes	wilkes
shay	shay
javel	javel
seigneurie	seigneurie
vieillis	vieillir
bahamas	bahamas
kris	kris
videz	vider
kung	kung
proies	proie
précisé	préciser
solaires	solaire
tordus	tordre
prévisions	prévision
vomis	vomi
payées	payer
vomit	vomir
pink	pink
impulsif	impulsif
possédez	posséder
censées	censé
répétait	répéter
glissant	glissant
superviser	superviser
désarmé	désarmer
elfes	elfe
emile	emile
tex	tex
activée	activer
viols	viol
accéléré	accéléré
neville	neville
adorée	adorer
talibans	taliban
vi	vi
respiratoires	respiratoire
punit	punir
empathie	empathie
geoff	geoff
servirai	servir
attendront	attendre
déclenchée	déclencher
patins	patin
déduis	déduire
variole	variole
prémédité	préméditer
fiesta	fiesta
bookmaker	bookmaker
hoyt	hoyt
mets-moi	mets-moi
hung	hung
pearson	pearson
goodman	goodman
felicia	felicia
tourmente	tourmente
réconciliation	réconciliation
conway	conway
demi-douzaine	demi-douzaine
grabuge	grabuge
photographes	photographe
copenhague	copenhague
concernés	concerner
jupes	jupe
bavé	baver
mathilde	mathilde
burrito	burrito
panthers	panthers
narcissique	narcissique
porteurs	porteur
larsen	larsen
rejoignent	rejoindre
azote	azote
ronds	rond
sacrifie	sacrifier
kyoto	kyoto
hampshire	hampshire
gob	gob
débarquent	débarquer
confiée	confier
renseigne	renseigner
sotte	sot
urbaine	urbain
diriges	diriger
hommages	hommage
fuient	fuir
préférez-vous	préférez-vous
progéniture	progéniture
apprécierait	apprécier
vérifiais	vérifier
boiteux	boiteux
partageait	partager
walters	walters
obéissance	obéissance
coréens	coréen
années-lumière	année-lumière
gagnais	gagner
caniveau	caniveau
vacarme	vacarme
saisissez	saisir
tirerai	tirer
courais	courir
perf	perf
coûteux	coûteux
incompétence	incompétence
refilé	refiler
camping-car	camping-car
adolf	adolf
whitman	whitman
battons	battre
bach	bach
écoutiez	écouter
véto	véto
dépassent	dépasser
albuquerque	albuquerque
exagérer	exagérer
apportée	apporter
ambulanciers	ambulancier
vigilant	vigilant
soutenue	soutenir
australien	australien
sous-estimez	sous-estimer
constaté	constater
hiro	hiro
hut	hut
couchés	coucher
diplomatie	diplomatie
canadiens	canadien
organisations	organisation
survivrai	survivre
torride	torride
quantités	quantité
roches	roche
inquiéte	inquiéte
espére	espére
manquante	manquant
rivaux	rival
takashi	takashi
devlin	devlin
satisfaisant	satisfaisant
teniez	tenir
simulé	simuler
mr.	mr.
françaises	français
has	has
veuf	veuf
upper	upper
véritablement	véritablement
maxine	maxine
intouchable	intouchable
offrande	offrande
salt	salt
passif	passif
gunther	gunther
traine	traine
cold	cold
renouveler	renouveler
congelé	congelé
écouterai	écouter
vécue	vivre
savourer	savourer
eiffel	eiffel
intimidation	intimidation
hostiles	hostile
10e	10e
distractions	distraction
retrouvons	retrouver
magnum	magnum
eugène	eugène
embrassent	embrasser
halètements	halètement
galles	galle
franky	franky
indifférent	indifférent
poursuivons	poursuivre
encerclé	encercler
dirk	dirk
hurlait	hurler
approchons	approcher
viviez	vivre
réanimation	réanimation
reposent	reposer
cuddy	cuddy
spectateur	spectateur
obtienne	obtenir
bidons	bidon
morbide	morbide
imminent	imminent
narcotiques	narcotique
signés	signer
caldwell	caldwell
embarrassée	embarrasser
vainqueurs	vainqueur
tiendrais	tenir
mutinerie	mutinerie
sucé	sucé
essayerai	essayer
propulsion	propulsion
sécu	sécu
brewster	brewster
soignée	soigner
arrachée	arracher
censure	censure
regarde-nous	regarde-nous
rossignol	rossignol
braguette	braguette
aéroports	aéroport
obéi	obéir
naval	naval
déluge	déluge
baby-sitting	baby-sitting
sisko	sisko
k.o.	k.o.
pendentif	pendentif
nil	nil
foraine	forain
gardés	garder
poursuivis	poursuivre
tronçonneuse	tronçonneuse
freine	freiner
étroite	étroite
kiosque	kiosque
jargon	jargon
concitoyens	concitoyen
amour-propre	amour-propre
potentielle	potentiel
réveillés	réveiller
gaspille	gaspiller
rayer	rayer
encouragement	encouragement
chargera	charger
chum	chum
provocation	provocation
affectée	affecter
courtois	courtois
crampe	crampe
énervant	énervant
wyoming	wyoming
remplies	remplir
pourries	pourrir
codé	codé
tofu	tofu
recommençons	recommencer
importait	importer
wah	wah
inversé	inverser
enregistrés	enregistrer
dégoût	dégoût
hagen	hagen
religions	religion
embouteillages	embouteillage
chattes	chat
prostate	prostate
cannes	canne
bee	bee
gâchez	gâcher
vocal	vocal
mangeur	mangeur
salsa	salsa
dépendra	dépendre
souviendrais	souvenir
prêteur	prêteur
probabilités	probabilité
effacée	effacer
glasgow	glasgow
16h	16h
envergure	envergure
souviennent	souvenir
neiges	neige
rêveur	rêveur
19h	19h
accessoire	accessoire
partiront	partir
ivrognes	ivrogne
hospice	hospice
larbin	larbin
affichage	affichage
maillots	maillot
remontée	remontée
ramène-le	ramène-le
interrogée	interroger
poursuivie	poursuivre
peace	peace
tue-la	tue-la
dangereusement	dangereusement
forman	forman
louanges	louange
anticiper	anticiper
bougeait	bouger
joyeuses	joyeux
pornographie	pornographie
zèle	zèle
philippines	philippin
math	math
motive	motiver
massages	massage
ching	ching
bombardiers	bombardier
berner	berner
il-vous-plait	il-vous-plait
tri	tri
odo	odo
hypothèses	hypothèse
perturbant	perturber
exotiques	exotique
intervalle	intervalle
aptitude	aptitude
talk	talk
crois-le	crois-le
sox	sox
sentiez	sentir
catastrophique	catastrophique
fers	fer
emportée	emporter
banquette	banquette
idaho	idaho
20e	20e
toucherai	toucher
programmation	programmation
ous	ous
zachary	zachary
sandales	sandale
francesco	francesco
sonnez	sonner
dis-toi	dis-toi
dégoûtante	dégoûtant
approximativement	approximativement
augmentent	augmenter
encens	encens
fe	fe
latte	latte
contrarie	contrarier
poutre	poutre
défendue	défendu
patton	patton
abandonnent	abandonner
réservations	réservation
mélissa	mélissa
concernait	concerner
abordé	abordé
lasers	laser
simplicité	simplicité
mélancolique	mélancolique
sœurette	sœurette
revues	revue
book	book
pend	pendre
dolores	dolores
visibles	visible
deep	deep
racontée	raconter
psychose	psychose
connexions	connexion
moquait	moquer
suggèrent	suggérer
bison	bison
corinne	corinne
entrainé	entrainé
papas	papa
esquiver	esquiver
marius	marius
rejoigne	rejoindre
répondais	répondre
viking	viking
bousculer	bousculer
collective	collectif
ramassez	ramasser
sortit	sortir
entendues	entendre
varsovie	varsovie
félicité	félicité
affirmé	affirmer
minorité	minorité
réclamé	réclamer
mobiles	mobile
transparent	transparent
quittons	quitter
communisme	communisme
publie	publier
coup-ci	coup-ci
steele	steele
energie	energie
dusty	dusty
figures	figurer
mitzvah	mitzvah
abat	abat
balançoire	balançoire
repentir	repentir
mst	mst
préparons	préparer
sèches	sec
pharmacien	pharmacien
clare	clare
blanchi	blanchir
consommer	consommer
portugal	portugal
élire	élire
imprimante	imprimante
hu	hu
météorites	météorite
cuvette	cuvette
jekyll	jekyll
chimiste	chimiste
artères	artère
bentley	bentley
marqués	marquer
boirai	boire
ultimatum	ultimatum
héberger	héberger
dentelle	dentelle
décompte	décompte
shield	shield
pops	pop
impensable	impensable
pas-	pas-
reconduire	reconduire
approchez-vous	approchez-vous
yin	yin
obtiennent	obtenir
garnison	garnison
lonnie	lonnie
pécheur	pécheur
visant	viser
foireux	foireux
marqueur	marqueur
préférait	préférer
nbc	nbc
post-traumatique	post-traumatique
cincinnati	cincinnati
énigmes	énigme
égoïsme	égoïsme
toxine	toxine
montrez-nous	montrez-nous
bradford	bradford
recueilli	recueillir
patrimoine	patrimoine
chopper	chopper
crackers	cracker
révélations	révélation
située	situé
méchantes	méchant
épine	épine
adler	adler
cirer	cirer
hépatite	hépatite
anéantie	anéantir
pizzeria	pizzeria
inventions	invention
supérieures	supérieur
admirez	admirer
terrifiante	terrifiant
collée	coller
jouée	jouée
côtelettes	côtelette
garanties	garantie
mcnamara	mcnamara
programmer	programmer
oã	oã
occupées	occuper
prestation	prestation
escale	escale
cramer	cramer
mendoza	mendoza
tenace	tenace
transe	transe
president	president
tyrannie	tyrannie
chinoises	chinois
nettement	nettement
ailô	ailô
éteintes	éteint
considèrent	considérer
progressé	progresser
cloué	clouer
incompétent	incompétent
murdock	murdock
dépôts	dépôt
garibaldi	garibaldi
bin	bin
martiens	martien
sacramento	sacramento
interdites	interdit
accueillons	accueillir
professionnelles	professionnel
merle	merle
comblé	combler
maxi	maxi
della	della
carrington	carrington
saturation	saturation
éclaireur	éclaireur
confondu	confondre
nebraska	nebraska
demandés	demander
réservoirs	réservoir
passerons	passer
envahit	envahir
transmets	transmettre
hongrois	hongrois
renvoyés	renvoyer
picoler	picoler
shaun	shaun
est-	est-
delaney	delaney
fascistes	fasciste
fiscale	fiscal
températures	température
recoins	recoin
volontés	volonté
lowell	lowell
raffiné	raffiné
blacks	black
conjugale	conjugal
poignées	poignée
bebe	bebe
sécheresse	sécheresse
canadienne	canadien
carlson	carlson
surpasser	surpasser
initiation	initiation
menacés	menacer
motiver	motiver
dougie	dougie
emmenais	emmener
wolfe	wolfe
pretty	pretty
couvrent	couvrir
sinatra	sinatra
contempler	contempler
drole	drole
serez-vous	serez-vous
brenner	brenner
aînés	aîné
archevêque	archevêque
family	family
loisir	loisir
mythologie	mythologie
parrish	parrish
jures	jurer
riposter	riposter
automatiques	automatique
ipod	ipod
formés	former
mœurs	mœurs
kimberly	kimberly
procède	procéder
indépendants	indépendant
simms	simms
regardes-tu	regardes-tu
nichols	nichols
quark	quark
inspirée	inspirer
initial	initial
melody	melody
trier	trier
dépens	dépens
bowie	bowie
luka	luka
bille	bille
soute	soute
trucs-là	trucs-là
désigner	désigner
projeté	projeté
respires	respirer
clodo	clodo
exorcisme	exorcisme
savants	savant
jetterai	jeter
appréciée	apprécier
torts	tort
cécile	cécile
sioux	sioux
camé	camé
glacière	glacière
flan	flan
brandt	brandt
tope	toper
orgue	orgue
premiére	premiére
visuelle	visuel
apportait	apporter
marx	marx
faites-en	faites-en
chirurgicale	chirurgical
katya	katya
animale	animal
abbey	abbey
pressions	pression
donation	donation
cerf-volant	cerf-volant
nazes	naze
pinocchio	pinocchio
crypte	crypte
solomon	solomon
figure-toi	figure-toi
créative	créatif
hermann	hermann
ménager	ménager
vautour	vautour
ennuierait	ennuyer
fœtus	fœtus
terminus	terminus
bourrer	bourrer
déchet	déchet
zhao	zhao
lache	lache
transporteur	transporteur
intégration	intégration
réussira	réussir
reporté	reporté
raul	raul
jugés	juger
pommade	pommader
iis	iis
blade	blade
lucius	lucius
déclin	déclin
diables	diable
incognito	incognito
sommets	sommet
atteigne	atteindre
laisse-lui	laisse-lui
exagérez	exagérer
épines	épine
obscure	obscur
apache	apache
quelqu	quelqu
mayo	mayo
rôde	rôder
démolition	démolition
douillet	douillet
tomba	tomber
tige	tige
por	por
shinji	shinji
spécifiques	spécifique
ivres	ivre
réduits	réduit
duffy	duffy
effroyable	effroyable
ukraine	ukraine
fâchés	fâcher
pétards	pétard
patriotes	patriote
cardassiens	cardassiens
sait-elle	sait-elle
duane	duane
accidentelle	accidentel
sonar	sonar
thérèse	thérèse
atroces	atroce
délicieuses	délicieux
confonds	confondre
extradition	extradition
décente	décent
recevait	recevoir
finissait	finir
racket	racket
trouve-le	trouve-le
milady	milady
abonnement	abonnement
déduction	déduction
stay	stay
gare-toi	gare-toi
pol	pol
procuration	procuration
réputé	réputé
mess	mess
aveuglé	aveugler
intellectuelle	intellectuel
capt	capt
formée	former
colette	colette
norme	norme
gagnerez	gagner
thaï	thaï
enfuient	enfuir
traitant	traitant
convaincante	convaincant
ourson	ourson
dépendre	dépendre
guérira	guérir
partirait	partir
saisit	saisir
band	band
corrompre	corrompre
wi-fi	wi-fi
agresseurs	agresseur
explosera	exploser
offrirai	offrir
vêtu	vêtir
plaines	plaine
davies	davies
foutoir	foutoir
potable	potable
tenus	tenu
sanitaire	sanitaire
affectueux	affectueux
hawks	hawks
honorée	honorée
sers-moi	sers-moi
pendus	pendre
salazar	salazar
brigands	brigand
céline	céline
r.a.s.	r.a.s.
admiré	admirer
coéquipiers	coéquipier
lassie	lassie
cultivé	cultivé
signalement	signalement
civilisés	civiliser
âges	âge
tuvok	tuvok
levant	levant
pouf	pouf
biais	biais
écarte-toi	écarte-toi
terrestres	terrestre
sabine	sabine
lister	lister
better	better
tonya	tonya
guido	guido
pietro	pietro
hambourg	hambourg
fauchée	fauchée
éclaireurs	éclaireur
bof	bof
sonnent	sonner
mesquin	mesquin
dépouille	dépouille
beat	beat
montecito	montecito
supporterai	supporter
remettent	remettre
auggie	auggie
newark	newark
lapd	lapd
cratère	cratère
hearst	hearst
felipe	felipe
couvre-moi	couvre-moi
conserves	conserver
capitalisme	capitalisme
refroidit	refroidir
pus	pus
use	user
espèrent	espérer
volants	volant
insolence	insolence
donne-leur	donne-leur
captivité	captivité
médiatique	médiatique
minnie	minnie
choisirais	choisir
recommencera	recommencer
grillés	griller
haskell	haskell
logements	logement
cahill	cahill
pédiatre	pédiatre
taf	taf
colon	colon
chatons	chaton
lèvent	lever
branchée	branchée
françoise	françoise
vénère	vénérer
consulte	consulte
productions	production
vante	vanter
hernie	hernie
équilibré	équilibré
craie	craie
datent	dater
serait-elle	serait-elle
rover	rover
skywalker	skywalker
traîneau	traîneau
did	did
ruinée	ruiner
romps	rompre
into	into
campagnes	campagne
minuteur	minuteur
démarrage	démarrage
majeurs	majeur
génétiques	génétique
larson	larson
viable	viable
cléopâtre	cléopâtre
furie	furie
marchande	marchand
préférerait	préférer
confidentielle	confidentiel
immenses	immense
arrangerait	arranger
ham	ham
moustique	moustique
densité	densité
retardement	retardement
aggrave	aggraver
encourageant	encourageant
kenya	kenya
prélever	prélever
garrison	garrison
électromagnétique	électromagnétique
bouchées	bouchée
contacterai	contacter
inquiete	inquiete
délice	délice
internationales	international
restrictions	restriction
ressentait	ressentir
suppositions	supposition
occident	occident
tenaient	tenir
cabines	cabine
menus	menu
recherchés	rechercher
requis	requis
mitrailleuse	mitrailleuse
martine	martiner
lâcherai	lâcher
remplacée	remplacer
intrépide	intrépide
reconstitution	reconstitution
tuberculose	tuberculose
combustible	combustible
vigilants	vigilant
ratez	rater
cappuccino	cappuccino
tori	tori
fines	fin
vivions	vivre
préoccupée	préoccuper
ninjas	ninjas
joueuse	joueur
mouchoirs	mouchoir
brighton	brighton
romero	romero
intendant	intendant
tatouer	tatouer
alphonse	alphonse
andi	andi
pets	pet
curieusement	curieusement
bizut	bizut
mêles	mêler
coupent	couper
michele	michele
laboratoires	laboratoire
reconstituer	reconstituer
hébreu	hébreu
réalités	réalité
révolutionnaires	révolutionnaire
passa	passer
confessé	confesser
douille	douille
ètait	ètait
partagée	partager
sergei	sergei
rénovation	rénovation
galop	galop
college	college
hideux	hideux
roulante	roulante
générateurs	générateur
claquement	claquement
bobine	bobine
chercherai	chercher
dépassée	dépasser
prentiss	prentiss
nada	nada
intolérable	intolérable
fanatique	fanatique
restants	restant
cylon	cylon
accompagnez	accompagner
asphyxie	asphyxie
cavalière	cavalier
mutants	mutant
tendres	tendre
fast-food	fast-food
arriviez	arriver
charpentier	charpentier
vandalisme	vandalisme
elise	elise
anonymat	anonymat
snake	snake
ride	ride
swanson	swanson
shake	shake
derby	derby
taser	taser
sobriété	sobriété
importent	importer
jfk	jfk
légales	légal
électorale	électoral
couchent	coucher
altercation	altercation
allumage	allumage
congo	congo
comprendriez	comprendre
fondue	fondue
magiciens	magicien
africains	africain
mutant	mutant
appuies	appuyer
9e	9e
concorde	concorde
accusent	accuser
mi6	mi6
tortures	torturer
fong	fong
camera	camer
calmant	calmant
arctique	arctique
sautent	sauter
inn	inn
ouvrait	ouvrait
oakland	oakland
étincelles	étincelle
conforme	conforme
rejoignez-nous	rejoignez-nous
hansen	hansen
antarctique	antarctique
civiles	civil
obtiendra	obtenir
engagez	engager
paierais	payer
exécutés	exécuter
effectifs	effectif
portion	portion
suspens	suspens
c.i.a.	c.i.a.
find	find
vendrai	vendre
réparateur	réparateur
risquait	risquer
connecte	connecter
décolleté	décolleté
piller	piller
suivez-nous	suivez-nous
forbes	forbes
shiva	shiva
explosent	exploser
novak	novak
trixie	trixie
bermudes	bermudes
couronnement	couronnement
trust	trust
converti	convertir
semelle	semelle
qualifiés	qualifier
budapest	budapest
ignoriez	ignorer
agricole	agricole
impulsions	impulsion
neuro	neuro
théoriquement	théoriquement
twilight	twilight
parle-t-il	parle-t-il
désigne	désigner
chicken	chicken
imperméable	imperméable
poirot	poirot
avisé	avisé
vestes	veste
traducteur	traducteur
chauves-souris	chauve-souris
au-dessous	au-dessous
dublin	dublin
fumeur	fumeur
jardinage	jardinage
afro	afro
lâcheté	lâcheté
cartwright	cartwright
matricule	matricule
angelina	angelina
amène-moi	amène-moi
fichez-moi	fichez-moi
aperçoit	apercevoir
viv	viv
rhétorique	rhétorique
obtiendrai	obtenir
martyre	martyr
tireras	tirer
peloter	peloter
roubles	rouble
arrose	arroser
perçu	percevoir
capitaines	capitaine
brésilien	brésilien
bien.	bien.
accros	accro
dominion	dominion
suer	suer
funéraire	funéraire
grignoter	grignoter
girafe	girafe
bagnoles	bagnole
inaccessible	inaccessible
caresses	caresse
reculé	reculé
que-	que-
bombarder	bombarder
burrows	burrows
soprano	soprano
téléporteur	téléporteur
belge	belge
précipite	précipiter
tondeuse	tondeuse
institutions	institution
basique	basique
inimaginable	inimaginable
gaspillé	gaspiller
fall	fall
neurones	neurone
obsédés	obséder
point-là	point-là
container	container
venge	venger
opposés	opposer
baisent	baiser
nouveau-mexique	nouveau-mexique
bénir	bénir
détaillé	détaillé
hong-kong	hong-kong
cable	cable
essaierais	essayer
pansements	pansement
détection	détection
moralement	moralement
mu	mu
dérangés	déranger
bobards	bobard
musicales	musical
détonation	détonation
body	body
perspectives	perspective
larkin	larkin
oh-oh	oh-oh
tuons	tuer
clifford	clifford
millimètres	millimètre
puéril	puéril
lavande	lavande
réguliers	régulier
attribuer	attribuer
lunatique	lunatique
receveur	receveur
andie	andie
lièvre	lièvre
fourmi	fourmi
tiendrait	tenir
calcium	calcium
ouvrirai	ouvrir
dancing	dancing
lotion	lotion
7ème	7ème
psychopathes	psychopathe
lys	lys
rebondir	rebondir
couvres	couvrir
postulé	postuler
pots-de-vin	pot-de-vin
quartier-maître	quartier-maître
purger	purger
pensionnat	pensionnat
génocide	génocide
affaibli	affaibli
kingsley	kingsley
bono	bono
féminins	féminin
marla	marla
supergirl	supergirl
exclue	exclure
syphilis	syphilis
rigolé	rigoler
bavardages	bavardage
vista	vista
metro	metro
gnôle	gnôle
oscars	oscar
fixés	fixer
transmissions	transmission
diesel	diesel
chérir	chérir
raja	raja
sonja	sonja
trèfle	trèfle
reposez	reposer
globules	globule
reparlerons	reparler
conformément	conformément
arturo	arturo
bandages	bandage
navid	navid
établie	établir
perdrait	perdre
battaient	battre
entendiez	entendre
nous-même	nous-même
bestiole	bestiole
numero	numero
matinale	matinal
garza	garza
abandonnera	abandonner
corail	corail
bouseux	bouseux
inséparables	inséparable
mamma	mamma
lycéens	lycéen
donnelly	donnelly
couchage	couchage
cullen	cullen
chochotte	chochotte
conjure	conjurer
semblais	sembler
huang	huang
mouille	mouille
légaux	légal
admirais	admirer
entendras	entendre
vengé	venger
joon	joon
inaperçu	inaperçu
shadow	shadow
tapait	taper
latine	latin
riposte	riposter
mumbai	mumbai
juvénile	juvénile
identifiés	identifier
21h	21h
déterré	déterré
lennon	lennon
sors-le	sors-le
égales	égal
phénix	phénix
pacey	pacey
démodé	démodé
projette	projeter
nulles	nul
delgado	delgado
porte-monnaie	porte-monnaie
facilite	faciliter
cerné	cerné
étudies	étudier
poussait	pousser
obtiendrez	obtenir
rapproché	rapprocher
gotta	gotta
falsifié	falsifier
harnais	harnais
aval	aval
cliquetis	cliquetis
par-ci	par-ci
apéritif	apéritif
dina	dina
nashville	nashville
ingrate	ingrat
benji	benji
tanière	tanière
vertus	vertu
contrefaçon	contrefaçon
claquettes	claquette
marcie	marcie
pakistanais	pakistanais
pègre	pègre
fps	fps
idee	idee
derniére	derniére
serieux	serieux
dégoûtes	dégoûter
coute	coute
funk	funk
antérieure	antérieur
shots	shots
chronologie	chronologie
janie	janie
sauvez-vous	sauvez-vous
flaque	flaque
intitulé	intitulé
jameson	jameson
aboiements	aboiement
marlene	marlene
césarienne	césarienne
écroulé	écrouler
myra	myra
intersection	intersection
promoteur	promoteur
agissant	agissant
flocons	flocon
pochette	pochette
transfusion	transfusion
charitable	charitable
chuter	chuter
changerais	changer
hour	hour
impatients	impatient
parcelle	parcelle
profites	profiter
aigles	aigle
enseignante	enseignant
kendra	kendra
récital	récital
cheng	cheng
than	than
suzy	suzy
muriel	muriel
ebay	ebay
décapotable	décapotable
semence	semence
momo	momo
permets-moi	permets-moi
callahan	callahan
voudrait-il	voudrait-il
volts	volt
sardines	sardine
prévient	prévenir
indifférence	indifférence
pourchasser	pourchasser
officieusement	officieusement
symphonie	symphonie
penn	penn
ravoir	ravoir
chouettes	chouette
mijote	mijoter
pister	pister
giflé	gifler
scellés	sceller
wilcox	wilcox
dudley	dudley
gémir	gémir
vires	virer
atteignent	atteindre
memorial	memorial
lew	lew
gout	gout
stimuler	stimuler
relire	relire
deviennes	devenir
fertile	fertile
vaillant	vaillant
noé	noé
méprisable	méprisable
sédatifs	sédatif
culpabilise	culpabiliser
reg	reg
remarier	remarier
exam	exam
vendais	vendre
louée	louée
glauque	glauque
régale	régale
retournez-vous	retournez-vous
expédier	expédier
incompréhensible	incompréhensible
exclusivement	exclusivement
moisissure	moisissure
renoncez	renoncer
foley	foley
titra	titrer
barils	baril
indulgent	indulgent
emprisonnement	emprisonnement
ferrée	ferrer
remèdes	remède
construisent	construire
débauche	débauche
japs	jap
sage-femme	sage-femme
confesse	confesse
cor	cor
encouragements	encouragement
incline	incliner
éminence	éminence
ouvre-la	ouvre-la
gunnar	gunnar
délégués	déléguer
donnez-leur	donnez-leur
aigu	aigu
leonardo	leonardo
malloy	malloy
rigolade	rigolade
réfléchisse	réfléchir
catalina	catalina
négligent	négligent
résoudra	résoudre
réfléchissez-y	réfléchissez-y
enverrait	envoyer
padre	padre
musées	musée
bienfaisance	bienfaisance
comptés	compter
waldorf	waldorf
dictature	dictature
acquisition	acquisition
cosmo	cosmo
trembles	trembler
friandises	friandise
rétro	rétro
rygel	rygel
rougir	rougir
sombrer	sombrer
téléspectateurs	téléspectateur
rabaisser	rabaisser
rolling	rolling
propice	propice
repeindre	repeindre
cocotte	cocotte
vitamine	vitamine
expressions	expression
enlève-le	enlève-le
wagons	wagon
carpe	carpe
protestation	protestation
pff	pff
radars	radar
bambi	bambi
précédentes	précédent
coiffeuse	coiffeuse
raceman	raceman
heurter	heurter
kms	kms
défunte	défunt
changeront	changer
pétales	pétale
elles-mêmes	elles-mêmes
rugby	rugby
débarrassée	débarrasser
comptons	compter
tribal	tribal
surnoms	surnom
concernent	concerner
permettait	permettre
agatha	agatha
poursuivait	poursuivre
retracer	retracer
fixation	fixation
vannes	vanne
joujou	joujou
érable	érable
ambulant	ambulant
déshabille	déshabiller
reconnaîtra	reconnaître
rouleaux	rouleau
puberté	puberté
cuve	cuve
retiennent	retenir
armand	armand
juteux	juteux
somnifère	somnifère
bâche	bâche
drain	drain
crochets	crochet
kiffe	kiffe
rendras	rendre
plutonium	plutonium
fiole	fiole
fabriquée	fabriquer
vasquez	vasquez
étreinte	étreinte
présentable	présentable
adjudant	adjudant
tahiti	tahiti
déshonneur	déshonneur
délirant	délirant
léa	léa
réécrire	réécrire
abriter	abriter
dérangeait	déranger
justesse	justesse
exigent	exiger
conner	conner
téméraire	téméraire
animateur	animateur
graphique	graphique
écuries	écurie
styliste	styliste
cornell	cornell
divorces	divorce
poole	poole
cadence	cadence
embêtant	embêtant
touchdown	touchdown
sato	sato
renforce	renforcer
horizons	horizon
androméda	androméda
agace	agace
winslow	winslow
skier	skier
rin	rin
ardent	ardent
guides	guide
fassions	faire
observations	observation
profitent	profiter
soufre	soufre
facultés	faculté
liverpool	liverpool
cortège	cortège
acquitté	acquitter
farces	farce
explique-toi	explique-toi
envolée	envolée
mobilier	mobilier
wook	wook
annabelle	annabelle
déficit	déficit
catin	catin
gaga	gaga
steel	steel
corp	corp
drames	drame
conclut	conclure
bellamy	bellamy
piece	piece
réalisateurs	réalisateur
haïssent	haïr
pinceau	pinceau
smiley	smiley
mûres	mûres
récréation	récréation
sénile	sénile
ryo	ryo
abstinence	abstinence
calmera	calmer
charmantes	charmant
contactée	contacter
hussein	hussein
miniature	miniature
niqué	niquer
etj'	etj'
shampooing	shampooing
vaccins	vaccin
jockey	jockey
chassés	chasser
boulanger	boulanger
bagel	bagel
tonic	tonic
municipale	municipale
motard	motard
terminés	terminer
encaisse	encaisse
infrarouge	infrarouge
enveloppes	envelopper
sous-estimer	sous-estimer
ronfle	ronfler
épinards	épinard
socialiste	socialiste
étrangle	étrangler
leave	leave
barrow	barrow
infidélité	infidélité
blasphème	blasphème
internationaux	international
buy	buy
op	op
gémissement	gémissement
sagement	sagement
pyramides	pyramide
dérangera	déranger
patti	patti
épice	épice
machins	machin
dense	dense
mécano	mécano
dus	devoir
enclos	enclos
braque	braque
loges	loge
mildred	mildred
cloud	cloud
forage	forage
prenez-les	prenez-les
yves	yves
structures	structure
constate	constater
remarquée	remarquer
jp	jp
truand	truand
levi	levi
beatrice	beatrice
erika	erika
sali	salir
pairs	pair
diplômés	diplômé
révélée	révéler
inscriptions	inscription
penché	pencher
paraitre	paraitre
commencerai	commencer
entaille	entaille
traînez	traîner
appelleras	appeler
pionniers	pionnier
i1	i1
marisa	marisa
donnerons	donner
bloody	bloody
hurlement	hurlement
enlève-moi	enlève-moi
cocu	cocu
sands	sands
ressemblais	ressembler
foules	foule
trinquer	trinquer
risée	risée
réunies	réunir
wilhelmina	wilhelmina
sucres	sucre
cercueils	cercueil
vende	vendre
empare	emparer
gobelet	gobelet
anxieuse	anxieux
aziz	aziz
vil	vil
appréciais	apprécier
reconnus	reconnaître
cuillères	cuillère
réclament	réclamer
oies	oie
arkansas	arkansas
stocker	stocker
composant	composant
liaisons	liaison
mousquetaires	mousquetaire
crus	cru
filature	filature
embrouillé	embrouillé
excréments	excrément
ringo	ringo
bambou	bambou
enlèvent	enlever
cannon	cannon
conçus	concevoir
procuré	procurer
prouverai	prouver
repérée	repérer
représentez	représenter
cedric	cedric
coïncidences	coïncidence
lisbonne	lisbonne
bourgeoise	bourgeoise
narrateur	narrateur
pointée	pointer
donneurs	donneur
ay	ay
extra-terrestre	extra-terrestre
légué	léguer
énergies	énergie
truands	truand
entamer	entamer
voudrais-je	voudrais-je
gonflable	gonflable
électricien	électricien
autonome	autonome
frappés	frapper
moretti	moretti
gitans	gitan
camilla	camilla
visionnaire	visionnaire
truite	truite
compte-rendu	compte-rendu
pepe	pepe
grillée	griller
mount	mount
épuisement	épuisement
soutirer	soutirer
clavicule	clavicule
uncut	uncut
palestine	palestine
mortalité	mortalité
prélevé	prélever
ennuyais	ennuyer
causant	causant
montrais	montrer
menez	mener
munch	munch
ju	ju
paf	paf
sergio	sergio
matin-là	matin-là
inondé	inondé
gadgets	gadget
tombeur	tombeur
neela	neela
truc-là	truc-là
télépathie	télépathie
bannière	bannière
démasquer	démasquer
pudeur	pudeur
anecdote	anecdote
remplacera	remplacer
chics	chic
autodestruction	autodestruction
accepterait	accepter
cafetière	cafetière
ré	ré
croirai	croire
exacts	exact
esteban	esteban
ressaisir	ressaisir
diffamation	diffamation
secteurs	secteur
plaidé	plaider
déroutant	déroutant
horde	horde
truie	truie
équipés	équiper
foute	foutre
conclue	conclure
cassent	casser
compliqués	compliqué
disputait	disputer
répéterai	répéter
odorat	odorat
grognon	grognon
visait	viser
garfield	garfield
boulette	boulette
épuisés	épuiser
convenir	convenir
aventurer	aventurer
gratin	gratin
hypocrites	hypocrite
pomper	pomper
auditeurs	auditeur
tiède	tiède
demandez-moi	demandez-moi
finirais	finir
natalia	natalia
desserts	dessert
loulou	loulou
présentera	présenter
rationnelle	rationnel
coopératif	coopératif
indication	indication
suites	suite
éradiquer	éradiquer
formel	formel
rouille	rouille
britta	britta
débit	débit
flair	flair
croisée	croisée
rivera	river
helga	helga
coopérez	coopérer
iriez	aller
turn	turn
changés	changer
colonnes	colonne
saccagé	saccager
nellie	nellie
houdini	houdini
tucson	tucson
émue	ému
goliath	goliath
qualifications	qualification
infernal	infernal
semble-t-il	semble-t-il
parierais	parier
égards	égard
tremblent	trembler
demanderait	demander
thelma	thelma
mackey	mackey
correspondait	correspondre
pointent	pointer
séquences	séquencer
gertrude	gertrude
vaincus	vaincre
jurez	jurer
lexie	lexie
crânes	crâne
royaumes	royaume
diamètre	diamètre
croiseur	croiseur
querelles	querelle
répercussions	répercussion
haricot	haricot
nonnes	nonne
nouveau-né	nouveau-né
fast	fast
tuck	tuck
cerner	cerner
exclus	exclure
omaha	omaha
futile	futile
donne-m'	donne-m'
tijuana	tijuana
cités	citer
rassemblent	rassembler
élevées	élever
invalide	invalide
nudité	nudité
rourke	rourke
frangine	frangin
blanchiment	blanchiment
virtuelle	virtuel
sherwood	sherwood
werner	werner
juridiques	juridique
expérimenter	expérimenter
disperser	disperser
percée	percée
arnaqué	arnaquer
beau-fils	beau-fils
révèlent	révéler
galilée	galilée
sunshine	sunshine
acolyte	acolyte
metropolis	metropolis
investis	investir
dentaires	dentaire
pastèque	pastèque
préfecture	préfecture
shogun	shogun
baisés	baiser
passagère	passager
balais	balais
murdoch	murdoch
obsède	obséder
renforcé	renforcer
ramona	ramoner
refusais	refuser
livrés	livrer
cohérent	cohérent
paisiblement	paisiblement
dirty	dirty
maddox	maddox
vifs	vif
inciter	inciter
edwin	edwin
nibards	nibard
géographie	géographie
éliminés	éliminer
gagnerait	gagner
blanche-neige	blanche-neige
angelica	angelica
négatives	négatif
mortimer	mortimer
haïti	haïti
key	key
katia	katia
hand	hand
paternel	paternel
bonnets	bonnet
palier	palier
rounds	round
richardson	richardson
oserait	oser
diffuse	diffus
écouteurs	écouteur
disparitions	disparition
germes	germe
méprends	méprendre
santana	santana
violeurs	violeur
cidre	cidre
norfolk	norfolk
conor	conor
sodas	soda
aprês	aprês
fâcheux	fâcheux
lilith	lilith
massacrés	massacrer
ramènent	ramener
défini	défini
gillian	gillian
ramos	ramos
distribué	distribué
paralysée	paralysé
fabriquent	fabriquer
maitresse	maitresse
nachos	nachos
échappement	échappement
quo	quo
ressemblaient	ressembler
donnez-le	donnez-le
quota	quota
cordelia	cordelia
enverront	envoyer
ogre	ogre
soucoupe	soucoupe
heller	heller
copilote	copilote
lubrifiant	lubrifiant
souriait	sourire
égo	égo
starling	starling
insomnie	insomnie
harm	harm
cuistot	cuistot
coopérative	coopérative
talyn	talyn
markus	markus
pinte	pinte
surgit	surgir
nationalité	nationalité
plaine	plaine
détruisant	détruire
bouclée	boucler
voyagent	voyager
lucratif	lucratif
atf	atf
cramé	cramer
augmentez	augmenter
habillez-vous	habillez-vous
désobéir	désobéir
nerd	nerd
transmetteur	transmetteur
gourde	gourde
abdul	abdul
j-je	j-je
coalition	coalition
déconseille	déconseiller
entraînant	entraînant
parks	parks
refiler	refiler
pli	pli
bertha	bertha
aorte	aorte
asseyait	asseoir
jillian	jillian
remplaçante	remplaçant
conteste	conteste
récupérée	récupérer
croyants	croyant
donnez-le-moi	donnez-le-moi
qualifier	qualifier
ewing	ewing
au-revoir	au-revoir
charmeur	charmeur
évitons	éviter
aspiré	aspiré
matraque	matraque
aucuns	aucun
alfie	alfie
compton	compton
ravages	ravager
acceptées	accepter
végétarienne	végétarien
jeton	jeton
rollins	rollins
poneys	poney
dinah	dinah
selma	selma
cendre	cendre
écritures	écriture
épaisseur	épaisseur
faye	faye
vikings	viking
éjecter	éjecter
fei	fei
déplacez	déplacer
pas.	pas.
relevez	relever
tropicale	tropical
soudoyer	soudoyer
mendier	mendier
allumées	allumer
confidence	confidence
pip	pip
repartie	repartir
paieront	payer
attrapez-les	attrapez-les
recyclage	recyclage
préoccupations	préoccupation
rail	rail
divise	diviser
tirerez	tirer
canette	canette
fesse	fesse
mathématique	mathématique
seung	seung
grimes	grimer
fraîchement	fraîchement
cupidon	cupidon
dédicace	dédicace
darby	darby
fugué	fugué
guérisseur	guérisseur
brouillé	brouillé
ecris	ecris
etaient	etaient
fanatiques	fanatique
autocollant	autocollant
cils	cil
éprouvé	éprouvé
refaites	refaire
grouillez-vous	grouillez-vous
atrocités	atrocité
vulcains	vulcain
geronimo	geronimo
bigfoot	bigfoot
voué	voué
fuyons	fuir
inférieurs	inférieur
cornichon	cornichon
appendicite	appendicite
inutilement	inutilement
héréditaire	héréditaire
épargne-moi	épargne-moi
échelons	échelon
singer	singer
caches-tu	caches-tu
jusqu	jusqu
transit	transit
secouée	secouer
lunette	lunette
orthodoxe	orthodoxe
talia	talia
protégeais	protéger
collés	coller
idioties	idiotie
cravates	cravate
cycles	cycle
schémas	schéma
issu	issu
prouvera	prouver
enlevez-moi	enlevez-moi
lents	lent
robertson	robertson
impératif	impératif
prélèvements	prélèvement
oppression	oppression
spider-man	spider-man
jetable	jetable
arrête-le	arrête-le
twist	twist
vlad	vlad
prescrire	prescrire
niki	niki
repli	repli
barrée	barrer
entourés	entourer
polis	poli
fraction	fraction
gadget	gadget
mckinley	mckinley
noisettes	noisette
prierai	prier
entrepreneurs	entrepreneur
dragué	draguer
floue	flou
alcoolisme	alcoolisme
incertain	incertain
avalanche	avalanche
mâche	mâche
corvette	corvette
viendraient	venir
demeuré	demeuré
irréprochable	irréprochable
décevez	décevoir
habilles	habiller
mentalité	mentalité
moineau	moineau
réhabilitation	réhabilitation
braun	braun
dansais	danser
préméditation	préméditation
coqs	coq
étagères	étagère
maigri	maigrir
démontré	démontrer
photographies	photographie
hemingway	hemingway
rapportent	rapporter
gagnons	gagner
aptitudes	aptitude
coupant	coupant
préjudice	préjudice
scofield	scofield
immiscer	immiscer
fracturé	fracturer
wilma	wilma
éduqué	éduquer
hongrie	hongrie
dicter	dicter
mettrons	mettre
infecter	infecter
chaplin	chaplin
surprends	surprendre
water	water
before	before
sauve-moi	sauve-moi
neurologique	neurologique
supplice	supplice
roulement	roulement
commerçants	commerçant
disputaient	disputer
gringo	gringo
compote	compote
chassent	chasser
coiffe	coiffe
serres	serrer
tombale	tombale
recherchait	rechercher
supprime	supprimer
emportez	emporter
appelle-t-elle	appelle-t-elle
nelly	nelly
merrick	merrick
remorque	remorque
gourmand	gourmand
comprimé	comprimé
enveloppé	enveloppé
souligner	souligner
donut	donut
mussolini	mussolini
kimono	kimono
galaxies	galaxie
collent	coller
oil	oil
sections	section
dissimulé	dissimulé
couvrira	couvrir
transformés	transformer
brûlées	brûler
jd	jd
laissons-les	laissons-les
tiendras	tenir
contester	contester
matinal	matinal
missionnaire	missionnaire
spider	spider
existaient	exister
ficher	ficher
paradoxe	paradoxe
masturber	masturber
immigrants	immigrant
repartez	repartir
réincarnation	réincarnation
débrouillez-vous	débrouillez-vous
fuyant	fuyant
destiny	destiny
devrais-tu	devrais-tu
conducteurs	conducteur
mutuel	mutuel
rencontrons	rencontrer
fitch	fitch
acides	acide
very	very
submergé	submerger
elton	elton
ambrose	ambrose
véreux	véreux
boxeurs	boxeur
rennes	renne
pauses	pauser
appliqué	appliqué
stratégies	stratégie
méchamment	méchamment
maigres	maigre
styles	style
mentirai	mentir
supporterais	supporter
foetus	foetus
bajor	bajor
paierait	payer
mortelles	mortel
déconnecté	déconnecter
appréciait	apprécier
kalinda	kalinda
appele	appele
négociateur	négociateur
lsd	lsd
jupons	jupon
janeway	janeway
connaissiez-vous	connaissiez-vous
grimace	grimace
contaminée	contaminer
adverse	adverse
citoyenne	citoyen
engendre	engendrer
pourpre	pourpre
essayiez	essayer
till	till
cloque	cloque
potence	potence
kaplan	kaplan
vitesses	vitesse
papoter	papoter
ps	ps
cheung	cheung
sévères	sévère
gâchée	gâchée
joignez-vous	joignez-vous
spontanée	spontané
parleront	parler
atteints	atteint
cruise	cruise
olsen	olsen
connectée	connecter
sélectionné	sélectionner
géantes	géant
sutures	suture
antre	antre
enflure	enflure
tourmenter	tourmenter
soumise	soumettre
fischer	fischer
ème	ème
loups-garous	loup-garou
princesses	princesse
kristina	kristina
maîtresses	maîtresse
bess	bess
neveux	neveu
bluebell	bluebell
trainée	trainée
kelsey	kelsey
rajouté	rajouter
capone	capone
puissances	puissance
borg	borg
logiciels	logiciel
embrassait	embrasser
ame	ame
sharp	sharp
bipé	biper
gu	gu
hampton	hampton
fente	fente
convulsions	convulsion
commandements	commandement
charlene	charlene
rampant	rampant
récolté	récolter
encerclés	encercler
pû	pû
python	python
seringues	seringue
sceller	sceller
méduse	méduse
flanders	flanders
fondamentalement	fondamentalement
régent	régent
réfléchirai	réfléchir
déduire	déduire
télés	télé
économiques	économique
empêchait	empêcher
aboyer	aboyer
eye	eye
apogée	apogée
augure	augure
endommagée	endommager
flirte	flirter
produira	produire
claques	claque
négociable	négociable
rigide	rigide
ch	ch
cessent	cesser
mous	mou
bradshaw	bradshaw
baston	baston
brûlait	brûler
nostalgique	nostalgique
admirateurs	admirateur
délicatesse	délicatesse
adios	adios
today	today
taise	taire
tendrement	tendrement
boive	boire
fly	fly
technologique	technologique
étudiez	étudier
fatigant	fatigant
oral	oral
management	management
sim	sim
réglons	régler
plongeon	plongeon
intraveineuse	intraveineuse
mènes	mener
remets-toi	remets-toi
wilde	wilde
hebdomadaire	hebdomadaire
sentiers	sentier
rainbow	rainbow
cinquantaine	cinquantaine
alliée	allier
étonner	étonner
verger	verger
récupères	récupérer
timides	timide
squelettes	squelette
commerçant	commerçant
theodore	theodore
désirent	désirer
tiendront	tenir
conjugal	conjugal
dessinée	dessiner
strange	strange
single	single
attachement	attachement
efforce	efforcer
périr	périr
renifler	renifler
recherchée	rechercher
tariq	tariq
pénétration	pénétration
jeanie	jeanie
possèdes	posséder
consacre	consacrer
arrêteras	arrêter
rites	rite
isis	isis
contretemps	contretemps
convalescence	convalescence
sociable	sociable
accroches	accrocher
parleur	parleur
edmond	edmond
avidité	avidité
maxime	maxime
rejouer	rejouer
scene	scene
orientale	oriental
bourdonnement	bourdonnement
jimbo	jimbo
audiences	audience
citrons	citron
oasis	oasis
miches	miche
bolton	bolton
incurable	incurable
wesen	wesen
pions	pion
proposez-vous	proposez-vous
zéros	zéro
vice-présidente	vice-président
mccall	mccall
aperçue	apercevoir
proportions	proportion
physicien	physicien
rhinocéros	rhinocéros
expiré	expirer
attaquera	attaquer
infidèles	infidèle
videur	videur
séparons-nous	séparons-nous
luxure	luxure
cromwell	cromwell
gaines	gainer
sachets	sachet
payerai	payer
propulseurs	propulseur
cochran	cochran
ardeur	ardeur
torturée	torturer
gag	gag
décrivez	décrire
holocauste	holocauste
dévoilé	dévoiler
redevienne	redevenir
soulevez	soulever
déployer	déployer
égyptien	égyptien
héroïsme	héroïsme
slips	slip
appartenu	appartenir
immortelle	immortelle
alerté	alerter
adoptif	adoptif
refroidissement	refroidissement
spécialisée	spécialiser
excusée	excuser
days	days
honolulu	honolulu
recharge	recharge
immigrés	immigrer
fêtons	fêter
dégoûté	dégoûté
immobilière	immobilier
réfugier	réfugier
méfiance	méfiance
pelles	pelle
lan	lan
dicte	dicter
dénicher	dénicher
caisson	caisson
sound	sound
retrouvait	retrouver
tampa	tampa
chorégraphie	chorégraphie
dustin	dustin
myrtilles	myrtille
taquine	taquin
gazeuse	gazeux
hernandez	hernandez
accordez-moi	accordez-moi
survive	survivre
devrait-il	devrait-il
jetait	jeter
bénéficier	bénéficier
didi	didi
petey	petey
pèlerins	pèlerin
aide-le	aide-le
réagissent	réagir
arrêtées	arrêter
chrono	chrono
ursula	ursula
harceleur	harceleur
réalisera	réaliser
wan	wan
mutilé	mutiler
invitez	inviter
auditionner	auditionner
terri	terri
oublierais	oublier
hurley	hurley
grilles	grille
dépendant	dépendant
goudron	goudron
graffiti	graffiti
plongeur	plongeur
catégories	catégorie
nageur	nageur
bouée	bouée
carats	carat
vibration	vibration
sven	sven
delphine	delphine
marlon	marlon
dunbar	dunbar
défouler	défouler
alone	alone
iraq	iraq
plaisantait	plaisanter
magda	magda
sauvant	sauver
linden	linden
prive	prive
leeds	leeds
purifier	purifier
hailey	hailey
préserve	préserver
boira	boire
compta	compter
bélier	bélier
soucieux	soucieux
fêté	fêter
phoque	phoque
spéculation	spéculation
cnn	cnn
tot	tot
trina	trina
concernée	concerner
joyau	joyau
groupés	grouper
rj	rj
espionnes	espionner
entrepôts	entrepôt
gradins	gradin
stéréo	stéréo
niez	nier
anguille	anguille
hyperespace	hyperespace
nathaniel	nathaniel
oublie-le	oublie-le
sentant	sentir
nationaux	national
thad	thad
huiles	huile
escapade	escapade
organisés	organiser
samedis	samedi
crockett	crockett
hiroshi	hiroshi
spontané	spontané
isolation	isolation
haineux	haineux
standards	standard
masquer	masquer
troubler	troubler
débrouillera	débrouiller
allemandes	allemand
rubans	ruban
invitées	invité
harding	harding
visée	visée
sangsues	sangsue
montrons	montrer
imitateur	imitateur
parenté	parenté
tôle	tôle
s.v.p.	s.v.p.
culturelle	culturel
failles	faillir
volais	voler
bev	bev
bungalow	bungalow
rebord	rebord
célébrons	célébrer
conviendrait	convenir
établit	établir
cabinets	cabinet
formons	former
disent-ils	disent-ils
poussette	poussette
snipers	sniper
convoquer	convoquer
routiers	routier
miséricordieux	miséricordieux
westen	westen
détendue	détendu
rescousse	rescousse
délivré	délivrer
gendarme	gendarme
programmée	programmer
superstitieux	superstitieux
cottage	cottage
occuperais	occuper
cachemire	cachemire
lâchera	lâcher
manquons	manquer
macbeth	macbeth
passez-le-moi	passez-le-moi
hélicos	hélicos
apparente	apparenter
piquée	piquée
12e	12e
rapprochés	rapprocher
encaissé	encaisser
erre	erre
tatiana	tatiana
pessimiste	pessimiste
temples	temple
cbi	cbi
réfugié	réfugier
vogel	vogel
poe	poe
gitan	gitan
intérim	intérim
yoda	yoda
récré	récré
vérifies	vérifier
irrespectueux	irrespectueux
potins	potin
berk	berk
combines	combiner
pancréas	pancréas
midwest	midwest
impuissance	impuissance
trique	trique
etoile	etoile
descendra	descendre
sauvagement	sauvagement
préavis	préavis
désamorcer	désamorcer
intéressez	intéresser
gardez-la	gardez-la
infime	infime
pâtée	pâtée
abomination	abomination
enlèvements	enlèvement
panthère	panthère
hoo	hoo
driscoll	driscoll
inc	inc
plateaux	plateau
thatcher	thatcher
amnésique	amnésique
différencier	différencier
rendrez	rendre
l.a	l.a
règlements	règlement
justiciers	justicier
dring	dring
urbain	urbain
ctu	ctu
ambulances	ambulance
ports	port
reuben	reuben
interférence	interférence
roumanie	roumanie
pesant	pesant
sensei	sensei
cascades	cascade
curly	curly
devineras	deviner
blabla	blabla
portées	portée
serial	serial
frappera	frapper
zelda	zelda
patinoire	patinoire
encule	enculer
réglera	régler
accroc	accroc
cm2	cm2
reçues	reçu
gingembre	gingembre
frêre	frêre
kovac	kovac
verset	verset
gelés	geler
gamines	gamin
sponsors	sponsor
rendront	rendre
colomb	colomb
supportent	supporter
fillettes	fillette
voyagez	voyager
mineures	mineur
vilaines	vilain
occidental	occidental
agressifs	agressif
reçoive	recevoir
testostérone	testostérone
rafe	rafer
organisent	organiser
importuner	importuner
algèbre	algèbre
caleçons	caleçon
victorieux	victorieux
louisa	louisa
sg-1	sg-1
rencontreras	rencontrer
oooh	oooh
résistants	résistant
meures	mourir
joanie	joanie
associe	associer
warwick	warwick
habitat	habitat
lancent	lancer
finesse	finesse
borgia	borgia
judiciaires	judiciaire
krishna	krishna
arjun	arjun
a.d.n.	a.d.n.
bohort	bohort
bubba	bubba
connection	connection
trouvions	trouver
lassiter	lassiter
protectrice	protecteur
blesses	blesser
rica	rica
défendez	défendre
garderais	garder
éjecté	éjecter
tag	tag
rivalité	rivalité
dévastée	dévaster
communes	commune
contentez-vous	contentez-vous
porterait	porter
bercail	bercail
schizophrène	schizophrène
gibbons	gibbon
war	war
gouine	gouine
kryptonite	kryptonite
casper	casper
approchant	approchant
ravir	ravir
latex	latex
walk	walk
cardio	cardio
redémarrer	redémarrer
réconforte	réconforter
machette	machette
vivrons	vivre
spears	spears
parvati	parvati
hare	hare
gianni	gianni
décoder	décoder
interrogez	interroger
casanova	casanova
dandy	dandy
ouep	ouep
intenses	intense
ouch	ouch
retires	retirer
devez-vous	devez-vous
martyrs	martyr
déshonoré	déshonorer
conversion	conversion
salons	salon
dominant	dominant
davenport	davenport
b0	b0
cavité	cavité
autographes	autographe
lis-le	lis-le
parjure	parjure
dormiras	dormir
cotton	cotton
retrouveront	retrouver
asher	asher
envol	envol
enterrements	enterrement
bronson	bronson
prothèse	prothèse
navigateur	navigateur
incertitude	incertitude
extérieurs	extérieur
savent-ils	savent-ils
infecte	infecter
mariera	marier
raquel	raquel
reconnaissent	reconnaître
dérouler	dérouler
immortels	immortel
somnambule	somnambule
swift	swift
clore	clore
langston	langston
éclipser	éclipser
recrute	recruter
étaler	étaler
sermons	sermon
weir	weir
georgetown	georgetown
reddition	reddition
lâchée	lâcher
sexiste	sexiste
exquise	exquis
aang	aang
anubis	anubis
protégeant	protéger
referais	refaire
ovale	ovale
smash	smash
nappe	nappe
consommé	consommé
sauts	saut
conclus	conclure
reveniez	revenir
absurdité	absurdité
ras-le-bol	ras-le-bol
signor	signor
mayer	mayer
antidépresseurs	antidépresseur
ori	ori
dialogues	dialogue
porteras	porter
arlo	arlo
vibrer	vibrer
assurés	assurer
coordination	coordination
señorita	señorita
planifie	planifier
creusez	creuser
u.s.a.	u.s.a.
confiante	confiant
virement	virement
dormiez	dormir
bash	bash
disparait	disparait
ab	ab
divisions	division
civière	civière
trinque	trinquer
rimmer	rimmer
infernale	infernal
déroulé	dérouler
gilets	gilet
souches	souche
rolls	rolls
reconnaîtrais	reconnaître
implanté	implanter
humides	humide
hendrix	hendrix
gogo	gogo
joss	joss
priscilla	priscilla
mouse	mouse
berta	berta
luxueux	luxueux
prouvez-le	prouvez-le
bretzels	bretzel
individuelle	individuel
angélique	angélique
foutaise	foutaise
volera	voler
préventive	préventif
choisira	choisir
supériorité	supériorité
bascule	bascule
poulailler	poulailler
découvres	découvrir
fémur	fémur
turbo	turbo
hook	hook
sanjay	sanjay
ennuient	ennuyer
mitsuko	mitsuko
posez-le	posez-le
joliment	joliment
muscu	muscu
viêt-nam	viêt-nam
nébuleuse	nébuleuse
débarrassez-vous	débarrassez-vous
doté	doter
recoller	recoller
touristique	touristique
robby	robby
admissions	admission
quincy	quincy
cathéter	cathéter
remercieras	remercier
tolérerai	tolérer
greffier	greffier
hs	hs
suffiront	suffire
arnaqueur	arnaqueur
mcqueen	mcqueen
baise-moi	baise-moi
symbolise	symboliser
bienfaiteur	bienfaiteur
interviens	intervenir
africaine	africain
souviendras	souvenir
reverrais	revoir
devines	deviner
épater	épater
nase	nase
significatif	significatif
bouddhiste	bouddhiste
everybody	everybody
partages	partage
recouvre	recouvre
appartenaient	appartenir
pénicilline	pénicilline
brulé	brulé
compatibles	compatible
sot	sot
terrorisé	terroriser
masseur	masseur
stones	stone
voyeur	voyeur
cruciale	crucial
scientologie	scientologie
reve	reve
effacés	effacer
nemo	nemo
hiroshima	hiroshima
patriotisme	patriotisme
chantiers	chantier
virgule	virgule
aura-t-il	aura-t-il
wen	wen
pare-feu	pare-feu
enquêtez	enquêter
corbeille	corbeille
berline	berline
fouillent	fouiller
basculer	basculer
en-cas	en-cas
voûte	voûte
lave-vaisselle	lave-vaisselle
stocks	stock
bro	bro
féministe	féministe
bawk	bawk
commissions	commission
émotif	émotif
suisses	suisse
ouvrez-le	ouvrez-le
poulain	poulain
nagé	nager
appréciera	apprécier
tirons	tirer
raie	raie
borné	borné
empêcherai	empêcher
alejandro	alejandro
nassau	nassau
râle	râle
interception	interception
saignant	saignant
ramène-toi	ramène-toi
interminable	interminable
serveuses	serveur
espérons-le	espérons-le
cassius	cassius
méfiant	méfiant
concessions	concession
caniche	caniche
supporters	supporter
fs72	fs72
réacteurs	réacteur
comptables	comptable
tapage	tapage
whit	whit
retourneras	retourner
appendice	appendice
réussisse	réussir
avancement	avancement
brûlera	brûler
bulletins	bulletin
vison	vison
freiner	freiner
phelps	phelps
vexe	vexer
traumatisé	traumatiser
négros	négro
espêre	espêre
ronny	ronny
sécurisez	sécuriser
choisisse	choisir
devinettes	devinette
épouvantail	épouvantail
suggères	suggérer
moeurs	moeurs
désirais	désirer
delaware	delaware
rigolais	rigoler
carotide	carotide
reconquérir	reconquérir
mignonnes	mignon
trã	trã
without	without
milhouse	milhouse
congrégation	congrégation
embêté	embêter
pourrit	pourrir
chassez	chasser
soucient	soucier
farnsworth	farnsworth
exaucé	exaucer
beaumont	beaumont
fréquentait	fréquenter
devil	devil
firent	faire
théorique	théorique
peintres	peintre
affût	affût
shorty	shorty
doives	devoir
cortez	cortez
lieues	lieue
tristement	tristement
niche	niche
supposez	supposer
festivités	festivité
branch	branch
auguste	auguste
tibet	tibet
aisément	aisément
découvrait	découvrir
garde-côtes	garde-côte
confidentiels	confidentiel
mill	mill
désorienté	désorienté
songez	songer
prétendait	prétendre
réussissent	réussir
gustav	gustav
décourager	décourager
remballe	remballer
connors	connors
influent	influent
milwaukee	milwaukee
sylvie	sylvie
vincenzo	vincenzo
danvers	danvers
dougal	dougal
manuellement	manuellement
adeptes	adepte
décédés	décéder
mât	mât
worth	worth
travesti	travesti
postales	postal
gogh	gogh
birmingham	birmingham
faisceau	faisceau
détruirai	détruire
yolanda	yolanda
déplaisant	déplaisant
payais	payer
publicités	publicité
désirée	désirer
terrier	terrier
tourtereaux	tourtereau
morue	morue
cérémonies	cérémonie
baek	baek
guette	guette
exclusif	exclusif
étouffée	étouffer
kaamelott	kaamelott
branleurs	branleur
marmite	marmite
repensant	repenser
rincer	rincer
bombardé	bombarder
supportais	supporter
bagels	bagels
coffret	coffret
rassurée	rassurer
améliorée	améliorer
leblanc	leblanc
clochait	clocher
persiste	persister
rosario	rosario
flatter	flatter
indestructible	indestructible
juanita	juanita
indemnités	indemnité
porcherie	porcherie
everest	everest
puent	puer
chaleureuse	chaleureux
brisées	briser
nettoyée	nettoyer
caméraman	caméraman
ressentiment	ressentiment
hors-jeu	hors-jeu
amicaux	amical
grand-maman	grand-papa
aimante	aimanter
soudan	soudan
godfrey	godfrey
gronde	gronder
yay	yay
adele	adele
débarquement	débarquement
içi	içi
manipulateur	manipulateur
circulent	circuler
aha	aha
starbucks	starbucks
présentait	présenter
oseille	oseille
sanctifié	sanctifier
entraînes	entraîner
jeffries	jeffries
rohan	rohan
mettrez	mettre
convenait	convenir
soupçonner	soupçonner
existes	exister
interieur	interieur
écoule	écouler
viola	violer
eloigne-toi	eloigne-toi
radieuse	radieux
richter	richter
biblique	biblique
explosive	explosive
ade	ade
engendré	engendrer
glaçage	glaçage
taureaux	taureau
suspicieux	suspicieux
balades	balade
grimpez	grimper
hae	hae
intimidé	intimider
rechute	rechute
torchon	torchon
climatisation	climatisation
canoë	canoë
kermit	kermit
benedict	benedict
repliez-vous	repliez-vous
dysfonctionnement	dysfonctionnement
relique	relique
escargot	escargot
reposé	reposer
employeurs	employeur
bouclez	boucler
extérieures	extérieur
kessler	kessler
affront	affront
étourdi	étourdi
gaillard	gaillard
détruise	détruire
sols	sol
capsules	capsule
survis	survivre
ténébreux	ténébreux
signifierait	signifier
disputez	disputer
acceptation	acceptation
photographié	photographier
croquettes	croquette
normandie	normandie
ti	ti
lépreux	lépreux
marchander	marchander
algérie	algérie
sd-6	sd-6
surprenante	surprenant
abbaye	abbaye
vertueux	vertueux
tourmenté	tourmenté
prédécesseur	prédécesseur
sabres	sabre
mettaient	mettre
apparus	apparaître
achevée	achever
flo	flo
souffrante	souffrant
utilisateur	utilisateur
iraient	aller
mangée	manger
commencerons	commencer
rôder	rôder
india	india
adjoints	adjoint
wilbur	wilbur
épuise	épuiser
bruyante	bruyant
shaolin	shaolin
14h	14h
vendetta	vendetta
silvia	silvia
esquive	esquive
pédiatrie	pédiatrie
colo	colo
imaginaires	imaginaire
redescends	redescendre
interner	interner
jetant	jeter
feuilleton	feuilleton
déranges	déranger
lafayette	lafayette
lumineuse	lumineux
entorse	entorse
lama	lama
ramenait	ramener
oh.	oh.
filmée	filmer
josef	josef
échéance	échéance
rentrerais	rentrer
marrants	marrant
fédérales	fédéral
flingué	flinguer
exceptions	exception
invoque	invoquer
radha	radha
whiskey	whiskey
buste	buste
retenus	retenir
vo	vo
expédié	expédier
retirés	retirer
tardive	tardif
porte-avions	porte-avions
confortables	confortable
gareth	gareth
inconsciemment	inconsciemment
agirait	agir
précède	précéder
ressemblera	ressembler
stratagème	stratagème
épuiser	épuiser
suzuki	suzuki
abats	abat
déduit	déduit
suarez	suarez
chavez	chavez
fromages	fromage
reardon	reardon
déployé	déployé
hallucinant	hallucinant
reporters	reporter
repérage	repérage
branchés	brancher
pom	pom
schizophrénie	schizophrénie
bombardements	bombardement
infirmiers	infirmier
andreas	andreas
transportait	transporter
surplus	surplus
natal	natal
ligoté	ligoter
mourais	mourir
dethklok	dethklok
urss	urss
observent	observer
grondement	grondement
pigez	piger
hathaway	hathaway
typiquement	typiquement
vivrais	vivre
bougerai	bouger
remy	remy
géométrie	géométrie
podium	podium
wellington	wellington
ressemblerait	ressembler
marde	marde
dégustation	dégustation
emprisonner	emprisonner
défile	défiler
intérimaire	intérimaire
présidentiel	présidentiel
brises	briser
aligner	aligner
giorgio	giorgio
scottie	scottie
attendus	attendre
câlisse	câlisse
véranda	véranda
oubliées	oublier
auraient-ils	auraient-ils
projeter	projeter
rosée	rosée
adjointe	adjoint
enquêtent	enquêter
remarquera	remarquer
reconnaisse	reconnaître
lambeaux	lambeau
carabine	carabine
baume	baume
frontal	frontal
deke	deke
chino	chino
cagoule	cagoule
empêchez	empêcher
radioactif	radioactif
déguisés	déguiser
amandes	amande
tuerez	tuer
delilah	delilah
lugubre	lugubre
glandes	glander
milly	milly
gardez-les	gardez-les
mcbride	mcbride
carmichael	carmichael
buckingham	buckingham
répandue	répandre
reliée	relier
équipée	équipée
prévenant	prévenant
kristin	kristin
adorerai	adorer
echec	echec
carr	carr
décide-toi	décide-toi
bougera	bouger
anthrax	anthrax
mogo	mogo
martien	martien
radieux	radieux
teinture	teinture
résidu	résidu
galeries	galerie
willoughby	willoughby
recouvrir	recouvrir
reposes	reposer
siegfried	siegfried
envahisseurs	envahisseur
crawley	crawley
ridley	ridley
frits	frit
insuffisant	insuffisant
clarissa	clarissa
aérodrome	aérodrome
alternatives	alternative
aurevoir	aurevoir
chandelles	chandelle
suceur	suceur
lamar	lamar
essuyé	essuyer
questionné	questionner
assurance-vie	assurance-vie
manigances	manigancer
geneviève	geneviève
caissier	caissier
propager	propager
mouettes	mouette
pâtissier	pâtissier
civiques	civique
causent	causer
achèterais	acheter
radicale	radical
élaborer	élaborer
rochelle	rochelle
chimpanzé	chimpanzé
infantile	infantile
trachée	trachée
consomme	consommer
brasserie	brasserie
clairon	clairon
pétasses	pétasses
dahlia	dahlia
étudiait	étudier
clem	clem
approchait	approcher
improvise	improviser
absorbe	absorber
controle	controle
enfoui	enfouir
lowe	lowe
bandés	bander
repères	repère
greenwich	greenwich
garces	garce
cousu	cousu
diversité	diversité
dévoile	dévoiler
calvaire	calvaire
milk-shake	milk-shake
autruche	autruche
défaites	défaite
francfort	francfort
lentille	lentille
cyber	cyber
guidée	guider
maltraité	maltraiter
baisses	baisser
buanderie	buanderie
hear	hear
emil	emil
eren	eren
secrétaires	secrétaire
bistrot	bistrot
vagabonds	vagabond
pariez	pariez
tiendrons	tenir
auschwitz	auschwitz
corbett	corbett
miki	miki
karan	karan
darlene	darlene
instructif	instructif
rosalie	rosalie
appelez-nous	appelez-nous
imam	imam
ecg	ecg
hackers	hacker
affaiblit	affaiblir
cappie	cappie
zac	zac
faces	face
irritable	irritable
guidage	guidage
enlevées	enlever
geisha	geisha
restreint	restreindre
entendons	entendre
samir	samir
générer	générer
cavanaugh	cavanaugh
présentez-vous	présentez-vous
comparée	comparer
enverrais	envoyer
commenter	commenter
believe	believe
simultanément	simultanément
abaisser	abaisser
vanne	vanne
continuerons	continuer
affaiblir	affaiblir
habileté	habileté
abstenir	abstenir
tentons	tenter
manquerez	manquer
franny	franny
marwan	marwan
carmine	carminer
soutenez	soutenir
cao	cao
communautés	communauté
willard	willard
récepteur	récepteur
détache-moi	détache-moi
montera	monter
chiana	chiana
espérions	espérer
tj	tj
lira	lire
confirmera	confirmer
enclin	enclin
vulgaires	vulgaire
accélération	accélération
osborne	osborne
ernst	ernst
tournera	tourner
citations	citation
grand-papa	grand-papa
etiez-vous	etiez-vous
vient-elle	vient-elle
amenait	amener
fixez	fixer
aigoo	aigoo
broyeur	broyeur
quitterais	quitter
coureurs	coureur
levés	lever
circulaire	circulaire
chasteté	chasteté
fraser	fraser
apitoyer	apitoyer
arthrite	arthrite
extrémités	extrémité
connell	connell
rebekah	rebekah
pare-chocs	pare-chocs
redresse	redresse
productrice	producteur
rie	rire
scanlon	scanlon
atome	atome
adriana	adriana
fatima	fatima
custer	custer
palpitant	palpitant
mangés	manger
bertrand	bertrand
chasses	chasse
fraîcheur	fraîcheur
peel	peel
aquatique	aquatique
boirais	boire
pyjamas	pyjama
calcule	calculer
venezuela	venezuela
marierai	marier
mahomet	mahomet
quittais	quitter
profitons	profiter
apprenons	apprendre
blindée	blinder
cacao	cacao
athée	athée
inscrits	inscrit
actuels	actuel
fay	fay
poseur	poseur
coulait	couler
forever	forever
quoiqu	quoiqu
commodore	commodore
partiellement	partiellement
mystic	mystic
escargots	escargot
dîtes-moi	dîtes-moi
mémoriser	mémoriser
grover	grover
insultez	insulter
nacelle	nacelle
punaises	punaise
softball	softball
épingles	épingle
tarifs	tarif
frite	frite
crypté	crypter
crêpe	crêpe
juice	juice
psychologiquement	psychologiquement
purs	pur
ramenés	ramener
décapiter	décapiter
passe-le-moi	passe-le-moi
arès	arès
ignorants	ignorant
télépathe	télépathe
déplacés	déplacer
rends-le-moi	rends-le-moi
instruit	instruit
glousse	glousser
donnez-vous	donnez-vous
janey	janey
thérapeutique	thérapeutique
piger	piger
caddie	caddie
parle-nous	parle-nous
miaou	miaou
montrez-lui	montrez-lui
eisenhower	eisenhower
bronzé	bronzé
allier	allier
weber	weber
desert	desert
maw	maw
thank	thank
pyromane	pyromane
informatiques	informatique
must	must
shooter	shooter
maléfiques	maléfique
rapportera	rapporter
intuber	intuber
voisines	voisin
prêtresse	prêtresse
vexée	vexer
répression	répression
épargnez-moi	épargnez-moi
hybrides	hybride
extrémistes	extrémiste
celle-la	celle-la
envoyais	envoyer
détruirait	détruire
risquerait	risquer
vieillards	vieillard
baisait	baiser
filiale	filiale
cherchions	chercher
tesla	tesla
marisol	marisol
lèvera	lever
trombone	trombone
nurse	nurse
appréhender	appréhender
épouse-moi	épouse-moi
barclay	barclay
purgé	purger
palestiniens	palestinien
maîtrisé	maîtriser
confrontés	confronter
caméléon	caméléon
variables	variable
arrêtez-moi	arrêtez-moi
apparait	apparait
masturbation	masturbation
officielles	officiel
foutons	foutre
ortiz	ortiz
guignol	guignol
lamb	lamb
interrompue	interrompre
administratif	administratif
these	these
myka	myka
snack	snack
plongeurs	plongeur
arrogante	arrogant
installez	installer
intrigué	intriguer
rappelais	rappeler
piquant	piquant
dickens	dickens
gâter	gâter
apprenais	apprendre
mirage	mirage
crade	crade
dérivé	dériver
ressentez-vous	ressentez-vous
shorts	short
paysanne	paysan
confidentielles	confidentiel
fauteuils	fauteuil
conservatoire	conservatoire
pénurie	pénurie
dégoté	dégoter
expresso	expresso
libéral	libéral
osais	oser
boomer	boomer
roules	rouler
levons	lever
édifice	édifice
matez	mater
démontre	démontrer
bloquées	bloquer
paysages	paysage
c-4	c-4
kowalski	kowalski
pâtisseries	pâtisserie
tiny	tiny
lexington	lexington
fourre	fourre
completement	completement
amaar	amaar
revus	revoir
télévisé	télévisé
rimes	rime
aumônier	aumônier
organisateur	organisateur
achetant	acheter
kings	kings
indistinctes	indistinct
étes	étes
désarmer	désarmer
respectée	respecter
law	law
adalind	adalind
suv	suv
chapitres	chapitrer
avancés	avancer
frustrée	frustrer
fight	fight
terrance	terrance
manigancé	manigancer
colliers	collier
joui	jouir
paparazzi	paparazzi
tumeurs	tumeur
braqueurs	braqueur
énervés	énerver
crown	crown
opérée	opérer
visibilité	visibilité
infections	infection
dévié	dévier
sautant	sauter
emballée	emballer
guthrie	guthrie
babylone	babylone
ration	ration
administrer	administrer
accomplissement	accomplissement
delenn	delenn
adéquat	adéquat
neutralisé	neutraliser
curt	curt
discutent	discuter
caractéristique	caractéristique
votent	voter
bise	biser
benoît	benoît
orchidée	orchidée
tania	tania
imprime	imprimer
locomotive	locomotive
opportun	opportun
conquêtes	conquête
aborde	aborder
honteuse	honteux
christa	christa
ramer	ramer
pinky	pinky
indulgence	indulgence
solennellement	solennellement
gate	gate
couvertes	couvert
bancs	banc
brouille	brouille
sauvez-moi	sauvez-moi
windsor	windsor
prem	prem
condescendant	condescendant
rompt	rompre
côté-là	côté-là
raina	rainer
restées	rester
désole	désoler
coréenne	coréen
chenille	chenille
valentina	valentina
markham	markham
fourrures	fourrure
fidel	fidel
assoiffé	assoiffé
garde-les	garde-les
ambitieuse	ambitieux
pollen	pollen
chéquier	chéquier
dojo	dojo
nanny	nanny
piétiner	piétiner
blanca	blanca
glass	glass
accède	accéder
catastrophes	catastropher
model	model
boyaux	boyau
beyrouth	beyrouth
grossit	grossir
opérationnelle	opérationnel
déciderai	décider
positives	positif
ronger	ronger
arrière-plan	arrière-plan
blanchisserie	blanchisserie
stores	store
tin	tin
injustement	injustement
amendes	amender
digitale	digitale
logé	loger
supportait	supporter
purcell	purcell
fabriquez	fabriquer
bûche	bûche
lam	lam
considérablement	considérablement
tourments	tourment
acharné	acharné
krypton	krypton
candice	candice
parallèles	parallèle
orchidées	orchidée
députés	députer
moustaches	moustache
licencier	licencier
schultz	schultz
déserteur	déserteur
revenues	revenir
mules	mule
mandarin	mandarin
incarcéré	incarcérer
restaient	rester
vitales	vital
seras-tu	seras-tu
jette-le	jette-le
négliger	négliger
rab	rab
moses	moses
ensorcelé	ensorceler
antennes	antenne
kumar	kumar
anti	anti
immobiliers	immobilier
rolex	rolex
doreen	doreen
débutants	débutant
décombres	décombre
discréditer	discréditer
souviennes	souvenir
canton	canton
contactera	contacter
elder	elder
gynéco	gynéco
mi5	mi5
prestigieux	prestigieux
kali	kali
demandes-tu	demandes-tu
charte	charte
poussant	pousser
représentes	représenter
enchante	enchanter
établis	établir
asperger	asperger
professionnellement	professionnellement
hauser	hauser
pulitzer	pulitzer
larves	larve
manoeuvres	manoeuvre
balèze	balèze
mentales	mental
niagara	niagara
jurons	juron
provoquée	provoquer
costello	costello
cowboys	cowboys
should	should
starsky	starsky
assassine	assassiner
vauriens	vaurien
condamnations	condamnation
tourte	tourte
forrester	forrester
lectures	lecture
réunissent	réunir
docile	docile
évadés	évader
engueule	engueuler
pj	pj
surveille-le	surveille-le
gardiez	garder
accrochez	accrocher
vendons	vendre
quinzaine	quinzaine
st-valentin	st-valentin
révérence	révérence
créateurs	créateur
popotin	popotin
musulmane	musulman
escadrille	escadrille
larissa	larissa
respirait	respirer
dévalisé	dévaliser
corrompue	corrompu
eureka	eureka
toxicologique	toxicologique
téton	téton
carpenter	carpenter
moisson	moisson
rambo	rambo
ouvrez-moi	ouvrez-moi
dis-je	dis-je
dharma	dharma
peureux	peureux
bessie	bessie
igs	igs
terrifie	terrifier
dosage	dosage
gouvernail	gouvernail
neelix	neelix
sauverai	sauver
flasque	flasque
mein	mein
risquerais	risquer
burgess	burgess
surnomme	surnommer
retombées	retombée
retirent	retirer
enquêtait	enquêter
tapettes	tapette
requise	requérir
sororité	sororité
silva	silva
henrik	henrik
impolie	impoli
maudites	maudit
éclaboussures	éclaboussure
intubation	intubation
observait	observer
piliers	pilier
mouillées	mouiller
demandaient	demander
another	another
crim	crim
hero	hero
relaxant	relaxer
déchirure	déchirure
redonne	redonner
radiologie	radiologie
rapprochée	rapprocher
surgir	surgir
postal	postal
recommencerai	recommencer
carapace	carapace
refroidi	refroidir
talisman	talisman
battle	battle
vivrait	vivre
eminence	eminence
food	food
hélice	hélice
limitées	limiter
dolan	dolan
living	living
épousera	épouser
bénite	bénit
8ème	8ème
occupant	occupant
ecrit	ecrit
claus	claus
occupons	occuper
greendale	greendale
explorateur	explorateur
pif	pif
avertie	avertir
planétaire	planétaire
uh-oh	uh-oh
finley	finley
transferts	transfert
latitude	latitude
dépanneuse	dépanneuse
battante	battant
puante	puant
hôtesses	hôtesse
retirez-vous	retirez-vous
pieuvre	pieuvre
rattraperai	rattraper
existais	exister
synonyme	synonyme
tonalité	tonalité
épicier	épicier
safari	safari
vignoble	vignoble
apprit	apprendre
régaler	régaler
hallie	hallie
lancaster	lancaster
jouez-vous	jouez-vous
figé	figé
recu	recu
kangourou	kangourou
abs	abs
chakotay	chakotay
taquiner	taquiner
selina	selina
suiviez	suivre
armer	armer
serviront	servir
minutieux	minutieux
johnnie	johnnie
droïdes	droïdes
raffut	raffut
dubaï	dubaï
formellement	formellement
intentionnel	intentionnel
hewes	hewes
accordéon	accordéon
indes	inde
damnés	damner
selles	selle
patrouiller	patrouiller
épiler	épiler
stase	stase
berceuse	berceuse
johan	johan
viper	viper
égorger	égorger
complication	complication
psi	psi
bénévoles	bénévole
viseur	viseur
dempsey	dempsey
versailles	versailles
saturne	saturne
inscris	inscrire
clocher	clocher
patio	patio
contagieuse	contagieux
souvenue	souvenir
moira	moirer
partition	partition
défoncés	défoncer
célibat	célibat
resta	rester
pooja	pooja
primordial	primordial
tachycardie	tachycardie
écrivant	écrire
judd	judd
abner	abner
authenticité	authenticité
disposez	disposer
help	help
suspicion	suspicion
fumiers	fumier
bohannon	bohannon
sentinelle	sentinelle
sã	sã
endommager	endommager
kruger	kruger
déménages	déménager
dépanner	dépanner
halètement	halètement
vocales	vocal
chameaux	chameau
vapeurs	vapeur
fuji	fuji
j.r.	j.r.
doo	doo
battais	battre
muller	muller
ue	ue
surpasse	surpasser
coyotes	coyote
magnétiques	magnétique
meyers	meyers
dispensaire	dispensaire
ridiculisé	ridiculiser
agneaux	agneau
cubes	cube
insinuez-vous	insinuez-vous
fr	fr
inquiétante	inquiétant
ok.	ok.
poignarde	poignarder
dodgers	dodgers
dépouiller	dépouiller
viens-t'	viens-t'
farley	farley
associations	association
châteaux	château
insérer	insérer
insensée	insensé
designer	designer
débutante	débutante
essex	essex
tea	tea
tendez	tendre
retravailler	retravailler
assomme	assommer
cecilia	cecilia
veilleuse	veilleur
précipitation	précipitation
méthane	méthane
basketball	basketball
décorateur	décorateur
teuf	teuf
succombé	succomber
intersect	intersect
21e	21e
éther	éther
nakamura	nakamura
rira	rire
hutte	hutte
xiao	xiao
capitaliste	capitaliste
débarrassés	débarrasser
maudis	maudire
alistair	alistair
expiration	expiration
rhode	rhode
lip	lip
logistique	logistique
contactés	contacter
extincteur	extincteur
mêle-toi	mêle-toi
jetées	jeter
march	march
ritz	ritz
move	move
subis	subir
ouvrière	ouvrière
vengeur	vengeur
schwartz	schwartz
falaises	falaise
corrige	corriger
couchette	couchette
accordez	accorder
perce	perce
cesar	cesar
lutz	lutz
frannie	frannie
mccain	mccain
injecte	injecter
teyla	teyla
dissoudre	dissoudre
myrtle	myrtle
tobin	tobin
gênait	gêner
pilar	pilar
league	league
descendait	descendre
regardés	regarder
empêchée	empêcher
gateau	gateau
bouscule	bousculer
kylie	kylie
aa	aa
cocon	cocon
fréquentations	fréquentation
rappeur	rappeur
salami	salami
z'	z'
23h	23h
capteur	capteur
tuais	tuer
transmettez	transmettre
balthazar	balthazar
laird	laird
strip-teaseuses	strip-teaseuse
ploucs	plouc
renier	renier
dispo	dispo
miraculeux	miraculeux
airlines	airlines
calèche	calèche
connaisses	connaître
mccann	mccann
cambrioleurs	cambrioleur
seaux	seau
verbe	verbe
avant-poste	avant-poste
tram	tram
adorez	adorer
étudiais	étudier
retarde	retarder
rapprochement	rapprochement
prunes	prune
subventions	subvention
aimants	aimant
dane	dane
jettera	jeter
rigolent	rigoler
péage	péage
appli	appli
savoir-faire	savoir-faire
rani	rani
poigne	poigne
compression	compression
arrosage	arrosage
sanguinaire	sanguinaire
cannibales	cannibale
corrects	correct
osent	oser
manchot	manchot
sauvées	sauver
amish	amish
ludwig	ludwig
korra	korra
déodorant	déodorant
fêlé	fêlé
academy	academy
épouserais	épouser
mordent	mordre
hauteurs	hauteur
garrity	garrity
bousille	bousiller
satin	satin
speedy	speedy
imprévisibles	imprévisible
crocodiles	crocodile
impliquées	impliquer
arsenic	arsenic
lézards	lézard
chanterai	chanter
stagiaires	stagiaire
formules	formule
coincidence	coincidence
daria	daria
fument	fumer
soho	soho
adressée	adresser
saintes	saint
formelle	formel
socrate	socrate
risquons	risquer
sortirons	sortir
icitte	icitte
pèlerinage	pèlerinage
tocard	tocard
enchaîne	enchaîner
merlyn	merlyn
coquillages	coquillage
celeste	celeste
évidentes	évident
doutait	douter
rachète	racheter
banjo	banjo
affrontement	affrontement
réveillent	réveiller
concombre	concombre
goldberg	goldberg
bipe	biper
affirment	affirmer
rénale	rénal
pearce	pearce
peinte	peindre
roulent	rouler
karim	karim
ashton	ashton
raconte-nous	raconte-nous
tomberont	tomber
payons	payer
scrabble	scrabble
aplomb	aplomb
janis	janis
balayé	balayer
informateurs	informateur
18e	18e
bouleverser	bouleverser
posant	poser
pareillement	pareillement
sophistiquée	sophistiquer
scélérat	scélérat
pondre	pondre
réunie	réunir
disputée	disputer
chargerai	charger
postuler	postuler
loomis	loomis
dottie	dottie
vêtue	vêtir
affreuses	affreux
réintégrer	réintégrer
ruthie	ruthie
graver	graver
bly	bly
glander	glander
kenzi	kenzi
dépressif	dépressif
gâte	gâter
mam	mam
vintage	vintage
beige	beige
guidera	guider
lima	limer
lancés	lancé
macabre	macabre
forgé	forgé
intacts	intact
ltalie	ltalie
rallier	rallier
jean-luc	jean-luc
ojai	ojai
affectés	affecter
partagera	partager
martinis	martini
nirvana	nirvana
servais	servir
left	left
clebs	clebs
subvenir	subvenir
attrapera	attraper
flack	flack
rongé	ronger
co2	co2
filon	filon
détermine	déterminer
mansfield	mansfield
enregistrées	enregistrer
bride	bride
modifie	modifier
tandy	tandy
épingler	épingler
pesait	peser
name	name
hana	hana
annalise	annalise
effrayants	effrayant
exploite	exploiter
millénaires	millénaire
fiancer	fiancer
albany	albany
ness	ness
souhaite-moi	souhaite-moi
casseroles	casserole
ateliers	atelier
socialement	socialement
chuchote	chuchoter
speech	speech
nigaud	nigaud
crusher	crusher
primitive	primitif
éveille	éveiller
gregor	gregor
arrêtez-la	arrêtez-la
bousculé	bousculer
seong	seong
ryu	ryu
méme	méme
camden	camden
british	british
hendricks	hendricks
borgs	borgs
combattez	combattre
abdominale	abdominal
débarques	débarquer
imprimerie	imprimerie
zhaan	zhaan
joséphine	joséphine
saignez	saigner
progressivement	progressivement
sulu	sulu
attila	attila
angoisses	angoisser
ovules	ovule
alpes	alpes
soon	soon
assied-toi	assied-toi
replie	replier
repartis	repartir
familiers	familier
achetais	acheter
malaria	malaria
magnat	magnat
flores	flore
remercies	remercier
épinière	épinière
déjeuners	déjeuner
fitzpatrick	fitzpatrick
retrouvez-moi	retrouvez-moi
clooney	clooney
tourment	tourment
icône	icône
carlisle	carlisle
pardonnée	pardonner
darhk	darhk
traversait	traverser
coulent	couler
croustillant	croustillant
bartlett	bartlett
ren	ren
considères	considérer
transmettrai	transmettre
ôtez	ôter
indics	indic
flatte	flatter
krista	krista
croisent	croiser
om	om
dévier	dévier
hospitalisé	hospitaliser
shoot	shoot
goa	goa
laitue	laitue
intellectuels	intellectuel
brand	brand
adama	adama
valets	valet
redoute	redoute
incorrect	incorrect
sanction	sanction
décontracté	décontracté
vérifierai	vérifier
lieutenants	lieutenant
âneries	ânerie
accueillant	accueillant
légions	légion
trick	trick
fusionner	fusionner
déborder	déborder
bannir	bannir
homards	homard
audacieuse	audacieux
implacable	implacable
alligators	alligator
tigresse	tigresse
s48chffffff	s48chffffff
silicone	silicone
découvrirai	découvrir
ce2	ce2
éteints	éteint
rencontrera	rencontrer
semelles	semelle
bouillante	bouillant
narines	narine
milligrammes	milligramme
killian	killian
improvisé	improviser
pharmaceutiques	pharmaceutique
furtif	furtif
keiko	keiko
islamique	islamique
prévoyez	prévoir
révélateur	révélateur
tracas	tracas
comportent	comporter
béquilles	béquille
monture	monture
pourchassé	pourchasser
paniquez	paniquer
souillé	souiller
jaffas	jaffer
imaginait	imaginer
cove	cove
deviendrez	devenir
taro	taro
contrôlait	contrôler
développée	développée
duran	duran
libéraux	libéral
awards	awards
instagram	instagram
abcès	abcès
ordonnances	ordonnance
dégénère	dégénérer
fumant	fumant
è	è
agissons	agir
singulier	singulier
prouvant	prouver
prescott	prescott
aboutir	aboutir
20ème	20ème
hypertension	hypertension
a6	a6
modification	modification
païens	païen
laisses-moi	laisses-moi
hakeem	hakeem
extra-terrestres	extra-terrestre
virent	voir
merdiques	merdique
turbulences	turbulence
cessera	cesser
trump	trump
emballez	emballer
biensur	biensur
vinny	vinny
refusera	refuser
occupants	occupant
nuances	nuance
emmet	emmet
roch	roch
millionnaires	millionnaire
fièrement	fièrement
insinuer	insinuer
hypothermie	hypothermie
notoire	notoire
cy	cy
tee	tee
enlèvera	enlever
poivrot	poivrot
forest	forest
hap	hap
ouille	ouille
wilkins	wilkins
offenses	offense
chevrolet	chevrolet
raquette	raquette
saignait	saigner
serbe	serbe
appâts	appât
hâtives	hâtif
act	act
comprenez-moi	comprenez-moi
potentielles	potentiel
contrepartie	contrepartie
borgne	borgne
préviendrai	prévenir
lockwood	lockwood
donne-la	donne-la
scores	score
filtres	filtre
nabot	nabot
dion	dion
bartowski	bartowski
birgitte	birgitte
stéphane	stéphane
corse	corse
marécage	marécage
insolente	insolent
truffes	truffe
knicks	knicks
diaboliques	diabolique
barbant	barbant
lambda	lambda
prune	prune
beautiful	beautiful
racontez-nous	racontez-nous
polices	police
tondre	tondre
spécimens	spécimen
prêcher	prêcher
ennuyait	ennuyer
keating	keating
rappelles-tu	rappelles-tu
tru	tru
lai	lai
sayid	sayid
taggart	taggart
vapes	vape
invitent	inviter
dégaine	dégaine
défenseurs	défenseur
bols	bol
terminera	terminer
gaule	gaule
cupcake	cupcake
bûcheron	bûcheron
sornettes	sornette
embarquez	embarquer
délicates	délicat
canari	canari
éventail	éventail
scooby	scooby
appelle-les	appelle-les
ressource	ressource
rohit	rohit
entrejambe	entrejambe
poussés	pousser
annabeth	annabeth
reliques	relique
attendras	attendre
sutter	sutter
continuellement	continuellement
pierrot	pierrot
déconnez	déconner
madden	madden
lenore	lenore
oublierez	oublier
magot	magot
malchanceux	malchanceux
chae	chae
deteste	deteste
radis	radis
desolé	desolé
supervise	superviser
bienveillant	bienveillant
13e	13e
alden	alden
acquise	acquis
johanna	johanna
haletant	haletant
atlas	atlas
dissiper	dissiper
héritiers	héritier
delinda	delinda
obéissent	obéir
amusais	amuser
provenza	provenza
mythes	mythe
raccompagnée	raccompagner
staten	staten
heck	heck
jasmin	jasmin
kingston	kingston
madge	madge
moody	moody
clairière	clairière
féroces	féroce
planques	planque
penseras	penser
tiendrez	tenir
propreté	propreté
est-ce-qu'	est-ce-qu'
halo	halo
particulières	particulier
saignements	saignement
existe-t-il	existe-t-il
piercing	piercing
enflammer	enflammer
tad	tad
toki	toki
amas	amas
bashir	bashir
couramment	couramment
amadouer	amadouer
vérifient	vérifier
croiriez	croire
carmela	carmela
crowe	crowe
gares	gares
tricot	tricot
brochures	brochure
barbelés	barbelé
gronder	gronder
inventes	inventer
comics	comics
blessez	blesser
empoisonne	empoisonner
friend	friend
inexplicable	inexplicable
connaissions	connaître
devenaient	devenir
châle	châle
chevelure	chevelure
détachées	détacher
maguire	maguire
traqueur	traqueur
karine	karine
hurlent	hurler
mets-y	mets-y
inadmissible	inadmissible
éminent	éminent
dépassez	dépasser
penderie	penderie
antonia	antonia
répondit	répondre
causera	causer
idéaliste	idéaliste
magnétoscope	magnétoscope
lycéen	lycéen
coupera	couper
espériez	espérer
êtiez	êtiez
récits	récit
désirait	désirer
passeur	passeur
trébucher	trébucher
asia	asia
toto	toto
moray	moray
décris	décrire
rangées	rangée
perceuse	perceuse
aggravé	aggraver
vasculaire	vasculaire
'cause	'cause
cobayes	cobaye
davidson	davidson
dentier	dentier
dépistage	dépistage
moriarty	moriarty
tibia	tibia
libido	libido
ballerine	ballerine
ku	ku
débranché	débrancher
irwin	irwin
autorisations	autorisation
lecter	lecter
amnistie	amnistie
scorpius	scorpius
faiseur	faiseur
kern	kern
séparez-vous	séparez-vous
offensée	offensé
transférés	transférer
ste	ste
ro	ro
braddock	braddock
donateurs	donateur
u-sub.net	u-sub.net
endommagés	endommager
bean	bean
horse	horse
phobie	phobie
interviewé	interviewé
anakin	anakin
ramène-la	ramène-la
emmènerais	emmener
vérifications	vérification
romuliens	romuliens
glory	glory
main-d'	main-d'
mazel	mazel
healy	healy
insurgés	insurger
souciait	soucier
dix-neuf	dix-neuf
ravagé	ravager
questionnaire	questionnaire
couplet	couplet
plaidoirie	plaidoirie
mio	mio
plaquée	plaquer
manif	manif
hélium	hélium
macaronis	macaroni
pond	pondre
funky	funky
servaient	servir
calleigh	calleigh
rattrapera	rattraper
enflammé	enflammé
criais	crier
garland	garland
convenablement	convenablement
storm	storm
adrien	adrien
abouti	abouti
approprier	approprier
mystérieusement	mystérieusement
versement	versement
venions	venir
cummings	cummings
clandestine	clandestin
thermomètre	thermomètre
stipule	stipule
joignez	joindre
centrales	central
bedford	bedford
sembliez	sembler
décrochez	décrocher
rendiez	rendre
risquée	risquer
fracassé	fracasser
entraineur	entraineur
colton	colton
égyptiens	égyptien
enchaîner	enchaîner
mêlés	mêler
frédéric	frédéric
marchaient	marcher
nuptiale	nuptial
entuber	entuber
cade	cade
s.o.s.	s.o.s.
surpassé	surpasser
contaminer	contaminer
weller	weller
titane	titane
paraissez	paraître
suivaient	suivre
lutins	lutin
extermination	extermination
compétente	compétent
diaphragme	diaphragme
préférer	préférer
odieuse	odieux
retours	retour
tia	tia
désastreux	désastreux
illumine	illuminer
décidez-vous	décidez-vous
yvette	yvette
humblement	humblement
jeb	jeb
inflammation	inflammation
pépites	pépite
tempo	tempo
esposito	esposito
sensass	sensass
vidée	vider
johann	johann
recevras	recevoir
chantera	chanter
remplissent	remplir
contribuables	contribuable
stevenson	stevenson
picole	picoler
grammaire	grammaire
chauffé	chauffer
bronzer	bronzer
prévus	prévoir
opérationnels	opérationnel
commencerais	commencer
scans	scans
mesuré	mesurer
irréel	irréel
kemp	kemp
vern	vern
gagnerais	gagner
kamikaze	kamikaze
sous-titre	sous-titre
gramme	gramme
amputer	amputer
antiques	antique
quagmire	quagmire
directive	directive
inquiétée	inquiéter
imbattable	imbattable
clapet	clapet
pénibles	pénible
assassinats	assassinat
brisera	briser
abîmée	abîmer
hitchcock	hitchcock
continueront	continuer
vengerai	venger
abrite	abriter
tok'	tok'
cleo	cleo
épi	épi
sabot	sabot
macy	macy
répondant	répondant
roller	roller
tracts	tract
kendrick	kendrick
pathétiques	pathétique
chroniques	chronique
footballeur	footballeur
sahib	sahib
jean-paul	jean-paul
corporel	corporel
revendications	revendication
dépends	dépendre
elmo	elmo
maillon	maillon
laissaient	laisser
amazone	amazone
élèvent	élever
incite	inciter
faune	faune
shalom	shalom
écorce	écorce
georgina	georgina
rade	rade
nectar	nectar
effronté	effronté
amenez-la	amenez-la
rosewood	rosewood
rider	rider
duval	duval
contondant	contondant
refusant	refuser
rencontriez	rencontrer
slow	slow
tchèque	tchèque
égarée	égarer
snyder	snyder
figurines	figurine
ermite	ermite
chaotique	chaotique
elisa	elisa
mais-	mais-
veston	veston
monologue	monologue
rachat	rachat
horoscope	horoscope
warrick	warrick
historien	historien
poséidon	poséidon
coincées	coincer
kato	kato
moules	moule
moniteurs	moniteur
emery	emery
vigilance	vigilance
résistez	résister
féminines	féminin
usure	usure
lucinda	lucinda
informez	informer
exclut	exclure
griff	griff
monts	mont
control	control
emparé	emparer
massacres	massacre
franks	franks
anticorps	anticorps
dérobé	dérobé
manifesté	manifester
inspecté	inspecter
absurdités	absurdité
échapperas	échapper
pointez	pointer
14e	14e
dérober	dérober
orages	orage
standing	standing
inspirant	inspirant
interventions	intervention
restons-en	restons-en
surveillés	surveiller
ibrahim	ibrahim
bucky	bucky
mime	mime
smitty	smitty
hadji	hadji
mendiants	mendiant
jaffa	jaffer
lycéenne	lycéen
contradiction	contradiction
détenues	détenu
inversée	inverser
gluten	gluten
réplicateurs	réplicateurs
preneur	preneur
try	try
prête-moi	prête-moi
inquisition	inquisition
perdante	perdant
sanctions	sanction
borne	borne
hydraulique	hydraulique
assurera	assurer
hypothétique	hypothétique
cryptage	cryptage
concentres	concentrer
mcgill	mcgill
crique	crique
mother	mother
pseudonyme	pseudonyme
brioche	brioche
souhaiterait	souhaiter
demi-journée	demi-journée
chuchoter	chuchoter
aya	aya
fermons	fermer
entendaient	entendre
nettoyant	nettoyant
nourrie	nourrir
dialyse	dialyse
t-on	t-on
culinaire	culinaire
régal	régal
incarnation	incarnation
déclic	déclic
prévention	prévention
rudement	rudement
créations	création
sí	sí
exécutions	exécution
pavel	pavel
eppes	eppes
jocelyn	jocelyn
excalibur	excalibur
lazare	lazare
maigrichon	maigrichon
utiliserais	utiliser
amplement	amplement
border	border
arrangez	arranger
conservateurs	conservateur
intrigues	intriguer
sécession	sécession
huey	huey
remarquables	remarquable
tiens-la	tiens-la
observatoire	observatoire
mar	mar
ruinés	ruiner
gober	gober
racontant	raconter
manu	manu
béka	béka
nouvelle-zélande	nouvelle-zélande
nicholson	nicholson
calmos	calmos
verticale	verticale
uriner	uriner
charmer	charmer
hardison	hardison
borden	borden
trainé	trainé
tsunami	tsunami
arrangée	arrangée
ève	ève
estropié	estropié
crasseux	crasseux
kimura	kimura
rejoignez-moi	rejoignez-moi
capitaux	capital
macdonald	macdonald
publiée	publier
pétrolière	pétrolier
raconteras	raconter
porterais	porter
bienveillance	bienveillance
feinte	feinte
éloges	éloge
glande	glande
peabody	peabody
batard	batard
zèbre	zèbre
imaginent	imaginer
secousse	secousse
chaz	chaz
ipad	ipad
jumper	jumper
entretient	entretenir
déstabiliser	déstabiliser
redeviendra	redevenir
odessa	odessa
bristol	bristol
pourvoir	pourvoir
contentes	content
rémission	rémission
combattons	combattre
prêtez	prêter
triches	triche
giuseppe	giuseppe
blindés	blinder
clary	clary
cannibale	cannibale
alfonso	alfonso
attrapez-la	attrapez-la
sels	sel
rêvée	rêver
toupet	toupet
gui	gui
mystérieuses	mystérieux
hartley	hartley
fisk	fisk
sus	sus
évaluations	évaluation
allumés	allumer
entraînent	entraîner
clarice	clarice
sinbad	sinbad
chick	chick
mcgarrett	mcgarrett
placées	placer
flag	flag
volaille	volaille
glaçon	glaçon
boogie	boogie
avant-garde	avant-garde
arrangent	arranger
tyrone	tyrone
bipolaire	bipolaire
corset	corset
embauchée	embaucher
basil	basil
équivaut	équivaloir
nami	nami
rave	rave
patiner	patiner
infractions	infraction
déniché	dénicher
illimité	illimité
vices	vice
adopte	adopter
battes	battre
davina	davina
profils	profil
mouth	mouth
patel	patel
savoureux	savoureux
émeraude	émeraude
veillera	veiller
comédiens	comédien
offrira	offrir
chandail	chandail
inconcevable	inconcevable
sans-abris	sans-abris
apparitions	apparition
anéantis	anéantir
envolent	envoler
guimauve	guimauve
baptiser	baptiser
calcutta	calcutta
émotive	émotif
résonne	résonner
halliwell	halliwell
dévaliser	dévaliser
rowan	rowan
reconstruit	reconstruire
occupations	occupation
motors	motors
anglaises	anglais
grappin	grappin
violons	violon
there'	there'
jurez-vous	jurez-vous
voilier	voilier
finales	final
envoyez-le	envoyez-le
projections	projection
matilda	matilda
merder	merder
gynécologue	gynécologue
affirmation	affirmation
confisquer	confisquer
attaqueront	attaquer
bénéficiaire	bénéficiaire
hammer	hammer
kaiser	kaiser
externes	externe
blackie	blackie
attentive	attentif
déchargé	décharger
frôlé	frôler
vises	viser
aujourd'	aujourd'
avare	avare
réveillant	réveiller
modifiée	modifier
contusion	contusion
liquides	liquide
aloha	aloha
fabriqués	fabriquer
booster	booster
niko	niko
topher	topher
narcisse	narcisse
incendiaire	incendiaire
mendez	mendez
olympe	olympe
pronostic	pronostic
morve	morve
gênerait	gêner
libérera	libérer
messagers	messager
monstrueuse	monstrueux
métabolisme	métabolisme
fuyait	fuir
accorde-moi	accorde-moi
jessi	jessi
patin	patin
déguerpir	déguerpir
mathias	mathias
kiev	kiev
hawthorne	hawthorne
gratifiant	gratifiant
écoeurant	écoeurant
marcello	marcello
daim	daim
bobbi	bobbi
téléchargement	téléchargement
autonomie	autonomie
livret	livret
simule	simuler
mets-lui	mets-lui
joaquin	joaquin
feldman	feldman
joueras	jouer
alléger	alléger
sors-tu	sors-tu
royaume-uni	royaume-uni
protections	protection
parlons-nous	parlons-nous
grillage	grillage
because	because
shop	shop
veto	veto
obtenons	obtenir
aléatoires	aléatoire
méditerranée	méditerranée
indistinct	indistinct
cheri	cheri
échappera	échapper
scientifiquement	scientifiquement
notre-dame	notre-dame
truth	truth
burn	burn
scénaristes	scénariste
aimions	aimer
survivante	survivant
sessions	session
coulant	coulant
adolescentes	adolescent
havre	havre
corn	corn
steiner	steiner
browning	browning
persuasion	persuasion
jimi	jimi
infligé	infliger
tonneaux	tonneau
boudin	boudin
noyés	noyer
rencontrerai	rencontrer
implorer	implorer
barjo	barjo
adrianna	adrianna
tomberait	tomber
ensoleillé	ensoleillé
turque	turc
emblème	emblème
feindre	feindre
smithers	smithers
guilde	guilde
gazette	gazette
fourbe	fourbe
dam	dam
voiturier	voiturier
étirer	étirer
passe-t	passe-t
mélancolie	mélancolie
pins	pin
samu	samu
entamé	entamer
refera	refaire
sauvons	sauver
récif	récif
moby	moby
pupille	pupille
fours	four
lau	lau
irais-tu	irais-tu
dis-le-lui	dis-le-lui
poursuivra	poursuivre
townsend	townsend
confessions	confession
per	per
lightman	lightman
simplifier	simplifier
oreillette	oreillette
attrapés	attraper
choisirai	choisir
belfast	belfast
nine	nine
fissures	fissure
bretelles	bretelle
cirage	cirage
guillotine	guillotine
annoncent	annoncer
pillé	piller
tabarnac	tabarnac
extraits	extrait
liang	liang
bartlet	bartlet
broyer	broyer
illégitime	illégitime
herald	herald
kip	kip
constitué	constitué
sésame	sésame
classeur	classeur
cruche	cruche
moisi	moisir
athena	athena
paraisse	paraître
triade	triade
superhéros	superhéros
bristow	bristow
staff	staff
faraday	faraday
perruques	perruque
beaver	beaver
avérer	avérer
ad	ad
interrompez	interrompre
authentiques	authentique
mélanges	mélanger
amenant	amener
tue-les	tue-les
jeudis	jeudi
g'	g'
charisme	charisme
aisé	aisé
s.h.i.e.l.d.	s.h.i.e.l.d.
redemande	redemander
terminent	terminer
couronner	couronner
grappe	grappe
burnett	burnett
fondamentale	fondamental
métiers	métier
cup	cup
arrêtaient	arrêter
mortier	mortier
hémisphère	hémisphère
cyborg	cyborg
fumeurs	fumeur
ellison	ellison
bannis	bannir
dissertation	dissertation
examinée	examiner
fiché	ficher
rocket	rocket
horloges	horloge
manuelle	manuelle
volvo	volvo
door	door
chéries	chéri
parez	parer
scandales	scandale
shine	shine
remettons	remettre
autorisées	autoriser
filent	filer
gustave	gustave
bouilloire	bouilloire
mitraillette	mitraillette
classées	classer
pressez	presser
agissements	agissement
together	together
parlez-en	parlez-en
diplomates	diplomate
radicaux	radical
méritée	mériter
enorme	enorme
cuisson	cuisson
rendement	rendement
joyaux	joyau
sabbat	sabbat
nba	nba
affole	affoler
descendance	descendance
oi	oi
flirté	flirter
hai	hai
indécent	indécent
souvenait	souvenir
vendredis	vendredi
délicatement	délicatement
kimmie	kimmie
détestable	détestable
piscines	piscine
phoques	phoque
margaritas	margaritas
mourants	mourant
texture	texture
kévin	kévin
venons-en	venons-en
retenues	retenir
impressionnés	impressionner
tricia	tricia
robyn	robyn
visent	viser
audit	audit
vaine	vain
destinées	destiner
dioxyde	dioxyde
mann	mann
couperai	couper
déterminés	déterminer
offshore	offshore
élixir	élixir
clouer	clouer
maquis	maquis
grincement	grincement
î	î
désireux	désireux
gouvernemental	gouvernemental
pulls	pull
micky	micky
processeur	processeur
proctor	proctor
demanderas	demander
tabou	tabou
kiera	kiera
gouttière	gouttière
osti	osti
bosnie	bosnie
expéditeur	expéditeur
hands	hands
pédophiles	pédophile
bugs	bug
méritaient	mériter
devenons	devenir
maigrir	maigrir
inconvénients	inconvénient
chacal	chacal
sangsue	sangsue
heinrich	heinrich
installe-toi	installe-toi
érotiques	érotique
mèches	mèche
format	format
paillasson	paillasson
courbes	courbe
maquillé	maquiller
bals	bal
dispersés	disperser
éplucher	éplucher
chauffard	chauffard
déformé	déformer
octave	octave
gaza	gazer
persuasif	persuasif
poserai	poser
monaco	monaco
astronomie	astronomie
smile	smile
distante	distant
suspendus	suspendre
amiable	amiable
dalia	dalia
revint	revenir
tã	tã
écouler	écouler
crées	créer
fatiguez	fatiguer
quej'	quej'
china	chiner
1e	1e
mecque	mecque
nicotine	nicotine
diablo	diablo
impénétrable	impénétrable
tendus	tendre
précédant	précéder
harrington	harrington
engueulé	engueuler
suppliée	supplier
ser	ser
méfaits	méfait
organisez	organiser
gallo	gallo
nessa	nessa
saoudite	saoudite
réanimer	réanimer
utilisateurs	utilisateur
vulnérabilité	vulnérabilité
parviens	parvenir
mets-en	mets-en
tombais	tomber
orgasmes	orgasme
hoquet	hoquet
patriotique	patriotique
attires	attirer
security	security
fossiles	fossile
gracieux	gracieux
allais-tu	allais-tu
cernés	cerner
collait	coller
gunn	gunn
requêtes	requête
sacrilège	sacrilège
latinos	latino
restriction	restriction
traîtresse	traître
bloquent	bloquer
diagnostique	diagnostique
dessinées	dessiner
flambeau	flambeau
austen	austen
accompagnera	accompagner
rejoins-nous	rejoins-nous
réclamation	réclamation
prient	prier
critiqué	critiquer
délibéré	délibéré
tousser	tousser
injoignable	injoignable
retournait	retourner
redevient	redevenir
divinité	divinité
morgane	morganer
pasadena	pasadena
notice	notice
contrôlons	contrôler
déca	déca
19e	19e
sarcasmes	sarcasme
cousue	cousu
péniche	péniche
épilepsie	épilepsie
jagger	jagger
chargées	charger
caprica	caprica
appellez	appellez
canettes	canette
exploité	exploité
pourparlers	pourparler
cardiologue	cardiologue
rédactrice	rédacteur
comiques	comique
humbles	humble
monterai	monter
pacotille	pacotille
pathologie	pathologie
wô	wô
ânes	âne
psychiatres	psychiatre
rudolph	rudolph
fourgonnette	fourgonnette
protéine	protéine
croissants	croissant
perverse	pervers
portefeuilles	portefeuille
transparence	transparence
rôtir	rôtir
départs	départ
toussaint	toussaint
problématique	problématique
grandisse	grandir
oyez	ouïr
instantané	instantané
jacky	jacky
mentirait	mentir
egan	egan
tournons	tourner
watch	watch
pavé	paver
dépêches	dépêche
accompagnait	accompagner
olaf	olaf
vomissements	vomissement
blondie	blondir
hari	hari
revoyons	revoir
fonde	fondre
chevaucher	chevaucher
alimente	alimenter
saines	sain
universitaires	universitaire
éducatif	éducatif
attachées	attacher
beecher	beecher
recruteur	recruteur
décompresser	décompresser
jugements	jugement
vieillissant	vieillissant
dupont	dupont
ecrire	ecrire
retordre	retordre
carnets	carnet
fixement	fixement
continents	continent
voight	voight
manquants	manquant
collecteur	collecteur
kar	kar
discuterons	discuter
répugnante	répugnant
palourdes	palourde
serbes	serbe
léché	lécher
artifices	artifice
psys	psy
opératrice	opérateur
arcade	arcade
ferris	ferris
équations	équation
mitrailleuses	mitrailleuse
fury	fury
incarcération	incarcération
réalisés	réaliser
dissimulation	dissimulation
viennent-ils	viennent-ils
cdt	cdt
laves	lave
médiateur	médiateur
celui-la	celui-la
écologique	écologique
moreau	moreau
sims	sims
tangible	tangible
interphone	interphone
calé	calé
touch	touch
frobisher	frobisher
autodéfense	autodéfense
oak	oak
marlo	marlo
beale	beale
intellos	intellectuel
xanax	xanax
ecouter	ecouter
maki	maki
saline	saline
orateur	orateur
cop	cop
cie	cie
insinue	insinuer
défendeur	défendeur
barmaid	barmaid
agenouiller	agenouiller
accompagnent	accompagner
capturée	capturer
trans	trans
hisse	hisser
cm1	cm1
lacérations	lacération
indigestion	indigestion
sergent-chef	sergent-chef
melbourne	melbourne
jouerais	jouer
retournerais	retourner
sand	sand
tvs	tvs
trance	trance
faction	faction
thorpe	thorpe
stimulation	stimulation
ch11ebeb	ch11ebeb
hyung	hyung
billings	billings
casse-pieds	casse-pieds
intrigante	intrigant
cygnes	cygne
glacés	glacer
non-lieu	non-lieu
bâtie	bâtir
riverside	riverside
appellerons	appeler
buffle	buffle
croisez	croiser
gracieuse	gracieux
insubordination	insubordination
oculaires	oculaire
brice	brice
méticuleux	méticuleux
pose-moi	pose-moi
sonores	sonore
mamelons	mamelon
corridor	corridor
bedroom	bedroom
racontera	raconter
tragédies	tragédie
anime	anime
regorge	regorger
pelote	pelote
acceptant	acceptant
disgrâce	disgrâce
mixeur	mixeur
brûles	brûler
publicitaires	publicitaire
présomptueux	présomptueux
récite	réciter
stabilisé	stabiliser
valeureux	valeureux
calamar	calamar
figurez-vous	figurez-vous
réfléchissant	réfléchissant
sampson	sampson
rentrerait	rentrer
arrachés	arracher
sinus	sinus
partions	partir
vivez-vous	vivez-vous
irréfutable	irréfutable
monopole	monopole
monarchie	monarchie
mécaniques	mécanique
tramway	tramway
surveillerai	surveiller
délirer	délirer
damnation	damnation
paumée	paumer
kellerman	kellerman
coloré	coloré
marqueurs	marqueur
vraisemblablement	vraisemblablement
ignoraient	ignorer
perforé	perforer
pincé	pincer
privilégié	privilégier
cadets	cadet
certifié	certifier
oméga	oméga
germain	germain
mariez	marier
goodwin	goodwin
impuissante	impuissant
wiley	wiley
dinner	dinner
réflexions	réflexion
polonaise	polonais
suis-le	suis-le
synagogue	synagogue
évitant	éviter
innocenter	innocenter
rectifier	rectifier
alcoolo	alcoolo
démanteler	démanteler
perpète	perpète
mace	mace
crow	crow
encadrer	encadrer
rentrées	rentrer
regrettera	regretter
résistent	résister
convoque	convoquer
ignorée	ignorer
entrepris	entreprendre
contracté	contracté
opposants	opposant
apparaîtra	apparaître
hypothétiquement	hypothétiquement
éveil	éveil
prodigue	prodigue
anémie	anémie
rendit	rendre
lei	leu
bosco	bosco
emmenons	emmener
tracey	tracey
moisir	moisir
dépassés	dépasser
epstein	epstein
mtv	mtv
commencée	commencer
apollon	apollon
dirigeable	dirigeable
fashion	fashion
pourrez-vous	pourrez-vous
récupérerai	récupérer
c.v.	c.v.
minimiser	minimiser
sourdine	sourdine
post-it	post-it
passionnel	passionnel
écrira	écrire
passants	passant
blackjack	blackjack
casse-tête	casse-tête
incliner	incliner
inhalateur	inhalateur
jace	jace
jouis	jouir
métaphores	métaphore
katarina	katarina
matches	match
acoustique	acoustique
ecrivez	ecrivez
caesar	caesar
lé	lé
marian	marian
objective	objectif
burnes	burne
empêcherait	empêcher
archibald	archibald
reptiles	reptile
ahhh	ahhh
apophis	apophis
ortega	ortega
tâter	tâter
rousseur	rousseur
immunisé	immuniser
violettes	violette
quitteras	quitter
adjugé	adjugé
insignifiante	insignifiant
biper	biper
mardis	mardi
arrosé	arrosé
shen	shen
indiennes	indien
reparlé	reparler
orienter	orienter
médicalement	médicalement
ovnis	ovni
recommandée	recommander
semblera	sembler
statistiquement	statistiquement
scarabée	scarabée
adversité	adversité
courtisane	courtisane
incinéré	incinérer
rétablie	rétablir
bow	bow
matériau	matériau
approchée	approcher
attriste	attrister
mouette	mouette
junkies	junkie
imposant	imposant
embolie	embolie
wentworth	wentworth
joxer	joxer
pritchard	pritchard
payne	payne
incendié	incendié
braquages	braquage
vas-t'	vas-t'
indécis	indécis
uhh	uhh
babysitter	babysitter
comptiez	compter
tresses	tresse
gum	gum
lime	lime
vendrais	vendre
step	step
tranquillisant	tranquillisant
gerbe	gerbe
geeks	geeks
plaignait	plaindre
différend	différend
suivez-le	suivez-le
innocenté	innocenter
pandore	pandore
piquante	piquant
strong	strong
hair	hair
enflamme	enflammer
commérages	commérage
dada	dada
cols	col
paxton	paxton
furet	furet
leary	leary
rallye	rallye
frayeur	frayeur
unanime	unanime
navettes	navette
réductions	réduction
luce	luce
souffrira	souffrir
honorables	honorable
limpide	limpide
amabilité	amabilité
ambulancier	ambulancier
nope	nope
gérez	gérer
artisan	artisan
stack	stack
ka	ka
superstitions	superstition
complexité	complexité
regrettez	regretter
selena	selena
débrouillée	débrouiller
pouvait-il	pouvait-il
suzaku	suzaku
causées	causer
synthèse	synthèse
diminutif	diminutif
hospital	hospital
articulations	articulation
sparks	sparks
lucioles	luciole
décidés	décider
méningite	méningite
platon	platon
vigne	vigne
ma'	ma'
planification	planification
nénés	néné
garrot	garrot
contravention	contravention
opposant	opposant
estrade	estrade
pincée	pincée
block	block
spéculations	spéculation
habitez-vous	habitez-vous
espérances	espérance
alibis	alibi
promenades	promenade
nazie	nazi
faussaire	faussaire
éloignent	éloigner
monkey	monkey
strangulation	strangulation
terne	terne
ambassadrice	ambassadeur
regarderais	regarder
porridge	porridge
liban	liban
ourse	ourse
serein	serein
schiller	schiller
ki	ki
tiers-monde	tiers-monde
ogive	ogive
paon	paon
piquent	piquer
done	done
dirigera	diriger
détiennent	détenir
hattie	hattie
écouteront	écouter
filmes	filmer
remontera	remonter
parvenus	parvenir
bureaucratie	bureaucratie
investit	investir
industriels	industriel
adressez-vous	adressez-vous
doublement	doublement
approfondie	approfondir
acquitter	acquitter
aventurier	aventurier
mahoney	mahoney
navarro	navarro
proue	proue
sautait	sauter
créa	créer
réalisée	réaliser
roulée	roulée
exams	examen
sortez-vous	sortez-vous
incarné	incarné
déclarons	déclarer
reprendrai	reprendre
détiens	détenir
conventions	convention
grêle	grêle
média	média
kapinou	kapinou
even	even
secouru	secourir
perçois	percevoir
concluant	concluant
nuance	nuance
crowder	crowder
amante	amant
foret	foret
trouvez-la	trouvez-la
amène-la	amène-la
intéressera	intéresser
saisies	saisie
blocus	blocus
ale	ale
accepteront	accepter
éditeurs	éditeur
parles-en	parles-en
chaudron	chaudron
galons	galon
brownie	brownie
fielding	fielding
pèsent	peser
timbré	timbrer
soutiendrai	soutenir
infect	infect
obstiné	obstiné
avertissements	avertissement
archers	archer
virale	viral
compense	compenser
fulton	fulton
ménopause	ménopause
pinceaux	pinceau
usurier	usurier
détachez-moi	détachez-moi
battrons	battre
quichotte	quichotte
fumais	fumer
rapprochez-vous	rapprochez-vous
aidons	aider
whaou	whaou
consenti	consentir
compatissant	compatissant
amusons-nous	amusons-nous
satanés	sataner
saucisson	saucisson
consommateurs	consommateur
tau	tau
instruire	instruire
ripley	ripley
droitier	droitier
crissement	crissement
bicarbonate	bicarbonate
fronts	front
wait	wait
berman	berman
cartels	cartel
passionnante	passionnant
fusible	fusible
javi	javi
serviable	serviable
aérer	aérer
goldie	goldie
milieux	milieu
seinfeld	seinfeld
largage	largage
couvrait	couvrir
rene	rene
créatifs	créatif
duff	duff
catéchisme	catéchisme
strictes	strict
paperasserie	paperasserie
watkins	watkins
nettoies	nettoyer
poires	poire
permette	permettre
susceptibles	susceptible
intervenez	intervenir
entreprendre	entreprendre
lèche-cul	lèche-cul
casse-croûte	casse-croûte
mueller	mueller
incarne	incarner
zinc	zinc
égare	égarer
multitude	multitude
rends-le	rends-le
présentement	présentement
inoffensive	inoffensif
comédienne	comédien
bidule	bidule
pénélope	pénélope
mangeras	manger
conviendra	convenir
soufflez	souffler
chamboulé	chambouler
magnétophone	magnétophone
mã	mã
japonaises	japonais
étienne	étienne
jam	jam
verriez	voir
blanchard	blanchard
tirées	tirer
doudou	doudou
surveillais	surveiller
volet	volet
continuum	continuum
santo	santo
dominé	dominer
franchit	franchir
actualités	actualité
énergique	énergique
actionnaire	actionnaire
ahmad	ahmad
transmise	transmettre
attendrait	attendre
uther	uther
harpe	harpe
kravitz	kravitz
arlene	arlene
tricoter	tricoter
dînons	dîner
devants	devant
frisbee	frisbee
alliez-vous	alliez-vous
réglisse	réglisse
sancho	sancho
épris	épris
bourne	bourne
marées	marée
jodie	jodie
etiez	etiez
brevets	brevet
déchu	déchu
albanais	albanais
cibler	cibler
assurent	assurer
douteuse	douteux
hérite	hériter
friday	friday
honorés	honorer
pontage	pontage
traînais	traîner
jingle	jingle
lanie	lanie
habilité	habilité
kill	kill
calmée	calmer
schneider	schneider
discutions	discuter
ponction	ponction
droguait	droguer
chateau	chateau
royauté	royauté
benito	benito
tamise	tamiser
sandoval	sandoval
camisole	camisole
apprendront	apprendre
aquaman	aquaman
ajustement	ajustement
israélien	israélien
veilleur	veilleur
continuais	continuer
indicatif	indicatif
sonder	sonder
carlyle	carlyle
starr	starr
accrochage	accrochage
productif	productif
lave-toi	lave-toi
triage	triage
retrouverait	retrouver
eurent	avoir
sentinelles	sentinelle
hamac	hamac
ferait-elle	ferait-elle
own	own
stresser	stresser
cultive	cultiver
définis	définir
créez	créer
earp	earp
barnett	barnett
compresses	compresse
monuments	monument
everything	everything
manœuvres	manœuvres
savoure	savourer
traumatisant	traumatisant
prêche	prêcher
rizzoli	rizzoli
mouais	mouais
pures	pur
mixte	mixte
bouder	bouder
batiment	batiment
geordi	geordi
funeste	funeste
rabbit	rabbit
provenir	provenir
cafe	cafe
voulue	vouloir
xander	xander
vikram	vikram
skipper	skipper
capricieux	capricieux
accédé	accéder
dirigés	diriger
cône	cône
aveuglément	aveuglément
yamamoto	yamamoto
éphémère	éphémère
nucky	nucky
envisagez	envisager
caissière	caissier
séducteur	séducteur
unanimité	unanimité
montais	monter
paraîtra	paraître
bolivie	bolivie
fourrés	fourrer
redonné	redonner
configuration	configuration
investigations	investigation
mortuaire	mortuaire
encyclopédie	encyclopédie
demanderont	demander
heaven	heaven
magouilles	magouille
idéologie	idéologie
fondamental	fondamental
bouse	bouse
conduites	conduite
rouquine	rouquin
samba	samba
canots	canot
autoroutes	autoroute
enseignait	enseigner
manuela	manuela
administré	administré
choléra	choléra
kwon	kwon
castillo	castillo
souterraine	souterrain
tully	tully
achète-toi	achète-toi
contraste	contraste
emmanuel	emmanuel
originel	originel
rustre	rustre
blaguais	blaguer
varicelle	varicelle
empeste	empester
bojack	bojack
experience	experience
thunder	thunder
insatiable	insatiable
insurrection	insurrection
squash	squash
insultée	insulter
échauffer	échauffer
payera	payer
implanter	implanter
exactes	exact
21ème	21ème
gais	gai
vaniteux	vaniteux
désagréables	désagréable
électrochocs	électrochoc
fda	fda
motivée	motiver
exilé	exilé
elmer	elmer
béret	béret
attirait	attirer
bricolage	bricolage
ladies	ladies
putois	putois
bienfaits	bienfait
salué	saluer
muraille	muraille
raciale	racial
appliquent	appliquer
fermerai	fermer
contredit	contredit
peralta	peralta
suspectes	suspecter
terrifiés	terrifier
emportent	emporter
gouvernementale	gouvernemental
dindon	dindon
aldo	aldo
statique	statique
cbs	cbs
problemes	problemes
interrogés	interroger
restrictive	restrictif
rangement	rangement
manquerais	manquer
impacts	impact
alphabétique	alphabétique
et-	et-
yakuzas	yakuza
exécutée	exécuter
génère	générer
ruses	ruse
conjoint	conjoint
notoriété	notoriété
waldo	waldo
bombardier	bombardier
sais-je	sais-je
divertissant	divertissant
alyssa	alyssa
ennuyez	ennuyer
kobe	kobe
emportera	emporter
championnats	championnat
atropine	atropine
welles	welles
spontanément	spontanément
basées	baser
interrogent	interroger
diffusée	diffuser
caritative	caritatif
coca-cola	coca-cola
impuissants	impuissant
r2	r2
homophobe	homophobe
zeta	zeta
subvention	subvention
organiques	organique
entracte	entracte
tower	tower
fourche	fourche
raviolis	ravioli
morts-vivants	mort-vivant
photocopieuse	photocopieur
suédoise	suédois
actuelles	actuel
pegasus	pegasus
laurence	laurence
chardonnay	chardonnay
pillage	pillage
relatif	relatif
haie	haie
rochester	rochester
manolo	manolo
travaillerez	travailler
mourons	mourir
tranquillisants	tranquillisant
débrouillez	débrouiller
mauve	mauve
bondir	bondir
académique	académique
tr	tr
ovaires	ovaire
rougis	rougir
priais	prier
damn	damn
bruyants	bruyant
sapristi	sapristi
sabbatique	sabbatique
maltraitance	maltraitance
prématurée	prématuré
lingots	lingot
limités	limiter
terminator	terminator
acceptiez	accepter
redeviens	redevenir
armando	armando
déconnecter	déconnecter
verite	verite
interaction	interaction
skateboard	skateboard
organisons	organiser
rendaient	rendre
chamberlain	chamberlain
découvrit	découvrir
sly	sly
rei	rei
enverrons	envoyer
biceps	biceps
chrissy	chrissy
mangeaient	manger
sexes	sexe
bonaparte	bonaparte
gobé	gober
bergers	berger
mix	mix
supercherie	supercherie
contenterai	contenter
clancy	clancy
sub	sub
reconnait	reconnait
circonscription	circonscription
terra	terrer
pêchés	pêcher
challenger	challenger
indianapolis	indianapolis
dirigeais	diriger
kincaid	kincaid
pionnier	pionnier
militants	militant
criaient	crier
caves	cave
mckenzie	mckenzie
controverse	controverse
fergus	fergus
maui	maui
voyageait	voyager
alexx	alexx
gao	gao
erich	erich
rallonge	rallonge
avant-bras	avant-bras
entraine	entraine
meutre	meutre
occurrence	occurrence
gênante	gênant
relâchée	relâcher
aubaine	aubaine
karadoc	karadoc
vendrait	vendre
adoucir	adoucir
indépendamment	indépendamment
servantes	servante
criquette	criquette
exhiber	exhiber
manchette	manchette
flexible	flexible
détenir	détenir
vador	vador
généreusement	généreusement
moose	moose
imposture	imposture
frisé	frisé
arbalète	arbalète
fis	faire
brianna	brianna
spécialités	spécialité
empêches	empêcher
clandestinement	clandestinement
foulé	fouler
infrastructure	infrastructure
jaser	jaser
mustafa	mustafa
soumission	soumission
commise	commettre
perdes	perdre
torchwood	torchwood
compréhensive	compréhensif
civique	civique
pèlerin	pèlerin
rigidité	rigidité
simulateur	simulateur
azur	azur
anticipé	anticipé
maquettes	maquette
inondations	inondation
dude	dude
rh	rh
albinos	albinos
deanna	deanna
impartial	impartial
astuces	astuce
roswell	roswell
framboise	framboise
lègue	léguer
déraisonnable	déraisonnable
insaisissable	insaisissable
prédictions	prédiction
démineurs	démineur
goku	goku
chevy	chevy
kelvin	kelvin
evite	evite
harem	harem
gestionnaire	gestionnaire
comprends-moi	comprends-moi
essayage	essayage
lakers	lakers
exigeante	exigeant
connaîtras	connaître
sil	sil
rafraîchissant	rafraîchissant
renne	renne
keaton	keaton
posées	poser
trinité	trinité
heat	heat
das	das
évanouit	évanouir
maté	maté
multiple	multiple
bridgette	bridgette
roulés	rouler
défendant	défendre
partez-vous	partez-vous
puma	puma
cà	cà
désapprouve	désapprouver
attrait	attrait
écume	écume
priés	prier
impair	impair
coney	coney
aspirant	aspirant
décrite	décrire
trafiquer	trafiquer
placenta	placenta
dérangent	déranger
adoptive	adoptif
stafford	stafford
care	care
durerait	durer
retraités	retraiter
mercury	mercury
wilton	wilton
lilas	lilas
jongler	jongler
contraction	contraction
saxon	saxon
kérosène	kérosène
15e	15e
aimeront	aimer
claudio	claudio
déprimer	déprimer
atténuer	atténuer
partisan	partisan
fiscal	fiscal
giulia	giulia
palmiers	palmier
observée	observer
serrurier	serrurier
agresse	agresser
découvriront	découvrir
calder	calder
tombola	tombola
irma	irma
dignement	dignement
plaisais	plaire
pompon	pompon
navigue	naviguer
reprogrammer	reprogrammer
indicateur	indicateur
intro	intro
absences	absence
irrationnel	irrationnel
mécontents	mécontent
wilhelm	wilhelm
fatigues	fatiguer
carey	carey
isole	isoler
patrice	patrice
bingum	bingum
michaela	michaela
redemander	redemander
soudoyé	soudoyer
soulèvement	soulèvement
corbillard	corbillard
rénover	rénover
appartenez	appartenir
heavy	heavy
trompeuses	trompeur
pickles	pickle
particule	particule
recourir	recourir
garner	garner
carrée	carrée
entraînait	entraîner
señora	señora
posters	poster
contre-attaque	contre-attaquer
verne	verne
takeda	takeda
systématiquement	systématiquement
kaboul	kaboul
rivale	rival
frimer	frimer
digue	digue
tablettes	tablette
shah	shah
figurine	figurine
agile	agile
chevelu	chevelu
rames	rame
adi	adi
guatemala	guatemala
collatéraux	collatéral
équitation	équitation
ramenez-la	ramenez-la
pragmatique	pragmatique
offerts	offrir
sachions	savoir
project	project
couvrez-moi	couvrez-moi
ranimer	ranimer
blaguer	blaguer
lyman	lyman
écoutille	écoutille
gi	gi
lolita	lolita
vicieuse	vicieux
16e	16e
remember	remember
fournira	fournir
magnéto	magnéto
parish	parish
gonflement	gonflement
ghb	ghb
forestier	forestier
tov	tov
alliage	alliage
braqueur	braqueur
wooster	wooster
certificats	certificat
retrouverais	retrouver
lâchés	lâcher
déménageurs	déménageur
secrétariat	secrétariat
blessées	blesser
originales	original
retentit	retentir
évalué	évaluer
dégénérés	dégénéré
nottingham	nottingham
teller	teller
décliner	décliner
constructions	construction
skype	skype
paternelle	paternel
effleuré	effleurer
tapent	taper
envoie-le	envoie-le
maquillée	maquiller
tabarnak	tabarnak
landau	landau
réconciliés	réconcilier
thèmes	thème
couette	couette
haïssais	haïr
endure	endurer
montrerais	montrer
gladiateurs	gladiateur
occuperont	occuper
évanouis	évanouir
droïde	droïde
blessent	blesser
majestueux	majestueux
crémaillère	crémaillère
brosses	brosse
spores	spore
enregistreur	enregistreur
cloison	cloison
saigon	saigon
sentirait	sentir
proposent	proposer
traumatismes	traumatisme
fern	fern
uv	uv
okinawa	okinawa
drill	drill
indéniable	indéniable
appelées	appeler
next	next
détonateurs	détonateur
herbie	herbie
anticipée	anticiper
cadran	cadran
jericho	jericho
procureurs	procureur
portes-tu	portes-tu
recouverte	recouvrir
adoptifs	adoptif
pourras-tu	pourras-tu
argenté	argenté
mourraient	mourir
graffitis	graffiti
mattie	mattie
navet	navet
considérons	considérer
attentifs	attentif
fascine	fascine
penche-toi	penche-toi
bluffer	bluffer
flip	flip
provenait	provenir
med	med
pipeau	pipeau
sarin	sarin
patinage	patinage
fissa	fissa
inné	inné
lasser	lasser
gothique	gothique
vertèbres	vertèbre
cyclone	cyclone
doit-elle	doit-elle
bali	bali
boulons	boulon
obtenue	obtenir
masterson	masterson
émilie	émilie
occasionnellement	occasionnellement
bernstein	bernstein
marquise	marquis
anormale	anormal
apaise	apaiser
envoya	envoyer
anal	anal
wifi	wifi
accrochés	accrocher
persécution	persécution
aaaah	aaaah
helene	helene
persévérance	persévérance
canaliser	canaliser
carlotta	carlotta
fautif	fautif
promets-le-moi	promets-le-moi
juarez	juarez
sournoise	sournois
plates	plat
déguisements	déguisement
prédiction	prédiction
ironiquement	ironiquement
rhys	rhys
prohibition	prohibition
marions-nous	marions-nous
evi	evi
irrégulier	irrégulier
enrôlé	enrôler
doctrine	doctrine
vastes	vaste
lutteur	lutteur
he'	he'
républicaine	républicain
déploie	déployer
arrière-grand-père	arrière-grand-père
c4	c4
déroulement	déroulement
amusantes	amusant
potage	potage
imprudence	imprudence
commandos	commando
fugitive	fugitif
embêtez	embêter
ciblé	ciblé
débloquer	débloquer
harpon	harpon
refasse	refaire
chaleureusement	chaleureusement
pittoresque	pittoresque
ponctuel	ponctuel
traversons	traverser
underground	underground
mégère	mégère
grince	grincer
métis	métis
intimidant	intimidant
arlington	arlington
suspecter	suspecter
vs	vs
perceval	perceval
cacherai	cacher
dopamine	dopamine
rejoints	rejoindre
farceur	farceur
christianisme	christianisme
prémonition	prémonition
hpd	hpd
passible	passible
civilisée	civiliser
trouvaille	trouvaille
craques	craquer
madone	madone
rouillée	rouiller
olympia	olympia
touchées	toucher
piquet	piquet
désinfectant	désinfectant
alcatraz	alcatraz
mori	mori
combattent	combattre
minéraux	minéral
trot	trot
anchois	anchois
versa	verser
pleuve	pleuvoir
coulisse	coulisse
largeur	largeur
éveillés	éveiller
faisait-elle	faisait-elle
applications	application
disparaissait	disparaître
honda	honda
centauri	centauri
clergé	clergé
lyndsey	lyndsey
pégase	pégase
testée	tester
etienne	etienne
shep	shep
almeida	almeida
transcription	transcription
cardassien	cardassien
périple	périple
ménagère	ménager
volley	volley
lol	lol
neurologue	neurologue
prete	prete
forger	forger
trinity	trinity
ahem	ahem
développent	développer
sameer	sameer
una	una
hérétique	hérétique
darla	darla
nées	naître
scylla	scylla
divulgué	divulguer
ethnique	ethnique
jeanette	jeanette
palettes	palette
nerveuses	nerveux
leanne	leanne
jetez-le	jetez-le
toxicologie	toxicologie
costauds	costaud
frange	frange
court-circuit	court-circuit
keeler	keeler
harmony	harmony
prétendants	prétendant
bolide	bolide
pepsi	pepsi
gonflée	gonfler
interfère	interférer
livia	livia
divisés	diviser
intimement	intimement
décevrai	décevoir
rives	rive
attarder	attarder
magnifiquement	magnifiquement
promenais	promener
lords	lord
bruler	bruler
naine	nain
row	row
cruellement	cruellement
breakfast	breakfast
clamp	clamp
rallumer	rallumer
priant	priant
guérilla	guérilla
enregistrez	enregistrer
mohamed	mohamed
promenait	promener
impec	impec
incité	inciter
moelleux	moelleux
manqués	manquer
assortis	assortir
rencontrait	rencontrer
janus	janus
termites	termite
chocs	choc
laisseriez	laisser
gaieté	gaieté
cola	cola
déséquilibre	déséquilibre
aujourd	aujourd
zip	zip
ecchymoses	ecchymose
fainéants	fainéant
observateurs	observateur
solennel	solennel
incriminer	incriminer
récompensée	récompenser
fichtre	fichtre
inside	inside
coiffé	coiffé
mixer	mixer
ennuyée	ennuyer
saint-père	saint-père
dragues	draguer
engagent	engager
asticots	asticot
voice	voice
respectables	respectable
fortunes	fortune
colombes	colombe
domino	domino
améliorations	amélioration
damas	damas
trempés	tremper
hadley	hadley
mmmm	mmmm
demandez-leur	demandez-leur
altéré	altéré
délia	délier
déshabillez-vous	déshabillez-vous
serieusement	serieusement
rétroviseur	rétroviseur
expulsés	expulser
wind	wind
tardé	tarder
templeton	templeton
mascara	mascara
boude	bouder
amiante	amiante
gorman	gorman
manette	manette
rhabiller	rhabiller
chlore	chlore
perse	perse
texan	texan
dodd	dodd
alarmer	alarmer
classés	classer
caveau	caveau
gallois	gallois
heurte	heurter
nettoyeur	nettoyeur
aidez-la	aidez-la
formuler	formuler
kobayashi	kobayashi
pactole	pactole
adepte	adepte
res	res
acceptait	accepter
yellow	yellow
reprendrons	reprendre
vaut-il	vaut-il
forçant	forcer
aisselles	aisselle
gendarmerie	gendarmerie
pompée	pomper
souviendrez	souvenir
lorne	lorne
manigance	manigance
transportant	transporter
incruster	incruster
tombaient	tomber
occidentaux	occidental
professionnalisme	professionnalisme
tordant	tordre
examinez	examiner
prévues	prévoir
alertes	alerte
gazelle	gazelle
conventionnel	conventionnel
racle	racle
contraintes	contrainte
basket-ball	basket-ball
penthouse	penthouse
gratte-ciel	gratte-ciel
parentale	parental
sentis	sentir
robotique	robotique
lorelei	lorelei
toboggan	toboggan
considérait	considérer
tweet	tweet
ten	ten
métamorphose	métamorphose
protégées	protéger
aimables	aimable
arms	arms
retenait	retenir
hab.	hab.
légalité	légalité
beaux-arts	beaux-arts
errants	errant
fusiller	fusiller
sacrifiée	sacrifier
brigand	brigand
coquilles	coquille
artistiques	artistique
réapparu	réapparaître
apparaisse	apparaître
accomplis	accomplir
régionales	régional
basés	baser
défibrillateur	défibrillateur
rizzo	rizzo
sera-t-elle	sera-t-elle
paria	paria
fétiche	fétiche
complètes	complet
zed	zed
guinées	guinée
minette	minette
farmer	farmer
gastrique	gastrique
lannister	lannister
gitane	gitan
somptueux	somptueux
amazonie	amazonie
récupérera	récupérer
torturés	torturer
morpions	morpion
tentacules	tentacule
représentante	représentant
pouffiasse	pouffiasse
visas	visa
chaines	chaines
gradé	gradé
disjoncté	disjoncter
different	different
u.	u.
déjouer	déjouer
vasectomie	vasectomie
lupus	lupus
magne	magner
rentrerez	rentrer
bizutage	bizutage
pacificateurs	pacificateur
coche	coche
reginald	reginald
électrocuté	électrocuter
sodomie	sodomie
adoraient	adorer
mcguire	mcguire
brando	brando
véronique	véronique
regagnez	regagner
emmerdeuse	emmerdeur
columbus	columbus
aurai-je	aurai-je
affiché	afficher
pertinente	pertinent
respectueusement	respectueusement
inapte	inapte
envois	envoi
poussins	poussin
ripped	ripped
folk	folk
variable	variable
portrait-robot	portrait-robot
participant	participant
écartez	écarter
basta	baster
glaciale	glacial
coulera	couler
ch9f00	ch9f00
camés	camer
coordonner	coordonner
couturière	couturière
égarer	égarer
remué	remuer
lavée	lavée
semés	semer
walton	walton
meadows	meadows
pinot	pinot
instantanée	instantané
nicola	nicola
remises	remise
fusibles	fusible
manuscrits	manuscrit
doutent	douter
nouer	nouer
défendrai	défendre
dessinateur	dessinateur
enlèverai	enlever
sbires	sbire
férié	férié
silo	silo
coupait	couper
ambre	ambre
enflé	enflé
plastiques	plastique
oublie-la	oublie-la
conroy	conroy
expier	expier
lavie	lavie
highway	highway
ros	ros
chopin	chopin
wick	wick
adéquate	adéquat
embrassais	embrasser
sculpteur	sculpteur
acné	acné
bed	bed
remariée	remarier
ying	ying
traitons	traiter
ew	ew
activement	activement
parkinson	parkinson
balancez	balancer
engages	engager
explicite	explicite
9ème	9ème
thierry	thierry
mates	mat
popeye	popeye
supportable	supportable
oops	oops
amazones	amazone
basques	basque
holodeck	holodeck
mènerait	mener
medecin	medecin
relu	relire
fétide	fétide
réussissez	réussir
chatouilles	chatouille
venimeux	venimeux
motus	motus
pfft	pfft
parlés	parlé
hypnotisé	hypnotiser
reliant	relier
michel-ange	michel-ange
stimule	stimuler
dessines	dessiner
milos	milos
contaminés	contaminer
tintement	tintement
ténacité	ténacité
viviane	viviane
sniffer	sniffer
renfermé	renfermé
lynx	lynx
surchauffe	surchauffe
fabricants	fabricant
pacifiques	pacifique
plaquettes	plaquette
serpillière	serpillière
juriste	juriste
puzzles	puzzle
cesare	cesare
middleton	middleton
fitness	fitness
déc	déc
haut-parleurs	haut-parleur
amenez-les	amenez-les
prépayé	prépayé
mariner	mariner
bécane	bécane
voulait-elle	voulait-elle
touffe	touffe
repassé	repasser
annulés	annuler
cécité	cécité
raphaël	raphaël
exclusion	exclusion
maline	malin
transpiration	transpiration
coûtait	coûter
sacrifiés	sacrifier
augustus	augustus
deluca	deluca
crew	crew
dépotoir	dépotoir
découvrons	découvrir
fendu	fendu
retardée	retarder
retrouvais	retrouver
cul-de-sac	cul-de-sac
lénine	lénine
transpires	transpirer
marko	marko
fusillé	fusiller
séduite	séduire
instance	instance
sculptures	sculpture
changerez	changer
para	parer
luttant	lutter
transpercé	transpercer
muets	muet
frimeur	frimeur
dénouement	dénouement
conquérant	conquérant
tueuses	tueur
retards	retard
gaspillez	gaspiller
dégoûtants	dégoûtant
privilégiés	privilégier
illuminé	illuminé
éprouvant	éprouvant
monotone	monotone
fresque	fresque
cupide	cupide
arnaques	arnaque
grièvement	grièvement
égratignures	égratignure
préféreriez	préférer
abc	abc
toléré	tolérer
7h30	7h30
handicapée	handicapé
roderick	roderick
provoquant	provoquer
improvisation	improvisation
concepts	concept
opossum	opossum
consume	consume
rafle	rafle
prada	prada
fabrice	fabrice
matériels	matériel
rudi	rudi
sentaient	sentir
tuerons	tuer
plongez	plonger
procédez	procéder
arrêterez	arrêter
malice	malice
ennuyeuses	ennuyeux
mémorisé	mémoriser
altérer	altérer
totem	totem
athlétique	athlétique
apprends-moi	apprends-moi
virez-moi	virez-moi
ferdinand	ferdinand
crachez	cracher
oubliant	oublier
légistes	légiste
pleures-tu	pleures-tu
braverman	braverman
pénitentiaire	pénitentiaire
repartent	repartir
frapperai	frapper
absolution	absolution
sensés	sensé
cambodge	cambodge
etonnant	etonnant
bouleverse	bouleverser
infiltrés	infiltrer
soleils	soleil
montrés	montrer
market	market
gagnés	gagner
véra	véra
wichita	wichita
feint	feindre
fascination	fascination
puck	puck
choqués	choquer
absurdes	absurde
détritus	détritus
repoussée	repousser
neurochirurgien	neurochirurgien
guitares	guitare
baird	baird
excuse-nous	excuse-nous
scanné	scanner
riggins	riggins
examinons	examiner
trésorier	trésorier
tartare	tartare
boume	boumer
enchantement	enchantement
atteins	atteindre
pics	pic
sternum	sternum
confidences	confidence
tulsa	tulsa
best-seller	best-seller
illumination	illumination
protestants	protestant
minérale	minéral
parcourt	parcourir
fabian	fabian
paulson	paulson
diplomatiques	diplomatique
appréhendé	appréhender
aime-moi	aime-moi
tisane	tisane
déshydraté	déshydraté
besogne	besogne
mijotes	mijoter
report	report
occuperait	occuper
yoshida	yoshida
nightingale	nightingale
creuses	creux
truck	truck
plumer	plumer
dispositifs	dispositif
sauraient	savoir
efficacement	efficacement
recoucher	recoucher
égarés	égarer
individuellement	individuellement
symbiote	symbiote
horton	horton
déchirés	déchirer
fâchez	fâcher
mangerait	manger
commerciales	commercial
tutelle	tutelle
faîtes-vous	faîtes-vous
arcadia	arcadia
tua	tuer
discothèque	discothèque
camomille	camomille
socialisme	socialisme
marsha	marsha
cordonnier	cordonnier
ge	ge
harcelait	harceler
chassée	chasser
miette	miette
o.j.	o.j.
déchaîné	déchaîné
photocopies	photocopie
crucifix	crucifix
embobiner	embobiner
bhai	bhai
noisette	noisette
indonésie	indonésie
crucifié	crucifié
enrôler	enrôler
elvira	elvira
marino	marino
rémi	rémi
galères	galère
combiner	combiner
baisez	baiser
apportant	apporter
lung	lung
acceptais	accepter
tirais	tirer
hubbard	hubbard
velma	velma
pao	pao
amont	amont
indignation	indignation
revenants	revenant
vigoureux	vigoureux
martina	martina
effectif	effectif
harcelée	harceler
jugent	juger
colombiens	colombien
lustre	lustre
calin	calin
dépasses	dépasser
provoquent	provoquer
maude	maude
appelleront	appeler
délivre	délivre
devancé	devancer
vf	vf
venice	venice
renferme	renfermer
troisièmement	troisièmement
discutable	discutable
moreno	moreno
localise	localiser
giselle	giselle
accidentel	accidentel
rentriez	rentrer
errol	errol
minière	minière
potions	potion
réveilleras	réveiller
early	early
giants	giants
bobines	bobine
nids	nid
masculins	masculin
volaient	voler
thermos	thermos
balboa	balboa
buveur	buveur
botox	botox
arrange-toi	arrange-toi
pépère	pépère
wrong	wrong
légitimes	légitimer
composés	composé
vih	vih
arkady	arkady
pendleton	pendleton
cotes	cote
prodigieux	prodigieux
oriental	oriental
paranormal	paranormal
installent	installer
construits	construire
dérangeant	dérangeant
babioles	babiole
zbz	zbz
excessivement	excessivement
tentée	tenter
khalid	khalid
arranges	arranger
gladiateur	gladiateur
martel	martel
envisages	envisager
kyoko	kyoko
volantes	volant
évoluent	évoluer
anarchiste	anarchiste
interro	interro
friandise	friandise
clap	clap
latimer	latimer
inefficace	inefficace
révise	réviser
haï	haïr
questionne	questionner
boîtier	boîtier
litière	litière
observais	observer
syracuse	syracuse
adhésion	adhésion
nomades	nomade
protestant	protestant
clébard	clébard
explore	explorer
préalable	préalable
empruntée	emprunter
mathis	mathis
louvre	louvre
assoie	asseoir
dr.house.over-blog.fr	dr.house.over-blog.fr
avorton	avorton
raffinerie	raffinerie
appartiendra	appartenir
ãªtes	ãªtes
éblouissante	éblouissant
cahiers	cahier
prendriez	prendre
taisez	taire
embarrassante	embarrassant
deale	dealer
haruhi	haruhi
accusant	accuser
heh	heh
hooper	hooper
détaillée	détailler
prouesses	prouesse
loyers	loyer
wai	wai
valser	valser
tribeca	tribeca
gaulois	gaulois
fernand	fernand
shack	shack
smokey	smokey
miraculeusement	miraculeusement
pourraient-ils	pourraient-ils
rockefeller	rockefeller
prolongée	prolonger
consacrée	consacrer
ajuste	ajuster
bannie	bannir
sèche-linge	sèche-linge
geindre	geindre
telecharger	telecharger
brouillon	brouillon
utiliserait	utiliser
droites	droit
crashé	crasher
néron	néron
beast	beast
commenceront	commencer
prévienne	prévenir
luttes	lutte
interné	interné
phases	phase
jugera	juger
patiemment	patiemment
tyrans	tyran
fourchettes	fourchette
urticaire	urticaire
éloignes	éloigner
purification	purification
passionnément	passionnément
colles	colle
inflation	inflation
estimée	estimer
chirurgical	chirurgical
macchabée	macchabée
construisons	construire
lndiens	lndiens
reprenez-vous	reprenez-vous
willa	willa
corky	corky
alamo	alamo
vingt-quatre	vingt-quatre
typhon	typhon
intégralité	intégralité
régénération	régénération
évalue	évaluer
téléphonez	téléphoner
ignore-le	ignore-le
budgétaires	budgétaire
mépriser	mépriser
maia	maia
systolique	systolique
tapisserie	tapisserie
kieran	kieran
pondu	pondre
empoisonnés	empoisonner
téhéran	téhéran
baffe	baffe
ecarte-toi	ecarte-toi
pichet	pichet
barricade	barricade
norvégien	norvégien
frazier	frazier
didier	didier
johns	johns
sakura	sakura
botanique	botanique
appétissant	appétissant
émotionnels	émotionnel
analogie	analogie
normalité	normalité
travaillerais	travailler
paumés	paumer
cylindre	cylindrer
barder	barder
découvrirez	découvrir
rancunier	rancunier
jabbar	jabbar
isa	isa
lacet	lacet
postérité	postérité
manquantes	manquant
bâclé	bâcler
replier	replier
limace	limace
prenions	prendre
j.t.	j.t.
craignos	craignos
jakob	jakob
respectons	respecter
faucheuse	faucheur
confrère	confrère
rigsby	rigsby
keane	keane
souhaitiez	souhaiter
ramassis	ramassis
essentiels	essentiel
suivrais	suivre
christmas	christmas
fifi	fifi
quiz	quiz
prophéties	prophétie
fouetté	fouetté
juste-	juste-
argot	argot
chauves	chauve
passionne	passionner
milkshake	milkshake
retaper	retaper
disiez-vous	disiez-vous
enlevez-le	enlevez-le
je-sais-tout	je-sais-tout
impro	impro
indemnité	indemnité
livrent	livrer
roulais	rouler
occupons-nous	occupons-nous
masseuse	masseur
devancer	devancer
ruée	ruée
keenan	keenan
levait	lever
archéologue	archéologue
séparatistes	séparatiste
contradictoires	contradictoire
cascadeur	cascadeur
lodge	lodge
fermera	fermer
guenièvre	guenièvre
psychiques	psychique
tuttle	tuttle
tragiques	tragique
obi-wan	obi-wan
any	any
blunt	blunt
taché	tacher
excuserez	excuser
advienne	advenir
poussières	poussière
cunningham	cunningham
byrd	byrd
amélia	amélia
décisive	décisif
fiotte	fiotte
artefacts	artefact
régulateur	régulateur
fichues	fichu
mélasse	mélasse
élucider	élucider
atwood	atwood
percevoir	percevoir
bobbie	bobbie
esmeralda	esmeralda
uno	uno
posés	poser
sphères	sphère
pries	prier
employées	employer
j.b.	j.b.
entendes	entendre
confond	confondre
48h	48h
étouffés	étouffer
intelligemment	intelligemment
acres	acre
aspen	aspen
fenton	fenton
troc	troc
rougeole	rougeole
propagation	propagation
soude	soude
parmesan	parmesan
bijoutier	bijoutier
dut	devoir
déviation	déviation
regrouper	regrouper
traci	traci
murmurer	murmurer
sanderson	sanderson
joug	joug
travailleuse	travailleuse
arracherai	arracher
clarkson	clarkson
attaquait	attaquer
corday	corday
contribuable	contribuable
la-dedans	la-dedans
monopoly	monopoly
disposée	disposer
jodi	jodi
signora	signor
gia	gia
sillage	sillage
toro	toro
abou	abou
crèmes	crème
rengaine	rengaine
prometteuse	prometteur
focaliser	focaliser
réduis	réduire
céleri	céleri
aine	aine
instables	instable
constellation	constellation
anniv	anniv
aumône	aumône
quittiez	quitter
kal-el	kal-el
gucci	gucci
étriper	étriper
sonnera	sonner
destroyer	destroyer
enseignements	enseignement
ariane	ariane
tisser	tisser
rut	rut
détachée	détacher
prendraient	prendre
sparky	sparky
chihuahua	chihuahua
démolis	démolir
marriage	marriage
prolongé	prolonger
savait-il	savait-il
atkins	atkins
blanc-bec	blanc-bec
abracadabra	abracadabra
remettras	remettre
battues	battue
oslo	oslo
mauviettes	mauviette
sanatorium	sanatorium
prématurément	prématurément
relevez-vous	relevez-vous
concubine	concubin
dorés	dorer
bricoles	bricole
expliquant	expliquer
superflu	superflu
nfl	nfl
garez-vous	garez-vous
prostitué	prostituer
nitrate	nitrate
autos	auto
divisée	diviser
hankmed	hankmed
rassemblez-vous	rassemblez-vous
jean-marc	jean-marc
spasmes	spasme
attelle	attelle
dialecte	dialecte
facettes	facette
cuiller	cuiller
embarrasse	embarrasser
peinard	peinard
chucky	chucky
équipiers	équipier
restos	restaurant
lançons	lancer
reposant	reposant
sanitaires	sanitaire
enfermez	enfermer
chimère	chimère
effacées	effacer
veuillent	vouloir
apport	apport
écolo	écolo
endosser	endosser
devinette	devinette
architectes	architecte
digital	digital
illogique	illogique
jeûne	jeûne
instabilité	instabilité
appelez-les	appelez-les
passionnés	passionner
déguster	déguster
yuans	yuan
avc	avc
maçon	maçon
renseignée	renseigner
massey	massey
libérateur	libérateur
préparant	préparer
shows	show
hareng	hareng
tartine	tartine
suppression	suppression
iranien	iranien
heath	heath
passerait-il	passerait-il
crèvent	crever
clignotant	clignotant
vésicule	vésicule
fournissent	fournir
minorités	minorité
kabir	kabir
bertram	bertram
gymnaste	gymnaste
sympathiques	sympathique
partaient	partir
nouille	nouille
agrafeuse	agrafeuse
présentant	présenter
dany	dany
altman	altman
terrorisée	terroriser
délivrance	délivrance
bernardo	bernardo
immersion	immersion
mcmanus	mcmanus
irremplaçable	irremplaçable
nets	net
toc-toc	toc-toc
confins	confins
croque-mort	croque-mort
attrape-la	attrape-la
fibrillation	fibrillation
chiffons	chiffon
travailleras	travailler
abandonnerais	abandonner
échouent	échouer
empêchant	empêcher
marmotte	marmotte
convocation	convocation
obsolète	obsolète
bibi	bibi
caucasien	caucasien
incomparable	incomparable
9h00	9h00
fréquemment	fréquemment
pourchasse	pourchasser
pong	pong
mangue	mangue
martial	martial
anne-marie	anne-marie
humeurs	humeur
envahis	envahir
maría	maría
primitifs	primitif
intensément	intensément
aida	aider
cut	cut
bricoler	bricoler
loque	loque
cane	cane
tuba	tuba
traînant	traînant
interesse	interesse
sanglote	sangloter
lukas	lukas
accueillez	accueillir
faudrait-il	faudrait-il
shiro	shiro
redressement	redressement
chewing-gums	chewing-gum
souterrains	souterrain
réparez	réparer
reggae	reggae
lund	lund
rox	rox
châssis	châssis
dégonfle	dégonfler
inspecte	inspecter
logiquement	logiquement
fung	fung
violoniste	violoniste
interprétée	interpréter
observant	observant
bahut	bahut
ready	ready
scellée	sceller
aucunement	aucunement
vaincue	vaincre
créons	créer
post-mortem	post-mortem
indisponible	indisponible
kimber	kimber
réservés	réserver
falcon	falcon
afro-américain	afro-américain
gonflés	gonfler
cognée	cognée
techno	techno
volatilisé	volatiliser
éclatent	éclater
alignés	aligner
chargent	charger
gluant	gluant
couvre-toi	couvre-toi
hobbes	hobbes
protecteurs	protecteur
nullement	nullement
dirigez-vous	dirigez-vous
indésirables	indésirable
interessant	interessant
reculons	reculer
ï	ï
couronné	couronné
cligne	cligner
porte-toi	porte-toi
sharma	sharma
fayed	fayed
entêté	entêté
fraudes	frauder
hwang	hwang
beaux-parents	beaux-parents
clochards	clochard
jana	jana
vivront	vivre
escrime	escrime
mag	mag
embrassant	embrassant
baptise	baptiser
évangile	évangile
crapules	crapule
enclenché	enclencher
intéressais	intéresser
mondiaux	mondial
tam	tam
visuels	visuel
sandrine	sandrine
gupta	gupta
sombré	sombrer
périlleux	périlleux
courriel	courriel
échoues	échouer
équateur	équateur
resplendissante	resplendissant
tak	tak
niles	niles
postérieur	postérieur
exploré	explorer
creed	creed
triompher	triompher
malfrats	malfrat
minerai	miner
embrayage	embrayage
saignent	saigner
révisé	réviser
gonzales	gonzales
odyssée	odyssée
cessez-le-feu	cessez-le-feu
dune	dune
parental	parental
démonté	démonté
vingt-deux	vingt-deux
communiquent	communiquer
donaghy	donaghy
laideur	laideur
poterie	poterie
étudient	étudier
al-qaïda	al-qaïda
pouquoi	pouquoi
affectera	affecter
frime	frime
19h30	19h30
représentations	représentation
apportais	apporter
commandants	commandant
view	view
digestif	digestif
cinéaste	cinéaste
kubrick	kubrick
préservé	préserver
travailles-tu	travailles-tu
pose-la	pose-la
chantilly	chantilly
donnons-lui	donnons-lui
rayonnement	rayonnement
iphone	iphone
bouh	bouh
dia	dia
small	small
amande	amande
évacués	évacuer
holloway	holloway
amygdales	amygdale
guacamole	guacamole
rencontrerez	rencontrer
catégorique	catégorique
tyrell	tyrell
foulée	foulée
huntington	huntington
médico-légal	médico-légal
harmonica	harmonica
transpondeur	transpondeur
déloyal	déloyal
morrow	morrow
knope	knope
expirez	expirer
disquette	disquette
coffré	coffrer
maud	maud
luttent	lutter
sourcil	sourcil
greffes	greffe
comblée	combler
aiderons	aider
frasier	frasier
collaborateur	collaborateur
ajay	ajay
gloussement	gloussement
anecdotes	anecdote
cases	case
allumes	allumer
relevée	relever
looking	looking
supportera	supporter
consommateur	consommateur
arrêtons-nous	arrêtons-nous
citadelle	citadelle
tournois	tournois
apprécierez	apprécier
ingéniosité	ingéniosité
loïs	loïs
courons	courir
soumets	soumettre
vas-t-en	vas-t-en
cougar	cougar
musiques	musique
exceptionnellement	exceptionnellement
fresno	fresno
approuvée	approuver
volcans	volcan
farrah	farrah
piments	piment
misty	misty
hodge	hodge
entendront	entendre
confondez	confondre
lande	lande
mcdeere	mcdeere
agira	agir
dormaient	dormir
claustrophobe	claustrophobe
récompensés	récompenser
monet	monet
favorables	favorable
francie	francie
accoupler	accoupler
julianne	julianne
carlin	carlin
fondent	fondre
entraînements	entraînement
devis	devis
perrin	perrin
impulsive	impulsif
abstrait	abstrait
tabasse	tabasser
cardiff	cardiff
italiennes	italien
manies	manier
opprimés	opprimer
laquais	laquais
pars-tu	pars-tu
groot	groot
abi	abi
philo	philo
prouvez	prouver
escroquer	escroquer
hester	hester
supportez	supporter
notions	notion
stabilise	stabiliser
crocker	crocker
flashs	flash
imagerie	imagerie
explorateurs	explorateur
apporterait	apporter
circle	circle
valables	valable
corpus	corpus
deirdre	deirdre
justifiée	justifier
relative	relative
holiday	holiday
elsie	elsie
chronomètre	chronomètre
invoqué	invoquer
parodie	parodie
touche-moi	touche-moi
refoulé	refouler
kind	kind
tomorrow	tomorrow
bridges	bridger
donahue	donahue
hygiénique	hygiénique
traînées	traîner
serrées	serrer
bougon	bougon
directs	direct
cadette	cadette
inceste	inceste
rêvant	rêver
excuserai	excuser
expéditions	expédition
remets-le	remets-le
rigolos	rigolo
existera	exister
bouleversant	bouleversant
analgésiques	analgésique
non-stop	non-stop
louez	louer
gave	gave
mûri	mûrir
camaraderie	camaraderie
rattrapage	rattrapage
automobiles	automobile
délicats	délicat
inquisitrice	inquisiteur
huître	huître
sourient	sourire
wakefield	wakefield
mythique	mythique
garret	garret
13h	13h
commises	commettre
trompettes	trompette
amerique	amerique
ru	ru
imitations	imitation
lithium	lithium
eagles	eagles
céramique	céramique
earth	earth
pen	pen
hadar	hadar
possessions	possession
carrure	carrure
larve	larve
arrêtant	arrêter
cirie	cirie
disculper	disculper
briefer	briefer
offensés	offenser
etait-il	etait-il
fend	fendre
sous-entendu	sous-entendu
déshydratation	déshydratation
parla	parler
taiwan	taiwan
casablanca	casablanca
rôdeur	rôdeur
avalon	avalon
inoffensifs	inoffensif
manipulée	manipuler
trouvez-les	trouvez-les
année-là	année-là
entendrai	entendre
commets	commettre
brisez	briser
païen	païen
twain	twain
commenciez	commencer
décrété	décréter
anything	anything
piétiné	piétiner
incantation	incantation
bouffons	bouffon
miraculeuse	miraculeux
occuperas	occuper
appliquée	appliquer
pays-bas	pays-bas
froisser	froisser
constantine	constantine
hésiterai	hésiter
épargnée	épargner
orchestré	orchestrer
groupie	groupie
brésilienne	brésilien
endorme	endormir
amusants	amusant
manquaient	manquer
gaine	gaine
soupirant	soupirant
cynisme	cynisme
gardées	garder
masqués	masquer
déshabillé	déshabiller
entrerai	entrer
kolchak	kolchak
froissé	froisser
apprêtait	apprêter
favor	favor
résous	résoudre
irez-vous	irez-vous
prestigieuse	prestigieux
basque	basque
gravir	gravir
flippes	flipper
minneapolis	minneapolis
boca	boca
sunbae	sunbae
dirigeons	diriger
découvrant	découvrir
affectent	affecter
allocation	allocation
tunique	tunique
chantal	chantal
poivrons	poivron
jouerait	jouer
w.c.	w.c.
sondes	sonde
lanternes	lanterner
yah	yah
éclatant	éclatant
raclure	raclure
atomiques	atomique
tuez-la	tuez-la
télé-réalité	télé-réalité
éternels	éternel
osera	oser
sharona	sharona
extravagant	extravagant
abbie	abbie
insouciant	insouciant
ressors	ressortir
sen	sen
contrôlés	contrôler
incorrigible	incorrigible
sacre	sacre
dispersion	dispersion
arrêterons	arrêter
ambassadeurs	ambassadeur
armani	armani
margaux	margaux
radioactive	radioactif
repassez	repasser
10ème	10ème
renvoient	renvoyer
hitomi	hitomi
haïssait	haïr
tutrice	tuteur
effectue	effectuer
bordure	bordure
ouais.	ouais.
dits	dire
incitation	incitation
iraniens	iranien
lavement	lavement
britannia	britannia
antwon	antwon
respectés	respecter
pompeux	pompeux
saber	saber
subite	subit
alentour	alentour
enlève-la	enlève-la
accélérez	accélérer
ramenons	ramener
déraille	dérailler
raides	raide
détectée	détecter
étroitement	étroitement
décroches	décrocher
dunes	dune
taupes	taupe
opposent	opposer
enrico	enrico
tiens-tu	tiens-tu
perspicacité	perspicacité
commerces	commerce
beep	beep
steward	steward
glacées	glacer
chômeurs	chômeur
cornelius	cornelius
1ere	1ere
hotchner	hotchner
piston	piston
brousse	brousse
phéromones	phéromone
pelant	peler
préparerai	préparer
ménagères	ménager
whistler	whistler
crèves	crever
traumatisée	traumatiser
molécule	molécule
durst	durst
palet	palet
toxicomane	toxicomane
fouettée	fouetter
viendrons	venir
fusillades	fusillade
viva	viva
disciplinaire	disciplinaire
takeshi	takeshi
arrangés	arranger
atticus	atticus
sous-marine	sous-marin
scierie	scierie
ascendant	ascendant
offrandes	offrande
appuyant	appuyer
pacemaker	pacemaker
convoquée	convoquer
tits	tits
bavardé	bavarder
cracker	cracker
ryland	ryland
naissances	naissance
sahara	sahara
high-tech	high-tech
resserre	resserre
coccinelle	coccinelle
sensationnelle	sensationnel
asa	asa
embêtes	embêter
évitent	éviter
babouin	babouin
genial	genial
liquidé	liquider
insinuations	insinuation
flatterie	flatterie
procession	procession
avançait	avancer
piloté	piloter
insécurité	insécurité
répètent	répéter
henrietta	henrietta
finlande	finlande
échouez	échouer
drummond	drummond
pédicure	pédicure
sceptre	sceptre
fatalité	fatalité
moloch	moloch
signalée	signaler
fairfax	fairfax
préfères-tu	préfères-tu
côtoyer	côtoyer
antan	antan
revenaient	revenir
running	running
traduis	traduire
parois	paroi
bulldozer	bulldozer
beuverie	beuverie
plis	pli
9h30	9h30
fellation	fellation
yoo	yoo
solidaires	solidaire
flambant	flambant
prieur	prieur
baisais	baiser
bretzel	bretzel
antécédent	antécédent
séquelles	séquelle
signera	signer
joël	joël
trask	trask
éclairée	éclairer
incomplet	incomplet
intellect	intellect
sors-la	sors-la
colonial	colonial
embouteillage	embouteillage
estimations	estimation
commençaient	commencer
bucarest	bucarest
manipulatrice	manipulateur
pacifiste	pacifiste
cric	cric
nfs	nfs
jurerais	jurer
krieger	krieger
sollicitude	sollicitude
pepperoni	pepperoni
inévitablement	inévitablement
remplaces	remplacer
army	army
autobiographie	autobiographie
épilation	épilation
oryu	oryu
envahissent	envahir
trade	trade
renouer	renouer
exaltant	exaltant
apprendrais	apprendre
échauffement	échauffement
éditions	édition
imaginez-vous	imaginez-vous
katrine	katrine
vrac	vrac
dégradation	dégradation
raphael	raphael
regretterai	regretter
cp	cp
spatiaux	spatial
recevez-vous	recevez-vous
rejetés	rejeter
salim	salim
low	low
orleans	orleans
décontamination	décontamination
evitez	evitez
rampé	ramper
pryce	pryce
ex-copine	ex-copine
célébré	célébrer
banner	banner
givens	givens
i0	i0
pancho	pancho
amarres	amarre
flower	flower
englouti	engloutir
mccord	mccord
conservation	conservation
décrypter	décrypter
apportés	apporter
dancer	dancer
déroulent	dérouler
amputation	amputation
press	press
labs	labs
frayer	frayer
essentielles	essentiel
portions	portion
anwar	anwar
agricoles	agricole
accueillis	accueillir
exterminateur	exterminateur
transformes	transformer
buick	buick
usées	user
rikers	rikers
odile	odile
downton	downton
promue	promu
expulsée	expulser
angelus	angelus
alignement	alignement
moz	moz
petrov	petrov
déposés	déposer
entraver	entraver
ulairi	ulairi
élisabeth	élisabeth
1ers	1ers
initiatives	initiative
stuff	stuff
joffrey	joffrey
exorciste	exorciste
frida	frida
poisons	poison
moments-là	moments-là
planete	planete
sortez-la	sortez-la
épargnez	épargner
genesis	genesis
seine	seine
nola	nola
télécharge	télécharger
poteaux	poteau
lisiez	lire
bassiste	bassiste
épanouir	épanouir
finirons	finir
clover	clover
hivers	hiver
gardens	gardens
haines	haine
thought	thought
succulent	succulent
avant-goût	avant-goût
ranges	ranger
demanderez	demander
estiment	estimer
gator	gator
levine	levine
taelons	taelons
compétitif	compétitif
filtrer	filtrer
bowler	bowler
lâche-toi	lâche-toi
argumenter	argumenter
crews	crews
repartira	repartir
angels	angels
profitable	profitable
nylon	nylon
wexler	wexler
goran	goran
enragés	enrager
replonger	replonger
laissez-lui	laissez-lui
informerai	informer
raccourcis	raccourci
hors-d'	hors-d'
préside	préside
entourer	entourer
bibine	bibine
congédié	congédier
dévoués	dévouer
obèses	obèse
mâché	mâcher
jor-el	jor-el
créées	créer
ronon	ronon
activiste	activiste
bolt	bolt
engendrer	engendrer
fendre	fendre
carburateur	carburateur
luge	luge
épousant	épouser
pardonne-nous	pardonne-nous
variations	variation
contagion	contagion
statistique	statistique
ressasser	ressasser
sois-tu	sois-tu
retournais	retourner
clouseau	clouseau
store	store
sauterelles	sauterelle
auditorium	auditorium
exaucer	exaucer
ra'	ra'
pluriel	pluriel
récupérés	récupérer
faufilé	faufiler
other	other
débloque	débloquer
solis	solis
contrées	contrée
rythmée	rythmer
logée	loger
10h30	10h30
ponte	ponte
cabo	cabo
silencieusement	silencieusement
procédons	procéder
spéculer	spéculer
catalan	catalan
eunuque	eunuque
trafique	trafiquer
suivies	suivre
peluches	peluche
repoussant	repoussant
gilroy	gilroy
anson	anson
dard	dard
satisfaisante	satisfaisant
paresse	paresse
attaquons	attaquer
livrez	livrer
lumiere	lumiere
rapporterai	rapporter
gabriella	gabriella
destins	destin
faufile	faufiler
étanche	étanche
météore	météore
réussiras	réussir
ventura	ventura
showbiz	showbiz
effrayantes	effrayant
abaisse	abaisse
tc	tc
tolliver	tolliver
amphétamines	amphétamine
adré	adré
soutiendra	soutenir
succomber	succomber
karin	karin
chelou	chelou
assignée	assigner
réapparaître	réapparaître
watanabe	watanabe
évidement	évidement
bane	bane
isobel	isobel
asperges	asperge
atterris	atterrir
anormaux	anormal
éventuelle	éventuel
expliquais	expliquer
donnell	donnell
work	work
motivés	motiver
consigné	consigner
xbox	xbox
envisageable	envisageable
traitées	traiter
astéroïdes	astéroïde
zola	zola
kleenex	kleenex
connolly	connolly
grincheuse	grincheux
malaisie	malaisie
déçoit	décevoir
scrupule	scrupule
autiste	autiste
shilling	shilling
waterloo	waterloo
carnegie	carnegie
yorkshire	yorkshire
ahsoka	ahsoka
kepner	kepner
saper	saper
témoignera	témoigner
universal	universal
truffe	truffe
tournés	tourner
avides	avide
longueurs	longueur
démenti	démenti
arkham	arkham
lancers	lancer
disposons	disposer
bisons	bison
intérieurement	intérieurement
irrité	irrité
murph	murph
répondrais	répondre
bone	bone
aveugler	aveugler
chiche	chiche
guantanamo	guantanamo
avoues	avouer
woodrow	woodrow
fripouille	fripouille
supérette	supérette
attendrez	attendre
visais	viser
anonymement	anonymement
flattez	flatter
jennie	jennie
ramassage	ramassage
mala	mala
infesté	infesté
johnston	johnston
expérimentale	expérimental
demande-leur	demande-leur
paresseuse	paresseux
storybrooke	storybrooke
ringards	ringard
tirerais	tirer
dietrich	dietrich
conjugales	conjugal
médiation	médiation
fastoche	fastoche
tulipes	tulipe
succéder	succéder
fascisme	fascisme
coopéré	coopérer
dwyer	dwyer
projectile	projectile
exile	exiler
énervent	énerver
fonctionnel	fonctionnel
trampoline	trampoline
e.t.	e.t.
baines	baines
sup.	sup.
habillent	habiller
répondes	répondre
skis	ski
squatter	squatter
kenobi	kenobi
traire	traire
sami	sami
dédiée	dédier
surfait	surfait
drive-in	drive-in
génitales	génital
controversé	controversé
striptease	striptease
cuites	cuit
argentée	argenter
barbarie	barbarie
renommé	renommer
cellulaires	cellulaire
kryten	kryten
ici-même	ici-même
dépouillé	dépouillé
enlevant	enlever
affrontent	affronter
rasage	rasage
envolés	envoler
reformuler	reformuler
troupeaux	troupeau
empêchement	empêchement
désespérées	désespérer
ozone	ozone
edge	edge
équilibrer	équilibrer
kasper	kasper
malcom	malcom
respectait	respecter
offensant	offensant
poursuivant	poursuivant
canalisations	canalisation
figurants	figurant
hideuse	hideux
cesses	cesser
belges	belge
quotidiennement	quotidiennement
toque	toquer
shiki	shiki
shining	shining
jérémy	jérémy
annee	annee
senor	senor
déminage	déminage
found	found
rongeur	rongeur
optimistes	optimiste
alcoolémie	alcoolémie
drag	drag
fossile	fossile
alchimiste	alchimiste
radley	radley
prétention	prétention
digestion	digestion
enzymes	enzyme
evacuez	evacuez
aman	aman
craquant	craquant
maltraiter	maltraiter
laissons-la	laissons-la
déguise	déguiser
rooster	rooster
brisent	briser
attentions	attention
tupac	tupac
genre-là	genre-là
résistante	résistant
polio	polio
revendeur	revendeur
dreams	dreams
appréciation	appréciation
dégradant	dégradant
consistait	consister
irréversible	irréversible
occupiez	occuper
halluciner	halluciner
végétation	végétation
adaptée	adapter
liras	lire
griffé	griffé
jewel	jewel
reliées	relier
stockton	stockton
andrei	andrei
conviens	convenir
sgc	sgc
lactée	lacté
smoothie	smoothie
indiquait	indiquer
java	java
numériques	numérique
terrienne	terrien
assigner	assigner
laisseraient	laisser
farrow	farrow
raffinée	raffiné
bayou	bayou
salis	salir
infiltre	infiltrer
figues	figue
regarderas	regarder
particularité	particularité
sforza	sforza
dilatées	dilater
vécurent	vivre
participent	participer
pardonnez-nous	pardonnez-nous
graphiques	graphique
renforcée	renforcer
hancock	hancock
baltar	baltar
reproché	reprocher
écoulées	écouler
acceptés	accepter
cnst	cnst
flottent	flotter
concentrez	concentrer
loco	loco
pourrons-nous	pourrons-nous
jerri	jerri
cedar	cedar
ancienneté	ancienneté
sergueï	sergueï
gérait	gérer
bring	bring
traquent	traquer
chez-moi	chez-moi
indiscrète	indiscret
springer	springer
raccourcir	raccourcir
gênent	gêner
montante	montant
retournes-y	retournes-y
namaste	namaste
cady	cady
alaric	alaric
ohhh	ohhh
toinety	toinety
animer	animer
clonage	clonage
ramassée	ramasser
hua	huer
nitro	nitro
embrassez-moi	embrassez-moi
winthrop	winthrop
relâchés	relâcher
pole	pole
autocollants	autocollant
mortellement	mortellement
torrent	torrent
apéro	apéro
fief	fief
aiguisé	aiguisé
rayyan	rayyan
impie	impie
noriko	noriko
dépassait	dépasser
disparut	disparaître
ders	der
kaoru	kaoru
guirlandes	guirlande
chaire	chaire
gonzalez	gonzalez
pesé	peser
mélangés	mélanger
fighting	fighting
simplet	simplet
réjouis-toi	réjouis-toi
originalité	originalité
de-	de-
talkie-walkie	talkie-walkie
appâter	appâter
risotto	risotto
prévoient	prévoir
minuterie	minuterie
filmez	filmer
précipitamment	précipitamment
niais	niais
aperçoive	apercevoir
coucherai	coucher
aspirations	aspiration
clarinette	clarinette
différencie	différencier
sauvent	sauver
déchiqueté	déchiqueté
utiliserons	utiliser
epouse	epouse
flush	flush
jolly	jolly
hartford	hartford
améliorent	améliorer
conviennent	convenir
demeurer	demeurer
hisser	hisser
défendent	défendre
contemple	contempler
irrite	irriter
remettez-vous	remettez-vous
ouvrez-la	ouvrez-la
portia	portia
attirail	attirail
piédestal	piédestal
parente	parent
apprêtais	apprêter
abréger	abréger
assorti	assorti
remarquablement	remarquablement
foires	foire
hahn	hahn
duvet	duvet
roma	roma
bourdon	bourdon
occulte	occulte
rendormir	rendormir
gill	gill
mas	mas
soto	soto
g.i.	g.i.
dissection	dissection
maybe	maybe
nero	nero
cornelia	cornelia
mangeurs	mangeur
gregson	gregson
brunes	brune
balancée	balancer
plaidoyer	plaidoyer
cyclope	cyclope
mélangent	mélanger
tricherie	tricherie
remuez-vous	remuez-vous
éboueur	éboueur
serai-je	serai-je
chalumeau	chalumeau
paumes	paume
dormes	dormir
provisoirement	provisoirement
inhumains	inhumain
redescend	redescendre
rot	rot
récipient	récipient
hibernation	hibernation
freedom	freedom
filmés	filmer
muter	muter
award	award
mammifères	mammifère
votons	voter
escaladé	escalader
franchis	franchir
satanique	satanique
agarn	agarn
poupe	poupe
compas	compas
oublie-moi	oublie-moi
stef	stef
dormons	dormir
enlacer	enlacer
gorges	gorge
précédé	précéder
artagnan	artagnan
sitting	sitting
chaussée	chausser
arbitraire	arbitraire
abandonnant	abandonner
pandora	pandora
redoubler	redoubler
quinte	quinte
fraiche	fraiche
vanté	vanter
intégrée	intégrer
moquais	moquer
vestimentaire	vestimentaire
joyeusement	joyeusement
inflammable	inflammable
conteneurs	conteneur
kwan	kwan
vidéosurveillance	vidéosurveillance
ovule	ovule
enthousiastes	enthousiaste
causerait	causer
specter	specter
kinney	kinney
déserts	désert
sorry	sorry
menées	mener
annabel	annabel
issus	issus
brigades	brigade
crais	crais
assemblé	assemblé
oublieront	oublier
olson	olson
latérale	latérale
sied	seoir
roumain	roumain
skyler	skyler
bourgogne	bourgogne
avon	avon
sentons	sentir
dérailler	dérailler
fixait	fixer
ajustements	ajustement
bowen	bowen
militant	militant
tor	tor
balls	balls
ferveur	ferveur
flacons	flacon
ground	ground
minet	minet
macao	macao
escroqué	escroquer
dorrit	dorrit
indigène	indigène
bossu	bossu
joignable	joignable
sis	sis
nautique	nautique
milk	milk
respirent	respirer
pilates	pilates
type-là	type-là
porterez	porter
friture	friture
porte-feuille	porte-feuille
morgana	morganer
entra	entrer
rasée	raser
fonte	fonte
concourir	concourir
groom	groom
soudés	souder
bassine	bassine
mozzie	mozzie
matérielles	matériel
restauré	restaurer
doggett	doggett
lançait	lancer
bouillant	bouillant
essaierait	essayer
8h30	8h30
alter	alter
slogans	slogan
esquimau	esquimau
pardonnerais	pardonner
tahoe	tahoe
gâtés	gâter
nervosité	nervosité
entraide	entraider
sélections	sélection
maudire	maudire
hansel	hansel
ripou	ripou
interrompt	interrompre
réglage	réglage
blizzard	blizzard
rendez-nous	rendez-nous
accroître	accroître
arreté	arreté
documentaires	documentaire
druide	druide
audimat	audimat
chloroforme	chloroforme
réagissez	réagir
antimatière	antimatière
poussiéreux	poussiéreux
cameraman	cameraman
étouffant	étouffant
moqueur	moqueur
magnésium	magnésium
assimiler	assimiler
érudit	érudit
excites	exciter
changées	changer
lavez	laver
morfondre	morfondre
raffole	raffoler
impliquent	impliquer
succube	succube
11e	11e
rosalee	rosalee
shapiro	shapiro
birch	birch
alexei	alexei
baber	baber
cerfs	cerf
atrocement	atrocement
meadow	meadow
journee	journee
hypnotiser	hypnotiser
alimenté	alimenter
bieber	bieber
downey	downey
francais	francais
hole	hole
éclaircit	éclaircir
pâturages	pâturage
arn	arn
ponctualité	ponctualité
zhou	zhou
fauve	fauve
protestations	protestation
sortez-les	sortez-les
choisies	choisir
consultants	consultant
seniors	senior
natacha	natacha
pastilles	pastille
sono	sono
mikhail	mikhail
desolee	desolee
métamorphe	métamorphe
bris	bris
expérimentation	expérimentation
enzyme	enzyme
gâterie	gâterie
attirera	attirer
branson	branson
commandée	commander
ong	ong
britt	britt
épate	épate
animée	animer
donnez-la-moi	donnez-la-moi
annees	annees
entretenu	entretenu
pétrolier	pétrolier
chercheront	chercher
attribue	attribuer
déchirent	déchirer
pellicules	pellicule
stick	stick
gayle	gayle
chenil	chenil
réécrit	réécrire
crixus	crixus
métalliques	métallique
malsaine	malsain
petersen	petersen
dorothée	dorothée
enfantin	enfantin
ést	ést
betteraves	betterave
kitchen	kitchen
remarquent	remarquer
phosphore	phosphorer
lointains	lointain
falcone	falcone
frivole	frivole
inconscients	inconscient
débarrasses	débarrasser
chagrins	chagrin
p.s.	p.s.
canaan	canaan
grandira	grandir
verbal	verbal
matter	matter
constructeur	constructeur
implications	implication
perdrons	perdre
ran	ran
terroriser	terroriser
recycler	recycler
alexa	alexa
lomax	lomax
idiotie	idiotie
dédommagement	dédommagement
espece	espece
o2	o2
parle-t-on	parle-t-on
embryon	embryon
renié	renier
geôlier	geôlier
kétamine	kétamine
amusera	amuser
scranton	scranton
calomnie	calomnie
parabole	parabole
déposerai	déposer
revirement	revirement
tiraient	tirer
linc	linc
préférons	préférer
déplorable	déplorable
himalaya	himalaya
hab	hab
assaillant	assaillant
radicalement	radicalement
fair-play	fair-play
ingrats	ingrat
versez	verser
modeler	modeler
revêtement	revêtement
ratons	raton
pamplemousse	pamplemousse
rouquin	rouquin
présentons	présenter
vaincra	vaincre
téléviseur	téléviseur
biologiste	biologiste
ordonnez	ordonner
annoncez	annoncer
tardif	tardif
webcam	webcam
tuyauterie	tuyauterie
chassait	chasser
constructeurs	constructeur
obéissant	obéissant
pak	pak
glock	glock
wee	wee
lucidité	lucidité
chimiothérapie	chimiothérapie
watergate	watergate
chilton	chilton
aideriez	aider
rencontrais	rencontrer
idoles	idole
rashid	rashid
sucettes	sucette
waou	waou
alexandrie	alexandrie
geiger	geiger
hoshi	hoshi
accumule	accumuler
trahissent	trahir
givré	givré
child	child
contraindre	contraindre
selfie	selfie
pertinence	pertinence
pulsion	pulsion
hindou	hindou
daté	dater
entame	entame
v'	v'
kellogg	kellogg
thorn	thorn
impénétrables	impénétrable
rénovations	rénovation
promotions	promotion
emmene	emmene
dépensent	dépenser
bulls	bull
contribue	contribuer
montrez-leur	montrez-leur
laitier	laitier
clodos	clodo
id	id
klaxonne	klaxonner
arythmie	arythmie
appellerez	appeler
endetté	endetter
holographique	holographique
innovation	innovation
constituer	constituer
tremblait	trembler
amigos	amigo
shan	shan
hérésie	hérésie
éteignent	éteindre
renouveau	renouveau
contrée	contrée
tirelire	tirelire
rambaldi	rambaldi
recherchais	rechercher
glucose	glucose
présentées	présenter
nazir	nazir
modifiés	modifier
taft	taft
débusquer	débusquer
valeria	valeria
urinaire	urinaire
revenons-en	revenons-en
poppins	poppins
filait	filer
bit	bit
valhalla	valhalla
recontacte	recontacte
prévoyait	prévoir
jonction	jonction
embrasse-la	embrasse-la
espionnait	espionner
jem'	jem'
makoto	makoto
shekhar	shekhar
whitaker	whitaker
chop	chop
animosité	animosité
pointues	pointu
vasco	vasco
prospérer	prospérer
restes-tu	restes-tu
doing	doing
surchargé	surcharger
décidons	décider
armez	armer
looser	looser
coéquipière	coéquipier
éraflure	éraflure
20h30	20h30
continuant	continuer
frotté	frotter
refile	refiler
démêler	démêler
accumulé	accumulé
ébriété	ébriété
envelopper	envelopper
oxy	oxy
tireront	tirer
décharges	décharger
modestes	modeste
birdie	birdie
accouplement	accouplement
arrogants	arrogant
refuserait	refuser
périls	péril
malt	malt
link	link
reflets	reflet
ting	ting
divisionnaire	divisionnaire
cj	cj
suppliant	suppliant
garagiste	garagiste
scéne	scéne
leopold	leopold
judo	judo
raf	raf
comptaient	compter
vee	vee
retourna	retourner
éloignement	éloignement
dériver	dériver
changeais	changer
exclamation	exclamation
fernandez	fernandez
jafar	jafar
pantoute	pantoute
cod	cod
rapplique	rapplique
dérape	déraper
récession	récession
dock	dock
lupe	lupe
usée	user
rs	rs
hispanique	hispanique
thérapies	thérapie
genèse	genèse
compulsif	compulsif
mccormick	mccormick
renata	renata
wish	wish
jump	jump
voyants	voyant
explique-lui	explique-lui
traitera	traiter
passez-le	passez-le
beyoncé	beyoncé
piggy	piggy
those	those
baze	baze
athlétisme	athlétisme
rockwell	rockwell
bénédictions	bénédiction
violées	violer
exécuteur	exécuteur
8h00	8h00
toyota	toyota
feutre	feutre
nettoierai	nettoyer
atténuantes	atténuant
fatiguant	fatiguer
anthropologie	anthropologie
gemini	gemini
apu	apu
mccabe	mccabe
redoutables	redoutable
maintenue	maintenue
reporte	reporter
confiné	confiner
emprisonnés	emprisonner
balancent	balancer
potager	potager
gencives	gencive
moite	moite
crevés	crever
lange	lange
carrosserie	carrosserie
dindes	dinde
irrigation	irrigation
étourdie	étourdir
ex-petit	ex-petit
alcools	alcool
gravier	gravier
sacrement	sacrement
dormirez	dormir
cosmétiques	cosmétique
désirable	désirable
percuter	percuter
aide-la	aide-la
dove	dove
pryor	pryor
stoppez	stopper
canapés	canapé
généalogique	généalogique
rocheuses	rocheux
quitterez	quitter
marshmallows	marshmallows
chuchotant	chuchoter
fouillant	fouiller
respirations	respiration
réveillerai	réveiller
mata	mater
féminité	féminité
torcher	torcher
zorro	zorro
comparez	comparer
bora	bora
retournant	retourner
régnait	régner
lacération	lacération
vignes	vigne
camionneur	camionneur
aram	aram
parliez-vous	parliez-vous
psst	psst
critère	critère
écrases	écraser
dissipe	dissiper
comestible	comestible
cancers	cancer
macaroni	macaroni
agacer	agacer
tribut	tribut
carrelage	carrelage
obscures	obscur
banana	banana
denton	denton
navigué	naviguer
their	their
donneraient	donner
posez-la	posez-la
rom	rom
traffic	traffic
habitée	habiter
imper	imper
molina	molina
command	command
debut	debut
heo	heo
testez	tester
infinies	infini
cachaient	cacher
consultations	consultation
psychiatriques	psychiatrique
troi	troi
induit	induit
séparez	séparer
variation	variation
paniques	panique
bistouri	bistouri
baylor	baylor
blind	blind
yasir	yasir
enseignent	enseigner
pillules	pillules
coutures	couture
hostie	hostie
accumuler	accumuler
prã	prã
vois-je	vois-je
dispense	dispense
medina	medina
uh-uh	uh-uh
angoissé	angoissé
pathologique	pathologique
commencions	commencer
guêpe	guêpe
descendrai	descendre
rongeurs	rongeur
crac	crac
gelées	gelées
five-o	five-o
charly	charly
municipalité	municipalité
accepteriez-vous	accepteriez-vous
dickinson	dickinson
wharton	wharton
gordo	gordo
gîte	gîte
ouvre-toi	ouvre-toi
cuisiniers	cuisinier
enseignez	enseigner
scar	scar
emportés	emporter
affectif	affectif
vallées	vallée
québécois	québécois
remorquer	remorquer
keyes	keyes
2nd	2nd
larguez	larguer
sauvegarder	sauvegarder
hobbit	hobbit
périmé	périmé
exceptionnels	exceptionnel
mollets	mollet
prends-toi	prends-toi
presbytère	presbytère
ogives	ogive
tchin	tchin
rusée	ruser
farcir	farcir
apôtres	apôtre
embarquée	embarquer
disait-il	disait-il
ferme-là	ferme-là
taulard	taulard
face-à-face	face-à-face
moites	moite
mandela	mandela
soignez	soigner
échiquier	échiquier
effroi	effroi
joão	joão
secundo	secundo
comprit	comprendre
opportuniste	opportuniste
kimball	kimball
saw	saw
tornades	tornade
burkhardt	burkhardt
unissent	unir
palerme	palerme
allumeuse	allumeuse
détestaient	détester
virages	virage
stratégiques	stratégique
mean	mean
seconds	second
radioactivité	radioactivité
paralyser	paralyser
souligné	souligner
lnde	lnde
avancera	avancer
saeko	saeko
anesthésiste	anesthésiste
douloureuses	douloureux
oxyde	oxyde
varie	varier
rey	rey
fantaisiste	fantaisiste
birmanie	birmanie
qué	qué
hépatique	hépatique
gaulle	gaulle
entraîneurs	entraîneur
irréparable	irréparable
manon	manon
surveillez-le	surveillez-le
hémorroïdes	hémorroïde
gémissant	gémissant
ventriculaire	ventriculaire
melons	melon
sensuel	sensuel
meghan	meghan
quilles	quille
germaine	germain
positivement	positivement
plantations	plantation
antéchrist	antéchrist
quahog	quahog
vile	vil
néfaste	néfaste
disposés	disposer
garvey	garvey
mêlent	mêler
prévision	prévision
tropiques	tropique
interrompons	interrompre
gable	gable
incinérer	incinérer
drop	drop
ramenais	ramener
rapportez	rapporter
accordent	accorder
stériles	stérile
pâture	pâture
parer	parer
trompeur	trompeur
change-toi	change-toi
écuyer	écuyer
passive	passif
aviateur	aviateur
jonny	jonny
imaginée	imaginer
den	den
oubliait	oublier
mettons-le	mettons-le
romi	romi
reece	reece
mayfair	mayfair
pores	pore
kaitlin	kaitlin
briserai	briser
cocos	coco
sucrée	sucrer
relaxation	relaxation
puait	puer
chuckles	chuckles
hollandaise	hollandais
inaudible	inaudible
dmitri	dmitri
vijay	vijay
haïssez	haïr
hewitt	hewitt
aristote	aristote
hayward	hayward
stats	stats
plaignez	plaindre
aww	aww
fredonne	fredonner
mãªme	mãªme
établissements	établissement
coral	coral
remue-toi	remue-toi
grouiller	grouiller
bruyamment	bruyamment
existez	exister
génome	génome
épatante	épatant
débarquez	débarquer
tuile	tuile
inondée	inonder
stefano	stefano
tut	taire
retournement	retournement
débranche	débrancher
hitman	hitman
revolvers	revolver
préoccupes	préoccuper
prétentieuse	prétentieux
défensives	défensive
mikael	mikael
posez-moi	posez-moi
retourniez	retourner
délices	délice
arden	arden
rigoureux	rigoureux
étrangleur	étrangleur
perturbés	perturber
bouclés	boucler
jock	jock
héroïques	héroïque
enough	enough
écouterais	écouter
quint	quint
partagés	partager
assemblage	assemblage
babs	babs
lieutenant-colonel	lieutenant-colonel
rosbif	rosbif
rejoignons	rejoindre
démoniaques	démoniaque
pipeline	pipeline
pardonnons	pardonner
montrerait	montrer
accompagnerai	accompagner
prude	prude
museau	museau
ndt	ndt
sister	sister
embêterait	embêter
bagarrer	bagarrer
zod	zod
recoin	recoin
opèrent	opérer
whitehall	whitehall
vénérable	vénérable
start	start
antidouleurs	antidouleurs
analystes	analyste
sculpté	sculpter
vecteur	vecteur
mm-hm	mm-hm
charismatique	charismatique
connaîtrez	connaître
gravée	graver
pulvériser	pulvériser
mako	mako
keisha	keisha
esquimaux	esquimau
kt	kt
croyante	croyant
scorpions	scorpion
euphorie	euphorie
platonique	platonique
lamenter	lamenter
défunts	défunt
inviterai	inviter
salam	salam
salaam	salaam
burritos	burritos
rothschild	rothschild
olé	olé
wake	wake
brioches	brioche
subissent	subir
répandent	répandre
continental	continental
booker	booker
désespère	désespérer
défais	défaire
redis-moi	redis-moi
pfff	pfff
débarrassez	débarrasser
congeler	congeler
sève	sève
essaim	essaim
poserait	poser
chaman	chaman
chapelet	chapelet
inconvenant	inconvenant
sclérose	sclérose
samuels	samuels
forcent	forcer
amor	amor
perçoit	percevoir
butte	butte
brule	brule
théière	théière
réchauffé	réchauffé
achetons	acheter
defense	defense
taels	tael
épouseras	épouser
venez-en	venez-en
habitation	habitation
asgard	asgard
nommés	nommer
enroulé	enrouler
coast	coast
pluton	pluton
laissa	laisser
orale	orale
garderas	garder
notres	notres
aphrodisiaque	aphrodisiaque
renards	renard
trahirai	trahir
indirectement	indirectement
ponton	ponton
apparut	apparaître
berg	berg
disséquer	disséquer
immigré	immigré
bey	bey
heure-là	heure-là
écailles	écailler
éventuel	éventuel
boche	boche
draguée	draguer
charrue	charrue
négligée	négliger
limo	limo
malfaiteurs	malfaiteur
coiffée	coiffer
cligner	cligner
regardez-ça	regardez-ça
poursuivrai	poursuivre
kidnappés	kidnapper
significative	significatif
tentera	tenter
faucons	faucon
jiro	jiro
waiting	waiting
maxie	maxie
chantonne	chantonner
vieillissement	vieillissement
vietnamien	vietnamien
chamailler	chamailler
laverne	laverne
scarlet	scarlet
nourrissant	nourrissant
menons	mener
essor	essor
mensuel	mensuel
cabanon	cabanon
spirituels	spirituel
confrères	confrère
brillait	briller
fallait-il	fallait-il
fournie	fournir
abonnés	abonner
molles	mou
wolfgang	wolfgang
ruelles	ruelle
sylar	sylar
abusif	abusif
lombaire	lombaire
repêché	repêcher
voyageant	voyager
danserai	danser
déceptions	déception
lasso	lasso
moulant	moulant
avorté	avorter
proc	proc
diem	diem
cornet	cornet
filou	filou
enid	enid
renonces	renoncer
transportent	transporter
envahie	envahir
kyste	kyste
répartition	répartition
kemal	kemal
intitule	intituler
intactes	intact
péninsule	péninsule
lauriers	laurier
klan	klan
surveillera	surveiller
charogne	charogne
midnight	midnight
glucides	glucide
compétitions	compétition
18ème	18ème
regroupe	regrouper
scrotum	scrotum
microbe	microbe
biggie	biggie
suicidaires	suicidaire
rigolait	rigoler
quitta	quitter
cycliste	cycliste
jugulaire	jugulaire
sgt	sgt
12ème	12ème
battront	battre
espionnais	espionner
she'	she'
annonçant	annoncer
disions	dire
conventionnelle	conventionnel
écrasante	écrasant
gamelle	gamelle
bingley	bingley
secouriste	secouriste
choisissons	choisir
pal	pal
carillon	carillon
pã	pã
hublot	hublot
jeun	jeun
approuvez	approuver
photographique	photographique
kidnappe	kidnapper
fermait	fermer
bourrique	bourrique
licornes	licorne
shut	shut
pardonneras	pardonner
théodore	théodore
nettoyais	nettoyer
zimmerman	zimmerman
archange	archange
violez	violer
kahlan	kahlan
dominos	domino
faudra-t-il	faudra-t-il
dawkins	dawkins
ban	ban
andreï	andreï
shun	shun
vernissage	vernissage
inouï	inouï
imprudente	imprudent
camaro	camaro
cardinaux	cardinal
dominante	dominante
wobbly	wobbly
rhin	rhin
décline	décliner
siamois	siamois
goose	goose
complots	complot
pollock	pollock
bougeons	bouger
swann	swann
trois-là	trois-là
monarque	monarque
septique	septique
lucrezia	lucrezia
tremblez	trembler
ravens	ravens
fougueux	fougueux
nobody	nobody
kol	kol
distinctes	distinct
cimetières	cimetière
étau	étau
collatéral	collatéral
moqueries	moquerie
remplacés	remplacer
fumées	fumée
couchera	coucher
sordides	sordide
hindi	hindi
retiendra	retenir
guidés	guider
trésorerie	trésorerie
sunday	sunday
navets	navet
valider	valider
dégueulasses	dégueulasser
tripote	tripoter
goes	goes
shooting	shooting
word	word
traditionnels	traditionnel
dortoirs	dortoir
gèrent	gérer
tirerait	tirer
ecoutons	ecoutons
applaudissement	applaudissement
lisbeth	lisbeth
lundis	lundi
débloques	débloquer
rhino	rhino
giggity	giggity
éviterais	éviter
revendique	revendiquer
belinda	belinda
survole	survoler
talc	talc
assemble	assembler
sapiens	sapiens
agrandissement	agrandissement
dissimule	dissimuler
royaux	royal
rancœur	rancœur
tomberai	tomber
déchaînée	déchaîner
battrais	battre
catacombes	catacombe
turin	turin
enlevons	enlever
foutrais	foutre
hésites	hésiter
glou	glou
tropical	tropical
shrek	shrek
reptile	reptile
sy	sy
encouragée	encourager
désignée	désigner
ilya	ilya
proposée	proposer
activés	activer
aye	aye
chuchotements	chuchotement
étudions	étudier
kremlin	kremlin
colocs	colocs
canine	canine
multiplier	multiplier
disperse	disperser
morelli	morelli
futés	futé
faust	faust
jing	jing
problémes	problémes
logis	logis
influents	influent
digère	digérer
croix-rouge	croix-rouge
dorées	dorer
salve	salve
physio	physio
conductrice	conducteur
obligent	obliger
stupéfait	stupéfait
construisez	construire
oskar	oskar
néglige	négliger
marthe	marthe
rai	rai
kei	kei
bouffent	bouffer
courtiser	courtiser
vertueuse	vertueux
orbites	orbite
bastion	bastion
partageant	partageant
under	under
immatriculée	immatriculer
sublimes	sublime
wash	wash
célestes	céleste
vickie	vickie
finalistes	finaliste
théâtral	théâtral
bum	bum
chiba	chiba
compresse	compresse
alertez	alerter
indésirable	indésirable
couvrant	couvrant
california	california
réfuter	réfuter
dînez	dîner
sautée	sauter
régisseur	régisseur
jugeote	jugeote
possédons	posséder
réveillais	réveiller
tralala	tralala
6h30	6h30
imposteurs	imposteur
tegana	tegana
accomplit	accomplir
triplé	triplé
séchée	sécher
déroute	déroute
palette	palette
thermiques	thermique
foreuse	foreuse
séparera	séparer
enfilez	enfiler
réformes	réforme
clifton	clifton
same	same
maru	maru
lights	lights
enfreins	enfreindre
devrai-je	devrai-je
grimaces	grimace
gatsby	gatsby
aviv	aviv
blason	blason
nike	nike
forer	forer
seaver	seaver
bajorans	bajorans
someone	someone
rafa	rafer
imité	imité
déserteurs	déserteur
offrais	offrir
paramount	paramount
somalie	somalie
embryons	embryon
dissous	dissoudre
baladent	balader
akiko	akiko
variétés	variété
bosch	bosch
utilisiez	utiliser
consciencieux	consciencieux
flashé	flasher
retournerez	retourner
shu	shu
comportait	comporter
wibbly	wibbly
while	while
prend-il	prend-il
lobo	lobo
méritons	mériter
gal	gal
aigri	aigri
entités	entité
season	season
paloma	paloma
urgentes	urgent
many	many
défiguré	défigurer
kel	kel
lisez-le	lisez-le
shark	shark
hackett	hackett
concerto	concerto
amorce	amorce
yee	yee
sunil	sunil
mercredis	mercredi
drago	drago
eta	eta
pilate	pilate
pécher	pécher
trav	trav
games	games
discorde	discorde
équilibrée	équilibrer
vicodin	vicodin
présumer	présumer
légèreté	légèreté
facs	fac
circoncis	circoncis
tâcher	tâcher
emprisonnée	emprisonner
sollicité	solliciter
cardassia	cardassia
majeures	majeur
allusions	allusion
favela	favela
physiologie	physiologie
altruiste	altruiste
servons	servir
monster	monster
éruptions	éruption
barracuda	barracuda
feraient-ils	feraient-ils
darrell	darrell
mentant	mentir
parviennent	parvenir
evil	evil
lynne	lynne
yogi	yogi
simulations	simulation
lose	lose
cubs	cubs
aphrodite	aphrodite
entertainment	entertainment
hã	hã
peppino	peppino
fabriquait	fabriquer
ba'	ba'
chambellan	chambellan
xiii	xiii
ferons-nous	ferons-nous
ossements	ossement
blackwell	blackwell
tentations	tentation
désolées	désolé
retouches	retoucher
grises	gris
landon	landon
coffee	coffee
belgrade	belgrade
courroux	courroux
dépressive	dépressif
réservées	réserver
mystery	mystery
allument	allumer
vale	vale
suivrons	suivre
millimètre	millimètre
daube	daube
stoppe	stopper
ressens-tu	ressens-tu
dégénérer	dégénérer
regarda	regarder
cobalt	cobalt
véridique	véridique
spectres	spectre
approfondir	approfondir
scandaleuse	scandaleux
genji	genji
eunice	eunice
bas-fonds	bas-fond
presley	presley
ole	ole
vaisseau-mère	vaisseau-mère
archéologie	archéologie
rends-lui	rends-lui
argus	argus
remontes	remonter
recensement	recensement
mouraient	mourir
vire-moi	vire-moi
irrationnelle	irrationnelle
tendues	tendre
boulon	boulon
inappropriée	inapproprié
refusons	refuser
affectueusement	affectueusement
dugan	dugan
noelle	noelle
sarge	sarge
justification	justification
donnes-moi	donnes-moi
calamité	calamité
troué	trouer
cartable	cartable
soupçonnez	soupçonner
équiper	équiper
souplesse	souplesse
aristocrate	aristocrate
secousses	secousse
perpétuel	perpétuel
éternuer	éternuer
nounous	nounou
rédige	rédiger
visqueux	visqueux
rebeller	rebeller
briserait	briser
gangrène	gangrène
chiotte	chiotte
volons	voler
tournesol	tournesol
mckenna	mckenna
sortions	sortir
lifting	lifting
terminez	terminer
sark	sark
écoulement	écoulement
israel	israel
devinrent	devenir
insomnies	insomnie
defiant	defiant
méthodique	méthodique
relâchez-le	relâchez-le
citrouilles	citrouille
alu	alu
mâchoires	mâchoire
culots	culot
blablabla	blablabla
échangés	échanger
genevieve	genevieve
descends-le	descends-le
contraception	contraception
fermais	fermer
appela	appeler
organisait	organiser
sensuelle	sensuel
fleuri	fleuri
obtiendras	obtenir
ex-petite	ex-petite
dib	dib
désinfecter	désinfecter
sapins	sapin
spots	spot
donnez-m'	donnez-m'
préférences	préférence
dirais-je	dirais-je
préhistorique	préhistorique
falsifier	falsifier
effigie	effigie
ml	ml
prioritaires	prioritaire
commandait	commander
dédommager	dédommager
aériens	aérien
scotché	scotcher
ortho	ortho
redis-le	redis-le
izumi	izumi
save	save
minois	minois
natifs	natif
similitudes	similitude
brouette	brouette
stratège	stratège
souffrais	souffrir
dégât	dégât
rebut	rebut
falco	falco
highland	highland
trousseau	trousseau
poulettes	poulet
dov	dov
alternatif	alternatif
albinou	albinou
direz-vous	direz-vous
chantaient	chanter
gogol	gogol
deluxe	deluxe
volcanique	volcanique
proposons	proposer
monoxyde	monoxyde
identifiez-vous	identifiez-vous
fane	fane
maynard	maynard
inventez	inventer
multiplient	multiplier
tueries	tuerie
inébranlable	inébranlable
cordialement	cordialement
myrtille	myrtille
cousines	cousin
minimale	minimal
persévérer	persévérer
malveillant	malveillant
étire	étire
tons	ton
liasse	lier
transparente	transparent
splendides	splendide
dissout	dissoudre
jemaine	jemaine
yamada	yamada
réglementaire	réglementaire
ressortie	ressortie
végétariens	végétarien
mallard	mallard
horne	horne
severide	severide
enfermées	enfermer
speaker	speaker
lundy	lundy
chagrine	chagriner
lonely	lonely
nagent	nager
eternel	eternel
chatouiller	chatouiller
systeme	systeme
résonance	résonance
faisan	faisan
enchaînés	enchaîner
rodgers	rodgers
commanditaire	commanditaire
citoyenneté	citoyenneté
raisonnablement	raisonnablement
dis-donc	dis-donc
bouclez-la	bouclez-la
hérétiques	hérétique
wynn	wynn
déposes	déposer
marlin	marlin
connelly	connelly
réceptions	réception
sprint	sprint
voss	voss
pisses	pisse
stackhouse	stackhouse
folklore	folklore
graisses	graisse
rentrerons	rentrer
incompris	incompris
sauverait	sauver
anormalement	anormalement
hamid	hamid
éternue	éternuer
korsak	korsak
entretuent	entretuer
calculatrice	calculatrice
trenton	trenton
nai	nai
marcherai	marcher
barrons-nous	barrons-nous
blâmez	blâmer
batista	batista
marv	marv
donateur	donateur
parachutes	parachuter
retournerait	retourner
pardonnerez	pardonner
damnée	damner
mooney	mooney
attentionnée	attentionné
lon	lon
fidèlement	fidèlement
écoute-le	écoute-le
tomberas	tomber
shell	shell
chômeur	chômeur
modération	modération
containers	container
yémen	yémen
bureaucrates	bureaucrate
alina	alina
incombe	incomber
zarbi	zarbi
electric	electric
redevenue	redevenir
fabio	fabio
neutralise	neutraliser
féministes	féministe
matador	matador
réessaie	réessayer
lefty	lefty
viral	viral
revendiquer	revendiquer
longitude	longitude
addy	addy
draguait	draguer
antérieur	antérieur
créera	créer
réfectoire	réfectoire
humainement	humainement
emmène-les	emmène-les
intermédiaires	intermédiaire
defiance	defiance
infamie	infamie
grantham	grantham
0ui	0ui
augie	augie
haynes	haynes
invincibles	invincible
hawking	hawking
protègera	protègera
modes	mode
trimballer	trimballer
english	english
en-bas	en-bas
garde-moi	garde-moi
effacez	effacer
planqués	planquer
espionné	espionner
abords	abord
barksdale	barksdale
clics	clic
biliaire	biliaire
limbes	limbe
agente	agent
lises	lire
reposait	reposer
repeint	repeindre
pitbull	pitbull
musicaux	musical
ritter	ritter
addams	addams
remercierai	remercier
passe-passe	passe-passe
perpétuer	perpétuer
reparte	repartir
pointus	pointu
organises	organiser
lantern	lantern
holliday	holliday
raids	raid
mesa	mesa
parlementaire	parlementaire
guerrero	guerrero
antoinette	antoinette
enlevait	enlever
régimes	régime
lointaines	lointain
répétais	répéter
seamus	seamus
transformant	transformer
destructrice	destructeur
mongolie	mongolie
kes	kes
déformation	déformation
garderez	garder
symétrie	symétrie
proxénète	proxénète
gagnerons	gagner
commettez	commettre
nikolai	nikolai
escort	escort
pleurnichard	pleurnichard
westchester	westchester
alive	alive
mocassins	mocassin
indescriptible	indescriptible
bureaucrate	bureaucrate
toucherez	toucher
mavis	mavis
bai	bai
cellier	cellier
tomie	tomie
finisses	finir
hermès	hermès
fuel	fuel
verrouillées	verrouiller
royales	royal
pardi	pardi
compétents	compétent
anastasia	anastasia
glaive	glaive
sarcophage	sarcophage
parfumé	parfumer
recalé	recaler
lots	lot
ito	ito
lavés	laver
insolite	insolite
touchais	toucher
pratiquant	pratiquant
toy	toy
libye	libye
retiendrai	retenir
présomption	présomption
traversera	traverser
égyptienne	égyptienne
maquille	maquille
obliges	obliger
rest	rest
mordant	mordant
émile	émile
participes	participer
potts	potts
appropriés	approprier
éboueurs	éboueur
legs	legs
pines	pine
influences	influencer
avalez	avaler
convainc	convaincre
substitution	substitution
contourne	contourner
répondiez	répondre
cérébraux	cérébral
commandité	commandité
bannister	bannister
friedman	friedman
prétendue	prétendu
abrams	abrams
vérifiée	vérifier
digéré	digérer
jouions	jouer
cagnotte	cagnotte
restez-vous	restez-vous
offertes	offrir
19ème	19ème
craignant	craindre
ooo	ooo
quatuor	quatuor
half	half
stands	stand
terreurs	terreur
pacino	pacino
thom	thom
mayfield	mayfield
waw	waw
débriefing	débriefing
kebab	kebab
alonzo	alonzo
boeufs	boeuf
forget	forget
morose	morose
demeurent	demeurer
chrome	chrome
télégrammes	télégramme
filante	filant
exercé	exercé
mongo	mongo
accumulation	accumulation
irakiens	irakien
garniture	garniture
emballés	emballer
impliquait	impliquer
juives	juif
opté	opter
rollers	roller
programmés	programmer
cinématographique	cinématographique
révélés	révéler
towers	towers
adorons	adorer
oaks	oaks
mika	mika
désinvolte	désinvolte
clôtures	clôturer
médiocrité	médiocrité
excelle	exceller
rétention	rétention
perdiez	perdre
allocations	allocation
ralphie	ralphie
éclore	éclore
ardemment	ardemment
mormons	mormon
tétanos	tétanos
dormirais	dormir
grosseur	grosseur
visualiser	visualiser
testicule	testicule
répliquer	répliquer
bénissez	bénir
surréaliste	surréaliste
submergée	submerger
psychanalyse	psychanalyse
vetements	vetements
pcv	pcv
connaisseur	connaisseur
wren	wren
kyung	kyung
guérissent	guérir
renseigne-toi	renseigne-toi
gagnant-gagnant	gagnant-gagnant
foncés	foncé
lnternet	lnternet
brant	brant
und	und
comanches	comanches
précisions	précision
generation	generation
revendiqué	revendiquer
jihad	jihad
coïncide	coïncider
hawkes	hawkes
punks	punk
bâtonnets	bâtonnet
chignon	chignon
paroissiens	paroissien
bazooka	bazooka
passe-lui	passe-lui
inhabituelles	inhabituel
baissés	baisser
golem	golem
inutilisable	inutilisable
laps	laps
atmosphérique	atmosphérique
collabore	collaborer
missionnaires	missionnaire
ajournée	ajourner
groupies	groupie
tyra	tyra
résulte	résulter
mobiliser	mobiliser
platt	platt
siegel	siegel
saxophone	saxophone
pètes	péter
péquenaud	péquenaud
restantes	restant
dites-le-lui	dites-le-lui
bao	bao
éleveur	éleveur
avi	avi
armageddon	armageddon
croises	croiser
procès-verbal	procès-verbal
écœurant	écœurant
juke-box	juke-box
attraperai	attraper
brocolis	brocoli
colérique	colérique
attirez	attirer
gisèle	gisèle
terence	terence
acolytes	acolyte
découvriras	découvrir
tchétchénie	tchétchénie
tory	tory
nietzsche	nietzsche
battons-nous	battons-nous
quotidiennes	quotidien
rendrons	rendre
caméscope	caméscope
rente	rente
tolérant	tolérant
passe-le	passe-le
chewing	chewing
naina	naina
perron	perron
perfide	perfide
twin	twin
persuadés	persuader
annika	annika
pâles	pâle
intensif	intensif
recel	recel
contre-interrogatoire	contre-interrogatoire
reclus	reclus
dégradé	dégradé
insistant	insistant
stades	stade
étonnement	étonnement
empli	emplir
factions	faction
tremblant	tremblant
born	born
addic7ed	addic7ed
shooté	shooté
emplacements	emplacement
dénigrer	dénigrer
noué	nouer
geller	geller
chercherais	chercher
reussi	reussi
refais-le	refais-le
importé	importer
survoler	survoler
prairies	prairie
repartons	repartir
ops	ops
précipitée	précipiter
gaufre	gaufre
bricole	bricole
crassus	crassus
ruptures	rupture
fallut	falloir
bonds	bond
défectueuse	défectueux
perfectionner	perfectionner
gretel	gretel
effectuée	effectuer
serments	serment
résistera	résister
admettez-le	admettez-le
scalp	scalp
shirô	shirô
enchaînement	enchaînement
descendez-le	descendez-le
cabale	cabale
nik	nik
ibm	ibm
ouvriront	ouvrir
putin	putin
dupree	dupree
accoutrement	accoutrement
corral	corral
mulet	mulet
tire-bouchon	tire-bouchon
bloques	bloquer
jetterais	jeter
ménages	ménage
myope	myope
homie	homie
napa	napa
réalisa	réaliser
cancéreux	cancéreux
branlée	branler
bergman	bergman
espérez-vous	espérez-vous
coquins	coquin
calice	calice
cath	cath
injures	injure
approchera	approcher
évincer	évincer
dégainer	dégainer
traîtrise	traîtrise
mojo	mojo
stephan	stephan
eyre	eyre
baissent	baisser
connaîtrais	connaître
fleurir	fleurir
ébauche	ébauche
dubbing	dubbing
mcdo	mcdo
comes	comes
hospitalisée	hospitaliser
stupéfiante	stupéfiant
arrête-moi	arrête-moi
obésité	obésité
gênés	gêner
sciemment	sciemment
mouchards	mouchard
17e	17e
imprimeur	imprimeur
mettez-y	mettez-y
neiger	neiger
polaires	polaire
rocks	rock
renie	renier
carolina	carolina
sayonara	sayonara
yui	yui
dégourdir	dégourdir
pouffe	pouffer
lobby	lobby
comptera	compter
chapel	chapel
défendait	défendre
reflètent	refléter
basiques	basique
nestor	nestor
woodstock	woodstock
fémorale	fémoral
brailler	brailler
situer	situer
charming	charming
prendrez-vous	prendrez-vous
fossoyeur	fossoyeur
déjà-vu	déjà-vu
traditionnelles	traditionnel
réduisez	réduire
pelt	pelt
sèche-cheveux	sèche-cheveux
littardi	littardi
vérifiés	vérifier
colombien	colombien
furtivement	furtivement
vaincrons	vaincre
qualifie	qualifier
installes	installer
poutres	poutre
blindage	blindage
cheik	cheik
épousez	épouser
dégoter	dégoter
barnaby	barnaby
naisse	naître
touchante	touchant
mayas	maya
chapiteau	chapiteau
asperge	asperge
rencontra	rencontrer
penchée	pencher
froussard	froussard
drainer	drainer
cata	cata
consortium	consortium
soutenait	soutenir
byers	byers
condor	condor
libère-moi	libère-moi
bimbo	bimbo
dater	dater
burning	burning
retrouva	retrouver
alto	alto
pénalité	pénalité
douteuses	douteux
iriez-vous	iriez-vous
tragiquement	tragiquement
connections	connexion
burbank	burbank
yumiko	yumiko
écriviez	écrire
dompter	dompter
revérifier	revérifier
ailier	ailier
nouveautés	nouveauté
guillermo	guillermo
gregg	gregg
roxie	roxie
émane	émaner
humilie	humilier
poussera	pousser
sinistres	sinistre
mages	mage
brook	brook
équité	équité
boursier	boursier
hub	hub
sauriez-vous	sauriez-vous
enchanteur	enchanteur
joins-toi	joins-toi
envoyez-les	envoyez-les
piastres	piastre
encercler	encercler
bluth	bluth
fondées	fonder
trotte	trotte
15ème	15ème
pancake	pancake
irritant	irritant
pépins	pépin
deuxieme	deuxieme
amenez-vous	amenez-vous
nicaragua	nicaragua
paulette	paulette
finissais	finir
q.i.	q.i.
rankin	rankin
écolière	écolier
étalé	étaler
sérénade	sérénade
extras	extra
calhoun	calhoun
phénoménal	phénoménal
méconnaissable	méconnaissable
exagérée	exagérer
seigle	seigle
tète	téter
vacciner	vacciner
paniquée	paniquer
capri	capri
prisonnières	prisonnier
traumatique	traumatique
brochette	brochette
akbar	akbar
halète	haleter
raconte-lui	raconte-lui
canadian	canadian
nominé	nominer
told	told
whole	whole
arôme	arôme
linceul	linceul
pia	pia
minutieusement	minutieusement
déraillé	dérailler
référer	référer
chandelier	chandelier
posez-vous	posez-vous
piétons	piéton
surveillons	surveiller
goujat	goujat
documentation	documentation
comportez	comporter
williamson	williamson
arrivions	arriver
pommettes	pommette
cleary	cleary
closes	clos
renault	renault
agamemnon	agamemnon
tendons	tendon
marat	marat
cherokee	cherokee
succursale	succursale
madagascar	madagascar
coupon	coupon
zebra	zebra
nia	nier
ucla	ucla
énigmatique	énigmatique
expliquez-nous	expliquez-nous
amélie	amélie
shoote	shooter
yusuf	yusuf
motels	motel
howell	howell
lennie	lennie
barone	barone
pesticides	pesticide
garderait	garder
applaudi	applaudir
flancs	flanc
terrorise	terroriser
remous	remous
antiquaire	antiquaire
securite	securite
entraînais	entraîner
ambulante	ambulant
perdit	perdre
imparfait	imparfait
quitterait	quitter
plymouth	plymouth
caramels	caramel
invraisemblable	invraisemblable
mass	mass
rappellerais	rappeler
doublez	doubler
collin	collin
régénérer	régénérer
dérivés	dériver
voulut	vouloir
myself	myself
descendais	descendre
thermostat	thermostat
taffe	taffe
groenland	groenland
utopie	utopie
seeley	seeley
cubaine	cubain
transpercer	transpercer
vertèbre	vertèbre
othello	othello
saroyan	saroyan
birkhoff	birkhoff
rends-la-moi	rends-la-moi
saracen	saracen
écrirais	écrire
hirondelle	hirondelle
dévorent	dévorer
dégonfler	dégonfler
astheure	astheure
ulrich	ulrich
jaillir	jaillir
gruber	gruber
qin	qin
moue	moue
quill	quill
garde-manger	garde-manger
regarderait	regarder
nishi	nishi
lice	lice
résine	résine
réticent	réticent
désaccords	désaccord
effrontée	effronté
agriculteurs	agriculteur
malachi	malachi
basculé	basculer
alger	alger
palpitations	palpitation
pense-t-il	pense-t-il
friedrich	friedrich
surnaturelle	surnaturel
raviver	raviver
fourneau	fourneau
yo-yo	yo-yo
guérisse	guérir
sylvain	sylvain
insecticide	insecticide
parcequ'	parcequ'
déshabillée	déshabiller
reston	reston
chaufferie	chaufferie
permettront	permettre
saluons	saluer
déchaîne	déchaîner
couvrirai	couvrir
ajouterai	ajouter
yaourts	yaourt
lindy	lindy
absinthe	absinthe
cheminées	cheminée
canailles	canaille
géographique	géographique
préfére	préfére
avisez	aviser
afro-américains	afro-américain
entailles	entaille
indétectable	indétectable
accordes	accorder
auxiliaires	auxiliaire
katz	katz
j.c.	j.c.
propane	propane
syndical	syndical
shi	shi
phone	phone
ratisser	ratisser
insignifiants	insignifiant
laids	laid
dentistes	dentiste
mmmh	mmmh
jean-claude	jean-claude
tk	tk
fictif	fictif
ressler	ressler
scarface	scarface
dévastateur	dévastateur
vérifiera	vérifier
corporels	corporel
moquaient	moquer
puiser	puiser
might	might
baignade	baignade
corbin	corbin
physiologique	physiologique
condé	condé
attachez-le	attachez-le
exhumer	exhumer
new-yorkaise	new-yorkais
ass	ass
manivelle	manivelle
remparts	rempart
superficielles	superficiel
naïfs	naïf
ordonnée	ordonner
hightower	hightower
détruiront	détruire
profane	profane
vendaient	vendre
vulgarité	vulgarité
palmier	palmier
télégraphe	télégraphe
romancier	romancier
imposent	imposer
phaseur	phaseur
centurion	centurion
obscènes	obscène
immobiles	immobile
squat	squat
babette	babette
spiritualité	spiritualité
caruso	caruso
menotter	menotter
indolore	indolore
claudette	claudette
prozac	prozac
paintball	paintball
youssef	youssef
meng	meng
méthamphétamine	méthamphétamine
fous-lui	fous-lui
allaiter	allaiter
sandro	sandro
creusent	creuser
bienvenues	bienvenu
moulins	moulin
budgets	budget
woodward	woodward
can'	can'
rios	rios
macarthur	macarthur
seiya	seiya
chevron	chevron
écarlate	écarlate
alliées	allier
affoler	affoler
majuscule	majuscule
ressorts	ressort
créanciers	créancier
solstice	solstice
alvaro	alvaro
abrutie	abrutir
jalouses	jaloux
jouit	jouir
hallelujah	hallelujah
détenez	détenir
usages	usage
écoutez-le	écoutez-le
mante	mante
cruelles	cruel
winger	winger
évitais	éviter
walking	walking
incendier	incendier
jolene	jolene
anaïs	anaïs
yumi	yumi
bakersfield	bakersfield
plaidez-vous	plaidez-vous
spirit	spirit
rappliquer	rappliquer
accepteriez	accepter
vigiles	vigile
anarchistes	anarchiste
list	list
occupe-t'	occupe-t'
tapant	tapant
spielberg	spielberg
démissionnes	démissionner
câliner	câliner
tiges	tige
fois-là	fois-là
européennes	européen
fais-je	fais-je
stricts	strict
call-girl	call-girl
huer	huer
pee	pee
oublierons	oublier
dégoûtée	dégoûter
mondaine	mondain
elm	elm
vicomte	vicomte
panse	panse
infériorité	infériorité
ebola	ebola
pénale	pénal
australiens	australien
secouristes	secouriste
réglages	réglage
couté	couté
étouffes	étouffer
fm	fm
rudes	rude
capoter	capoter
couraient	courir
léguer	léguer
bitch	bitch
puit	puit
recousu	recoudre
buckner	buckner
appreniez	apprendre
génitaux	génital
aisha	aisha
purple	purple
incompétents	incompétent
rhea	rhea
stratton	stratton
figurant	figurant
conduisez-moi	conduisez-moi
minime	minime
confirmés	confirmer
rembobine	rembobiner
maîtrises	maîtrise
ls	ls
fantasmer	fantasmer
vrombissement	vrombissement
pendent	pendre
aperçus	aperçu
éclairci	éclaircir
renoncerai	renoncer
nyborg	nyborg
flocon	flocon
suffisament	suffisament
roddy	roddy
caste	caste
sous-titres.eu	sous-titres.eu
vice-roi	vice-roi
jeannette	jeannette
souder	souder
snobs	snob
occuperons	occuper
baton	baton
parvenue	parvenu
légitimité	légitimité
sphinx	sphinx
sole	sole
élise	élire
suivit	suivre
laszlo	laszlo
augustine	augustine
gould	gould
trisha	trisha
tino	tino
presses	presse
hoynes	hoynes
démonte	démonter
pavot	pavot
kass	kass
respiré	respirer
attrape-moi	attrape-moi
té	té
décampe	décamper
jansen	jansen
rétrécir	rétrécir
autochtones	autochtone
shériff	shériff
parée	parer
gravure	gravure
exécutez	exécuter
déclarés	déclarer
expédie	expédier
chimpanzés	chimpanzé
volker	volker
avant-première	avant-première
ripoux	ripoux
downing	downing
bibliothèques	bibliothèque
fiez	fier
anatomy	anatomy
gustavo	gustavo
insoutenable	insoutenable
enseignes	enseigne
century	century
fouette	fouetter
remplaçants	remplaçant
lingettes	lingette
dobson	dobson
constantin	constantin
laque	laque
hippopotame	hippopotame
mangerez	manger
respectais	respecter
bourde	bourde
biggs	biggs
médiums	médium
luciole	luciole
détruisons	détruire
traitais	traiter
éclatante	éclatant
misa	miser
survêtement	survêtement
effacera	effacer
chlorure	chlorure
zoomer	zoomer
égaler	égaler
mijoter	mijoter
cosette	cosette
valdez	valdez
manqueront	manquer
ignorante	ignorant
devises	deviser
chandra	chandra
poulpe	poulpe
concessionnaire	concessionnaire
ressente	ressentir
adressez	adresser
épier	épier
rugissement	rugissement
ruxin	ruxin
livrerai	livrer
hate	hate
survivront	survivre
ingéré	ingérer
what'	what'
epargne-moi	epargne-moi
décadence	décadence
agacé	agacer
saïd	saïd
cetera	cetera
barricades	barricader
envier	envier
hostilités	hostilité
payaient	payer
kota	kota
lasalle	lasalle
citerne	citerne
philosophes	philosophe
polyester	polyester
fucking	fucking
répartie	répartir
sellette	sellette
lunch	lunch
quand-même	quand-même
inonder	inonder
turban	turban
municipaux	municipal
par-delà	par-delà
contrebandiers	contrebandier
écoliers	écolier
profitera	profiter
hippodrome	hippodrome
cb	cb
meule	meule
écorché	écorché
ha-ha	ha-ha
fed	fed
accrochent	accrocher
habib	habib
législation	législation
braille	braille
casquettes	casquette
lamentations	lamentation
invitait	inviter
changea	changer
oren	oren
ophélie	ophélie
synch	synch
défends-toi	défends-toi
crû	croître
californien	californien
wickham	wickham
galipettes	galipette
ressortent	ressortir
avérée	avérer
jute	jute
remettait	remettre
supermarchés	supermarché
gobelets	gobelet
bataillons	bataillon
momentanément	momentanément
proclame	proclamer
gã	gã
éleveurs	éleveur
clips	clip
témoignez	témoigner
trouveraient	trouver
survivras	survivre
mono	mono
menuisier	menuisier
chevreuil	chevreuil
carafe	carafe
aisée	aisé
matérielle	matériel
bath	bath
teinte	teinte
imagine-toi	imagine-toi
kids	kid
aventuriers	aventurier
funérarium	funérarium
interminables	interminable
identifiant	identifiant
productive	productif
rétréci	rétréci
frénésie	frénésie
reçut	recevoir
admirait	admirer
filleul	filleul
glissent	glisser
épluché	éplucher
profitons-en	profitons-en
baskerville	baskerville
vick	vick
périphérie	périphérie
incontrôlables	incontrôlable
diagramme	diagramme
songes	songe
spiderman	spiderman
boulder	boulder
toucheras	toucher
neurologiques	neurologique
surnaturels	surnaturel
rayonne	rayonne
fêtard	fêtard
zapata	zapata
obtention	obtention
obstétrique	obstétrique
invisibilité	invisibilité
mausolée	mausolée
zoome	zoomer
accompagne-moi	accompagne-moi
bjorn	bjorn
renato	renato
s.s.	s.s.
synthétiques	synthétique
préservation	préservation
équitablement	équitablement
alana	alana
inspirés	inspirer
abonné	abonné
allégé	allégé
panache	panacher
eux-même	eux-même
supposées	supposer
mollie	mollir
quatres	quatres
créatrice	créateur
apaisant	apaisant
rogelio	rogelio
ouvrit	ouvrir
produisait	produire
enrichi	enrichi
pouilleux	pouilleux
lance-toi	lance-toi
refermé	refermer
teinturier	teinturier
lesbien	lesbien
primates	primate
kaji	kaji
merry	merry
branles	branler
diagnostiquer	diagnostiquer
shauna	shauna
mays	mays
dayton	dayton
impertinent	impertinent
kick	kick
perm	perm
émerge	émerger
assureur	assureur
emmèneras	emmener
donneriez	donner
roulotte	roulotte
ébats	ébattre
emmalin	emmalin
recueil	recueil
jens	jens
moment-même	moment-même
cassera	casser
tongs	tong
dillinger	dillinger
flamber	flamber
maladresse	maladresse
mutations	mutation
surgelés	surgeler
yorker	yorker
mêlez-vous	mêlez-vous
mcallister	mcallister
confettis	confetti
al-qaida	al-qaida
toscane	toscan
choisissant	choisir
keys	keys
romulien	romulien
retiens-toi	retiens-toi
incomplète	incomplet
stadium	stadium
winn	winn
fusco	fusco
weed	weed
dégrade	dégrader
épicée	épicé
mûrs	mûr
ventricule	ventricule
raclement	raclement
épileptique	épileptique
arrangeait	arranger
nies	nier
matthieu	matthieu
mclaren	mclaren
vacant	vacant
aligne	aligner
indian	indian
épanouie	épanouir
fraternel	fraternel
mobilité	mobilité
parmis	parmis
mondialement	mondialement
pontiac	pontiac
conduis-moi	conduis-moi
rommie	rommie
purifie	purifier
ferroviaire	ferroviaire
yukio	yukio
birthday	birthday
haha	haha
freres	freres
informaticien	informaticien
échos	écho
pesetas	peseta
détriment	détriment
blaireaux	blaireau
cochonnes	cochonne
lopette	lopette
rafi	rafi
collante	collante
admettant	admettre
pool	pool
stripteaseuse	stripteaseur
tournaient	tourner
assurant	assurer
hiboux	hibou
veilles	veille
ackerman	ackerman
zeppelin	zeppelin
12h	12h
sarajevo	sarajevo
montées	monter
immobiliser	immobiliser
langer	langer
mariait	marier
vestiges	vestige
marquent	marquer
lobos	lobos
dona	dona
angine	angine
rattrapée	rattraper
homme-là	homme-là
renverrai	renvoyer
lao	lao
peints	peindre
vlan	vlan
puerto	puerto
disais-tu	disais-tu
entrerez	entrer
énervait	énerver
éparpillés	éparpiller
consultez	consulter
est-ce-qui	est-ce-qui
hubble	hubble
égayer	égayer
miko	miko
perfect	perfect
sueurs	sueur
récifs	récif
caïmans	caïman
flippante	flippante
ogden	ogden
galanterie	galanterie
donaldson	donaldson
orgueilleux	orgueilleux
ludo	ludo
rosenberg	rosenberg
naîtra	naître
insistance	insistance
disparaîtront	disparaître
odette	odette
extorquer	extorquer
rollo	rollo
déchiqueter	déchiqueter
kayak	kayak
são	são
exceptionnelles	exceptionnel
contrôlais	contrôler
illuminer	illuminer
accumulent	accumuler
presente	presente
apelle	apelle
bonnement	bonnement
helsing	helsing
rolf	rolf
dejà	dejà
partridge	partridge
poursuive	poursuivre
non-sens	non-sens
scanne	scanner
éventuels	éventuel
levées	levée
quiche	quiche
médiocres	médiocre
sparrow	sparrow
partagerai	partager
parlée	parler
privilégiée	privilégié
prets	prets
tartines	tartine
ronflements	ronflement
télépathes	télépathe
fougue	fougue
dépravé	dépravé
pique-niquer	pique-niquer
fais-leur	fais-leur
inédit	inédit
réputée	réputer
spécialisés	spécialiser
adhérer	adhérer
sécurise	sécuriser
remarquerez	remarquer
caracas	caracas
dédier	dédier
massimo	massimo
keufs	keuf
accréditation	accréditation
sock	sock
occase	occase
riviera	riviera
interposer	interposer
trouve-la	trouve-la
dérangerai	déranger
accueillie	accueillir
départements	département
interrompus	interrompre
dérivation	dérivation
lucio	lucio
pilot	pilot
appelerai	appelerai
hindous	hindou
sauces	sauce
discernement	discernement
donne-les	donne-les
bœufs	bœufs
réussirai	réussir
rance	rance
skylar	skylar
himmler	himmler
auto-défense	auto-défense
gazouillis	gazouillis
réglés	régler
esr	esr
désobéissance	désobéissance
misez	miser
recevais	recevoir
reposée	reposée
postée	poster
hardman	hardman
périphérique	périphérique
brillamment	brillamment
lndien	lndien
contraventions	contravention
détachez	détacher
théatre	théatre
vittorio	vittorio
redémarre	redémarrer
banco	banco
rapproche-toi	rapproche-toi
parterre	parterre
nzt	nzt
redresse-toi	redresse-toi
centauris	centauris
rejetez	rejeter
deveniez	devenir
diminution	diminution
israélienne	israélien
expérimentés	expérimenter
interlocuteur	interlocuteur
virgile	virgile
pressant	pressant
sottise	sottise
publications	publication
porte-à-porte	porte-à-porte
désagrément	désagrément
conférés	conférer
nanites	nanites
stabler	stabler
gurren	gurren
milt	milt
dépensez	dépenser
figuré	figuré
globes	globe
perché	perché
réjouissez-vous	réjouissez-vous
déplaçant	déplacer
méthadone	méthadone
croisées	croiser
décliné	décliner
endora	endora
truquer	truquer
tenez-la	tenez-la
étranglement	étranglement
vitalité	vitalité
conspiré	conspirer
jessup	jessup
mystiques	mystique
woah	woah
jaillit	jaillir
merrill	merrill
activistes	activiste
rothstein	rothstein
tuiles	tuile
pla	pla
blanco	blanco
ryos	ryos
inférieures	inférieur
écrasant	écrasant
victory	victory
époustouflant	époustouflant
reach	reach
risquais	risquer
henning	henning
dénué	dénué
erré	errer
levy	levy
endurci	endurci
côlon	côlon
subtilité	subtilité
engloutir	engloutir
tricheurs	tricheur
commettent	commettre
disjoncteur	disjoncteur
goldstein	goldstein
hémoglobine	hémoglobine
fable	fable
souciais	soucier
tourelle	tourelle
scellées	sceller
intraçable	intraçable
herrmann	herrmann
caravanes	caravane
consensus	consensus
ouvrais	ouvrais
maple	maple
velvet	velvet
bellows	bellows
peuplé	peupler
ferengi	ferengi
ouragans	ouragan
croque-mitaine	croque-mitaine
c.c.	c.c.
continuation	continuation
timidité	timidité
haché	haché
jetais	jeter
achete	achete
quaterback	quaterback
survient	survenir
nuggets	nuggets
déformée	déformer
virtuellement	virtuellement
golfeur	golfeur
castors	castor
sipowicz	sipowicz
juliana	juliana
héberge	héberge
contraints	contraindre
profile	profiler
gaver	gaver
portoricain	portoricain
sari	sari
conjointe	conjoint
soupçonnait	soupçonner
envoyaient	envoyer
takahashi	takahashi
glissante	glissante
verraient	voir
14ème	14ème
inflige	infliger
extirper	extirper
plaignante	plaignant
frigide	frigide
craps	craps
compatibilité	compatibilité
amenais	amener
barrés	barrer
perforation	perforation
désorientée	désorienter
bipez	biper
irv	irv
cochise	cochise
pavaner	pavaner
jonesy	jonesy
couter	couter
constituent	constituer
porteront	porter
lacrosse	lacrosse
mutilation	mutilation
'et	'et
déballe	déballer
malia	malia
vertical	vertical
brossé	brosser
couvrez-vous	couvrez-vous
séjourné	séjourner
encombre	encombre
matelots	matelot
svetlana	svetlana
crucifier	crucifier
salomé	salomé
ola	ola
composez	composer
astiquer	astiquer
zappé	zapper
rendues	rendre
disputées	disputer
peiné	peiner
euro	euro
hormone	hormone
remontés	remonter
confisque	confisquer
o.k	o.k
mèneront	mener
tain	tain
caïn	caïn
échangerais	échanger
piéton	piéton
serons-nous	serons-nous
brodie	brodie
farouche	farouche
indispensables	indispensable
tillman	tillman
mûrir	mûrir
tintin	tintin
deline	deline
royalement	royalement
flanquer	flanquer
considérables	considérable
électrodes	électrode
brouillage	brouillage
braise	braise
sciure	sciure
sévices	sévices
confédérés	confédérer
chiants	chiant
bénéficie	bénéficier
toledo	toledo
hissez	hisser
fermeté	fermeté
milner	milner
braden	braden
spector	spector
électromagnétiques	électromagnétique
puer	puer
valentino	valentino
jauge	jauge
maussade	maussade
resserrer	resserrer
collectionneurs	collectionneur
suffisantes	suffisant
piétine	piétiner
bennie	bennie
meet	meet
marti	marti
écosystème	écosystème
pointés	pointer
jadzia	jadzia
raccompagné	raccompagner
beacon	beacon
bourreaux	bourreau
tosh	tosh
laveurs	laveur
ça.	ça.
gît	gésir
18h30	18h30
asseyais	asseoir
tournais	tourner
rejettes	rejeter
voilá	voilá
cueilli	cueillir
trager	trager
fansub	fansub
fixent	fixer
dai	dai
placements	placement
welch	welch
alba	alba
orques	orque
corroborer	corroborer
museum	museum
rejettent	rejeter
gap	gap
plaît-il	plaît-il
liber8	liber8
girard	girard
régression	régression
rentreront	rentrer
déchires	déchirer
regarde-ça	regarde-ça
signore	signore
renverra	renvoyer
dragueur	dragueur
tabitha	tabitha
sonique	sonique
tremplin	tremplin
ampli	ampli
transportée	transporter
rebonjour	rebonjour
miné	miner
ébullition	ébullition
biensûr	biensûr
night-club	night-club
meneuse	meneur
policières	policier
grossiers	grossier
tatouée	tatouer
interdisent	interdire
invitons	inviter
hashtag	hashtag
else	else
dowd	dowd
whelan	whelan
électrons	électron
polk	polk
loch	loch
av	av
ombilical	ombilical
favorites	favori
mormon	mormon
millicent	millicent
suprématie	suprématie
macha	macha
chypre	chypre
kaufman	kaufman
entraînera	entraîner
casserai	casser
rowe	rowe
mm-mm	mm-mm
arrêta	arrêter
défilés	défiler
infrarouges	infrarouge
collaboré	collaborer
hartmann	hartmann
aubergiste	aubergiste
blazer	blazer
comtés	comté
parkman	parkman
verveine	verveine
déboucher	déboucher
friction	friction
témoignerai	témoigner
fourrée	fourrée
went	went
flottait	flotter
apparaissait	apparaître
australienne	australien
casher	casher
nièces	nièce
possédant	possédant
tig	tig
dahl	dahl
irritation	irritation
réussirez	réussir
inachevé	inachevé
frau	frau
algorithmes	algorithme
vietnamiens	vietnamien
leone	leone
contributions	contribution
teo	teo
arrondir	arrondir
santino	santino
balaie	balayer
réprimer	réprimer
hr	hr
compresseur	compresseur
maury	maury
présentatrice	présentateur
collecté	collecter
apparts	appart
jantes	jante
rallume	rallumer
marionnettiste	marionnettiste
choucroute	choucroute
blye	blye
brouilleur	brouilleur
ibiza	ibiza
xiang	xiang
putnam	putnam
vidal	vidal
hombre	hombre
intuitions	intuition
lolos	lolo
mouise	mouise
avoue-le	avoue-le
évitée	éviter
rutledge	rutledge
sudiste	sudiste
évade	évader
démarches	démarcher
stig	stig
enfilé	enfiler
bloc-notes	bloc-notes
tire-moi	tire-moi
côtelette	côtelette
vitrines	vitrine
scripts	script
indiscrétion	indiscrétion
cheers	cheers
précipice	précipice
formait	former
jimmie	jimmie
wessex	wessex
contre-espionnage	contre-espionnage
volerai	voler
seok	seok
mélodrame	mélodrame
berné	berner
intérieurs	intérieur
classic	classic
koyuki	koyuki
norah	norah
matrix	matrix
figurer	figurer
emi	emi
kazakhstan	kazakhstan
kensington	kensington
bourbier	bourbier
prométhée	prométhée
mccluskey	mccluskey
queenie	queenie
pointilleux	pointilleux
carlito	carlito
survivrait	survivre
thai	thai
occultes	occulte
présumée	présumer
ramasses	ramasser
barack	barack
nunnally	nunnally
armures	armure
enfermez-le	enfermez-le
gerhardt	gerhardt
vénérer	vénérer
apportons	apporter
malédictions	malédiction
woh	woh
canning	canning
cylindres	cylindrer
jefe	jefe
lilian	lilian
affectueuse	affectueux
otez	otez
inepties	ineptie
blâmé	blâmer
escient	escient
obligées	obliger
populations	population
barrymore	barrymore
verrues	verrue
larynx	larynx
mahal	mahal
essayera	essayer
pathogène	pathogène
engourdi	engourdi
rouages	rouage
émancipation	émancipation
niklaus	niklaus
dégommer	dégommer
dej	dej
soulier	soulier
mégots	mégot
inquiéterais	inquiéter
ressers	resservir
trouer	trouer
démangeaisons	démangeaison
constat	constat
y-a-t'	y-a-t'
collimateur	collimateur
expriment	exprimer
administrative	administratif
individuelles	individuel
résigner	résigner
armistice	armistice
écartés	écarter
éteigne	éteindre
maltraitée	maltraiter
mambo	mambo
rama	ramer
fabriquées	fabriquer
divorcent	divorcer
serrez-vous	serrez-vous
sécurisés	sécuriser
cute	cute
endurcir	endurcir
clovis	clovis
philosophique	philosophique
provision	provision
yuko	yuko
resservir	resservir
inculpée	inculper
abrège	abréger
passe-la-moi	passe-la-moi
rayonnante	rayonnant
sifflements	sifflement
astor	astor
raza	raza
impur	impur
canif	canif
amenons	amener
lassé	lasser
stroh	stroh
agos	agos
centenaire	centenaire
déesses	déesse
déplu	déplaire
magnolia	magnolia
macs	mac
suivrait	suivre
réussites	réussite
bouffi	bouffi
accompagnés	accompagner
apparent	apparent
arriere	arriere
congelés	congeler
mie	mie
ressentie	ressentir
assurait	assurer
cry	cry
enquete	enquete
ta-da	ta-da
sitcom	sitcom
protégez-vous	protégez-vous
signent	signer
matinales	matinal
ébranlé	ébranler
federico	federico
prétendument	prétendument
estompe	estompe
empocher	empocher
schtroumpfs	schtroumpf
intervienne	intervenir
nelle	nelle
convenance	convenance
rangés	ranger
rachid	rachid
comprenaient	comprendre
rhade	rhade
prefere	prefere
blackberry	blackberry
acceptes-tu	acceptes-tu
baisant	baiser
paralyse	paralyser
récapitulons	récapituler
flaire	flairer
triades	triade
foods	foods
luttez	lutter
covenant	covenant
suggérant	suggérer
localisée	localiser
réclamations	réclamation
mettez-lui	mettez-lui
barkley	barkley
marécages	marécage
blairer	blairer
chinetoque	chinetoque
argentin	argentin
considérez-vous	considérez-vous
crédule	crédule
écorcher	écorcher
comploter	comploter
traversais	traverser
pulsations	pulsation
shankar	shankar
rafiot	rafiot
déconseillé	déconseiller
revendication	revendication
corleone	corleone
crapauds	crapaud
mongol	mongol
promènent	promener
gauches	gauche
récurrent	récurrent
embrasserai	embrasser
photons	photon
toge	toge
bigleux	bigleux
facturer	facturer
expliquent	expliquer
inversés	inverser
cessons	cesser
parfumée	parfumer
emménages	emménager
égorge	égorger
muhammad	muhammad
suces	sucer
fuyais	fuir
punira	punir
néon	néon
catalyseur	catalyseur
whitmore	whitmore
surfeur	surfeur
valaient	valoir
grizzly	grizzly
zhu	zhu
grey'	grey'
posons	poser
facette	facette
épargnerai	épargner
riais	rire
guys	guys
sophistiqués	sophistiquer
animalerie	animalerie
solidaire	solidaire
alia	alia
assouvir	assouvir
assortiment	assortiment
dépendante	dépendant
durait	durer
suçon	suçon
aurons-nous	aurons-nous
abordage	abordage
gleason	gleason
émetteurs	émetteur
oü	oü
observons	observer
santini	santini
nombreuse	nombreux
moi.	moi.
apprécierai	apprécier
cybermen	cybermen
jupon	jupon
wesson	wesson
cachiez	cacher
répondrez	répondre
amon	amon
continuité	continuité
codis	codis
cloisons	cloison
réalisme	réalisme
morne	morne
terrace	terrace
réélection	réélection
partitions	partition
bowers	bowers
gettysburg	gettysburg
sécuritaire	sécuritaire
tentais	tenter
rétrogradé	rétrograder
favorise	favoriser
ajoutant	ajouter
agités	agiter
filmait	filmer
desseins	dessein
citez	citer
léviathan	léviathan
musclés	muscler
béquille	béquille
griffures	griffure
jette-la	jette-la
trouveriez	trouver
chevalerie	chevalerie
intérieures	intérieur
poireauter	poireauter
posez-les	posez-les
p.d.g.	p.d.g.
mads	mads
pétrifié	pétrifier
mcclaren	mcclaren
ris-tu	ris-tu
romaines	romain
bémol	bémol
théâtres	théâtre
isaiah	isaiah
premiêre	premiêre
libérez-moi	libérez-moi
apparais	apparaître
bologne	bologne
enragée	enrager
attardés	attarder
mathématicien	mathématicien
émoi	émoi
révolu	révolu
marginaux	marginal
prolonge	prolonge
contraires	contraire
occasionnel	occasionnel
harpie	harpie
entrais	entrer
wings	wings
childs	childs
lymphome	lymphome
lèpre	lèpre
charrie	charrier
midge	midge
w.-c.	w.-c.
consultante	consultant
piaf	piaf
adoration	adoration
transférez	transférer
matheson	matheson
ilsa	ilsa
photocopie	photocopie
recevrai	recevoir
vouée	vouer
versant	versant
squaw	squaw
philanthrope	philanthrope
obsessionnel	obsessionnel
regarderont	regarder
orifice	orifice
retenez-le	retenez-le
recueille	recueillir
opie	opie
régionale	régional
dictée	dictée
robinets	robinet
déchaîner	déchaîner
patelin	patelin
déséquilibré	déséquilibré
collections	collection
hess	hess
lachez	lachez
soustraire	soustraire
écartée	écarter
ensoleillée	ensoleiller
lampadaire	lampadaire
alle	alle
r.j.	r.j.
préparons-nous	préparons-nous
transportés	transporter
susannah	susannah
bénin	bénin
jap	jap
surestimé	surestimer
penchez-vous	penchez-vous
éperdument	éperdument
saveurs	saveur
sai	sai
haas	haas
nigeria	nigeria
assoiffés	assoiffer
débattu	débattre
multiplie	multiplier
baïonnette	baïonnette
rétrécit	rétrécir
rempart	rempart
bribes	bribe
nécessiteux	nécessiteux
sanford	sanford
administrateurs	administrateur
barbra	barbra
rabaisse	rabaisser
ensanglanté	ensanglanter
piñata	piñata
aversion	aversion
échelles	échelle
hermione	hermione
chevauche	chevaucher
erickson	erickson
deuzio	deuzio
verde	verde
épargnés	épargner
comporte-toi	comporte-toi
forçait	forcer
travaillions	travailler
pompette	pompette
désolation	désolation
fluctuations	fluctuation
13ème	13ème
koichi	koichi
yourself	yourself
souhaitant	souhaiter
riez-vous	riez-vous
cachettes	cachette
bello	bello
mécontentement	mécontentement
rappelant	rappeler
9mm	9mm
survenu	survenir
ecrase	ecrase
lyons	lyons
tetsu	tetsu
infiltrée	infiltrer
cueille	cueille
somebody	somebody
bet	bet
ives	ive
louve	louve
serions-nous	serions-nous
baptisée	baptiser
refuserais	refuser
grecques	grec
latour	latour
entendrait	entendre
accrocheur	accrocheur
tâcherai	tâcher
licenciements	licenciement
lubie	lubie
university	university
paître	paître
tchao	tchao
balourd	balourd
1m80	1m80
limier	limier
shabbat	shabbat
soyez-en	soyez-en
investiture	investiture
nog	nog
spatiales	spatial
empoté	empoté
clear	clear
flanagan	flanagan
illicite	illicite
ample	ample
démunis	démunir
lawton	lawton
frederic	frederic
ando	ando
along	along
distrais	distraire
mélangez	mélanger
pédiatrique	pédiatrique
proposes-tu	proposes-tu
négresse	nègre
lancera	lancer
qing	qing
découvrirons	découvrir
impitoyables	impitoyable
ventriloque	ventriloque
accusait	accuser
convoqués	convoquer
marmonne	marmonner
harker	harker
récepteurs	récepteur
pensionnaires	pensionnaire
nagasaki	nagasaki
énergétiques	énergétique
covoiturage	covoiturage
ébranler	ébranler
laila	laila
malheureuses	malheureux
séville	séville
guillemets	guillemet
bend	bend
zedd	zedd
solliciter	solliciter
réduites	réduit
bistro	bistro
pétillante	pétillant
theatre	theatre
goebbels	goebbels
tweeter	tweeter
ovation	ovation
augmentera	augmenter
fantasy	fantasy
écriras	écrire
répondez-vous	répondez-vous
playstation	playstation
coquillage	coquillage
halsey	halsey
bricoleur	bricoleur
lounge	lounge
rebond	rebond
rachael	rachael
renégat	renégat
scié	scier
reverrait	revoir
heinz	heinz
andréa	andréa
manticore	manticore
comprenant	comprendre
médico-légale	médico-légal
emmènes-tu	emmènes-tu
pendragon	pendragon
hutchinson	hutchinson
suie	suie
beer	beer
oreillons	oreillon
isles	isles
raterai	rater
rainer	rainer
socialistes	socialiste
déroulée	dérouler
daly	daly
frodon	frodon
apeuré	apeuré
suffisants	suffisant
descriptions	description
ria	ria
confessionnal	confessionnal
gloss	gloss
négociant	négociant
agitent	agiter
rommel	rommel
schnaps	schnaps
blaze	blaze
refléter	refléter
zatoichi	zatoichi
disputons	disputer
used	used
top-secret	top-secret
bizuts	bizut
federal	federal
prépa	prépa
individuel	individuel
nerds	nerds
potiron	potiron
révisions	révision
intimide	intimider
colorant	colorant
cabanes	cabane
compartiments	compartiment
trimer	trimer
insipide	insipide
empereurs	empereur
bergen	bergen
concepteur	concepteur
middle	middle
représentera	représenter
intensifie	intensifier
remercierez	remercier
montoya	montoya
pubiens	pubien
energy	energy
inflexible	inflexible
souviendront	souvenir
louait	louer
tutu	tutu
exode	exode
appelle-t-on	appelle-t-on
bique	bique
fräulein	fräulein
berge	berge
jouerez	jouer
businessman	businessman
clignote	clignoter
peri	peri
résolues	résoudre
détestiez	détester
twiki	twiki
item	item
fosses	fosse
sous-sols	sous-sol
hortense	hortense
mpm	mpm
continueras	continuer
profitant	profiter
antérieures	antérieur
campe	camper
contradictoire	contradictoire
collation	collation
edition	edition
ringarde	ringard
urines	urine
imaginant	imaginant
libèrent	libérer
statuts	statut
angoissée	angoisser
janek	janek
flop	flop
jacasser	jacasser
passade	passade
musculaires	musculaire
bullet	bullet
savitar	savitar
inventent	inventer
inquiête	inquiête
écossaise	écossaise
mahmoud	mahmoud
penserez	penser
mènerai	mener
southfork	southfork
silvio	silvio
emballes	emballer
appelez-la	appelez-la
sit	sit
intolérance	intolérance
gardaient	garder
quotidiens	quotidien
mulligan	mulligan
cartilage	cartilage
yéti	yéti
hantent	hanter
désintéressé	désintéressé
sportives	sportif
medical	medical
validé	valider
sissy	sissy
pancartes	pancarte
dooley	dooley
grossman	grossman
hartman	hartman
inter	inter
accoster	accoster
fondant	fondant
écolier	écolier
embrasse-le	embrasse-le
complément	complément
ais-je	ais-je
temporal	temporal
développés	développer
shui	shui
fioles	fiole
sauveteurs	sauveteur
saxons	saxon
forcera	forcer
rapace	rapace
œdème	œdème
bete	bete
soucié	soucier
pastille	pastille
diffèrent	différer
louons	louer
achmed	achmed
tantine	tantine
shelton	shelton
shinjuku	shinjuku
reves	reves
hospitaliser	hospitaliser
propagé	propager
cigogne	cigogne
pronto	pronto
régie	régie
ph	ph
vise-moi	vise-moi
verdure	verdure
spacieux	spacieux
pq	pq
rectum	rectum
averse	averse
fenetre	fenetre
grossièreté	grossièreté
reiko	reiko
bordels	bordel
stringer	stringer
garcons	garcons
margene	margene
démente	démentir
allongés	allonger
hickey	hickey
inéluctable	inéluctable
chahut	chahut
abandonnons	abandonner
chiropracteur	chiropracteur
tung	tung
donne-les-moi	donne-les-moi
géologue	géologue
2nde	2nde
permanents	permanent
joueront	jouer
jamison	jamison
keefe	keefe
bingham	bingham
dansera	danser
camoufler	camoufler
druides	druide
inventés	inventer
fusionné	fusionner
tendon	tendon
weather	weather
fellow	fellow
poncho	poncho
jiang	jiang
tune	tune
mariel	mariel
teindre	teindre
reluquer	reluquer
historiquement	historiquement
tairai	taire
coming-out	coming-out
calais	caler
rittenhouse	rittenhouse
suives	suivre
nécrologie	nécrologie
réservez	réserver
rancho	rancho
preux	preux
magicienne	magicien
continuerez	continuer
unh	unh
binaire	binaire
contrebandier	contrebandier
perversion	perversion
ètè	ètè
vénéré	vénérer
frottez	frotter
vicaire	vicaire
sauge	sauge
bj	bj
répertorié	répertorier
regan	regan
doña	doña
catégoriquement	catégoriquement
empires	empirer
languir	languir
zoila	zoila
deena	deena
mcnulty	mcnulty
yokohama	yokohama
chipie	chipie
johannes	johannes
promettant	promettre
remake	remake
piéce	piéce
delko	delko
self	self
branchez	brancher
eventreur	eventreur
souviens-t'	souviens-t'
remerciera	remercier
laisses-tu	laisses-tu
lavinia	lavinia
relief	relief
rutherford	rutherford
suicidés	suicider
brillera	briller
roquette	roquette
tripot	tripot
endors-toi	endors-toi
mm.	mm.
fret	fret
transperce	transpercer
arnaud	arnaud
proposait	proposer
rends-nous	rends-nous
trapèze	trapèze
chirurgienne	chirurgien
djshadow	djshadow
joues-tu	joues-tu
braconniers	braconnier
tapée	tapée
réfère	référer
publiés	publier
toucherais	toucher
fuentes	fuentes
credo	credo
sceptiques	sceptique
frenchy	frenchy
faber	faber
importer	importer
yong	yong
révolue	révolu
remarié	remarier
rétine	rétine
charlot	charlot
favoritisme	favoritisme
mégot	mégot
rêveurs	rêveur
détergent	détergent
agrandit	agrandir
acharnement	acharnement
migration	migration
yonkers	yonkers
ignacio	ignacio
éloignées	éloigner
pcp	pcp
fracasser	fracasser
brefs	bref
déficience	déficience
moyennes	moyenne
rôdeurs	rôdeur
apportées	apporter
observés	observer
iode	iode
décapitation	décapitation
pur-sang	pur-sang
débordante	débordant
feignant	feignant
zé	zé
secoue-toi	secoue-toi
sursauter	sursauter
dédale	dédale
rapporte-moi	rapporte-moi
emmenant	emmener
demandions	demander
bears	bears
parkings	parking
mentionnez	mentionner
kath	kath
reproduisent	reproduire
grand-pére	grand-pére
semences	semence
tourmentée	tourmenter
croft	croft
couchiez	coucher
rapportait	rapporter
opposées	opposer
peignait	peignait
brewer	brewer
astronome	astronome
reportages	reportage
cheikh	cheikh
échauffe	échauffe
sautera	sauter
émerger	émerger
recules	reculer
astrologie	astrologie
artisans	artisan
trying	trying
jordanie	jordanie
sauterelle	sauterelle
paisibles	paisible
rationnement	rationnement
va-et-vient	va-et-vient
vibreur	vibreur
laroche	laroche
prescriptions	prescription
offrirais	offrir
aurait-on	aurait-on
rallo	rallo
rémy	rémy
mutiler	mutiler
bulldog	bulldog
auditionné	auditionner
dînait	dîner
dressing	dressing
5h30	5h30
mali	mali
hippolyte	hippolyte
répétons	répéter
sacrebleu	sacrebleu
straight	straight
monétaire	monétaire
électrocuter	électrocuter
campeurs	campeur
chorégraphe	chorégraphe
pinkie	pinkie
incruste	incruster
rompue	rompre
shana	shana
hat	hat
redding	redding
mammouth	mammouth
tardera	tarder
préparations	préparation
chai	chai
serrent	serrer
anyway	anyway
trahira	trahir
lactose	lactose
emballages	emballage
abusez	abuser
seward	seward
knowles	knowles
multiplié	multiplier
uber	uber
aurions-nous	aurions-nous
captivant	captivant
lues	lire
laxatif	laxatif
ronfler	ronfler
decide	decide
glover	glover
méprisé	mépriser
épaves	épave
disqualifié	disqualifier
lançant	lancer
accordera	accorder
produites	produire
raye	rayer
florins	florin
souiller	souiller
ramenant	ramener
préparaient	préparer
rustique	rustique
charlatans	charlatan
maisje	maisje
dreyfus	dreyfus
trente-cinq	trente-cinq
castiel	castiel
tatum	tatum
hospitalier	hospitalier
répares	réparer
remplacez	remplacer
3ch0000ad	3ch0000ad
éraflures	éraflure
embargo	embargo
factice	factice
savino	savino
cosaques	cosaque
mécanismes	mécanisme
bandé	bandé
bellevue	bellevue
emblée	emblée
désactive	désactiver
elwood	elwood
tacot	tacot
marquant	marquant
artisanale	artisanal
muy	muy
commémoration	commémoration
certitudes	certitude
rabbi	rabbi
surprendrait	surprendre
saluent	saluer
amuserait	amuser
aurores	aurore
snoop	snoop
fontaines	fontaine
lolo	lolo
traction	traction
samurai	samurai
sharpe	sharpe
housewives	housewives
unisson	unisson
retraits	retrait
dispersé	dispersé
tournerait	tourner
autorisez	autoriser
tordues	tordu
escadrons	escadron
rasta	rasta
primordiale	primordial
violets	violet
raptor	raptor
conservatrice	conservateur
promets-le	promets-le
sépulture	sépulture
inquisiteur	inquisiteur
trash	trash
contemporain	contemporain
en-dehors	en-dehors
fleuves	fleuve
retombé	retombé
exigence	exigence
hacké	hacké
textile	textile
oj	oj
malentendus	malentendu
josephine	josephine
montreras	montrer
waverly	waverly
impressionnants	impressionnant
jia	jia
d.b.	d.b.
ridiculise	ridiculiser
donations	donation
craches	cracher
colossal	colossal
collectionner	collectionner
jeta	jeter
déclenchement	déclenchement
députée	député
retardés	retarder
stoker	stoker
accepte-le	accepte-le
monogamie	monogamie
remballer	remballer
frappais	frapper
giulio	giulio
internement	internement
fléchette	fléchette
acrobate	acrobate
beowulf	beowulf
délicieusement	délicieusement
meera	meera
neural	neural
rougeurs	rougeur
récidiviste	récidiviste
susciter	susciter
sui	sui
nobu	nobu
douceurs	douceur
synchronisé	synchronisé
rajiv	rajiv
farci	farci
stéréotypes	stéréotype
souffles	souffler
distinguée	distinguer
latrines	latrine
décrivent	décrire
gobelins	gobelin
milliardaires	milliardaire
nasser	nasser
landis	landis
boomerang	boomerang
méo	méo
croupier	croupier
doyenne	doyen
déclarez	déclarer
réouverture	réouverture
indiquée	indiquer
valais	valoir
recouvrement	recouvrement
carnivore	carnivore
reste-là	reste-là
abois	aboi
dooku	dooku
emmerdé	emmerder
confiserie	confiserie
valera	valera
kiné	kiné
afghans	afghan
hardcore	hardcore
artificiels	artificiel
inculpe	inculper
siroter	siroter
envisageais	envisager
calligraphie	calligraphie
retournerons	retourner
strickland	strickland
déraper	déraper
penis	penis
médiévale	médiéval
ancré	ancrer
mère-grand	mère-grand
regis	regis
vis-tu	vis-tu
longo	longo
vou	vou
toison	toison
mondiales	mondial
beretta	beretta
saint-louis	saint-louis
médicis	médicis
débarrassera	débarrasser
hide	hide
convienne	convenir
orbe	orbe
éblouissant	éblouissant
conçues	concevoir
productivité	productivité
crinière	crinière
vagins	vagin
confrontée	confronter
viandes	viande
résolutions	résolution
corresponde	correspondre
conçois	concevoir
destinataire	destinataire
insouciante	insouciant
keegan	keegan
délirez	délirer
favoriser	favoriser
nichon	nichon
téléporté	téléporté
siu	siu
conduisiez	conduire
kermesse	kermesse
écriteau	écriteau
frappez-moi	frappez-moi
thrace	thrace
homeland	homeland
abstraction	abstraction
saule	saule
lumiére	lumiére
haddie	haddie
vestibule	vestibule
sortez-nous	sortez-nous
remerciée	remercier
puants	puant
silent	silent
inquiète-toi	inquiète-toi
bondi	bondir
panoramique	panoramique
all-about-subs.fr	all-about-subs.fr
nim	nim
hatch	hatch
klaxons	klaxon
contradictions	contradiction
kahn	kahn
menaçante	menaçant
dario	dario
rasant	rasant
gandalf	gandalf
fsb	fsb
devereaux	devereaux
tonique	tonique
ein	ein
gouvernementales	gouvernemental
attelage	attelage
prêterai	prêter
listen	listen
tomás	tomás
découragé	décourager
waller	waller
chiffonne	chiffonne
monte-carlo	monte-carlo
nuageux	nuageux
frêne	frêne
rends-tu	rends-tu
rouvert	rouvrir
mmm-hmm	mmm-hmm
assommée	assommer
punitions	punition
identifiez	identifier
chasseuse	chasseur
jemma	jemma
appuis	appui
éloquent	éloquent
labrador	labrador
empecher	empecher
revis	revoir
fournée	fournée
riaient	rire
pay	pay
sculpter	sculpter
admirent	admirent
blud	blud
comptage	comptage
camée	camée
croque	croquer
objectivité	objectivité
giuliano	giuliano
regardez-nous	regardez-nous
louable	louable
diras-tu	diras-tu
passèrent	passer
halley	halley
chiennes	chienne
redécorer	redécorer
mouna	mouna
blossom	blossom
stocké	stocker
définie	définir
ui	ui
ciro	ciro
canalisation	canalisation
dunne	dunne
laure	laure
sachs	sachs
grillées	griller
tuiez	tuer
chercheuse	chercheur
intestinale	intestinal
quil	quil
attendes	attendre
assassinées	assassiner
croître	croître
ramenez-les	ramenez-les
ieur	ieur
zapper	zapper
applaudissons	applaudir
persil	persil
boa	boa
cerisier	cerisier
achèteras	acheter
mimosa	mimosa
sous-estimes	sous-estimer
brocoli	brocoli
meryl	meryl
acces	acces
déconcertant	déconcertant
expérimentée	expérimenter
sereine	serein
peaches	peaches
immaculée	immaculé
miniatures	miniature
rapportes	rapporter
morfler	morfler
lance-flammes	lance-flammes
popo	popo
augustin	augustin
ligotée	ligoter
enchantés	enchanter
capitales	capital
being	being
conformer	conformer
usés	user
officieux	officieux
guinée	guinée
nourrissez	nourrir
suffoque	suffoquer
remboursera	rembourser
pacificateur	pacificateur
grasses	gras
mentionnée	mentionner
perdront	perdre
discutant	discuter
balancés	balancer
aboule	abouler
corniche	corniche
loki	loki
dansaient	danser
lacher	lacher
dawes	dawes
amenées	amener
mariko	mariko
saouls	saoûl
mécène	mécène
hell'	hell'
acapulco	acapulco
prius	prius
cuirassé	cuirassé
pontes	ponte
obéirai	obéir
produis	produire
jacksonville	jacksonville
traiterai	traiter
corsage	corsage
finney	finney
rafraîchissement	rafraîchissement
larbins	larbin
rattrapent	rattraper
nettoyait	nettoyer
tod	tod
esquivé	esquiver
pace	pace
stature	stature
râteau	râteau
sélectionner	sélectionner
panoplie	panoplie
amador	amador
temporels	temporel
délivre-nous	délivre-nous
napalm	napalm
malles	malle
revoyez	revoir
irions	aller
récupérerez	récupérer
messer	messer
prompt	prompt
prêtée	prêter
warhol	warhol
dramatiques	dramatique
peut-étre	peut-étre
pony	pony
armada	armada
détours	détour
carriole	carriole
passoire	passoire
crible	crible
tou	tou
moitié-moitié	moitié-moitié
northwestern	northwestern
acosta	acosta
ponce	ponce
volkswagen	volkswagen
protégeons	protéger
provinces	province
postés	poster
plaidez	plaider
excusez-vous	excusez-vous
23e	23e
avatars	avatar
alonso	alonso
panthères	panthère
vicente	vicente
charmé	charmer
drugstore	drugstore
geass	geass
glycémie	glycémie
patraque	patraque
roe	roe
égorgé	égorger
aliment	aliment
coagulation	coagulation
entourant	entourer
embellir	embellir
chrysler	chrysler
anika	anika
cameras	camer
déclenchera	déclencher
whitechapel	whitechapel
gisbourne	gisbourne
hyène	hyène
désastres	désastre
accompagnement	accompagnement
carmel	carmel
2h30	2h30
rappeller	rappeller
demandées	demander
perfectionniste	perfectionniste
16h30	16h30
maitenant	maitenant
musicienne	musicien
syllabes	syllabe
forcement	forcement
manifestent	manifester
prétextes	prétexte
éternelles	éternel
ordis	ordis
consolider	consolider
cure-dents	cure-dent
polir	polir
décompression	décompression
sonneries	sonnerie
misères	misère
utilisable	utilisable
calvitie	calvitie
violations	violation
bla-bla	bla-bla
régulières	régulier
gross	gross
nomade	nomade
rajeunit	rajeunir
décidais	décider
garry	garry
malfrat	malfrat
couve	couver
naïveté	naïveté
breeland	breeland
mitraillettes	mitraillette
écouterait	écouter
fétichiste	fétichiste
loutre	loutre
lacunes	lacune
expliquait	expliquer
concombres	concombre
devrait-elle	devrait-elle
réalisais	réaliser
sevrage	sevrage
leicester	leicester
kaori	kaori
lim	lim
grand-oncle	grand-oncle
fouineur	fouineur
afghan	afghan
invaincu	invaincu
estjuste	estjuste
rétracter	rétracter
mites	mite
jenn	jenn
woodhouse	woodhouse
poilus	poilu
brasse	brasse
piété	piété
nutriments	nutriment
faucher	faucher
stifler	stifler
chronicle	chronicle
ahjussi	ahjussi
sm	sm
encerclent	encercler
conan	conan
nettoient	nettoyer
respirant	respirer
fêtent	fêter
teneur	teneur
perfectionné	perfectionner
addie	addie
sanjana	sanjana
does	does
provoquez	provoquer
titi	titi
languis	languir
'c'	'c'
applaudis	applaudir
echange	echange
obtenus	obtenir
squad	squad
pourra-t-il	pourra-t-il
injustices	injustice
lycées	lycée
mp3	mp3
nao	nao
anspaugh	anspaugh
rayée	rayer
antibiotique	antibiotique
root	root
soiree	soiree
tandem	tandem
rappelons	rappeler
wilshire	wilshire
mesurait	mesurer
lea	lea
cream	cream
bueno	bueno
contenté	contenter
téléphonerai	téléphoner
parieurs	parieur
dépanneur	dépanneur
euthanasie	euthanasie
advenu	advenir
ar	ar
albanie	albanie
exposées	exposer
passe-partout	passe-partout
skinny	skinny
construites	construire
travelo	travelo
libérale	libéral
craquement	craquement
apparues	apparaître
garderont	garder
tâchons	tâcher
effrayez	effrayer
avoirs	avoir
biff	biff
aveuglette	aveuglette
retirées	retirer
inexcusable	inexcusable
bein	bein
rebondit	rebondir
girardi	girardi
gram	gram
rapelle	rapelle
dulcinée	dulcinée
aurez-vous	aurez-vous
enleve	enleve
la-haut	la-haut
paralysant	paralysant
smart	smart
solange	solange
ginette	ginette
rafales	rafale
raju	raju
imprimés	imprimer
pénombre	pénombre
paquebot	paquebot
lavette	lavette
gruyère	gruyère
safe	safe
cécilia	cécilia
oué	oué
échangent	échanger
colosse	colosse
randi	randi
fragilité	fragilité
imposée	imposée
organisatrice	organisateur
réveillait	réveiller
quille	quille
annales	annales
medium	medium
pendait	pendre
séchoir	séchoir
jarre	jarre
seraient-ils	seraient-ils
croatie	croatie
osait	oser
laitiers	laitier
utiliseront	utiliser
tope-là	tope-là
temporaires	temporaire
symphonique	symphonique
rital	rital
continua	continuer
guetter	guetter
dry	dry
gilda	gilda
luthorcorp	luthorcorp
écoutaient	écouter
sutherland	sutherland
lexus	lexus
yao	yao
équivoque	équivoque
elanna	elanna
obligeait	obliger
dégats	dégats
wilden	wilden
récupèrent	récupérer
bourgeoisie	bourgeoisie
vinrent	venir
confiants	confiant
appelait-il	appelait-il
able	able
grogner	grogner
fletch	fletch
dear	dear
bobsleigh	bobsleigh
chavirer	chavirer
malfaisant	malfaisant
qualification	qualification
sparte	sparte
sermonner	sermonner
suh	suh
intéressaient	intéresser
ardente	ardent
gibraltar	gibraltar
valves	valve
trahirais	trahir
amarrage	amarrage
boots	boots
inconditionnel	inconditionnel
sangliers	sanglier
existant	existant
planifiée	planifier
constantinople	constantinople
transformera	transformer
nagez	nager
consciemment	consciemment
frieda	frieda
trajets	trajet
transmettent	transmettre
soccer	soccer
habitaient	habiter
causait	causer
lionne	lion
survivrez	survivre
fera-t-il	fera-t-il
bis	bis
théâtrale	théâtral
banderole	banderole
masturbe	masturber
appartenance	appartenance
commencèrent	commencer
repoussent	repousser
sumner	sumner
surs	sur
present	present
gâcherait	gâcher
flyer	flyer
annonçait	annoncer
effusion	effusion
solano	solano
22h30	22h30
guêpes	guêpe
bethesda	bethesda
bronco	bronco
sangle	sangle
résidente	résident
restions	rester
adoreraient	adorer
chaste	chaste
buvaient	boire
serrait	serrer
fermant	fermant
enfoncée	enfoncer
bouchers	boucher
testés	tester
asphalte	asphalte
vita	vita
gourdin	gourdin
gosier	gosier
assoupi	assoupi
kosovo	kosovo
effraient	effrayer
eloigne	eloigne
dumbo	dumbo
papounet	papounet
manille	manille
chanvre	chanvre
écrivit	écrire
défavorisés	défavoriser
rudimentaire	rudimentaire
abdominales	abdominal
re-bonjour	re-bonjour
fières	fier
allait-il	allait-il
mart	mart
spice	spice
coucherais	coucher
pouliche	pouliche
valence	valence
gaiement	gaiement
cheerleaders	cheerleaders
enfouis	enfouir
lamborghini	lamborghini
gode	goder
barons	baron
éditorial	éditorial
complimenter	complimenter
charognards	charognard
estimez-vous	estimez-vous
janeiro	janeiro
inspirent	inspirer
leona	leona
enfoncez	enfoncer
sauveurs	sauveur
glands	gland
saphir	saphir
prénuptial	prénuptial
beckman	beckman
profiler	profiler
propulseur	propulseur
brésiliens	brésilien
leung	leung
piteux	piteux
mah-jong	mah-jong
hervé	hervé
enregistrent	enregistrer
caboche	caboche
inga	inga
lombard	lombard
permettrais	permettre
liquidation	liquidation
tyr	tyr
faulkner	faulkner
désarroi	désarroi
mangeront	manger
ce1	ce1
nageurs	nageur
volerait	voler
acquittement	acquittement
rebondi	rebondir
essayerais	essayer
insignes	insigne
décomposer	décomposer
diffère	différer
enclume	enclume
mcgraw	mcgraw
chaux	chaux
promettes	promettre
bela	bela
valpi	valpi
bunch	bunch
enfantine	enfantin
cheeseburgers	cheeseburger
batifoler	batifoler
rosita	rosita
nathbot	nathbot
number	number
parisien	parisien
souveraine	souverain
essayes-tu	essayes-tu
accablé	accabler
esperanza	esperanza
penseraient	penser
flore	flore
fixant	fixer
suzumiya	suzumiya
craven	craven
discutais	discuter
candidates	candidat
domingo	domingo
scier	scier
maintiennent	maintenir
aspergé	asperger
horizontale	horizontale
iras-tu	iras-tu
anesthésiant	anesthésiant
assurons-nous	assurons-nous
embêtait	embêter
flyers	flyers
étoilé	étoilé
introduite	introduire
suffolk	suffolk
maillet	maillet
osiris	osiris
typhus	typhus
retienne	retenir
marteaux	marteau
late	late
pieces	pieces
dérapage	dérapage
cédez	céder
articulation	articulation
coqueluche	coqueluche
radcliffe	radcliffe
hyeon	hyeon
falling	falling
bulgarie	bulgarie
immobilisé	immobiliser
aérobic	aérobic
obstination	obstination
étain	étain
seiji	seiji
obscurs	obscur
circus	circus
photogénique	photogénique
miliciens	milicien
grimoire	grimoire
giovanna	giovanna
entendement	entendement
berne	berne
malette	malette
rejoue	rejouer
palourde	palourde
yeon	yeon
bohème	bohème
tuaient	tuer
coriaces	coriace
müller	müller
discovery	discovery
basilic	basilic
soft	soft
cosby	cosby
porte-clés	porte-clés
impassible	impassible
ennuyante	ennuyant
prostituer	prostituer
rotules	rotule
souples	souple
soignés	soigner
paquin	paquin
galeux	galeux
erroné	erroné
essoufflé	essouffler
intenable	intenable
auditeur	auditeur
schubert	schubert
stressante	stressant
khalil	khalil
haru	haru
recrutée	recruter
ajoutes	ajouter
prix-là	prix-là
ric	ric
scrutin	scrutin
trébuche	trébucher
décalé	décaler
intervenue	intervenir
leadership	leadership
roper	roper
décemment	décemment
affaiblis	affaiblir
pratiquent	pratiquer
déchiffré	déchiffrer
sixe	sixe
brain	brain
convois	convoi
raleigh	raleigh
vaines	vain
fondamentaux	fondamental
minivan	minivan
boden	boden
cartonner	cartonner
réticence	réticence
torrente	torrente
cervicales	cervical
crenshaw	crenshaw
random	random
lurch	lurch
rafraîchit	rafraîchir
autrichien	autrichien
gémeaux	gémeau
mangues	mangue
jubiler	jubiler
embrasserais	embrasser
banshee	banshee
suivrez	suivre
enchaînée	enchaîner
marguerites	marguerite
vipères	vipère
micheline	micheline
agathe	agathe
dilatation	dilatation
prose	prose
mirent	mirent
vdm	vdm
mériterait	mériter
craquent	craquer
minibar	minibar
fonderie	fonderie
comploté	comploter
abattage	abattage
déclarent	déclarer
ablation	ablation
schnock	schnock
chul	chul
doigté	doigté
fabrizio	fabrizio
garak	garak
lyncher	lyncher
legend	legend
wife	wife
rubin	rubin
compatriote	compatriote
sollicite	solliciter
envoyez-nous	envoyez-nous
exagérons	exagérer
participez	participer
supervisé	superviser
aisance	aisance
équipière	équipier
sors-nous	sors-nous
préoccupés	préoccuper
placent	placer
veinarde	veinard
sociologie	sociologie
sablier	sablier
bengale	bengale
thunes	thune
émotionnelles	émotionnel
pod	pod
fâcheuse	fâcheux
castré	castrer
williamsburg	williamsburg
jeffersonian	jeffersonian
rami	rami
individuels	individuel
pleurera	pleurer
poussées	poussée
ajusté	ajusté
flanqué	flanquer
sunnydale	sunnydale
amin	amin
intitulée	intituler
como	como
travaillerait	travailler
murmuré	murmurer
drink	drink
emilia	emilia
livrées	livrer
benji1000	benji1000
ukrainien	ukrainien
prothèses	prothèse
relèvent	relever
serbie	serbie
indignes	indigne
bros	bros
dolce	dolce
avènement	avènement
requises	requérir
sentit	sentir
moi-meme	moi-meme
crame	cramer
engageant	engageant
restez-y	restez-y
problêmes	problêmes
cétait	cétait
malmener	malmener
indifférente	indifférent
bénit	bénit
rog	rog
pleurniche	pleurnicher
hérode	hérode
filerai	filer
crétine	crétin
lower	lower
télépathique	télépathique
proportion	proportion
cheddar	cheddar
mage	mage
dow	dow
marchetti	marchetti
libraire	libraire
spiritisme	spiritisme
nouvelle-angleterre	nouvelle-angleterre
initier	initier
embêtera	embêter
doherty	doherty
acharne	acharner
mixture	mixture
clitoris	clitoris
ramsay	ramsay
lobes	lobe
beckham	beckham
courageusement	courageusement
mano	mano
fabriquant	fabriquer
sibley	sibley
disputiez	disputer
achèterait	acheter
spécifications	spécification
décidait	décider
câblage	câblage
hiéroglyphes	hiéroglyphe
torah	torah
hideo	hideo
amalia	amalia
meurtrières	meurtrier
gérante	gérant
shue	shue
corner	corner
emmenons-le	emmenons-le
concrète	concret
nazareth	nazareth
bénéficié	bénéficier
zee	zee
fillory	fillory
élèvera	élever
scrooge	scrooge
raccroches	raccrocher
déployez	déployer
caligula	caligula
règnent	régner
porthos	porthos
révélant	révéler
gloucester	gloucester
mufle	mufle
déverrouiller	déverrouiller
lèverai	lever
gracieusement	gracieusement
sheryl	sheryl
inversion	inversion
orgies	orgie
priait	prier
inséré	insérer
shérifs	shérif
déballé	déballer
invitant	invitant
oussama	oussama
condamnez	condamner
confident	confident
montgolfière	montgolfière
vénéneux	vénéneux
gonds	gond
rampes	rampe
diadème	diadème
peach	peach
saligaud	saligaud
loquet	loquet
dissolution	dissolution
brusques	brusquer
rescapés	rescapé
émissaires	émissaire
quatre-vingt	quatre-vingt
filière	filière
card	card
penseur	penseur
jackman	jackman
cali	cali
prêtent	prêter
hébergement	hébergement
supposes	supposer
entêtement	entêtement
manchettes	manchette
refuges	refuge
déloger	déloger
posiez	poser
leurres	leurrer
colere	colere
écartées	écarter
essaieront	essayer
pap	pap
traitaient	traiter
souriante	souriant
comportée	comporter
épelle	épeler
irrégulière	irrégulier
gênera	gêner
chamade	chamade
babysitting	babysitting
cohérente	cohérent
irakien	irakien
risa	risa
seront-ils	seront-ils
hobson	hobson
présidentielles	présidentiel
cats	cats
rafale	rafale
déclarant	déclarant
k'	k'
éco	éco
réinsertion	réinsertion
confesseur	confesseur
role	role
hickok	hickok
neutres	neutre
frêle	frêle
westminster	westminster
mongols	mongol
suffoquer	suffoquer
momies	momie
quimby	quimby
immensité	immensité
baiserais	baiser
cuisinez	cuisiner
urgentiste	urgentiste
cargaisons	cargaison
blessera	blesser
survolé	survoler
abject	abject
rappelleras	rappeler
compromettant	compromettant
écoute-toi	écoute-toi
10h00	10h00
infusion	infusion
thayer	thayer
ténor	ténor
souillée	souiller
entendit	entendre
mobilisé	mobiliser
étale	étale
constipé	constipé
décoloration	décoloration
octavia	octavier
trader	trader
emportant	emporter
hang	hang
assistantes	assistant
wide	wide
parader	parader
sleep	sleep
snacks	snack
boudoir	boudoir
privation	privation
eldridge	eldridge
olly	olly
lala	lala
avarice	avarice
breuvage	breuvage
élevant	élever
cassant	cassant
envieux	envieux
glenda	glenda
escorté	escorter
impunément	impunément
meneurs	meneur
fairbanks	fairbanks
ravitailler	ravitailler
précaire	précaire
batiatus	batiatus
remarquerait	remarquer
caillots	caillot
déforme	déformer
tunisie	tunisie
remettrez	remettre
filera	filer
débauché	débauché
took	took
gardez-vous	gardez-vous
impunité	impunité
lidocaïne	lidocaïne
bouilli	bouilli
freelance	freelance
taub	taub
fervent	fervent
inviterais	inviter
presto	presto
onn	onn
renouvellement	renouvellement
aki	aki
perroquets	perroquet
charcuterie	charcuterie
standardiste	standardiste
crémation	crémation
leurrer	leurrer
souhaitez-moi	souhaitez-moi
scratch	scratch
balises	balise
représentons	représenter
epouser	epouser
enterrées	enterrer
importation	importation
felton	felton
détestée	détester
bagne	bagne
sectionné	sectionner
menuiserie	menuiserie
sellers	sellers
primitives	primitif
yiddish	yiddish
effacent	effacer
mesquine	mesquin
capitulation	capitulation
hobbies	hobby
saccager	saccager
janelle	janelle
collez	coller
tubbs	tubbs
contenue	contenu
chercherait	chercher
zuko	zuko
truquée	truquer
zodiac	zodiac
lightning	lightning
lino	lino
échappait	échapper
tapais	taper
kandahar	kandahar
haletante	haletant
apprenaient	apprendre
étendent	étendre
adroit	adroit
receleur	receleur
broken	broken
fear	fear
chaney	chaney
libérez-le	libérez-le
géologie	géologie
rythmes	rythme
bavure	bavure
understand	understand
muad'	muad'
pneumothorax	pneumothorax
auditionne	auditionner
lotte	lotte
canin	canin
leva	lever
seals	seals
connaîtrai	connaître
bannerman	bannerman
progressiste	progressiste
mm-hmmm	mm-hmmm
pulvérisé	pulvériser
ap	ap
pointait	pointer
arrivèrent	arriver
sauveuse	sauveur
dégoûtantes	dégoûtant
culotté	culotté
trimé	trimer
fascinée	fasciner
bluffes	bluffer
intégrale	intégrale
dresseur	dresseur
frigidaire	frigidaire
marika	marika
étreindre	étreindre
livrera	livrer
triton	triton
nappes	nappe
balkans	balkans
jumbo	jumbo
bouffes	bouffer
rudolf	rudolf
nourrisson	nourrisson
déjoué	déjouer
broyles	broyles
shim	shim
bikinis	bikini
seol	seol
yuji	yuji
rayburn	rayburn
chao	chao
bée	bée
tupperware	tupperware
agenouille	agenouiller
plaignants	plaignant
phlox	phlox
gigoter	gigoter
filippo	filippo
jetables	jetable
émeraudes	émeraude
diablesse	diablesse
complété	compléter
préposé	préposer
leningrad	leningrad
courantes	courant
greenberg	greenberg
tulipe	tulipe
parloir	parloir
apôtre	apôtre
concrètement	concrètement
chong	chong
ye	ye
jéhovah	jéhovah
ak	ak
faxé	faxer
rousseau	rousseau
truites	truite
demi-soeur	demi-soeur
prédis	prédire
dirt	dirt
prado	prado
réapparaît	réapparaître
rencontrant	rencontrer
sortilèges	sortilège
coordinateur	coordinateur
mosby	mosby
wanted	wanted
kathie	kathie
operation	operation
impétueux	impétueux
precious	precious
fonctionnerait	fonctionner
casse-couilles	casse-couilles
emportes	emporter
chere	chere
dominatrice	dominateur
femmelette	femmelette
nourrissait	nourrir
rentres-tu	rentres-tu
décourage	décourager
troublante	troublant
irons-nous	irons-nous
t.k.	t.k.
xxe	xxe
corsé	corsé
provocateur	provocateur
impressionnes	impressionner
summum	summum
aimées	aimer
16ème	16ème
vains	vain
doors	doors
vinyle	vinyle
crasher	crasher
absenté	absenter
conspirateurs	conspirateur
dactylo	dactylo
fauves	fauve
médite	méditer
causez	causer
casse-cou	casse-cou
éloquence	éloquence
procréer	procréer
managers	manager
tortiller	tortiller
dotée	doter
zo'	zo'
mayko	mayko
guérisseuse	guérisseur
radioactifs	radioactif
adoptés	adopter
malformation	malformation
fréquentez	fréquenter
renaît	renaître
mookie	mookie
vingt-trois	vingt-trois
broderie	broderie
épaté	épaté
corrine	corrine
vickers	vickers
anthropologue	anthropologue
mgm	mgm
répugne	répugner
réorganiser	réorganiser
moka	moka
cultivée	cultiver
révoltant	révoltant
écrasent	écraser
juilliard	juilliard
correctes	correct
vaseline	vaseline
gérald	gérald
déplacées	déplacer
abuses	abuser
mach	mach
agréablement	agréablement
southern	southern
surexcité	surexciter
poitrines	poitrine
tzu	tzu
ça-	ça-
méprisent	mépriser
habitons	habiter
partiels	partiel
shaft	shaft
citronnade	citronnade
métropole	métropole
attrayant	attrayant
surfaces	surface
cheney	cheney
slam	slam
interstellaire	interstellaire
consumer	consumer
rivages	rivage
tomberais	tomber
achève-le	achève-le
sélectionnés	sélectionner
chieur	chieur
intéressées	intéresser
sous-lieutenant	sous-lieutenant
craignons	craindre
megumi	megumi
emmènerait	emmener
cinémas	cinéma
aj	aj
vénèrent	vénérer
costanza	costanza
épouvantables	épouvantable
lacrymogène	lacrymogène
lyndon	lyndon
interdisant	interdire
eau-de-vie	eau-de-vie
springsteen	springsteen
débâcle	débâcle
reprenait	reprendre
réactiver	réactiver
v.i.p.	v.i.p.
asahina	asahina
maxim	maxim
possiblement	possiblement
purifié	purifier
frisquet	frisquet
protesté	protester
bossant	bosser
périscope	périscope
philips	philips
t-en	t-en
neurotoxique	neurotoxique
déménagez	déménager
tchernobyl	tchernobyl
taisent	taire
lacrymo	lacrymo
capricieuse	capricieux
mousson	mousson
bipeur	bipeur
gnome	gnome
trimballe	trimballer
hyènes	hyène
runner	runner
éprouves	éprouver
arret	arret
gigantesques	gigantesque
hakim	hakim
plantez	planter
lest	lest
micro-onde	micro-onde
étendues	étendue
chacals	chacal
anjali	anjali
arriére	arriére
push	push
ambiante	ambiant
méduses	méduse
toshio	toshio
enterprises	enterprises
minimes	minime
stéréotype	stéréotype
dorsale	dorsale
byrne	byrne
abbas	abbas
arménien	arménien
bongo	bongo
choisis-en	choisis-en
petrelli	petrelli
inerte	inerte
nutrition	nutrition
déployez-vous	déployez-vous
bouleversés	bouleverser
morten	morten
adaptés	adapter
vidange	vidange
atteintes	atteinte
maverick	maverick
skynet	skynet
tiana	tiana
divins	divin
melrose	melrose
krueger	krueger
briefé	briefer
cinema	cinema
wil	wil
enclenche	enclenche
attendiez-vous	attendiez-vous
gourmet	gourmet
corcoran	corcoran
kamikazes	kamikaze
roz	roz
vice-versa	vice-versa
groves	groves
californienne	californien
poilue	poilu
maeby	maeby
assoient	asseoir
fausto	fausto
sacrements	sacrement
farfelu	farfelu
sommaire	sommaire
avantageux	avantageux
émettent	émettre
inhibiteur	inhibiteur
finaliser	finaliser
réagira	réagir
peuvent-elles	peuvent-elles
remercient	remercier
upton	upton
fournissait	fournir
incarner	incarner
barbelé	barbelé
jouissance	jouissance
misogyne	misogyne
17h30	17h30
technologiques	technologique
urnes	urne
macaque	macaque
lirez	lire
plongeant	plongeant
ébruite	ébruiter
parachutistes	parachutiste
épinéphrine	épinéphrine
suce-moi	suce-moi
hobart	hobart
télévisée	télévisé
anguilles	anguille
spade	spade
trouve-t-il	trouve-t-il
déplaisante	déplaisant
pannes	panne
vandales	vandale
langdon	langdon
présider	présider
dekker	dekker
reflux	reflux
pierson	pierson
timbrée	timbré
aditya	aditya
1h30	1h30
sécurités	sécurité
lace	lacer
magnétisme	magnétisme
led	led
yoyo	yoyo
pare	parer
volumes	volume
jano	jano
guinness	guinness
rondelles	rondelle
dérobée	dérobé
commandent	commander
hbo	hbo
théologie	théologie
séparait	séparer
bogart	bogart
laverai	laver
miyagi	miyagi
agilité	agilité
merlot	merlot
belette	belette
ich	ich
ainé	ainé
talking	talking
dukat	dukat
nui	nuire
artilleur	artilleur
hermétique	hermétique
attaquerons	attaquer
recruteurs	recruteur
correspondants	correspondant
incertaine	incertain
chapelier	chapelier
lavent	laver
denzel	denzel
frye	frye
originelle	originel
donne-toi	donne-toi
collées	coller
fêtera	fêter
delores	delores
wikileaks	wikileaks
ns	ns
échelon	échelon
vieilleries	vieillerie
capricorne	capricorne
bag	bag
échouera	échouer
mamy	mamy
daniela	daniela
pleurerai	pleurer
pardonnerait	pardonner
hwa	hwa
stéthoscope	stéthoscope
riposté	riposter
cloner	cloner
abricot	abricot
ramón	ramón
firmament	firmament
fascinants	fascinant
shaman	shaman
dégagent	dégager
promoteurs	promoteur
baraqué	baraqué
mags	mags
enveloppée	enveloppée
sous-vêtement	sous-vêtement
tracteurs	tracteur
rogue	rogue
bancroft	bancroft
accompagnez-moi	accompagnez-moi
dédie	dédier
abattez	abattre
colorés	colorer
nommez	nommer
hachi	hachi
qa	qa
brie	brie
microfilm	microfilm
karp	karp
réexaminer	réexaminer
retrouviez	retrouver
sauveteur	sauveteur
tique	tique
involontairement	involontairement
binôme	binôme
abilene	abilene
infectées	infecter
recommencent	recommencer
stillson	stillson
trotter	trotter
luttons	lutter
savi	savi
mccartney	mccartney
callaghan	callaghan
hachis	hachis
majid	majid
dum	dum
lâchait	lâcher
utiliserez	utiliser
faiblit	faiblir
imprévus	imprévu
réintégré	réintégrer
yann	yann
climatiseur	climatiseur
ligature	ligature
donnez-la	donnez-la
assurais	assurer
organisateurs	organisateur
opérateurs	opérateur
caressé	caresser
concocté	concocter
moquée	moquer
debs	debs
agaçante	agaçant
suivez-les	suivez-les
nevins	nevins
bastille	bastille
guépard	guépard
arrivants	arrivant
aubergines	aubergine
procés	procés
comités	comité
entraîne-toi	entraîne-toi
blogs	blogs
ressemble-t-il	ressemble-t-il
maboul	maboul
aryens	aryen
colson	colson
perdition	perdition
arméniens	arménien
capuchon	capuchon
correspondances	correspondance
ely	ely
cous	cou
salit	salir
zhen	zhen
séismes	séisme
picolé	picoler
kardashian	kardashian
ezekiel	ezekiel
00ffff	00ffff
rechargez	recharger
carbonisé	carboniser
travaillerons	travailler
guts	guts
assad	assad
dios	dios
castrer	castrer
anorexique	anorexique
calomnies	calomnie
exorciser	exorciser
choe	choe
fion	fion
contrôle-toi	contrôle-toi
extrémiste	extrémiste
dis-m'	dis-m'
u2	u2
mea	mea
peut-tu	peut-tu
empoisonnées	empoisonner
branlé	branler
soixante-dix	soixante-dix
muirfield	muirfield
cosgrove	cosgrove
panel	panel
trottoirs	trottoir
crierai	crier
prêcheur	prêcheur
gouvernementaux	gouvernemental
soucoupes	soucoupe
kapoor	kapoor
nascar	nascar
marrantes	marrant
kale	kale
koko	koko
réveille-moi	réveille-moi
émouvante	émouvant
sapé	saper
hye	hye
ontario	ontario
parisienne	parisien
redford	redford
pétrolières	pétrolier
déplaire	déplaire
racial	racial
falsification	falsification
anticipe	anticiper
raccompagnez	raccompagner
émigré	émigré
yul	yul
rondelle	rondelle
rémunération	rémunération
dévergondée	dévergonder
mccallister	mccallister
construisait	construire
choisirait	choisir
insistait	insister
mj	mj
abordable	abordable
enfuyait	enfuir
fourneaux	fourneau
aristocratie	aristocratie
glades	glades
dieter	dieter
hep	hep
ultrasons	ultrason
ricane	ricaner
l.a.p.d.	l.a.p.d.
freiné	freiner
londo	londo
alarmant	alarmant
faites-leur	faites-leur
dupés	duper
attributs	attribut
suggères-tu	suggères-tu
nettoyeurs	nettoyeur
moqués	moquer
êtê	êtê
modéré	modérer
chiale	chialer
alphas	alpha
intergalactique	intergalactique
infrastructures	infrastructure
kinsey	kinsey
horrifié	horrifier
holy	holy
hâter	hâter
bagarreur	bagarreur
inertie	inertie
toucherait	toucher
matteo	matteo
aberration	aberration
biere	biere
historiens	historien
bluffez	bluffer
hd	hd
chas	chas
renversant	renversant
habites-tu	habites-tu
reinhardt	reinhardt
raconterez	raconter
pasha	pasha
communément	communément
gringos	gringo
babu	babu
captive	captif
mortem	mortem
genghis	genghis
nuisible	nuisible
éditrice	éditeur
cheerleader	cheerleader
sangles	sangle
banning	banning
skills	skills
paz	paz
melville	melville
suppliait	supplier
ramez	ramer
durham	durham
polémique	polémique
vouiez-vous	vouiez-vous
belmont	belmont
titulaires	titulaire
mangiez	manger
extraite	extraire
gravés	graver
marcellus	marcellus
poltron	poltron
ouvrages	ouvrage
ressentons	ressentir
devais-je	devais-je
weekly	weekly
wellman	wellman
attendrir	attendrir
words	words
retraites	retraite
enrouler	enrouler
bligh	bligh
bibles	bible
secouez	secouer
tokugawa	tokugawa
résonnent	résonner
enlève-les	enlève-les
ze	ze
soupes	soupe
créait	créer
bretelle	bretelle
livreurs	livreur
signalent	signaler
rendez-le-moi	rendez-le-moi
mcgrath	mcgrath
cartier	cartier
astres	astre
enverrez	envoyer
vizir	vizir
embêtent	embêter
barr	barr
h30	h30
ouvertures	ouverture
lap	lap
veaux	veau
pourrissent	pourrir
remettez-le	remettez-le
khaled	khaled
lanceurs	lanceur
insistent	insister
cannibalisme	cannibalisme
galettes	galette
rebel	rebel
luck	luck
bizarreries	bizarrerie
prouverait	prouver
arriverait-il	arriverait-il
zoidberg	zoidberg
bandana	bandana
dilaurentis	dilaurentis
states	states
calvert	calvert
approuverait	approuver
sangs	sang
enrichit	enrichir
observes	observer
montriez	montrer
nettes	net
paierons	payer
post-op	post-op
smithsonian	smithsonian
signalisation	signalisation
constructif	constructif
anti-drogue	anti-drogue
aéronautique	aéronautique
harkness	harkness
litige	litige
découpée	découper
haïs	haïr
dixit	dixit
fouillée	fouiller
habillées	habiller
fancy	fancy
indulgente	indulgent
déplore	déplorer
tchécoslovaquie	tchécoslovaquie
pd	pd
expulse	expulser
éteindra	éteindre
fey	fey
crânienne	crânien
contredis	contredire
jelly	jelly
mousquet	mousquet
fameuses	fameux
reviens-moi	reviens-moi
réformé	réformer
écoutés	écouter
exhale	exhaler
mort-vivant	mort-vivant
réduira	réduire
craignez-vous	craignez-vous
pluto	pluto
zelena	zelena
plaisantent	plaisanter
gardes-côtes	garde-côte
saladier	saladier
sanguines	sanguin
software	software
ignobles	ignoble
nance	nance
disculpé	disculper
itinéraires	itinéraire
festif	festif
humanoïde	humanoïde
immigrant	immigrant
garés	garer
ottawa	ottawa
modules	module
vieillissent	vieillir
calmons-nous	calmons-nous
paprika	paprika
transformateur	transformateur
inhalation	inhalation
virile	viril
signifiant	signifiant
holding	holding
hystériques	hystérique
bri	bri
gospel	gospel
accents	accent
réinventer	réinventer
judson	judson
imitant	imiter
annulées	annuler
howe	howe
descendante	descendant
jérémiades	jérémiade
fascinantes	fascinant
rapatrier	rapatrier
stocke	stocker
recevront	recevoir
demanderons	demander
commencerez	commencer
harcelez	harceler
4h30	4h30
technicolor	technicolor
évidents	évident
recevable	recevable
apesanteur	apesanteur
sanglants	sanglant
show-business	show-business
tilly	tilly
flanelle	flanelle
jeunot	jeunot
ingram	ingram
rangez-vous	rangez-vous
chekov	chekov
dominguez	dominguez
americain	americain
augusta	augusta
déteint	déteindre
lestrade	lestrade
flagrante	flagrant
jar	jar
madsen	madsen
sifflent	siffler
maquereaux	maquereau
autisme	autisme
calment	calmer
allers-retours	aller-retour
getting	getting
décimé	décimer
chocolatée	chocolaté
ramènerais	ramener
raisonne	raisonner
jong	jong
perpétuelle	perpétuel
pardessus	pardessus
tendent	tendre
tu-	tu-
extensions	extension
déprimante	déprimant
manquement	manquement
farcis	farcir
psychologues	psychologue
rendez-le	rendez-le
élevait	élever
épouserait	épouser
maîtrisez	maîtriser
râles	râler
instaurer	instaurer
amplifier	amplifier
turquoise	turquoise
dec	dec
respecterai	respecter
programmeur	programmeur
derriére	derriére
ak-47	ak-47
persistez	persister
pressons	presser
orphée	orphée
tape-à-l'	tape-à-l'
keats	keats
enfantillages	enfantillage
hepburn	hepburn
labourer	labourer
daytona	daytona
niro	niro
reviendraient	revenir
mushi	mushi
la-dessus	la-dessus
budgétaire	budgétaire
orin	orin
irréfléchi	irréfléchi
piotr	piotr
fictifs	fictif
crab	crab
guetteur	guetteur
quotas	quota
néerlandais	néerlandais
oubliettes	oubliette
southampton	southampton
condescendance	condescendance
halle	halle
formaient	former
catcheur	catcheur
pompom	pompom
bouquets	bouquet
chieuse	chieur
urbanisme	urbanisme
inhalé	inhaler
doivent-ils	doivent-ils
commère	commère
parapluies	parapluie
fantaisies	fantaisie
enflammée	enflammer
dénoncée	dénoncer
négligeable	négligeable
retouche	retouche
kobol	kobol
chesapeake	chesapeake
pinkerton	pinkerton
treuil	treuil
gd	gd
rooney	rooney
cachons	cacher
bringue	bringue
murasaki	murasaki
paranormale	paranormal
pluvieux	pluvieux
aligné	aligner
ratées	rater
pertinentes	pertinent
rouvre	rouvre
ardents	ardent
persécuté	persécuter
reposera	reposer
partouze	partouze
ramasse-le	ramasse-le
simpsons	simpsons
contrôlées	contrôler
courriers	courrier
testent	tester
gaye	gaye
piquez	piquer
ingratitude	ingratitude
garderons	garder
renouvelé	renouveler
insouciance	insouciance
indéterminée	indéterminé
tétine	tétine
esta	esta
ithaque	ithaque
sherif	sherif
guidon	guidon
malmené	malmener
vinaigrette	vinaigrette
statuette	statuette
retirera	retirer
décoratrice	décorateur
adhère	adhérer
fournaise	fournaise
opa	opa
renom	renom
flâner	flâner
making	making
juniper	juniper
bugsy	bugsy
series	series
fréquentais	fréquenter
rev	rev
babcock	babcock
devinerez	deviner
replongé	replonger
fictive	fictif
recrache	recracher
bibelots	bibelot
tracée	tracer
délinquance	délinquance
mexicaines	mexicain
visitez	visiter
tudor	tudor
mami	mami
whip	whip
ae	ae
croît	croît
emprunts	emprunt
intégral	intégral
barber	barber
hummer	hummer
déverse	déverser
inclinaison	inclinaison
vous-	vous-
society	society
déplaçait	déplacer
cornée	cornée
aoki	aoki
remington	remington
gaspilles	gaspiller
piraterie	piraterie
paieraient	payer
diacre	diacre
méninges	méninge
frangins	frangin
pesanteur	pesanteur
vaginal	vaginal
vit-il	vit-il
crunch	crunch
amita	amita
inquiétés	inquiéter
autorisent	autoriser
toulouse	toulouse
soupçonneux	soupçonneux
accepterez	accepter
idylle	idylle
geeta	geeta
tutoyer	tutoyer
imperfections	imperfection
façonner	façonner
mousseux	mousseux
romarin	romarin
graisser	graisser
anesthésique	anesthésique
voudrait-elle	voudrait-elle
fiscaux	fiscal
autopsies	autopsie
dessinait	dessiner
pictures	pictures
pectoraux	pectoral
noëls	noël
pickpocket	pickpocket
déceler	déceler
respectera	respecter
artisanat	artisanat
distingués	distinguer
chies	chier
fink	fink
compares	comparer
danoise	danois
judi	judi
tupper	tupper
aron	aron
gastronomique	gastronomique
fonces	foncer
courroie	courroie
ain'	ain'
ferai-je	ferai-je
rach	rach
procédés	procédé
rôdent	rôder
empruntes	emprunter
fredo	fredo
membrane	membrane
fana	fana
enormément	enormément
uhtred	uhtred
kanan	kanan
virées	virée
downs	downs
minerve	minerve
excitantes	excitant
sr	sr
pick	pick
reniflement	reniflement
réfléchisses	réfléchir
certifier	certifier
panorama	panorama
mémos	mémo
meurtri	meurtrir
prototypes	prototype
cuisinait	cuisiner
sundance	sundance
saoulé	saouler
détenait	détenir
initiés	initier
luz	luz
frontale	frontal
whoo-hoo	whoo-hoo
détectés	détecter
palme	palme
pantoufle	pantoufler
navarre	navarre
fabuleuses	fabuleux
paper	paper
rajeunir	rajeunir
chapera	chapera
illustrer	illustrer
aceveda	aceveda
jeu-là	jeu-là
schroeder	schroeder
linguistique	linguistique
baylin	baylin
blouses	blouse
flirtait	flirter
léna	léna
impolitesse	impolitesse
révolutions	révolution
groove	groove
souveraineté	souveraineté
ressuscite	ressusciter
frell	frell
eczéma	eczéma
séminaires	séminaire
étincelante	étincelant
holder	holder
k.-o.	k.-o.
libellule	libellule
livrait	livrer
croatoan	croatoan
smythe	smythe
séropositif	séropositif
arvin	arvin
mom	mom
ménagers	ménager
indicateurs	indicateur
fame	fame
laprade	laprade
escortez	escorter
paraguay	paraguay
stationné	stationner
saxo	saxo
résidences	résidence
trahisons	trahison
confucius	confucius
granit	granit
sokka	sokka
chope-le	chope-le
recteur	recteur
arcs	arc
internée	interner
clac	clac
aïeux	aïeul
réagirais	réagir
essaya	essayer
prirent	prendre
hiv	hiv
framboises	framboise
healer	healer
relativité	relativité
eastman	eastman
syriens	syrien
éclatée	éclater
cachera	cacher
contracter	contracter
epargnez-moi	epargnez-moi
enfonces	enfoncer
intel	intel
amputé	amputé
ramolli	ramollir
arachide	arachide
bozo	bozo
soutenus	soutenir
mitzi	mitzi
funny	funny
câline	câliner
lisses	lisse
attendons-nous	attendons-nous
éponges	éponge
infligée	infliger
kimble	kimble
blackout	blackout
remontons	remonter
pouah	pouah
saito	saito
fortuné	fortuné
envahisseur	envahisseur
tobey	tobey
froideur	froideur
king'	king'
scones	scone
longe	longe
sautons	sauter
chadwick	chadwick
fonda	fonder
9a	9a
breeze	breeze
réfléchie	réfléchir
vantard	vantard
ping-cho	ping-cho
payez-moi	payez-moi
faussement	faussement
croisons	croiser
chantée	chanter
jure-moi	jure-moi
parce-qu'	parce-qu'
volatile	volatil
retirons	retirons
valenti	valenti
mob	mob
continuerais	continuer
boulets	boulet
accusera	accuser
divinement	divinement
oakley	oakley
sardine	sardine
kaki	kaki
faxer	faxer
nattes	natte
dressée	dresser
costumé	costumé
obstinée	obstiner
aride	aride
angola	angola
spirituellement	spirituellement
dorn	dorn
déléguée	déléguer
défende	défendre
sadiques	sadique
choisissait	choisir
pensa	penser
ravissantes	ravissant
johannesburg	johannesburg
katara	katara
moo	moo
réalisant	réaliser
kelley	kelley
woodsen	woodsen
préjugé	préjugé
eiji	eiji
entre-tuer	entre-tuer
accessibles	accessible
actives	actives
défendais	défendre
arrachées	arracher
bobard	bobard
prononcée	prononcer
blaire	blairer
jure-le	jure-le
capillaire	capillaire
tournis	tournis
swain	swain
hildy	hildy
veer	veer
beauty	beauty
win	win
mwah	mwah
démolit	démolir
suscite	susciter
maximus	maximus
tierce	tierce
obligatoirement	obligatoirement
écharde	écharde
cierge	cierge
sunrise	sunrise
intégrante	intégrant
arrivage	arrivage
mcleod	mcleod
rasoirs	rasoir
system	system
oseriez	oser
dede	dede
manitou	manitou
mentiez	mentir
verni	verni
thriller	thriller
volkoff	volkoff
comprendraient	comprendre
koweït	koweït
mammifère	mammifère
retracé	retracer
kirkland	kirkland
lisette	lisette
inez	inez
grand-mére	grand-mére
sting	sting
appréhension	appréhension
matons	mater
foncent	foncer
féminisme	féminisme
retoucher	retoucher
vail	vail
triplés	triplé
gigot	gigot
bâtit	bâtir
atteindrons	atteindre
esthéticienne	esthéticien
tisonnier	tisonnier
entonnoir	entonnoir
gilly	gilly
vermines	vermine
affolé	affolé
tallahassee	tallahassee
crucifixion	crucifixion
cassait	casser
péquenauds	péquenaud
délaissé	délaissé
désastreuse	désastreux
reviendriez	revenir
winnipeg	winnipeg
abîmés	abîmer
insupportables	insupportable
remuez	remuer
cors	cor
exactitude	exactitude
fourguer	fourguer
associées	associer
futiles	futile
refouler	refouler
solennelle	solennel
dejeuner	dejeuner
homosexuelle	homosexuel
arrachent	arracher
rabattre	rabattre
mondain	mondain
hémorragies	hémorragie
trouves-en	trouves-en
imprenable	imprenable
distancer	distancer
réélu	réélire
duce	duce
baigné	baigner
taïwan	taïwan
gio	gio
diagnostiquée	diagnostiquer
sri	sri
jayne	jayne
garnement	garnement
excusez-le	excusez-le
longévité	longévité
lone	lone
consentante	consentant
carlene	carlene
fortunés	fortuné
coûteuse	coûteux
citizen	citizen
panser	panser
remarcher	remarcher
yougoslavie	yougoslavie
amene	amene
teen	teen
déchéance	déchéance
pendules	pendule
gruau	gruau
caputo	caputo
désertion	désertion
installées	installer
gélatine	gélatine
magdalena	magdalena
charmaine	charmaine
filez-moi	filez-moi
broyé	broyé
effondrent	effondrer
traditionnellement	traditionnellement
soulagés	soulager
surfeurs	surfeur
flottante	flottant
névrosé	névrosé
décidai	décider
musculation	musculation
ancestrale	ancestral
squatte	squatter
tords	tordre
répréhensible	répréhensible
delighteam	delighteam
vaillants	vaillant
ennis	ennis
monterey	monterey
bufgelfly	bufgelfly
mélodramatique	mélodramatique
éden	éden
rapt	rapt
précieusement	précieusement
tweets	tweets
pommier	pommier
promené	promener
exécrable	exécrable
approuves	approuver
brindille	brindille
macleish	macleish
épargnera	épargner
butchie	butchie
acharnée	acharner
croule	croule
considérais	considérer
aston	aston
rwanda	rwanda
cochonnerie	cochonnerie
déserter	déserter
fatiguées	fatiguer
14h30	14h30
wisteria	wisteria
accablant	accablant
vadrouille	vadrouille
dicté	dicter
willow'	willow'
pastèques	pastèque
peuplée	peupler
ralliement	ralliement
crachat	crachat
expliquerez	expliquer
negro	negro
minettes	minet
hypnotique	hypnotique
elka	elka
lâcheront	lâcher
montraient	montrer
retournez-y	retournez-y
persécuter	persécuter
congélo	congélo
regagné	regagner
souveniez	souvenir
surprenez	surprendre
hanks	hanks
hurt	hurt
dewitt	dewitt
trouve-t-on	trouve-t-on
cassandre	cassandre
restes-y	restes-y
agriculteur	agriculteur
dégrader	dégrader
népal	népal
apprivoiser	apprivoiser
leia	leia
ratio	ratio
enregistrait	enregistrer
sienna	sienna
soupçonnais	soupçonner
vengée	venger
éclatera	éclater
arr	arr
perçant	perçant
jovi	jovi
colossale	colossal
écrémé	écrémé
amassé	amasser
makes	makes
menais	mener
troue	trouer
mantra	mantra
lover	lover
nierai	nier
apparaitre	apparaitre
étroits	étroit
savoy	savoy
déjanté	déjanter
lolly	lolly
apnée	apnée
sauteur	sauteur
loving	loving
craignaient	craindre
éliminant	éliminer
étayer	étayer
antilles	antilles
rowley	rowley
griefs	grief
proces	proces
25e	25e
renoir	renoir
mousquetaire	mousquetaire
serrant	serrer
remplissait	remplir
variante	variante
contrôleurs	contrôleur
concernées	concerner
élégants	élégant
tarot	tarot
douzième	douzième
repenti	repentir
prévisibles	prévisible
caritatif	caritatif
relooking	relooking
ichabod	ichabod
bouboule	boubouler
jc	jc
'j'	'j'
michèle	michèle
marginal	marginal
anodin	anodin
prem'	prem'
démissionnez	démissionner
captif	captif
lydecker	lydecker
wyler	wyler
guevara	guevara
confédération	confédération
tama	tama
retombera	retomber
rune	rune
agrafes	agrafe
travestis	travestir
spasme	spasme
conter	conter
dodger	dodger
condo	condo
arriérés	arriérer
évanouissement	évanouissement
nitroglycérine	nitroglycérine
jurent	jurer
rencontrerons	rencontrer
légendaires	légendaire
méprises	méprises
valant	valoir
frappa	frapper
futon	futon
fêtait	fêter
pagaie	pagaie
apprises	apprendre
épicentre	épicentre
mycroft	mycroft
farid	farid
verbale	verbal
nagus	nagus
mikuru	mikuru
colombienne	colombien
amourette	amourette
fifille	fifille
wylie	wylie
figaro	figaro
radié	radier
chromosomes	chromosome
lèches	lécher
barbecues	barbecue
hatfield	hatfield
missa	missa
nr	nr
susanna	susanna
jabba	jabba
danube	danube
patrouilleur	patrouilleur
pillards	pillard
ravaler	ravaler
roussi	roussi
brisant	brisant
xing	xing
circoncision	circoncision
kimchi	kimchi
ewan	ewan
minotaure	minotaure
dura	durer
thaddeus	thaddeus
datania	datania
fondamentales	fondamental
peng	peng
mouvants	mouvant
hi-fi	hi-fi
fai	fai
derrières	derrière
céderai	céder
macintosh	macintosh
limaces	limace
rivés	river
révolutionner	révolutionner
keanu	keanu
enclave	enclave
sharif	sharif
expirer	expirer
pende	pendre
luttait	lutter
discerner	discerner
percepteur	percepteur
eastwood	eastwood
baffes	baffe
prédilection	prédilection
uhura	uhura
mir	mir
répugnants	répugnant
coquette	coquette
fiske	fiske
copropriété	copropriété
freinage	freinage
fâches	fâcher
libères	libérer
convertis	convertir
cessait	cesser
pintes	pinte
touchons	toucher
rosé	rosé
intimidée	intimider
communicateur	communicateur
côté-ci	côté-ci
ébloui	éblouir
barda	barda
toxicos	toxico
exclusifs	exclusif
directes	direct
égoiste	égoiste
judah	judah
gonzo	gonzo
kirsty	kirsty
pirouette	pirouette
buviez	boire
remplacent	remplacer
déviant	déviant
messes	messe
complote	comploter
exigeons	exiger
gallant	galler
alouette	alouette
puérile	puéril
occuperez	occuper
chassant	chassant
hologrammes	hologramme
ev	ev
appartenais	appartenir
lindbergh	lindbergh
candidatures	candidature
réessayez	réessayer
oedème	oedème
mettraient	mettre
typiques	typique
pendra	pendre
suppléant	suppléant
capitol	capitol
mead	mead
signalez	signaler
crédibles	crédible
lynchage	lynchage
froidement	froidement
résidentiel	résidentiel
capitalistes	capitaliste
nasale	nasale
rancoeur	rancoeur
lombardo	lombardo
sodome	sodome
débouche	déboucher
subsiste	subsister
récidive	récidive
grèves	grève
reprennes	reprendre
guitar	guitar
karsten	karsten
andromède	andromède
torben	torben
mutilés	mutiler
brasier	brasier
doolittle	doolittle
enregistres	enregistrer
annoncera	annoncer
aboutit	aboutir
caricature	caricature
embarqués	embarquer
marcella	marcella
supporterait	supporter
sears	sears
mancini	mancini
jb	jb
calepin	calepin
haltères	haltère
soutienne	soutenir
hem	hem
préférerai	préférer
palpitante	palpitant
spectromètre	spectromètre
asuka	asuka
convaincra	convaincre
jeannot	jeannot
poisson-chat	poisson-chat
raiders	raider
portails	portail
sachez-le	sachez-le
clerc	clerc
refusiez	refuser
assorties	assortir
abernathy	abernathy
westlake	westlake
caitlyn	caitlyn
élastiques	élastique
injustes	injuste
midori	midori
occupaient	occuper
frégate	frégate
wolff	wolff
lovers	lovers
gratté	gratter
dal	dal
mélodies	mélodie
évitait	éviter
banales	banal
ono	ono
empirent	empirer
plombes	plomber
éprouvante	éprouvant
kafka	kafka
finnegan	finnegan
pda	pda
fournies	fournir
soudée	souder
loxley	loxley
aprã	aprã
demi-sœur	demi-sœur
hun	hun
marcheront	marcher
acc	acc
cambriolée	cambrioler
pose-toi	pose-toi
arif	arif
dar	dar
mobilisation	mobilisation
polka	polka
agrandi	agrandi
obtempérer	obtempérer
envoie-lui	envoie-lui
pit	pit
impossibilité	impossibilité
préoccupez	préoccuper
blitz	blitz
sceaux	sceau
dipper	dipper
affirmez	affirmer
restreindre	restreindre
stries	strie
parle-t-elle	parle-t-elle
gérais	gérer
ashleigh	ashleigh
jurisprudence	jurisprudence
heathrow	heathrow
syllabe	syllabe
aménagement	aménagement
barjot	barjot
polygraphe	polygraphe
archéologues	archéologue
partagions	partager
palpable	palpable
gueux	gueux
décaler	décaler
économe	économe
merc	merc
peut-ãªtre	peut-ãªtre
mitard	mitard
erronée	erroné
compteurs	compteur
monteur	monteur
amènerait	amener
athos	athos
spectaculaires	spectaculaire
malhotra	malhotra
père-fils	père-fils
comanche	comanche
agitant	agitant
dun	dun
dénoncerai	dénoncer
irrégularités	irrégularité
illicites	illicite
reconnais-le	reconnais-le
séparons	séparer
ganglions	ganglion
apprentie	apprenti
jammer	jammer
hyeong	hyeong
broutilles	broutille
iles	île
abattez-le	abattez-le
mélangée	mélanger
accolade	accolade
gâteux	gâteux
briseur	briseur
voilâ	voilâ
volage	volage
gook	gook
battlestar	battlestar
ressentes	ressentir
entreront	entrer
zak	zak
manipulés	manipuler
culpa	culpa
abattra	abattre
formations	formation
succés	succés
latéral	latéral
convoite	convoiter
attendez-nous	attendez-nous
fréquents	fréquent
intellectuellement	intellectuellement
network	network
tabloïds	tabloïd
décryptage	décryptage
j.o.	j.o.
tics	tic
nages	nager
notée	noter
poignards	poignard
nageait	nager
goro	goro
littéral	littéral
airbag	airbag
foies	foie
vire-le	vire-le
incinérateur	incinérateur
aigre	aigre
mucho	mucho
ativan	ativan
affiner	affiner
harrow	harrow
incrusté	incrusté
donnes-tu	donnes-tu
albatros	albatros
vont-elles	vont-elles
réquisitionné	réquisitionner
prononcez	prononcer
setsuko	setsuko
quid	quid
lagon	lagon
baratiner	baratiner
existerait	exister
lowry	lowry
concrètes	concret
jouvence	jouvence
fatidique	fatidique
breton	breton
penalty	penalty
annoncée	annoncer
désactivez	désactiver
dignitaires	dignitaire
boyz	boyz
mollet	mollet
patmore	patmore
manquiez	manquer
logeuse	logeur
renseignez-vous	renseignez-vous
gredin	gredin
gulliver	gulliver
finement	finement
étonnantes	étonnant
niaiseries	niaiserie
devalos	devalos
gérée	gérer
réclamait	réclamer
balançait	balancer
refusa	refuser
years	years
prolongation	prolongation
défendra	défendre
snoopy	snoopy
exigeait	exiger
débrouillent	débrouiller
hasan	hasan
mouvementée	mouvementer
danforth	danforth
enduit	enduit
changiez	changer
kraft	kraft
collioure	collioure
causette	causette
récupérées	récupérer
olaola	olaola
isolées	isoler
curés	curé
insémination	insémination
rocker	rocker
terminales	terminale
zelle	zelle
institute	institute
médiéval	médiéval
insensées	insensé
convenables	convenable
sous-entends	sous-entendre
apportez-nous	apportez-nous
marquées	marquer
levure	levure
éjection	éjection
lobotomie	lobotomie
karla	karla
pailles	paille
vendiez	vendre
pense-tu	pense-tu
fouillait	fouiller
inca	inca
grazie	grazie
housse	housse
pensionnaire	pensionnaire
décompose	décomposer
couturier	couturier
neha	neha
prostitués	prostituer
enlevais	enlever
embarcadère	embarcadère
maltraite	maltraiter
cornouailles	cornouailles
laides	laid
appelle-nous	appelle-nous
trahissez	trahir
couscous	couscous
alby	alby
jer	jer
rends-la	rends-la
arnett	arnett
corrigan	corrigan
promènes	promener
formant	formant
redoutais	redouter
symbiose	symbiose
floor	floor
feet	feet
sheffield	sheffield
interêt	interêt
q'	q'
epouse-moi	epouse-moi
streisand	streisand
pédagogique	pédagogique
familiariser	familiariser
populace	populace
divertissements	divertissement
minibus	minibus
approfondi	approfondi
tolstoï	tolstoï
suivras	suivre
humanoïdes	humanoïde
implosion	implosion
recouverts	recouvrir
charrier	charrier
colbert	colbert
supernova	supernova
jeanine	jeanine
feygnasse	feygnasse
shower	shower
remontait	remonter
vous-en	vous-en
turbine	turbine
oxycodone	oxycodone
compromet	compromettre
écrasement	écrasement
courtiers	courtier
cosmiques	cosmique
attarde	attarder
embarques	embarquer
gênantes	gênant
welcome	welcome
reprochez	reprocher
microscopique	microscopique
létale	létal
possédés	posséder
prédicateur	prédicateur
ecossais	ecossais
milices	milice
décamper	décamper
tomberez	tomber
baveux	baveux
chestnut	chestnut
sous-chef	sous-chef
covington	covington
revit	revoir
filment	filmer
dorota	dorota
déshonorer	déshonorer
neurochirurgie	neurochirurgie
conti	conti
anciennement	anciennement
impressionant	impressionant
châtelain	châtelain
effraye	effrayer
tweed	tweed
tone	tone
black-out	black-out
opal	opal
foncée	foncé
valencia	valencia
abolir	abolir
logiques	logique
préviendra	prévenir
schillinger	schillinger
humiliations	humiliation
kaiser66	kaiser66
oubliez-le	oubliez-le
massives	massif
ratent	rater
je-j'	je-j'
rapprochait	rapprocher
pale	pale
bornée	borner
reserve	reserve
mug	mug
everwood	everwood
connaîtrait	connaître
eviter	eviter
caler	caler
méfiante	méfiant
débattue	débattre
détérioration	détérioration
générales	général
considérées	considérer
cosmonaute	cosmonaute
sifflets	sifflet
dim	dim
électrocution	électrocution
ajout	ajout
lies	lier
aviaire	aviaire
fiacre	fiacre
marions	marier
défensif	défensif
chassera	chasser
fondements	fondement
évacuée	évacuer
princess	princess
prouvée	prouver
sleepy	sleepy
pétroliers	pétrolier
désactivée	désactiver
enrager	enrager
miner	miner
battrait	battre
invitera	inviter
racontes-tu	racontes-tu
attache-le	attache-le
subs	subs
paella	paella
connaîtront	connaître
livingston	livingston
lazarus	lazarus
démène	démener
parle-leur	parle-leur
admiratrice	admirateur
hurlez	hurler
inclue	inclure
équipages	équipage
revendu	revendre
range-toi	range-toi
rock'	rock'
file-lui	file-lui
rappeurs	rappeur
codés	codé
bae	bae
ziegfeld	ziegfeld
embarquent	embarquer
élévation	élévation
rieur	rieur
récupéreras	récupérer
tremblé	tremblé
archive	archive
bouille	bouille
silex	silex
lavait	laver
dundee	dundee
holbrook	holbrook
hordes	horde
check-up	check-up
bagatelle	bagatelle
reniflements	reniflement
soupçonnent	soupçonner
éterniser	éterniser
approvisionner	approvisionner
ducats	ducat
bethléem	bethléem
zpm	zpm
pucelle	puceau
chauffe-eau	chauffe-eau
mifflin	mifflin
distincts	distinct
surfe	surfer
nikolaï	nikolaï
raterais	rater
fatiguent	fatiguer
moraux	moral
affirmant	affirmer
clame	clamer
frappez-le	frappez-le
fresh	fresh
rd	rd
nielsen	nielsen
hématomes	hématome
minbaris	minbaris
sensualité	sensualité
dévisager	dévisager
neutrons	neutron
seen	seen
attachant	attachant
timbira	timbira
abandonnerait	abandonner
appartenons	appartenir
vida	vider
gypsy	gypsy
errent	errer
newt	newt
ruminer	ruminer
magouille	magouille
salma	salma
foxtrot	foxtrot
mixtes	mixte
retombée	retombée
blythe	blythe
amènerais	amener
refroidisse	refroidir
epoque	epoque
joke	joke
crécher	crécher
apprendrait	apprendre
macpherson	macpherson
déboulé	déboulé
reconnaîtrait	reconnaître
engueulés	engueuler
excentriques	excentrique
microphone	microphone
déconnais	déconner
plastic	plastic
goal	goal
cruciales	crucial
frédérick	frédérick
xi	xi
etais-tu	etais-tu
ke	ke
reade	reade
contrecarrer	contrecarrer
vanity	vanity
transmises	transmettre
réglementation	réglementation
correspondante	correspondant
securité	securité
bluffé	bluffer
grand-tante	grand-tante
arrière-cour	arrière-cour
terrassé	terrasser
vivien	vivien
education	education
such	such
jean-baptiste	jean-baptiste
bartholomew	bartholomew
verifier	verifier
déclenchez	déclencher
wilkinson	wilkinson
voyons-nous	voyons-nous
ligoter	ligoter
vacciné	vacciner
dérisoire	dérisoire
osbourne	osbourne
plumard	plumard
cheesecake	cheesecake
ségrégation	ségrégation
trognon	trognon
aubergine	aubergine
cirrhose	cirrhose
décontractée	décontracter
multinationale	multinationale
come-back	come-back
magasine	magasiner
libanais	libanais
vielles	vielle
ustensiles	ustensile
écrasera	écraser
sobres	sobre
introuvables	introuvable
limousines	limousine
redevables	redevable
brûlons	brûler
belle-maman	belle-maman
fringant	fringant
rickie	rickie
mcgregor	mcgregor
vide-grenier	vide-grenier
halstead	halstead
7h00	7h00
ferions-nous	ferions-nous
tumulte	tumulte
bouche-à-bouche	bouche-à-bouche
sanglotant	sanglotant
sparadrap	sparadrap
révolver	révolver
guster	guster
crachent	cracher
impatiemment	impatiemment
music-hall	music-hall
appelons-le	appelons-le
poursuivais	poursuivre
murmurant	murmurant
réprimander	réprimander
congelée	congeler
culturelles	culturel
signalés	signaler
revend	revendre
dérouiller	dérouiller
avaient-ils	avaient-ils
irais-je	irais-je
farr	farr
têtus	têtu
licenciée	licencier
itchy	itchy
novices	novice
faussé	fausser
serviras	servir
croûtes	croûte
barde	barde
cil	cil
enroule	enrouler
narguer	narguer
réduisent	réduire
prononciation	prononciation
mangerons	manger
ajamais	ajamais
vanderbilt	vanderbilt
paniquent	paniquer
skipped	skipped
bipée	biper
remettrait	remettre
estime-toi	estime-toi
rafraîchissements	rafraîchissement
désagréments	désagrément
armitage	armitage
palestinien	palestinien
controler	controler
egalement	egalement
louisville	louisville
alva	alva
emmeniez	emmener
p.j.	p.j.
répondras	répondre
proteger	proteger
incontestable	incontestable
détournée	détourner
lancées	lancée
explosée	exploser
bizness	bizness
cédric	cédric
bulgare	bulgare
vaughan	vaughan
vexant	vexant
indépendantes	indépendant
ravies	ravir
sifflé	siffler
corrida	corrida
puisses-tu	puisses-tu
boueux	boueux
ziegler	ziegler
mailles	maille
banquise	banquise
att	att
singularité	singularité
échafaud	échafaud
illimitée	illimité
distribuez	distribuer
cachotteries	cachotterie
haies	haie
tome	tome
gracié	gracier
vadim	vadim
pilgrim	pilgrim
réglerai	régler
rhabille-toi	rhabille-toi
rigby	rigby
surprendra	surprendre
soulagera	soulager
éros	éros
gas	gas
fremont	fremont
adage	adage
dressage	dressage
asano	asano
messieurs-dames	messieurs-dames
hypoglycémie	hypoglycémie
restituer	restituer
espiègle	espiègle
entourloupe	entourloupe
moyen-âge	moyen-âge
thés	thé
ayoye	ayoye
juteuse	juteuse
vantait	vanter
dig	dig
amarré	amarrer
syncope	syncope
embrassez-vous	embrassez-vous
émouvoir	émouvoir
clochettes	clochette
démolie	démolir
montre-le	montre-le
ferengis	ferengis
mayflower	mayflower
tamsin	tamsin
jacket	jacket
divague	divaguer
tanger	tanger
stoner	stoner
soutenons	soutenir
voltaire	voltaire
kal	kal
interagir	interagir
pleurerais	pleurer
assistera	assister
pythagore	pythagore
baby-sitters	baby-sitter
muscade	muscade
persuade	persuader
valides	valide
pittman	pittman
cognes	cogner
zale	zale
horowitz	horowitz
ecarte	ecarte
cami	cami
nantucket	nantucket
saki	saki
allende	allende
haches	hache
maharadjah	maharadjah
tueriez	tuer
diminuent	diminuer
arima	arima
dépravation	dépravation
préoccupent	préoccuper
bon.	bon.
locksley	locksley
plouf	plouf
éprouvez	éprouver
performant	performant
mamelon	mamelon
inconscience	inconscience
pliez	plier
visionner	visionner
stériliser	stériliser
allégresse	allégresse
griffer	griffer
ressaisissez-vous	ressaisissez-vous
schizo	schizo
gorgées	gorgée
recommençait	recommencer
gen	gen
veillent	veiller
da'	da'
lain	lain
enlevez-lui	enlevez-lui
fulcrum	fulcrum
aiguiser	aiguiser
viens-en	viens-en
désirons	désirer
recherchant	rechercher
majoritaire	majoritaire
plants	plant
repensais	repenser
temporelles	temporel
oncologie	oncologie
tremblante	tremblante
plombiers	plombier
lear	lear
camillo	camillo
courrait	courir
amène-les	amène-les
étonnants	étonnant
instinctivement	instinctivement
salariés	salarier
trombe	trombe
citadins	citadin
gicler	gicler
factory	factory
choisisses	choisir
bienheureux	bienheureux
extraordinairement	extraordinairement
bolin	bolin
bb	bb
lèche-bottes	lèche-bottes
chimères	chimère
brûlerai	brûler
goo	goo
voltron	voltron
ignorions	ignorer
warden	warden
rainey	rainey
dutton	dutton
gee	gee
assumé	assumer
réaliseront	réaliser
démantelé	démanteler
rhumatismes	rhumatisme
surgissent	surgir
illustration	illustration
esperais	esperais
lagann	lagann
miley	miley
échangée	échanger
réceptif	réceptif
ftl	ftl
elkins	elkins
spontanéité	spontanéité
fracturée	fracturer
éviterait	éviter
relayer	relayer
amicalement	amicalement
environnemental	environnemental
gargouille	gargouille
armoires	armoire
réagisse	réagir
conquise	conquérir
yukiko	yukiko
intensifier	intensifier
irrecevable	irrecevable
panthéon	panthéon
books	book
pompéi	pompéi
kyla	kyla
acharner	acharner
pimenter	pimenter
arrière-grand-mère	arrière-grand-mère
magma	magma
digger	digger
revere	revere
grillons	grillon
apaisé	apaiser
entraînez	entraîner
tish	tish
chargeurs	chargeur
farm	farm
obligeant	obligeant
sisters	sisters
paine	paine
entassés	entasser
ozu	ozu
arréter	arréter
haillons	haillon
dédicacer	dédicacer
saperlipopette	saperlipopette
sigma	sigma
gyeong	gyeong
comic	comic
déposera	déposer
rapportée	rapporter
goûtes	goûter
incohérences	incohérence
encas	encas
ensanglantée	ensanglanter
redouté	redouter
pivot	pivot
sita	sita
sicilien	sicilien
twister	twister
emmena	emmener
baser	baser
karel	karel
accabler	accabler
sanglantes	sanglant
fillmore	fillmore
near	near
métaphysique	métaphysique
juniors	junior
respectant	respecter
dirigerai	diriger
enterrera	enterrer
télémétrie	télémétrie
bluetooth	bluetooth
quadrille	quadriller
emmèneront	emmener
débarrassez-moi	débarrassez-moi
habitueras	habituer
ammoniaque	ammoniaque
eps	eps
hésiterais	hésiter
delacroix	delacroix
11h30	11h30
canterbury	canterbury
inaugurer	inaugurer
grand-mere	grand-mere
manfred	manfred
remplira	remplir
comparés	comparer
thoracotomie	thoracotomie
isotopes	isotope
est-t-il	est-t-il
aménager	aménager
flamingo	flamingo
barbes	barbe
déformer	déformer
clauses	clause
restante	restant
notable	notable
warriors	warriors
bordélique	bordélique
constitutionnel	constitutionnel
silencieuses	silencieux
font-elles	font-elles
bestiaux	bestial
fidji	fidji
étonnez	étonner
15h30	15h30
trempette	trempette
bienveillante	bienveillant
infâmes	infâme
démis	démis
fairchild	fairchild
rappeliez	rappeler
koji	koji
asthmatique	asthmatique
tignasse	tignasse
cesseront	cesser
oserai	oser
cheerios	cheerios
buffles	buffle
visualise	visualiser
étouffait	étouffer
glissement	glissement
forceps	forceps
estimez	estimer
speak	speak
épauler	épauler
pow	pow
alessandro	alessandro
immuable	immuable
northern	northern
durand	durand
emploient	employer
loupes	loupes
battras	battre
psychanalyste	psychanalyste
reconduis	reconduire
impeccables	impeccable
taliban	taliban
subordonnés	subordonner
alignées	aligner
purdy	purdy
entree	entree
retrouvons-nous	retrouvons-nous
capituler	capituler
bourg	bourg
chuckie	chuckie
renny	renny
shû	shû
gonzalo	gonzalo
punissez	punir
masha	masha
koo	koo
lisons	lire
enverras	envoyer
répartir	répartir
poserais	poser
installera	installer
éclate-toi	éclate-toi
lotissement	lotissement
winchell	winchell
gouines	gouine
proust	proust
fréquentent	fréquenter
cesserai	cesser
annules	annuler
sautais	sauter
downtown	downtown
impliquerait	impliquer
piquait	piquer
nuremberg	nuremberg
cyrano	cyrano
glissait	glisser
prentice	prentice
nuria	nuria
rafler	rafler
passez-lui	passez-lui
dupes	dupe
edwina	edwina
ramènerait	ramener
greffer	greffer
fard	fard
apprêtent	apprêter
dégoûtez	dégoûter
winterfell	winterfell
acceptables	acceptable
émir	émir
pocahontas	pocahontas
click	click
itinérant	itinérant
tonino	tonino
inaperçue	inaperçu
réparent	réparer
frappeur	frappeur
utilise-le	utilise-le
ausculter	ausculter
pénètrent	pénétrer
attrapons	attraper
donjons	donjon
pilleurs	pilleur
empiler	empiler
fix	fix
divulgation	divulgation
dicky	dicky
abîmes	abîmer
excitait	exciter
commandons	commander
lance-roquettes	lance-roquettes
prélude	prélude
xu	xu
poudres	poudre
casernes	caserne
subira	subir
soignent	soigner
représentée	représenter
qiu	qiu
quad	quad
dad	dad
meublé	meublé
divines	divin
singulière	singulier
habitues	habituer
décodé	décoder
fèves	fève
jamaïcain	jamaïcain
dinars	dinar
déterminant	déterminant
soufflait	souffler
déshydratée	déshydrater
lego	lego
ambigu	ambigu
astoria	astoria
cooley	cooley
ahn	ahn
pollué	polluer
paparazzis	paparazzi
nuisibles	nuisible
hawaïenne	hawaïen
enrhumé	enrhumé
scepticisme	scepticisme
déchirant	déchirant
cinéastes	cinéaste
promettent	promettre
pantins	pantin
absorption	absorption
inhabituels	inhabituel
bobos	bobo
aristocrates	aristocrate
rumba	rumba
libérées	libérer
sélective	sélectif
folsom	folsom
maniaques	maniaque
prétendais	prétendre
vécues	vivre
cligné	cligner
creusant	creuser
invalidité	invalidité
espéraient	espérer
hutton	hutton
osgood	osgood
engouement	engouement
rusés	ruser
rassis	rassis
clennam	clennam
déléguer	déléguer
massue	massue
ex-femmes	ex-femme
fructueuse	fructueux
brahms	brahms
transportez	transporter
sorbet	sorbet
attirerait	attirer
sack	sack
développements	développement
inge	inge
cliquer	cliquer
tnt	tnt
anale	anale
opera	opera
battiez	battre
pennies	penny
éventuelles	éventuel
kelton	kelton
20h00	20h00
lessivé	lessiver
arithmétique	arithmétique
appropriées	approprier
mate-moi	mate-moi
menacées	menacer
dio	dio
pharmacies	pharmacie
gisement	gisement
bizarrerie	bizarrerie
fell	fell
séparatiste	séparatiste
réformer	réformer
cacherais	cacher
déjá	déjá
baz	baz
kamal	kamal
magellan	magellan
bifteck	bifteck
surveillaient	surveiller
exterminés	exterminer
flanche	flanche
manoeuvrer	manoeuvrer
urgents	urgent
grodd	grodd
somnambulisme	somnambulisme
templiers	templier
gouter	gouter
confondent	confondre
croyais-tu	croyais-tu
incarnée	incarner
évaporé	évaporé
myspace	myspace
saboteur	saboteur
quadruple	quadruple
toshi	toshi
tip	tip
brelan	brelan
trombones	trombone
nageoires	nageoire
toole	toole
gussie	gussie
combattrai	combattre
colères	colère
scarrans	scarrans
listé	lister
pénétrant	pénétrant
sé	sé
épis	épi
surmonte	surmonter
logés	loger
godasses	godasse
planquée	planquer
judée	judée
dunder	dunder
bayliss	bayliss
dover	dover
désespérer	désespérer
year	year
semper	semper
bâteau	bâteau
read	read
contenaient	contenir
loeb	loeb
goupille	goupille
plaignais	plaindre
rétrograde	rétrograde
auditif	auditif
import	import
meat	meat
clemente	clemente
excuseras	excuser
cartonné	cartonner
éduquée	éduquer
lauréat	lauréat
déflecteur	déflecteur
améliorera	améliorer
deux-trois	deux-trois
canicule	canicule
sulfurique	sulfurique
fabien	fabien
fordham	fordham
identifiées	identifier
affrontera	affronter
ravit	ravir
quartz	quartz
grandissait	grandir
ronflement	ronflement
gar	gar
cueillette	cueillette
prononces	prononcer
splash	splash
dire-	dire-
goddard	goddard
repassage	repassage
glas	glas
etoiles	etoiles
peña	peña
décririez-vous	décririez-vous
colibri	colibri
cocaine	cocaine
jem	jem
hk	hk
linéaire	linéaire
détournez	détourner
visez-moi	visez-moi
éternué	éternuer
compressions	compression
coloniale	colonial
affinités	affinité
evitons	evitons
auditoire	auditoire
hume	humer
entendrons	entendre
boutonneux	boutonneux
fei-hung	fei-hung
revendeurs	revendeur
hilarante	hilarant
abatte	abattre
adrienne	adrienne
paraîtrait	paraître
pleuvra	pleuvoir
écouteras	écouter
défilent	défiler
narns	narns
harcèles	harcèles
pratiquez	pratiquer
décodeur	décodeur
krystle	krystle
grim	grim
caïds	caïd
bocaux	bocal
anticipation	anticipation
blindées	blinder
toqué	toquer
coulée	coulée
captes	capter
blanchit	blanchir
haiti	haiti
lehman	lehman
effie	effie
sévit	sévir
molette	molette
gâchent	gâcher
conseillerais	conseiller
yamato	yamato
affranchis	affranchir
bubble	bubble
moitiés	moitié
autonomes	autonome
rda	rda
invitais	inviter
ramene	ramene
avertit	avertir
jugerai	juger
obligeance	obligeance
watt	watt
ventouse	ventouse
capillaires	capillaire
débardeur	débardeur
terrifiants	terrifiant
enterrez	enterrer
braqués	braquer
boy-scout	boy-scout
contrôlant	contrôler
tami	tami
psychothérapie	psychothérapie
grigori	grigori
sad	sad
racontez-vous	racontez-vous
saurais-tu	saurais-tu
omission	omission
puissiez-vous	puissiez-vous
huff	huff
anti-douleurs	anti-douleur
quick	quick
étiqueté	étiqueté
enlevez-les	enlevez-les
chambouler	chambouler
greek	greek
huxley	huxley
inhibitions	inhibition
zig	zig
oahu	oahu
moineaux	moineau
teigne	teigne
fentanyl	fentanyl
faire-part	faire-part
fiévreux	fiévreux
veillait	veiller
typhoïde	typhoïde
jaquette	jaquette
navales	naval
chaloupe	chaloupe
recevant	recevoir
jérémie	jérémie
commandés	commander
saoudiens	saoudien
adonis	adonis
h.s.	h.s.
bismarck	bismarck
camino	camino
crevasse	crever
muppet	muppet
gsm	gsm
ishikawa	ishikawa
attaché-case	attaché-case
planquez-vous	planquez-vous
instit	instit
préoccupait	préoccuper
constable	constable
human	human
traquait	traquer
profitait	profiter
gertie	gertie
tricheuse	tricheur
préfériez	préférer
montreront	montrer
aisselle	aisselle
époques	époque
gifles	gifle
lacy	lacy
abondante	abondant
gouverneurs	gouverneur
lansing	lansing
déjeunons	déjeuner
taxer	taxer
everglades	everglades
loyalement	loyalement
névrose	névrose
mixage	mixage
ritals	rital
mosley	mosley
ikea	ikea
éloignant	éloigner
exeter	exeter
séjours	séjour
gâchons	gâcher
hatcher	hatcher
galen	galen
courrais	courir
épouvante	épouvante
dînes	dîner
humoriste	humoriste
agissais	agir
multinationales	multinational
risquant	risquer
adiós	adiós
exilés	exiler
obligatoires	obligatoire
sous-fifre	sous-fifre
faillit	faillir
floues	flou
taekwondo	taekwondo
ouvrirait	ouvrir
mélo	mélo
expositions	exposition
finis-le	finis-le
élans	élan
compterais	compter
écrasées	écraser
gril	gril
criquets	criquet
trahirait	trahir
parfaire	parfaire
bredouille	bredouille
marocain	marocain
partielles	partiel
c`est	c`est
meeks	meeks
regarderez	regarder
nuisance	nuisance
chffff	chffff
ètais	ètais
piazza	piazza
b.b.	b.b.
knights	knights
facial	facial
clash	clash
attachent	attacher
croiseurs	croiseur
enfouie	enfouir
callisto	callisto
prédécesseurs	prédécesseur
geils	geils
amortisseurs	amortisseur
convaincs	convaincre
banalités	banalité
torturent	torturer
lauderdale	lauderdale
salopette	salopette
dites-m'	dites-m'
visser	visser
objectivement	objectivement
mouch	mouch
décents	décent
18h00	18h00
pointant	pointer
vécut	vivre
horizontal	horizontal
affaiblie	affaiblir
dolls	dolls
haye	haye
arretes	arretes
codage	codage
reverrai-je	reverrai-je
karina	karina
outsider	outsider
hors-bord	hors-bord
reunion	reunion
intervalles	intervalle
dégénérescence	dégénérescence
stryker	stryker
sije	sije
etranger	etranger
bousillée	bousiller
inachevée	inachevé
prusse	prusse
k.c.	k.c.
pécan	pécan
amasser	amasser
débutantes	débutant
termines	terminer
dumbledore	dumbledore
absorbée	absorber
souk	souk
jingles	jingle
cortisone	cortisone
corpulence	corpulence
chirurgies	chirurgie
pesée	pesée
généré	générer
vérifiait	vérifier
cissy	cissy
voulons-nous	voulons-nous
gannon	gannon
préjudiciable	préjudiciable
mouvementé	mouvementer
patriarche	patriarche
rebondissement	rebondissement
tantinet	tantinet
afflux	afflux
alignez-vous	alignez-vous
embaumement	embaumement
driver	driver
myles	myles
amazon	amazon
suivez-vous	suivez-vous
inimaginables	inimaginable
giflée	gifler
noa	noa
vécus	vivre
slick	slick
torrance	torrance
darken	darken
irisa	irisa
mioche	mioche
bombarde	bombarde
tapin	tapin
mcneil	mcneil
cornemuse	cornemuse
stubbs	stubbs
endommagées	endommager
molesley	molesley
aplatir	aplatir
impuni	impuni
abba	abba
buzzer	buzzer
concurrente	concurrent
soûlé	soûler
essaie-le	essaie-le
learn	learn
muni	munir
narn	narn
gringalet	gringalet
'il	'il
obtiendrons	obtenir
osman	osman
servirais	servir
jetez-les	jetez-les
sous-directeur	sous-directeur
mesurez	mesurer
prometteurs	prometteur
glaciaire	glaciaire
kits	kit
interprètes	interprète
blesserait	blesser
dégueuler	dégueuler
aveuglement	aveuglement
pastrami	pastrami
alexandria	alexandria
ignare	ignare
ex-copain	ex-copain
mcphee	mcphee
donkey	donkey
kenichi	kenichi
regretterais	regretter
redeviennent	redevenir
nightmare	nightmare
razor	razor
pélican	pélican
josiah	josiah
eloignez	eloignez
commentateur	commentateur
ouistiti	ouistiti
guet-apens	guet-apens
ajournement	ajournement
participait	participer
rickman	rickman
établissez	établir
lividité	lividité
dumont	dumont
encouragez	encourager
hokkaido	hokkaido
inventées	inventer
buveurs	buveur
réunissez	réunir
catalogues	catalogue
pardonnés	pardonner
honduras	honduras
amara	amara
klara	klara
maniere	maniere
frapperais	frapper
blanchis	blanchir
rabat	rabat
jase	jaser
diapos	diapo
carne	carne
usher	usher
patriot	patriot
verité	verité
narration	narration
économisez	économiser
viendrez-vous	viendrez-vous
baldrick	baldrick
chatouilleux	chatouilleux
hilly	hilly
botwin	botwin
insensés	insensé
kb	kb
tenterait	tenter
alisha	alisha
défiant	défiant
fantasque	fantasque
incluent	inclure
arrête-la	arrête-la
intouchables	intouchable
risible	risible
éclates	éclater
épinglé	épinglé
soûls	soûl
p.c.	p.c.
emplit	emplir
délivrée	délivrer
thêta	thêta
chassais	chasser
marigold	marigold
sig	sig
myrna	myrna
inouïe	inouï
dominent	dominer
métaphoriquement	métaphoriquement
dissidents	dissident
westerns	western
pouvais-tu	pouvais-tu
comprises	compris
honnete	honnete
âge-là	âge-là
pinto	pinto
mathers	mathers
irish	irish
waco	waco
ternir	ternir
hanley	hanley
pitoyables	pitoyable
appliquez	appliquer
murder	murder
hiérarchique	hiérarchique
pèses	peser
andouilles	andouille
entendrais	entendre
répétée	répéter
bourges	bourge
ramadan	ramadan
chiang	chiang
gradés	gradé
avales	avaler
plonges	plonger
dunphy	dunphy
tribbiani	tribbiani
lient	lier
préfèrerait	préfèrerait
angulaire	angulaire
marrier	marrier
orque	orque
wonderful	wonderful
systématique	systématique
burr	burr
imaginiez	imaginer
regardions	regarder
morde	mordre
distraits	distrait
libérant	libérer
accouru	accourir
jacks	jack
glaciers	glacier
tâte	tâter
pleuraient	pleurer
colisée	colisée
sut	savoir
aveuglée	aveugler
acupuncture	acupuncture
mfp	mfp
voulaient-ils	voulaient-ils
noises	noise
occupez-vous-en	occupez-vous-en
mercis	merci
kennish	kennish
confère	conférer
baiseur	baiseur
turnbull	turnbull
monte-charge	monte-charge
myron	myron
aramis	aramis
florissante	florissant
comestibles	comestible
mijotez	mijoter
convergence	convergence
signifié	signifié
relevez-le	relevez-le
lock	lock
baladais	balader
stabilisée	stabiliser
urge	urger
attraperez	attraper
améliores	améliorer
pippa	pippa
philadelphia	philadelphia
cambrousse	cambrousse
sainement	sainement
flowers	flowers
collage	collage
enseignais	enseigner
déboussolé	déboussolé
partance	partance
fatales	fatal
scêne	scêne
mol	mou
sténo	sténo
papilles	papille
dirent	dire
frôle	frôler
rapporterait	rapporter
adelaide	adelaide
échafaudage	échafaudage
engagera	engager
stiller	stiller
kevlar	kevlar
braises	braise
possessif	possessif
mortiers	mortier
cabriolet	cabriolet
impertinence	impertinence
sape	sape
corporelles	corporel
hérisson	hérisson
couillons	couillon
gicle	gicler
inactif	inactif
lumineuses	lumineux
inversement	inversement
réfléchirais	réfléchir
noona	noona
dormeur	dormeur
bannon	bannon
boise	boiser
dresden	dresden
commenceras	commencer
minutieuse	minutieux
élargi	élargir
spatule	spatule
larcher	larcher
trilogie	trilogie
piégées	piéger
gehrig	gehrig
sympathisants	sympathisant
dolorès	dolorès
humpty	humpty
vagabonde	vagabond
pruitt	pruitt
essayions	essayer
partageais	partager
kibboutz	kibboutz
zheng	zheng
phantom	phantom
wave	wave
etudes	etudes
fessier	fessier
réunification	réunification
akemi	akemi
arrondissement	arrondissement
cadavérique	cadavérique
paisley	paisley
fouiné	fouiner
incompatibles	incompatible
servitude	servitude
réparerai	réparer
ellsworth	ellsworth
silicon	silicon
jetaient	jeter
galveston	galveston
choquante	choquant
martienne	martien
remets-la	remets-la
subalterne	subalterne
proprios	proprio
déchaînés	déchaîner
huis	huis
narcissisme	narcissisme
natif	natif
lissa	lisser
hlm	hlm
télékinésie	télékinésie
routeur	routeur
grimpent	grimper
espèrais	espèrais
crues	crue
immunisés	immuniser
gravitationnelle	gravitationnel
fûts	fût
track	track
yutaka	yutaka
élaborée	élaborer
armee	armee
sigmund	sigmund
ramone	ramoner
bondée	bonder
zodiaque	zodiaque
tran	tran
soignait	soigner
garde-meuble	garde-meuble
insinué	insinuer
fouler	fouler
catastrophiques	catastrophique
pistache	pistache
tricycle	tricycle
météores	météore
émeut	émouvoir
pourtoi	pourtoi
régente	régenter
humiliés	humilier
suk	suk
synthétiseur	synthétiseur
guam	guam
transylvanie	transylvanie
traite-moi	traite-moi
kareem	kareem
spinal	spinal
trivial	trivial
ions	ion
vigilante	vigilant
harengs	hareng
who'	who'
mustangs	mustang
hani	hani
dissipé	dissipé
cierges	cierge
bigelow	bigelow
accidenté	accidenté
saint-pétersbourg	saint-pétersbourg
volerais	voler
possédais	posséder
guess	guess
crimson	crimson
criminologie	criminologie
écrives	écrire
retiens-le	retiens-le
astaire	astaire
réjouissances	réjouissance
foxy	foxy
chênes	chêne
pac	pac
oublierait	oublier
aviateurs	aviateur
racailles	racaille
pied-de-biche	pied-de-biche
spirituelles	spirituel
physiciens	physicien
ballot	ballot
quon	quon
gente	gent
renzo	renzo
échapperez	échapper
incluse	inclure
siri	siri
attraperont	attraper
criquet	criquet
eeg	eeg
tripoli	tripoli
texans	texan
peignez	peignez
chubby	chubby
titiller	titiller
jarl	jarl
pompé	pomper
aquatiques	aquatique
glue	gluer
arnaqueurs	arnaqueur
pelvis	pelvis
rotule	rotule
décorée	décorer
cinco	cinco
étreint	étreindre
attends-nous	attends-nous
irresponsables	irresponsable
maserati	maserati
obélix	obélix
littéraires	littéraire
retirant	retirer
jointe	joindre
étoilée	étoiler
verna	verna
november	november
vir	vir
profilage	profilage
avançant	avancer
reconstitué	reconstituer
amochée	amocher
bouddhistes	bouddhiste
bohémienne	bohémien
repassera	repasser
rejoindrez	rejoindre
mega	mega
consumé	consumer
regagne	regagner
grossesses	grossesse
benjy	benjy
sommation	sommation
repousses	repousser
statu	statu
lemieux	lemieux
arcs-en-ciel	arc-en-ciel
poto	poto
rattrapez-le	rattrapez-le
lok	lok
mcgarry	mcgarry
ashby	ashby
ophelia	ophelia
pickup	pickup
secnav	secnav
servirez	servir
bidet	bidet
mousser	mousser
terminons	terminer
inquiètez	inquiètez
rhoda	rhoda
joigne	joindre
galt	galt
tar	tar
phénoménale	phénoménal
cayenne	cayenne
movie	movie
racontiez	raconter
hasta	hasta
matthias	matthias
castille	castille
traumas	trauma
immorale	immoral
hump	hump
henrickson	henrickson
trainait	trainait
photoshop	photoshop
promenant	promener
behind	behind
publiées	publier
réglées	régler
examinant	examiner
harald	harald
duels	duel
zob	zob
copieur	copieur
chopes	choper
buford	buford
tachée	tacher
imprévue	imprévu
écrabouiller	écrabouiller
africaines	africain
nest	nest
yellowstone	yellowstone
attester	attester
sonic	sonic
tresse	tresse
renvoies	renvoyer
piranhas	piranha
fleurit	fleurir
dub	dub
coloration	coloration
toupie	toupie
admires	admirer
plafonds	plafond
névrosée	névrosé
ulcères	ulcère
suspend	suspendre
caron	caron
suki	suki
rugir	rugir
carnivores	carnivore
desperate	desperate
soph	soph
16h00	16h00
machination	machination
cherchés	chercher
oates	oates
infligées	infliger
boyer	boyer
gardez-moi	gardez-moi
campé	campé
angoissant	angoissant
pollard	pollard
tailleurs	tailleur
applaudissent	applaudir
sedan	sedan
prends-ça	prends-ça
hormonal	hormonal
soren	soren
ez	ez
distillerie	distillerie
annapolis	annapolis
mun	mun
nuys	nuys
michiko	michiko
pulaski	pulaski
descentes	descente
remi	remi
ramènerons	ramener
côtière	côtière
souligne	souligner
attestation	attestation
trouducs	trouducs
mangeuse	mangeur
sakamoto	sakamoto
égaliser	égaliser
madre	madre
dentition	dentition
sub-way.fr	sub-way.fr
douées	douer
cachons-nous	cachons-nous
émerveillement	émerveillement
fêtez	fêter
stream	stream
pino	pino
divergences	divergence
sasaki	sasaki
bâillon	bâillon
hefner	hefner
effrayait	effrayer
éblouir	éblouir
dyke	dyke
mielleux	mielleux
hasch	hasch
minbari	minbari
ià-dedans	ià-dedans
arroyo	arroyo
fraternités	fraternité
discipliné	discipliné
pfeiffer	pfeiffer
généraliste	généraliste
rapaces	rapace
freeze	freeze
bouffées	bouffer
douloureusement	douloureusement
gentry	gentry
gillespie	gillespie
humiliante	humiliant
cobain	cobain
filiales	filiale
expliquerais	expliquer
virtuose	virtuose
trompiez	tromper
infinité	infinité
contemporaine	contemporain
anéantissement	anéantissement
rixe	rixe
loren	loren
bouddhisme	bouddhisme
snap	snap
enfler	enfler
insère	insérer
cordy	cordy
bottines	bottine
asgards	asgards
gastro	gastro
interet	interet
mannequinat	mannequinat
ruches	ruche
relis	relire
crisp	crisp
scavo	scavo
porta	porter
thyroïde	thyroïde
sympathisé	sympathiser
déployés	déployer
oska	oska
utilisez-vous	utilisez-vous
sursaut	sursaut
remémorer	remémorer
emmerdeurs	emmerdeur
mucus	mucus
farah	farah
choppé	chopper
majorette	majorette
irritée	irriter
lovely	lovely
autrichiens	autrichien
respectifs	respectif
ltd	ltd
curzon	curzon
rube	rube
super-pouvoirs	super-pouvoirs
auf	auf
sonnettes	sonnette
shanti	shanti
augusto	augusto
bene	bene
blow	blow
polygamie	polygamie
moucher	moucher
avisera	aviser
humvee	humvee
postier	postier
donneuse	donneur
puise	puiser
considérations	considération
aryen	aryen
rentraient	rentrer
saori	saori
subterfuge	subterfuge
ralentissent	ralentir
montants	montant
gravi	gravir
toubibs	toubib
vec	vec
tuteurs	tuteur
tibbs	tibbs
curie	curie
marshmallow	marshmallow
iggy	iggy
chrétienté	chrétienté
rothman	rothman
rayanne	rayanne
mettez-en	mettez-en
clandestinité	clandestinité
roan	roan
étouffement	étouffement
vingt-sept	vingt-sept
envoie-les	envoie-les
dramatiser	dramatiser
implantation	implantation
convertie	convertir
diagnostics	diagnostic
phryné	phryné
conteur	conteur
conduiras	conduire
détachez-le	détachez-le
helmut	helmut
fiat	fiat
broderick	broderick
tactile	tactile
séparant	séparer
commencerait	commencer
détruirons	détruire
traumatisante	traumatisant
reportée	reporter
déployée	déployer
renégocier	renégocier
inspires	inspirer
malveillance	malveillance
smoke	smoke
accueillera	accueillir
pensent-ils	pensent-ils
aliénés	aliéner
bitume	bitume
gagnées	gagner
17h00	17h00
inadvertance	inadvertance
injustifiée	injustifié
habillait	habiller
dureté	dureté
bp	bp
parris	parris
stimulants	stimulant
écrasez	écraser
gim	gim
remord	remordre
anvers	anvers
problemo	problemo
entrevoir	entrevoir
expliqueras	expliquer
chichis	chichi
ruisseaux	ruisseau
prunelle	prunelle
pacifiquement	pacifiquement
doakes	doakes
indemnes	indemne
faché	faché
grog	grog
incompatible	incompatible
dénoncés	dénoncer
ridiculement	ridiculement
fornell	fornell
morflé	morfler
parenthèses	parenthèse
cacherait	cacher
kryptonien	kryptonien
tamura	tamura
sie	sie
teeger	teeger
sofie	sofie
effectués	effectuer
embarquez-le	embarquez-le
pm	pm
promicine	promicine
toutous	toutou
gregorio	gregorio
biologiquement	biologiquement
racolage	racolage
katana	katana
ramassent	ramasser
rejoignes	rejoindre
embarassant	embarassant
stinson	stinson
takezo	takezo
mojito	mojito
défoule	défouler
ionique	ionique
merci.	merci.
moulage	moulage
jardiniers	jardinier
largo	largo
germe	germe
écoulés	écouler
anka	anka
secoués	secouer
plagiat	plagiat
brocante	brocanter
écarts	écart
appoint	appoint
flanque	flanquer
roanoke	roanoke
dénominateur	dénominateur
vidés	vider
gouttières	gouttière
situés	situé
dorloter	dorloter
rédacteurs	rédacteur
brutaux	brutal
katerina	katerina
charades	charade
mariah	mariah
sismique	sismique
blaise	blaise
positionner	positionner
nugent	nugent
opus	opus
orienté	orienter
étroites	étroit
litt	litt
planétarium	planétarium
brûlaient	brûler
pieuse	pieux
rousses	roux
leve	leve
localisez	localiser
censuré	censurer
sao	sao
outre-mer	outre-mer
eté	eté
hymen	hymen
soies	soie
malnutrition	malnutrition
électoral	électoral
crevez	crever
ese	ese
réalisatrice	réalisateur
hercules	hercule
détendez	détendre
berges	berge
engraisser	engraisser
rollin	rollin
signant	signer
respectueuse	respectueuse
brio	brio
expérimentations	expérimentation
excelsior	excelsior
rostov	rostov
suffise	suffire
déroulera	dérouler
in-ha	in-ha
tears	tears
22h00	22h00
végétalien	végétalien
recueillie	recueillir
aménagé	aménager
rasseoir	rasseoir
douaniers	douanier
until	until
enquêtrice	enquêtrice
yuen	yuen
élevez	élever
renforcement	renforcement
vinick	vinick
dédicacé	dédicacer
bande-annonce	bande-annonce
précedemment	précedemment
restaure	restaurer
rompus	rompre
ajoutée	ajouter
foutra	foutre
distinctement	distinctement
sook	sook
0h	0h
dûment	dûment
zèbres	zèbre
retenter	retenter
mollari	mollari
chaudement	chaudement
rassemblées	rassembler
hébergé	héberger
raffinement	raffinement
iguane	iguane
bavards	bavard
soudé	souder
ardu	ardu
chocolate	chocolate
évincé	évincer
rénové	rénover
veda	veda
pôles	pôle
employez	employer
armin	armin
tripoté	tripoter
illisible	illisible
embauchés	embaucher
matou	matou
cuisinais	cuisiner
roquettes	roquette
torsion	torsion
réalisait	réaliser
délirante	délirant
apporterais	apporter
inattendus	inattendu
sous-entendus	sous-entendre
cantonais	cantonais
hallucinogènes	hallucinogène
piero	piero
surtension	surtension
continuaient	continuer
courageuses	courageux
embêtée	embêter
spin	spin
miro	miro
'le	'le
ouganda	ouganda
échine	échiner
épaisses	épais
en-haut	en-haut
incalculable	incalculable
espéce	espéce
décore	décorer
habillez	habiller
trépied	trépied
playlist	playlist
vêtus	vêtir
taniguchi	taniguchi
ant	ant
abattent	abattre
pécheresse	pécheur
sérotonine	sérotonine
aboiement	aboiement
lueurs	lueur
conduirait	conduire
bowden	bowden
granny	granny
polars	polar
péridurale	péridurale
loués	louer
flous	flou
lebron	lebron
chrétiennes	chrétien
réfugiée	réfugié
wills	wills
répands	répandre
combo	combo
sentinel	sentinel
layton	layton
j.-c.	j.-c.
méprisez	mépriser
dag	dag
provoques	provoquer
parierai	parier
fema	fema
h.g.	h.g.
voldemort	voldemort
foss	foss
altruisme	altruisme
sayuri	sayuri
spaulding	spaulding
monogame	monogame
décidiez	décider
epps	epps
linux	linux
bottin	bottin
sdl	sdl
reconnaissais	reconnaître
honorez	honorer
bicoque	bicoque
va-tu	va-tu
sauterais	sauter
varier	varier
tripler	tripler
prouve-moi	prouve-moi
etape	etape
rancunière	rancunier
idéalement	idéalement
désespérant	désespérant
autorisant	autoriser
forcées	forcer
ovide	ovide
leena	leena
entretenue	entretenir
shaz	shaz
tap	tap
accepta	accepter
primate	primate
cuivres	cuivrer
locations	location
intenter	intenter
sectes	secte
machado	machado
interroges	interroger
connectées	connecter
immunisée	immuniser
foutiez	foutre
concordance	concordance
ichiro	ichiro
barrette	barrette
parfumées	parfumer
scooby-doo	scooby-doo
conservée	conserver
biz	biz
regle	regle
percussions	percussion
zoya	zoya
dico	dico
graeme	graeme
lucian	lucian
runes	rune
postule	postuler
coulter	coulter
marceau	marceau
redskins	redskins
empoche	empocher
parisiens	parisien
rhubarbe	rhubarbe
compétitive	compétitif
croquet	croquet
soong	soong
intercepte	intercepter
parcourant	parcourir
dét	dét
misha	misha
abasourdi	abasourdi
stressés	stresser
minami	minami
fournissez	fournir
zeuthen	zeuthen
darrow	darrow
décideront	décider
shirt	shirt
harlow	harlow
pena	pena
étendard	étendard
maitland	maitland
baladait	balader
j-j'	j-j'
leavenworth	leavenworth
signifie-t-il	signifie-t-il
sauvagerie	sauvagerie
remettront	remettre
admettra	admettre
ronaldo	ronaldo
empêchés	empêcher
mobylette	mobylette
nécessitent	nécessiter
psaume	psaume
postiche	postiche
non-retour	non-retour
mélangées	mélanger
ricains	ricain
étonnés	étonner
lubrique	lubrique
licences	licence
thaïlandais	thaïlandais
épineux	épineux
marlboro	marlboro
reprendront	reprendre
embêterai	embêter
intrigant	intrigant
dorsey	dorsey
dust	dust
détectent	détecter
enjouée	enjouer
contrôlera	contrôler
molotov	molotov
disparaîtrait	disparaître
boat	boat
menotte	menotte
assommant	assommant
plancton	plancton
tilt	tilt
inattendues	inattendu
vogler	vogler
cravache	cravache
noonan	noonan
dièse	dièse
ignorés	ignorer
bolognaise	bolognaise
détrompe-toi	détrompe-toi
braver	braver
déporté	déporté
daedalus	daedalus
sonate	sonate
dispersées	disperser
demi-finale	demi-finale
maraudeur	maraudeur
suzette	suzette
raffinés	raffiné
intéret	intéret
relèvera	relever
courriels	courriels
constructive	constructif
règlera	règlera
explosives	explosif
sauverais	sauver
chamboulée	chambouler
sabina	sabina
loufoque	loufoque
aberdeen	aberdeen
third	third
partons-nous	partons-nous
eaton	eaton
appréciés	apprécier
régis	régir
fouillis	fouillis
partageaient	partager
orthodoxes	orthodoxe
proclamer	proclamer
bambous	bambou
bonner	bonner
irriter	irriter
ahjumma	ahjumma
partants	partant
correctionnel	correctionnel
enfermes	enfermer
couronnée	couronner
culminant	culminant
dînera	dîner
kif	kif
orville	orville
sécurisées	sécuriser
gravitation	gravitation
bayon	bayon
ferrer	ferrer
evening	evening
sansa	sansa
frise	frise
précepteur	précepteur
neck	neck
christelle	christelle
villas	villa
détrompez-vous	détrompez-vous
répétant	répéter
flemmard	flemmard
raydor	raydor
bettina	bettina
shoes	shoes
démodée	démoder
demande-toi	demande-toi
frey	frey
parentaux	parental
sentimentaux	sentimental
marierais	marier
liposuccion	liposuccion
fornication	fornication
consistant	consistant
ozzie	ozzie
sais.	sais.
pompiste	pompiste
maltraités	maltraiter
côtoie	côtoyer
suicident	suicider
mériterais	mériter
résistes	résister
lisez-vous	lisez-vous
triomphé	triompher
androïdes	androïde
reconnaissait	reconnaître
sucrerie	sucrerie
municipales	municipal
ouaf	ouaf
optiques	optique
rafferty	rafferty
efféminé	efféminé
aboient	aboyer
redoublé	redoubler
kristy	kristy
truffé	truffer
pharaons	pharaon
classifié	classifier
vingt-huit	vingt-huit
bruissement	bruissement
tarlouze	tarlouze
gaia	gaia
palo	palo
jeffers	jeffers
turbulence	turbulence
accueillante	accueillant
prestations	prestation
buissonnière	buissonnier
guigne	guigne
crescent	crescent
ang	ang
partagerons	partager
fist	fist
croyions	croire
morehouse	morehouse
yup	yup
apercevra	apercevoir
juju	juju
hines	hines
efforcer	efforcer
accroît	accroître
sumo	sumo
quest-ce	quest-ce
tanabe	tanabe
vod	vod
aryenne	aryen
pornographique	pornographique
cryptés	crypter
avalée	avaler
marple	marple
surveille-les	surveille-les
exaspérant	exaspérant
coachs	coach
éprouvais	éprouver
revoyais	revoir
kilt	kilt
augmentant	augmenter
forcerai	forcer
initiée	initier
appa	appa
andrés	andrés
philosophale	philosophale
beef	beef
quest	quest
kromaggs	kromaggs
catwoman	catwoman
embouti	embouti
infirmes	infirmer
dévisage	dévisager
assistez	assister
repoussez	repousser
peanut	peanut
convenances	convenance
tal	tal
bragg	bragg
individualité	individualité
épluche	éplucher
écusson	écusson
expliques-tu	expliques-tu
verrue	verrue
littoral	littoral
oncologue	oncologue
honoraire	honoraire
hématocrite	hématocrite
centré	centré
lle	lle
rejeton	rejeton
arch	arch
zoltan	zoltan
phi	phi
croisades	croisade
arrangez-vous	arrangez-vous
agnew	agnew
soudure	soudure
anatoly	anatoly
crampons	crampon
raspoutine	raspoutine
bas-côté	bas-côté
vp	vp
muppets	muppets
fourreau	fourreau
potus	potus
crustacés	crustacé
bookmakers	bookmaker
agonise	agoniser
hirsch	hirsch
banqueroute	banqueroute
joute	joute
retirerai	retirer
pina	piner
waits	waits
montrerons	montrer
traqués	traquer
chopez-le	chopez-le
snart	snart
tyrannique	tyrannique
révélera	révéler
audi	audi
imprégné	imprégner
anu	anu
series-megaupload.over-blog.net	series-megaupload.over-blog.net
guardian	guardian
republic	republic
fairview	fairview
bercer	bercer
dégainé	dégainer
dominicaine	dominicain
juno	juno
cargos	cargo
ruinerait	ruiner
comptine	comptine
dépêches-toi	dépêches-toi
consens	consentir
andes	andes
footballeurs	footballeur
desserrer	desserrer
convoité	convoiter
figée	figer
soumet	soumettre
emmenées	emmener
kroll	kroll
fretin	fretin
qn	qn
hotline	hotline
guérilleros	guérillero
danni	danni
croate	croate
selby	selby
consentants	consentant
obstétricien	obstétricien
réaliseras	réaliser
refermée	refermer
6h00	6h00
doublée	doubler
bronzée	bronzer
jalapao	jalapao
butterfly	butterfly
finally	finally
crématorium	crématorium
nic	nic
tacoma	tacoma
reconnaissons	reconnaître
seasons	seasons
aéroportée	aéroporté
drainage	drainage
cassons-nous	cassons-nous
écologie	écologie
gellar	gellar
finition	finition
asha	asha
auras-tu	auras-tu
nisha	nisha
bloods	bloods
remue-ménage	remue-ménage
smalls	smalls
criblé	criblé
bran	bran
23h30	23h30
guzman	guzman
souriais	sourire
fiscales	fiscal
vane	vane
proclamation	proclamation
uzi	uzi
incantations	incantation
mikado	mikado
levin	levin
réchauffera	réchauffer
23ème	23ème
bent	bent
prout	prout
isolant	isolant
placebo	placebo
importune	importun
gamble	gamble
archaïque	archaïque
majorettes	majorette
balançant	balancer
gutierrez	gutierrez
incohérent	incohérent
teintées	teinter
acculé	acculer
padawan	padawan
rencontrerais	rencontrer
marni	marni
lyne	lyne
callum	callum
rise	rise
crottin	crottin
thérapeutes	thérapeute
vice-présidence	vice-présidence
bûcherons	bûcheron
malek	malek
supprimés	supprimer
paola	paola
sauvez-le	sauvez-le
promettait	promettre
pétillant	pétillant
lonesome	lonesome
investie	investir
nyu	nyu
avortements	avortement
référendum	référendum
éclatés	éclater
reza	reza
conté	conté
parlais-tu	parlais-tu
fouines	fouine
affrontez	affronter
incas	inca
enrayer	enrayer
héparine	héparine
imparable	imparable
envole-toi	envole-toi
liquidités	liquidité
copperfield	copperfield
répétés	répéter
tapas	taper
emmerdent	emmerder
jacoby	jacoby
mullen	mullen
cds	cds
mordez	mordre
finlay	finlay
obsessions	obsession
éloignait	éloigner
peche	peche
deeds	deeds
refusaient	refuser
insuffisante	insuffisant
antiterroriste	antiterroriste
chester'	chester'
foo	foo
arriviste	arriviste
minéral	minéral
est-c'	est-c'
animales	animal
maille	maille
balaye	balayer
protègerai	protègerai
votera	voter
deuce	deuce
amore	amore
dévorée	dévorer
savoir-vivre	savoir-vivre
taki	taki
prometheus	prometheus
piercings	piercing
lula	lula
dotés	doter
largues	larguer
remplisse	remplir
concordent	concorder
remettes	remettre
guns	guns
marek	marek
espères-tu	espères-tu
aviser	aviser
flash-back	flash-back
immaculé	immaculé
renfield	renfield
sade	sade
dramaturge	dramaturge
démasquée	démasquer
albertine	albertine
signiez	signer
croco	croco
triangles	triangle
septicémie	septicémie
sheba	sheba
wolowitz	wolowitz
dubaku	dubaku
stahl	stahl
vassal	vassal
héroine	héroine
acronyme	acronyme
découvrais	découvrir
vases	vase
emmerdant	emmerdant
levais	lever
teach	teach
moro	moro
judge	judge
anchorage	anchorage
testais	tester
costas	costas
gervais	gervais
sartre	sartre
ruskin	ruskin
sers-t'	sers-t'
icare	icare
roulements	roulement
amar	amar
frustrations	frustration
végétale	végétal
garçonnière	garçonnière
devance	devancer
father	father
coopères	coopérer
tribunes	tribune
language	language
redmond	redmond
kamp	kamp
pertinemment	pertinemment
cheeta	cheeta
dodu	dodu
ilona	ilona
débarrassons-nous	débarrassons-nous
shimizu	shimizu
bettie	bettie
emballons	emballer
commonwealth	commonwealth
bic	bic
ébruiter	ébruiter
egyptiens	egyptiens
chient	chier
fracasse	fracasser
ouvriras	ouvrir
couperais	couper
retirait	retirer
aises	aise
goering	goering
auréole	auréole
garnett	garnett
asystolie	asystolie
vésuve	vésuve
interpellé	interpeller
élance	élancer
zeste	zeste
pourra-t-on	pourra-t-on
recontacterai	recontacterai
déverser	déverser
déguerpissez	déguerpir
contourné	contourné
lyme	lyme
hanover	hanover
sous-secrétaire	sous-secrétaire
voyance	voyance
marges	marge
cot	cot
présumés	présumer
renouvelle	renouveler
fréres	fréres
vibrant	vibrant
munson	munson
belize	belize
laché	laché
dumas	dumas
estomacs	estomac
affirmations	affirmation
récupérons	récupérer
laïus	laïus
rémunéré	rémunérer
codex	codex
louent	louer
yuma	yuma
oye	oye
pollack	pollack
babiole	babiole
tio	tio
espionnez	espionner
burrell	burrell
réussirais	réussir
pisté	pister
qui-vive	qui-vive
bassins	bassin
rougit	rougir
passe-t-ii	passe-t-ii
obtenues	obtenir
brenna	brenna
détériore	détériorer
garages	garage
inopportun	inopportun
habilitation	habilitation
mireille	mireille
cagibi	cagibi
payerez	payer
miniben314	miniben314
vulcaine	vulcaine
matte	matte
passez-la-moi	passez-la-moi
kearns	kearns
carry	carry
emmerdez	emmerder
construirai	construire
planes	planer
a-tu	a-tu
nooon	nooon
refaite	refaire
cigales	cigale
condamnées	condamner
deering	deering
récurer	récurer
chiasse	chiasse
cordero	cordero
treizième	treizième
zi	zi
ponctuelle	ponctuel
hubot	hubot
nominations	nomination
caribou	caribou
ems	ems
nanna	nanna
gordy	gordy
tough	tough
birds	birds
éjaculation	éjaculation
hypotension	hypotension
transformait	transformer
jardiner	jardiner
éjecte	éjecter
habiles	habile
pulsation	pulsation
recyclé	recycler
klux	klux
aiions-y	aiions-y
bois-le	bois-le
carabiniers	carabinier
suspectée	suspecter
stresses	stresser
imaginables	imaginable
escalator	escalator
huées	huée
délier	délier
accosté	accoster
reprendrais	reprendre
doublés	doubler
djinn	djinn
insensibles	insensible
cerisiers	cerisier
soit-elle	soit-elle
tarmac	tarmac
décideras	décider
fuyard	fuyard
snowboard	snowboard
risquerai	risquer
cohésion	cohésion
vhs	vhs
congédier	congédier
décomposé	décomposé
combattait	combattre
souverains	souverain
écoutez-vous	écoutez-vous
tug	tug
déjeunes	déjeuner
hack	hack
ryûzaki	ryûzaki
invulnérable	invulnérable
merritt	merritt
takada	takada
londonien	londonien
accrue	accrue
violait	violer
menaient	mener
versements	versement
bracken	bracken
distribuent	distribuer
pussy	pussy
surmené	surmener
pipelette	pipelet
réadaptation	réadaptation
altération	altération
assoiffée	assoiffer
montrées	montrer
breck	breck
metres	metres
waow	waow
magistral	magistral
spermatozoïdes	spermatozoïde
acquisitions	acquisition
éduqués	éduquer
psyché	psyché
santi	santi
troublés	troubler
rassemblons	rassembler
aiko	aiko
ramse	ramse
kitsch	kitsch
cassio	cassio
incendiaires	incendiaire
soupape	soupape
vacance	vacance
affliction	affliction
faucheur	faucheur
nomment	nommer
sirius	sirius
déchargez	décharger
piqure	piqure
indiquez	indiquer
bombardée	bombarder
fife	fife
montague	montague
radioactives	radioactif
mozzarella	mozzarella
briseuse	briseuse
glissez	glisser
oedipe	oedipe
attitudes	attitude
brèches	brèche
cheyennes	cheyennes
lendemains	lendemain
intriguée	intriguer
nairobi	nairobi
démesuré	démesuré
draguais	draguer
omelettes	omelette
courge	courge
testes	tester
plaisantin	plaisantin
fatma	fatma
maquerelle	maquerelle
schindler	schindler
rebellion	rebellion
gisait	gésir
indiquera	indiquer
définissez	définir
acajou	acajou
eloise	eloise
néons	néon
oreste	oreste
copeaux	copeau
antipathique	antipathique
gran	gran
heritage	heritage
suis-nous	suis-nous
bryson	bryson
affluent	affluent
osseux	osseux
rodolphe	rodolphe
calamity	calamity
nymphomane	nymphomane
ligues	ligue
renseignés	renseigner
indiscutable	indiscutable
machos	macho
broutille	broutille
parme	parme
envoie-la	envoie-la
nostradamus	nostradamus
neurologie	neurologie
améliorés	améliorer
affamer	affamer
flirtais	flirter
pruneau	pruneau
stroud	stroud
mikaelson	mikaelson
coursiers	coursier
goodbye	goodbye
oy	oy
démerder	démerder
révolter	révolter
autocar	autocar
réprimande	réprimande
compost	compost
luxembourg	luxembourg
winona	winona
corona	corona
ludlow	ludlow
prêtez-moi	prêtez-moi
détenteur	détenteur
chuny	chuny
astral	astral
éthanol	éthanol
synthétiser	synthétiser
déboule	débouler
clemens	clemens
rases	raser
districts	district
nagato	nagato
almanach	almanach
bavière	bavière
réduisant	réduire
surdoué	surdoué
baraques	baraque
catapulte	catapulte
rétablit	rétablir
bunty	bunty
réessaye	réessayer
punjabi	punjabi
infestée	infester
attirées	attirer
soupé	souper
virgin	virgin
ligament	ligament
douvres	douvres
cordons	cordon
relou	relou
jurée	jurée
microscopiques	microscopique
héritera	hériter
radins	radin
satanées	sataner
july	july
érotisme	érotisme
sauterai	sauter
spanky	spanky
métèque	métèque
keo	keo
carmélide	carmélide
plunkett	plunkett
brindilles	brindille
initialement	initialement
bourge	bourge
cadmus	cadmus
b613	b613
lia	lier
canasson	canasson
dg	dg
prononcés	prononcer
geraldo	geraldo
io	io
langford	langford
viendras-tu	viendras-tu
inonde	inonder
monstruosité	monstruosité
ingérence	ingérence
manipulations	manipulation
sauvais	sauver
répéte	répéte
tiercé	tiercé
apprecie	apprecie
arriéré	arriéré
rochefort	rochefort
dmitry	dmitry
apart	apart
costards	costard
paysagiste	paysagiste
faa	faa
changez-vous	changez-vous
obscénités	obscénité
hoche	hoche
globalement	globalement
hospitalisation	hospitalisation
hallucinogène	hallucinogène
rappelés	rappeler
dory	dory
tirade	tirade
aline	aline
barbade	barbade
galon	galon
prévoyais	prévoir
rajeunis	rajeunir
tacite	tacite
déposées	déposer
ont-il	ont-il
maton	maton
decision	decision
veinards	veinard
play-boy	play-boy
gagneront	gagner
exhibition	exhibition
saturé	saturer
nordique	nordique
niels	niels
fuselage	fuselage
salarié	salarier
fourmilière	fourmilière
ln	ln
délibérée	délibéré
lache-moi	lache-moi
safran	safran
forgée	forger
traçage	traçage
astronomique	astronomique
ramen	ramen
étalons	étalon
escortes	escorte
mojitos	mojitos
parton	parton
stand-by	stand-by
propulsé	propulser
comateux	comateux
contentent	contenter
pitre	pitre
maskell	maskell
empressement	empressement
déterminera	déterminer
introspection	introspection
repèrent	repérer
arrimage	arrimage
goinfrer	goinfrer
mange-le	mange-le
évapore	évaporer
scarabées	scarabée
passeraient	passer
souhaiterai	souhaiter
boon	boon
vautrer	vautrer
ayako	ayako
destroyers	destroyer
retourneront	retourner
subspatial	subspatial
combi	combi
altère	altérer
déontologie	déontologie
tris	tri
anaphylactique	anaphylactique
beh	beh
schtroumpfette	schtroumpfette
bajoran	bajoran
délibérer	délibérer
inhabitée	inhabité
arraches	arracher
judaïsme	judaïsme
diya	diya
représentés	représenter
téquila	téquila
partagiez	partager
indirectes	indirect
marlène	marlène
masao	masao
réussissons	réussir
insurmontable	insurmontable
ponch	ponch
ultimate	ultimate
khanna	khanna
pubis	pubis
normand	normand
dédé	dédé
diagonale	diagonale
incidence	incidence
transcriptions	transcription
méticuleusement	méticuleusement
snowden	snowden
someday	someday
contre-attaquer	contre-attaquer
both	both
avaries	avarie
rodrigue	rodrigue
erinn	erinn
galaxy	galaxy
dressés	dresser
'la	'la
fiche-lui	fiche-lui
nils	nils
microsoft	microsoft
ikari	ikari
nord-coréens	nord-coréen
exécutifs	exécutif
reveille	reveille
hippocampe	hippocampe
most	most
immondes	immonde
reconnaîtras	reconnaître
volontariat	volontariat
pee-wee	pee-wee
remboursée	rembourser
bottom	bottom
proposais	proposer
fêtards	fêtard
intendance	intendance
déportés	déporter
fêlée	fêler
remorquage	remorquage
brusquer	brusquer
piccolo	piccolo
armoiries	armoirie
ammoniac	ammoniac
cardiologie	cardiologie
aliénation	aliénation
inaperçus	inaperçu
hippo	hippo
honorons	honorer
desséché	dessécher
trente-deux	trente-deux
ricanement	ricanement
helsinki	helsinki
fission	fission
culturels	culturel
adjectif	adjectif
flying	flying
duh	duh
submerger	submerger
gwendolyn	gwendolyn
reviens-tu	reviens-tu
mcfarland	mcfarland
rajoutez	rajouter
inédite	inédit
fébrile	fébrile
victimologie	victimologie
fusillés	fusiller
musashi	musashi
aspirines	aspirine
calderon	calderon
3h00	3h00
déclara	déclarer
skies	skier
endo	endo
marierons	marier
cosaque	cosaque
vengera	venger
colorée	colorer
mariano	mariano
chére	chére
récuperer	récuperer
gourmande	gourmand
continuerait	continuer
excitants	excitant
adélaïde	adélaïde
frappante	frappant
poilues	poilu
villeneuve	villeneuve
myung	myung
cardigan	cardigan
partirent	partir
aout	aout
rythmique	rythmique
tanné	tanné
contrecœur	contrecœur
beijing	beijing
charter	charter
grossièrement	grossièrement
tyno	tyno
ding-dong	ding-dong
hanako	hanako
obtenait	obtenir
plaisanté	plaisanter
manœuvrer	manœuvrer
croc	croc
sometimes	sometimes
redites-moi	redites-moi
réjouissant	réjouissant
hamza	hamza
guignols	guignol
sosa	sosa
respectées	respecter
détournés	détourner
criminal	criminal
ristourne	ristourne
past	past
réagirait	réagir
tsui	tsui
delfino	delfino
clémentine	clémentine
gita	gita
malhonnêtes	malhonnête
fortuite	fortuit
ciseau	ciseau
ressentiez	ressentir
confuses	confus
cuver	cuver
enferment	enfermer
irena	irena
blame	blame
frisés	friser
criss	criss
métrage	métrage
hull	hull
norbert	norbert
nt	nt
erwin	erwin
dissuadé	dissuader
troncs	tronc
tenterai	tenter
rendriez	rendre
tympans	tympan
voyeurs	voyeur
entremêlées	entremêler
whittaker	whittaker
brumeux	brumeux
tusk	tusk
tribale	tribal
fougueuse	fougueux
valkyrie	valkyrie
foutaient	foutre
renaud	renaud
envoyez-la	envoyez-la
trafics	trafic
abysse	abysse
centième	centième
sony	sony
fenner	fenner
distrayant	distrayant
newcastle	newcastle
janos	janos
3h30	3h30
parviendra	parvenir
emmenaient	emmener
grease	grease
otsu	otsu
recrutés	recruter
invétéré	invétéré
moi-	moi-
pathologiste	pathologiste
planque-toi	planque-toi
ascenceur	ascenceur
juristes	juriste
mott	mott
injure	injure
voyageons	voyager
zara	zara
sanguinaires	sanguinaire
auto-stop	auto-stop
lapointe	lapointe
connaît-il	connaît-il
réputés	réputer
lnspecteur	lnspecteur
proclamé	proclamer
vaporiser	vaporiser
sommers	sommers
débutera	débuter
choco	choco
andersen	andersen
frelons	frelon
provoquerait	provoquer
fautive	fautif
belle-famille	belle-famille
curieuses	curieux
import-export	import-export
antisémite	antisémite
aspirent	aspirer
ashram	ashram
espresso	espresso
implicite	implicite
pètent	péter
devins	devin
sentiront	sentir
chauffée	chauffer
chevauchée	chevauchée
psychotiques	psychotique
stagg	stagg
habilement	habilement
bits	bit
contours	contour
schwarzenegger	schwarzenegger
agressives	agressif
troisieme	troisieme
youri	youri
malfaiteur	malfaiteur
ressemblons	ressembler
dépendants	dépendant
contamine	contaminer
antigel	antigel
vingt-six	vingt-six
désarmés	désarmer
lavais	laver
inévitables	inévitable
cales	caler
méritiez	mériter
gestation	gestation
blottir	blottir
blane	blane
macgregor	macgregor
sonnée	sonner
lis-moi	lis-moi
naquit	naître
bel-air	bel-air
ëtes	ëtes
corrélation	corrélation
hésitais	hésiter
kan	kan
barrez	barrer
urinoir	urinoir
entaillé	entailler
heroes	heroes
glisses	glisser
payton	payton
déclenchent	déclencher
conformité	conformité
emplettes	emplette
consent	consentir
spécifié	spécifier
lupo	lupo
moquerie	moquerie
pare-choc	pare-choc
éclos	éclore
bosquet	bosquet
offrit	offrir
cork	cork
pardonnent	pardonner
lesley	lesley
aideraient	aider
runkle	runkle
exploitent	exploiter
paralysés	paralyser
ode	ode
americains	americains
colére	colére
lacroix	lacroix
merrin	merrin
marquage	marquage
boggs	boggs
hamish	hamish
diète	diète
incisions	incision
lyrique	lyrique
garde-côte	garde-côte
atrocité	atrocité
restructuration	restructuration
fossettes	fossette
jailli	jaillir
swearengen	swearengen
salés	saler
cartonne	cartonner
kana	kana
haruko	haruko
gondole	gondole
méprisant	méprisant
kaspar	kaspar
réveillerez	réveiller
décrivant	décrire
sponsorisé	sponsoriser
private	private
yuka	yuka
birk	birk
épuisées	épuiser
lmagine	lmagine
admirablement	admirablement
mécontente	mécontenter
tick	tick
weekends	weekends
vitrée	vitrée
régles	régles
será	será
séjourner	séjourner
hawaïen	hawaïen
rappels	rappel
masseria	masseria
tire-lui	tire-lui
simplifie	simplifier
turkey	turkey
tchétchène	tchétchène
tropicales	tropical
insignifiantes	insignifiant
lentes	lent
talk-show	talk-show
depp	depp
robustes	robuste
grandissez	grandir
luit	luire
impressionnez	impressionner
m'en	m'en
arrière-pensée	arrière-pensée
neurale	neural
galette	galette
reponse	reponse
palpite	palpiter
cantiques	cantique
portières	portière
cates	cates
siddharth	siddharth
hebdomadaires	hebdomadaire
induire	induire
crusoe	crusoe
pouvait-elle	pouvait-elle
motrices	motrice
lattimer	lattimer
thane	thane
accrochées	accrocher
poursuivaient	poursuivre
scoubi	scoubi
droiture	droiture
usant	usant
shel	shel
kavanaugh	kavanaugh
banlieues	banlieue
friser	friser
samar	samar
winifred	winifred
plomber	plomber
they'	they'
panisse	panisse
dégonfles	dégonfler
régalez-vous	régalez-vous
knows	knows
nymphe	nymphe
fuzzy	fuzzy
accaparer	accaparer
deviendrons	devenir
hennessy	hennessy
citée	citer
miam-miam	miam-miam
toranaga	toranaga
régina	régina
acérola	acérola
hésitant	hésitant
gunderson	gunderson
abandonnait	abandonner
veil	veil
accablantes	accablant
demanderiez	demander
calmar	calmar
aigus	aigu
which	which
demon	demon
pelage	pelage
cohabiter	cohabiter
kaswell	kaswell
tombons	tomber
biochimie	biochimie
niaise	niais
surnommée	surnommer
graisseux	graisseux
persuasive	persuasif
timberlake	timberlake
spoiler	spoiler
bachelor	bachelor
croupir	croupir
servez-moi	servez-moi
terrer	terrer
mercier	mercier
denning	denning
lay	lay
hacienda	hacienda
demeures	demeurer
construira	construire
soyeux	soyeux
inexact	inexact
taillée	tailler
irions-nous	irions-nous
présages	présage
manor	manor
saba	saba
discuterai	discuter
wouh	wouh
éliminez	éliminer
nauséeux	nauséeux
sex-appeal	sex-appeal
retire-toi	retire-toi
tybalt	tybalt
bagarré	bagarrer
savourez	savourer
cab	cab
servants	servant
incinération	incinération
cosima	cosima
navrés	navrer
quinlan	quinlan
éliminatoires	éliminatoire
épie	épier
replacer	replacer
sous-entend	sous-entendre
rigolote	rigolo
kondo	kondo
afro-américaine	afro-américain
polymère	polymère
déstabilisé	déstabiliser
gilliam	gilliam
bisexuel	bisexuel
garbo	garbo
swarek	swarek
oursons	ourson
goules	goule
betterave	betterave
courbettes	courbette
imprégner	imprégner
bouvier	bouvier
sort-il	sort-il
quasimodo	quasimodo
sous-fifres	sous-fifre
réévaluer	réévaluer
arrété	arrété
apprécieront	apprécier
quereller	quereller
conspirations	conspiration
supplies	supplier
mosaïque	mosaïque
modesto	modesto
recouvrer	recouvrer
croupe	croupe
agitateur	agitateur
virez-le	virez-le
rusk	rusk
brodé	broder
chaudasse	chaudasse
tracasser	tracasser
spiritueux	spiritueux
ronchon	ronchon
maigrichonne	maigrichon
véracité	véracité
atterrissent	atterrir
ajoutent	ajouter
blâmes	blâme
tourette	tourette
kerrigan	kerrigan
faiblir	faiblir
remarie	remarier
dérouter	dérouter
pissent	pisser
épitaphe	épitaphe
bliss	bliss
versée	verser
browne	browne
moustachu	moustachu
bourrées	bourrer
packer	packer
highlands	highlands
calendriers	calendrier
essuyez	essuyer
agrément	agrément
mena	mener
forsythe	forsythe
pâris	pâris
schuester	schuester
ent	ent
soixantaine	soixantaine
bannissement	bannissement
train-train	train-train
hagan	hagan
posaient	poser
p.v.	p.v.
balfour	balfour
dirigeaient	diriger
rojas	rojas
croissante	croissant
entreras	entrer
bénissez-moi	bénissez-moi
combinés	combiner
attraperas	attraper
manchots	manchot
masochiste	masochiste
clairvoyance	clairvoyance
christiane	christiane
mh	mh
travolta	travolta
leighton	leighton
dérision	dérision
rentra	rentrer
prêtera	prêter
assaillants	assaillant
hardi	hardi
laramie	laramie
surpoids	surpoids
impériaux	impérial
bray	bray
charries	charrier
impopulaire	impopulaire
éclaire-moi	éclaire-moi
inculpés	inculper
cartoon	cartoon
traduits	traduire
bells	bells
henshaw	henshaw
aortique	aortique
ventilateurs	ventilateur
pakistanaise	pakistanais
détraqués	détraquer
habitable	habitable
gul	gul
marie-toi	marie-toi
léopards	léopard
notification	notification
cintre	cintre
participera	participer
excitent	exciter
rince	rincer
accroupi	accroupir
lerner	lerner
ivar	ivar
toucheront	toucher
dang	dang
dépose-moi	dépose-moi
flairer	flairer
apprivoisé	apprivoisé
pouviez-vous	pouviez-vous
cakes	cake
caplan	caplan
dealait	dealer
ajumma	ajumma
catho	catho
protégiez	protéger
empaillé	empaillé
baratineur	baratineur
tromaville	tromaville
hirono	hirono
nasty	nasty
wonka	wonka
mado	mado
trident	trident
appartienne	appartenir
cônes	cône
déductions	déduction
engueulade	engueulade
sniffé	sniffer
luxueuse	luxueux
percute	percuter
cartographie	cartographie
agh	agh
idéales	idéal
superbement	superbement
orsini	orsini
braquée	braquer
fonctionnaient	fonctionner
nintendo	nintendo
adebisi	adebisi
jura	jurer
truquées	truquer
menahem	menahem
nettoiera	nettoyer
interrogera	interroger
suave	suave
lis-la	lis-la
testait	tester
incubation	incubation
hongroise	hongrois
flambe	flamber
airbags	airbag
pincement	pincement
bénigne	bénin
ouï-dire	ouï-dire
compatir	compatir
exagération	exagération
kringle	kringle
quitteront	quitter
eben	eben
impliques	impliquer
calcaire	calcaire
chuchotement	chuchotement
wolverine	wolverine
conjugaux	conjugal
maaga	maaga
galavan	galavan
amplificateur	amplificateur
enfuis-toi	enfuis-toi
dépensés	dépenser
harcèlent	harceler
kfc	kfc
malpolie	malpoli
mullins	mullins
réguler	réguler
plombe	plombe
gouverné	gouverné
politesses	politesse
permit	permettre
la-la	la-la
artificiellement	artificiellement
fleurissent	fleurir
attardée	attarder
embauchent	embaucher
moque-toi	moque-toi
interactions	interaction
broncher	broncher
régulation	régulation
harlock	harlock
surhumaine	surhumain
sachiko	sachiko
magnanime	magnanime
faiblement	faiblement
éthiques	éthique
y-a	y-a
indistinctement	indistinctement
tangibles	tangible
romney	romney
tissé	tisser
danville	danville
chantiez	chanter
ciré	ciré
refoulée	refouler
exposez	exposer
shayne	shayne
packs	pack
érosion	érosion
environnementale	environnemental
ravage	ravage
henné	henné
bourgeons	bourgeon
effondrera	effondrer
commissariats	commissariat
progressive	progressif
cloné	cloner
minds	minds
pépite	pépite
cernée	cerner
lottie	lottie
définissent	définir
huston	huston
personnalisé	personnaliser
wheels	wheels
trahisse	trahir
cambriole	cambrioler
menaçants	menaçant
dartmouth	dartmouth
encodage	encodage
halifax	halifax
jazzy	jazzy
ingérable	ingérable
schrader	schrader
poudlard	poudlard
kanye	kanye
imbibé	imbiber
cumberland	cumberland
enterrent	enterrer
trouvèrent	trouver
mésaventure	mésaventure
affectations	affectation
filleule	filleul
intervenus	intervenir
rajoutes	rajouter
sha	sha
tano	tano
redressez	redresser
voiler	voiler
mandchourie	mandchourie
dice	dice
désiriez	désirer
budd	budd
notables	notable
confions	confier
étirements	étirement
ouvrières	ouvrier
empiffrer	empiffrer
éminents	éminent
protégeront	protéger
contrariés	contrarier
plantées	planter
élocution	élocution
alisa	alisa
ombrelle	ombrelle
stimuli	stimulus
vacille	vaciller
matisse	matir
fate	fat
plaints	plaindre
ratissé	ratisser
broie	broie
laguerta	laguerta
réfléchissent	réfléchir
affligé	affliger
palanquin	palanquin
agissait-il	agissait-il
deniz	deniz
cooke	cooke
faisaient-ils	faisaient-ils
21h30	21h30
veut-on	veut-on
régnera	régner
barricader	barricader
agasshi	agasshi
solidement	solidement
émanant	émaner
artéfact	artéfact
fatah	fatah
stillman	stillman
allaitement	allaitement
sante	sante
ivanovitch	ivanovitch
mm'	mm'
arrête-les	arrête-les
followers	followers
façonné	façonner
répétées	répéter
attrapons-le	attrapons-le
entrainés	entrainés
éponger	éponger
reconnaissable	reconnaissable
étends	étendre
amuse-gueule	amuse-gueule
dell'	dell'
palin	palin
brayden	brayden
peaufiner	peaufiner
succion	succion
incompétente	incompétent
pelham	pelham
pistons	piston
détaillées	détailler
randonneurs	randonneur
suffisance	suffisance
canines	canine
testons	tester
confisqués	confisquer
admette	admettre
déflecteurs	déflecteur
artichaut	artichaut
matures	mature
dramatises	dramatiser
tremblais	trembler
henley	henley
inculquer	inculquer
dulles	dulles
atlantide	atlantide
reformer	reformer
interessé	interessé
contracte	contracte
apporte-le	apporte-le
présente-toi	présente-toi
souffriras	souffrir
assimilé	assimiler
lf	lf
archéologique	archéologique
subspatiale	subspatiale
memes	memes
remarche	remarcher
publiez	publier
lives	lives
mécaniciens	mécanicien
restaurateur	restaurateur
usurpation	usurpation
déménagent	déménager
éteins-le	éteins-le
okada	okada
nationalistes	nationaliste
cle	cle
gentilshommes	gentilhomme
rendez-lui	rendez-lui
cicatriser	cicatriser
newsweek	newsweek
vichy	vichy
traduisez	traduire
kazuo	kazuo
katja	katja
prénatale	prénatal
pogner	pogner
hémorragique	hémorragique
hargneux	hargneux
reconnecter	reconnecter
royalties	royalties
mak	mak
moitie	moitir
progressif	progressif
koala	koala
sondra	sondra
paranoïaques	paranoïaque
pioncer	pioncer
piccadilly	piccadilly
wicked	wicked
parias	parier
dictateurs	dictateur
parieur	parieur
girafes	girafe
cos	cos
nudiste	nudiste
playoffs	playoffs
plaçant	placer
indigo	indigo
pascale	pascal
yung	yung
astro	astro
donnons-leur	donnons-leur
porte-le	porte-le
débouler	débouler
abîmées	abîmer
karachi	karachi
etait-elle	etait-elle
caffee	caffee
ruer	ruer
réparera	réparer
kyra	kyra
young-hee	young-hee
vident	vider
végétal	végétal
porky	porky
compère	compère
halluciné	halluciné
pertinents	pertinent
décelé	déceler
arriveraient	arriver
raben	raben
amplifie	amplifier
suscité	susciter
renflouer	renflouer
exterieur	exterieur
ecartez	ecartez
11h00	11h00
songeais	songer
gauvain	gauvain
apprentis	apprenti
cougars	cougars
laissez-le-moi	laissez-le-moi
simpliste	simpliste
coure	courir
forums	forum
shackleton	shackleton
constellations	constellation
enlace	enlacer
voudraient-ils	voudraient-ils
alunissage	alunissage
expressément	expressément
babi	babi
comportez-vous	comportez-vous
ginseng	ginseng
concrétiser	concrétiser
kanbe	kanbe
vagabonder	vagabonder
disponibilité	disponibilité
marci	marci
signées	signer
quarante-cinq	quarante-cinq
caritatives	caritatif
crissements	crissement
difforme	difforme
zappe	zapper
informel	informel
explicitement	explicitement
non-fumeur	non-fumeur
stupidement	stupidement
inhumaine	inhumain
diggle	diggle
habitiez	habiter
conseillez	conseiller
ask	ask
coloscopie	coloscopie
ramèneront	ramener
engageons	engager
sors-toi	sors-toi
palper	palper
nageant	nager
clarifié	clarifier
incontournable	incontournable
dévie	dévier
jouerons	jouer
visière	visière
reconnaîtrez	reconnaître
vétérinaires	vétérinaire
syrien	syrien
traiteurs	traiteur
moquez-vous	moquez-vous
scoob	scoob
humanitaires	humanitaire
mcquaid	mcquaid
sécrétions	sécrétion
figurent	figurer
exténué	exténuer
monterais	monter
richelieu	richelieu
darwyn	darwyn
florian	florian
contesté	contester
fute	fute
achète-moi	achète-moi
jetiez	jeter
solã	solã
revente	revente
restitution	restitution
patrouillent	patrouiller
assignés	assigner
compliquez	compliquer
mila	mila
résigné	résigner
hydrater	hydrater
arrachez	arracher
franchie	franchir
leyla	leyla
irrévocable	irrévocable
batteurs	batteur
rattacher	rattacher
ag	ag
abaissez	abaisser
désires-tu	désires-tu
viii	viii
midtown	midtown
flight	flight
arbitres	arbitre
épopée	épopée
kurosawa	kurosawa
attica	attica
aimee	aimee
verbalement	verbalement
formulé	formuler
affrontes	affronter
jette-moi	jette-moi
enfle	enfler
atteler	atteler
soviets	soviet
whale	whale
écraserai	écraser
surcroît	surcroît
entêtée	entêter
éspère	éspère
stylé	styler
thermale	thermal
travailliste	travailliste
fmi	fmi
ourlet	ourlet
rappelleront	rappeler
stavros	stavros
accrochait	accrocher
relai	relai
comparution	comparution
épousais	épouser
supprimée	supprimer
kangourous	kangourou
agitez	agiter
réintégration	réintégration
taeko	taeko
emménagement	emménagement
roark	roark
crète	crète
koror	koror
amaro	amaro
kendal	kendal
wordy	wordy
leith	leith
illustré	illustré
henson	henson
soap	soap
milf	milf
k7	k7
liane	liane
wolfram	wolfram
juma	juma
posthume	posthume
cafferty	cafferty
cernes	cerne
tel-aviv	tel-aviv
subway	subway
emissaire	emissaire
assumerai	assumer
nég	nég
méfient	méfier
négligente	négligent
cure-dent	cure-dent
apres-midi	apres-midi
grouillez	grouiller
dèjà	dèjà
grow	grow
latif	latif
maeve	maeve
couver	couver
litchfield	litchfield
zizanie	zizanie
bratva	bratva
austère	austère
edimbourg	edimbourg
cèdre	cèdre
dysenterie	dysenterie
wimbledon	wimbledon
bern	bern
enfuira	enfuir
glissée	glisser
ressemblait-il	ressemblait-il
décevante	décevant
fermez-là	fermez-là
grievous	grievous
yamamori	yamamori
finissant	finissant
surveille-la	surveille-la
saturday	saturday
fouillons	fouiller
didn'	didn'
nursery	nursery
x-men	x-men
each	each
split	split
accélérant	accélérer
bassam	bassam
binoclard	binoclard
standish	standish
exportation	exportation
dirigiez	diriger
prélève	prélever
suez	suer
glendale	glendale
éraflé	érafler
hits	hit
meuh	meuh
différentiel	différentiel
anatole	anatole
bã	bã
écrirez	écrire
édouard	édouard
protégerait	protéger
fêtarde	fêtard
gangsta	gangsta
gaillots	gaillots
demandeur	demandeur
sona	sona
suspendues	suspendre
rampants	rampant
grand-pere	grand-pere
irrécupérable	irrécupérable
étron	étron
séjourne	séjourner
tergiverser	tergiverser
majestic	majestic
démarquer	démarquer
galope	galope
incinérée	incinérer
rejetées	rejeter
allumons	allumer
abrégé	abrégé
radine	radin
henriette	henriette
yamaguchi	yamaguchi
fastidieux	fastidieux
rappelle-le	rappelle-le
emmènerez	emmener
crocheter	crocheter
ponzi	ponzi
nettoyons	nettoyer
palms	palms
tronches	tronche
dilithium	dilithium
envoyiez	envoyer
patine	patine
trente-six	trente-six
sudistes	sudiste
éducative	éducatif
flamboyant	flamboyant
shogunat	shogunat
lycéennes	lycéen
soupçonnée	soupçonner
expérimente	expérimenter
écharpes	écharpe
démerde-toi	démerde-toi
mammy	mammy
segment	segment
chevalet	chevalet
aguets	aguets
camouflé	camoufler
morley	morley
trouvez-en	trouvez-en
celsius	celsius
pocket	pocket
hétérosexuel	hétérosexuel
rameniez	ramener
reconnaîtrai	reconnaître
mourrant	mourrant
coacher	coacher
yorkais	yorkais
imposante	imposant
protége	protége
va-y	va-y
wotan	wotan
analysez	analyser
succombe	succomber
zeb	zeb
collet	collet
insertion	insertion
empalé	empaler
emmenez-nous	emmenez-nous
offrez-vous	offrez-vous
pier	pier
accordons	accorder
pritchett	pritchett
levinson	levinson
renégats	renégat
gunter	gunter
pleasant	pleasant
atteindront	atteindre
tiques	tique
fantome	fantome
rapproches	rapprocher
écoulée	écouler
ark	ark
kilgrave	kilgrave
atwater	atwater
stretch	stretch
mastic	mastic
maritimes	maritime
brulée	brulée
mangées	manger
survivrais	survivre
boxers	boxer
submergés	submerger
arrête-ça	arrête-ça
exigez	exiger
lá-bas	lá-bas
effacement	effacement
inscrivez	inscrire
illustrations	illustration
knew	knew
homère	homère
montauk	montauk
rachèterai	racheter
parcmètre	parcmètre
belvédère	belvédère
dao	dao
loosers	looser
militante	militant
foutrait	foutre
compatissante	compatissant
matsumoto	matsumoto
children	children
sayaka	sayaka
v8	v8
clandestines	clandestin
horloger	horloger
établies	établir
caïman	caïman
souvenez-vous-en	souvenez-vous-en
ami-ami	ami-ami
emparent	emparer
siege	siege
flippants	flippants
nullité	nullité
compositions	composition
cucul	cucul
dupée	duper
rv	rv
électro	électro
onzième	onzième
flood	flood
furets	furet
trafiquée	trafiquer
massacrée	massacrer
prima	primer
rafraichir	rafraichir
sith	sith
désintéressée	désintéresser
xiv	xiv
clarisse	clarisse
conduirais	conduire
orwell	orwell
abdullah	abdullah
baladé	balader
entraient	entrer
nominée	nominer
eros	eros
salud	salud
bégaiement	bégaiement
joplin	joplin
brandir	brandir
serrons-nous	serrons-nous
mouron	mouron
examinés	examiner
cédera	céder
appréciable	appréciable
shania	shania
fripon	fripon
sergents	sergent
grues	grue
délirait	délirer
ose-t-il	ose-t-il
nom-là	nom-là
anselmo	anselmo
compositeurs	compositeur
accompagnais	accompagner
encombrer	encombrer
pogo	pogo
refroidis	refroidir
découle	découler
carambolage	carambolage
senta	senta
soignes	soigner
hélices	hélice
kenyon	kenyon
râpé	râpé
sulfate	sulfate
dirigeante	dirigeant
julianna	julianna
fever	fever
défient	défier
douves	douve
temperance	temperance
velcro	velcro
décollez	décoller
hachée	hacher
frissonne	frissonner
avertissez	avertir
déterre	déterrer
bonjours	bonjour
bannières	bannière
amères	amer
libérerai	libérer
suri	surir
désavantage	désavantage
tisse	tisser
félin	félin
burgundy	burgundy
oe	oe
engagerai	engager
cervicale	cervicale
divagations	divagation
kingdom	kingdom
symétrique	symétrique
benoit	benoit
métisse	métis
kaylee	kaylee
déchus	déchu
hearts	hearts
fiabilité	fiabilité
thawne	thawne
perpétré	perpétrer
circonférence	circonférence
pâturage	pâturage
invite-la	invite-la
uhm	uhm
lohan	lohan
bûches	bûche
korn	korn
character	character
suceuse	suceuse
frelon	frelon
indubitablement	indubitablement
midas	midas
giancarlo	giancarlo
hyuk	hyuk
though	though
endorment	endormir
radicales	radical
observatrice	observateur
chief	chief
tigrou	tigrou
dansante	dansant
compromettantes	compromettant
petrovich	petrovich
sympathiser	sympathiser
étincelant	étincelant
duggan	duggan
macklin	macklin
trime	trimer
dérobe	dérober
cancun	cancun
construisant	construire
syndic	syndic
aérosol	aérosol
beauf	beauf
tricordeur	tricordeur
regles	regles
lavez-vous	lavez-vous
boleyn	boleyn
canaris	canari
sortons-le	sortons-le
marieras	marier
dimaggio	dimaggio
ouvre-les	ouvre-les
simba	simba
vantes	vanter
aqua	aqua
organisées	organiser
inexpérimenté	inexpérimenté
balustrade	balustrade
torturez	torturer
difference	difference
saül	saül
instinctif	instinctif
réparés	réparer
gribouillis	gribouillis
gump	gump
poirier	poirier
frottement	frottement
superposés	superposer
pandas	panda
filant	filant
astérix	astérix
mcclure	mcclure
ignorez-le	ignorez-le
poutine	poutine
lingette	lingette
chirac	chirac
essayée	essayer
méchancetés	méchanceté
saumons	saumon
quitterons	quitter
œsophage	œsophage
bok	bok
garni	garni
célèbrent	célébrer
fétichisme	fétichisme
semi-automatique	semi-automatique
satomi	satomi
votres	votres
tgs	tgs
manèges	manège
apporte-nous	apporte-nous
penseriez	penser
dépecer	dépecer
klaxonner	klaxonner
encouragent	encourager
mahler	mahler
cutanée	cutané
grassement	grassement
soignant	soignant
répèterai	répèterai
nerys	nerys
astre	astre
géologique	géologique
maure	maure
free-lance	free-lance
initialisation	initialisation
grandview	grandview
pompons	pompon
abominables	abominable
voltage	voltage
hurles	hurler
bondit	bondir
dominus	dominus
carie	carie
évêques	évêque
réchaud	réchaud
controversée	controverser
contrefaçons	contrefaçon
ridiculisée	ridiculiser
conditionnement	conditionnement
marmelade	marmelade
cambriolés	cambrioler
frisco	frisco
sniffe	sniffer
gabriela	gabriela
portez-le	portez-le
contentieux	contentieux
flamenco	flamenco
rejoindront	rejoindre
préparera	préparer
admissible	admissible
instauré	instaurer
sombrero	sombrero
dépassant	dépassant
yasmine	yasmine
baisera	baiser
cliniquement	cliniquement
diantre	diantre
daley	daley
tierney	tierney
visualisation	visualisation
kia	kia
vitro	vitro
drazen	drazen
suppléments	supplément
grassouillet	grassouillet
pianos	piano
attribuée	attribuer
lido	lido
léopold	léopold
vamos	vamos
silvana	silvana
petty	petty
indécente	indécent
moumoute	moumoute
captivé	captiver
festivals	festival
popaul	popaul
ng	ng
gallons	gallon
aprés-midi	aprés-midi
cent-visages	cent-visages
inconfort	inconfort
rejoindras	rejoindre
broches	brocher
mesurent	mesurer
imprimée	imprimer
écris-moi	écris-moi
arachides	arachide
geishas	geisha
ranjit	ranjit
réalisées	réaliser
grinch	grinch
dérailles	dérailler
inès	inès
entubé	entuber
hikaru	hikaru
app	app
remboursés	rembourser
bestial	bestial
terrifiantes	terrifiant
philtre	philtre
heung	heung
terminait	terminer
règlent	régler
broder	broder
restreinte	restreindre
noyaux	noyau
recommandons	recommander
convainquant	convaincre
rédempteur	rédempteur
renvoyez-le	renvoyez-le
hachimaki	hachimaki
thurman	thurman
concentrons	concentrer
vassaux	vassal
marré	marrer
refont	refaire
dt	dt
subjectif	subjectif
breaking	breaking
encourages	encourager
nocif	nocif
filmées	filmer
murat	murat
voterai	voter
guiderai	guider
brillé	briller
manque-t-il	manque-t-il
jinx	jinx
simons	simons
exploités	exploiter
noreen	noreen
skippy	skippy
disons-le	disons-le
bergerie	bergerie
strand	strand
eichmann	eichmann
gowron	gowron
expliquiez	expliquer
captifs	captif
effraies	effrayer
modifiées	modifier
leipzig	leipzig
iib	iib
scratchy	scratchy
encercle	encercler
navajo	navajo
requiem	requiem
documenter	documenter
paie-moi	paie-moi
révoqué	révoquer
averses	averse
trout	trout
habitations	habitation
consentir	consentir
introduis	introduire
s.t.a.r.	s.t.a.r.
citadin	citadin
rassasié	rassasier
insomniaque	insomniaque
agirai	agir
mizuki	mizuki
météorologique	météorologique
souterraines	souterrain
tada	tada
vaginale	vaginal
marquera	marquer
machiavélique	machiavélique
recycle	recycler
relient	relier
ciblée	cibler
reposais	reposer
coolidge	coolidge
leno	leno
rosiers	rosier
dédain	dédain
huissiers	huissier
mordra	mordre
tarek	tarek
persistant	persistant
sondé	sonder
sweetie	sweetie
gratte-papier	gratte-papier
nikola	nikola
appellait	appellait
lave-linge	lave-linge
bibliques	biblique
fauteur	fauteur
perdriez	perdre
profaner	profaner
montmartre	montmartre
relevées	relever
malhonnêteté	malhonnêteté
vii	vii
diction	diction
été-là	été-là
viendrais-tu	viendrais-tu
espheni	espheni
camionneurs	camionneur
cid	cid
sèment	semer
cabernet	cabernet
chenapan	chenapan
silences	silence
poseront	poser
amicales	amical
11ème	11ème
persan	persan
poufiasse	poufiasse
stalingrad	stalingrad
ammonium	ammonium
cuisinerai	cuisiner
puff	puff
hennissement	hennissement
dior	dior
donnez-les	donnez-les
aprês-midi	aprês-midi
psych	psych
plates-bandes	plate-bande
alley	alley
provence	provence
mija	mija
inspections	inspection
vipers	vipers
exposant	exposant
guichets	guichet
foudroyé	foudroyer
delalande	delalande
meetings	meeting
paradoxal	paradoxal
codéine	codéine
orties	ortie
mets-tu	mets-tu
jacobson	jacobson
sandstorm	sandstorm
carje	carje
vraisemblable	vraisemblable
tiki	tiki
languit	languir
bises	bise
ludovic	ludovic
sommeille	sommeiller
remplacerai	remplacer
terriennes	terrien
défaillant	défaillant
grammy	grammy
réconcilie	réconcilier
surrey	surrey
lazlo	lazlo
produirait	produire
coriandre	coriandre
ressortira	ressortir
entrevues	entrevue
coudonc	coudonc
prennez	prennez
majuscules	majuscule
hondo	hondo
inculpations	inculpation
prepare	prepare
grévistes	gréviste
laucass	laucass
décerné	décerner
topeka	topeka
coché	cocher
stannis	stannis
enrichissant	enrichissant
ligaments	ligament
brannigan	brannigan
fawlty	fawlty
nexus	nexus
arbitrage	arbitrage
pezuela	pezuela
tribun	tribun
moquant	moquer
belly	belly
participerai	participer
carence	carence
calumet	calumet
laughing	laughing
botterai	botter
soc	soc
cars	car
houmous	houmous
dipesto	dipesto
mégaphone	mégaphone
avèrent	avérer
détendus	détendu
prémonitions	prémonition
suceurs	suceur
hyungnim	hyungnim
nominés	nominer
i'	i'
égratigné	égratigner
tenta	tenter
gerda	gerda
soliste	soliste
chandni	chandni
kenshirô	kenshirô
beauchamp	beauchamp
choisiras	choisir
créerait	créer
chutent	chuter
woolsey	woolsey
préconise	préconiser
violés	violer
stegman	stegman
ayanami	ayanami
engrenage	engrenage
vitrail	vitrail
véloce	véloce
wants	wants
dockers	docker
rem	rem
aileron	aileron
eightron	eightron
ensorcelée	ensorceler
sundae	sundae
épousa	épouser
fenwick	fenwick
rural	rural
décapitée	décapiter
connes	con
vespa	vespa
chatswin	chatswin
order	order
latham	latham
liant	liant
conjoints	conjoint
augmentée	augmenter
gauguin	gauguin
assortie	assortir
grossis	grossir
gennaro	gennaro
trie	trier
tee-shirts	tee-shirt
rejetons	rejeton
hara-kiri	hara-kiri
munition	munition
gravées	graver
jukebox	jukebox
subtiles	subtil
soufflant	soufflant
appuie-toi	appuie-toi
contrefiche	contrefiche
gannicus	gannicus
erlich	erlich
bernice	bernice
déroulait	dérouler
yagami	yagami
twayne	twayne
cagney	cagney
billions	billion
autoriserai	autoriser
rappellerait	rappeler
monticule	monticule
ocho	ocho
tirez-moi	tirez-moi
fonctionnelle	fonctionnel
tchèques	tchèque
traquenard	traquenard
impayés	impayé
arrière-train	arrière-train
paons	paon
incontestablement	incontestablement
dine	dine
pédaler	pédaler
découdre	découdre
aptes	apte
ayukawa	ayukawa
bucket	bucket
lis-tu	lis-tu
constituée	constituer
comètes	comète
parcourent	parcourir
beene	beene
myriam	myriam
blackwood	blackwood
palissade	palissade
traînaient	traîner
cheech	cheech
westwood	westwood
albie	albie
enlevez-la	enlevez-la
surveillées	surveiller
orientales	oriental
tracassez	tracasser
didn	didn
ntac	ntac
sémantique	sémantique
fiduciaire	fiduciaire
pin-up	pin-up
gr	gr
halloran	halloran
amazing	amazing
protégerais	protéger
seema	seema
tyrolienne	tyrolienne
ammené	ammené
presidente	presidente
modem	modem
rambarde	rambarde
scope	scope
zélé	zélé
approximative	approximatif
sauveras	sauver
emportait	emporter
débiter	débiter
érigé	ériger
monumentale	monumental
désobéis	désobéir
matsuda	matsuda
runabout	runabout
midway	midway
encerclée	encercler
devraient-ils	devraient-ils
scorsese	scorsese
cicéron	cicéron
élitiste	élitiste
adressait	adresser
saccage	saccage
uppercut	uppercut
remettais	remettre
continuiez	continuer
slaughter	slaughter
hickman	hickman
dénommée	dénommer
fricote	fricoter
umm	umm
pondent	pondre
amuse-gueules	amuse-gueule
hypnotiseur	hypnotiseur
corneille	corneille
pourchassent	pourchasser
fedex	fedex
offre-lui	offre-lui
pressent	presser
colloque	colloque
navrant	navrant
doren	doren
pac-man	pac-man
aldrin	aldrin
17ème	17ème
islamistes	islamiste
tortillas	tortiller
delano	delano
allers	aller
'tu	'tu
capulet	capulet
ecsta	ecsta
raflé	rafler
pelouses	pelouse
attaquées	attaquer
couv	couv
stapleton	stapleton
secretariat	secretariat
souriants	souriant
heisenberg	heisenberg
eurêka	eurêka
euphorique	euphorique
déchirez	déchirer
collecteurs	collecteur
ménélas	ménélas
compilation	compilation
colonisation	colonisation
enseveli	ensevelir
pillule	pillule
baiserai	baiser
started	started
absous	absoudre
éjaculer	éjaculer
kline	kline
lieberman	lieberman
clanton	clanton
arriveriez	arriver
mcclane	mcclane
adorateurs	adorateur
ianto	ianto
yahoo	yahoo
metzger	metzger
dearing	dearing
déshonorée	déshonorer
gonfles	gonfler
frottis	frottis
crest	crest
morveuse	morveux
communiqués	communiqué
bom	bom
bretons	breton
désordonné	désordonné
lnstitut	lnstitut
hammam	hammam
profiteur	profiteur
évoquent	évoquer
ambassades	ambassade
kallen	kallen
sergent-major	sergent-major
frustrés	frustrer
délaissée	délaisser
traitres	traitres
surprenne	surprendre
braxton	braxton
pruneaux	pruneau
appelleriez	appeler
elu	elu
prescris	prescrire
bak	bak
rétrovirus	rétrovirus
alité	aliter
slave	slave
démener	démener
foy	foy
millennium	millennium
acrobaties	acrobatie
répondons	répondre
min-woo	min-woo
capitulé	capituler
centrifugeuse	centrifugeuse
assumez	assumer
bonze	bonze
finis-en	finis-en
goinfre	goinfre
indulgents	indulgent
seon	seon
diffusent	diffuser
enchérir	enchérir
porcher	porcher
polluée	polluer
affleck	affleck
ébène	ébène
périmée	périmé
agrandis	agrandir
mayhew	mayhew
péteux	péteux
sadako	sadako
sweat-shirt	sweat-shirt
interpelle	interpeller
créole	créole
tibère	tibère
murata	murata
répande	répandre
accommoder	accommoder
assumes	assumer
penchants	penchant
réhabiliter	réhabiliter
repoussante	repoussant
évoluée	évoluer
perdure	perdurer
raoh	raoh
requièrent	requérir
allongez	allonger
machete	machete
tissage	tissage
redressez-vous	redressez-vous
marrakech	marrakech
baez	baez
lobbyiste	lobbyiste
impala	impala
atterrira	atterrir
votée	voter
examinent	examiner
biométrique	biométrique
buvez-vous	buvez-vous
décaféiné	décaféiné
eat	eat
metz	metz
dressent	dresser
outside	outside
abimé	abimé
montrerez	montrer
vala	vala
raconterais	raconter
nympho	nympho
orifices	orifice
superficie	superficie
treillis	treillis
essieu	essieu
oesophage	oesophage
alucard	alucard
perçants	perçant
impudence	impudence
norvégiens	norvégien
naissant	naissant
mizoguchi	mizoguchi
crevant	crevant
etudier	etudier
bienséance	bienséance
concentrent	concentrer
salinger	salinger
flirtes	flirter
ruinent	ruiner
doom	doom
examinateur	examinateur
confirmant	confirmant
fringe	fringe
proverbes	proverbe
récapitule	récapituler
tête-là	tête-là
chauffes	chauffer
healey	healey
coiffures	coiffure
assoies	asseoir
convaincants	convaincant
remettrais	remettre
figue	figue
cursus	cursus
aggie	aggie
réactif	réactif
déconcerté	déconcerter
bandante	bandant
effy	effy
walling	walling
cannettes	cannette
sous-estimée	sous-estimer
demarco	demarco
un-	un-
caro	caro
león	león
soignera	soigner
constipation	constipation
torturait	torturer
akron	akron
15h00	15h00
menottée	menotter
fugueuse	fugueur
parrains	parrain
onces	once
crabtree	crabtree
zander	zander
traquée	traquer
fermière	fermier
black-jack	black-jack
assemblées	assemblée
organisera	organiser
épuisent	épuiser
kenna	kenna
neff	neff
taulards	taulard
jongle	jongler
infortune	infortune
provinciale	provincial
repêcher	repêcher
katniss	katniss
ds	ds
vans	van
enfuyant	enfuir
envoûté	envoûter
stabilisateur	stabilisateur
assigne	assigner
contemplez	contempler
gg	gg
danke	danke
sciatique	sciatique
ezequiel	ezequiel
courra	courir
montra	montrer
rapprochez	rapprocher
brochettes	brochette
deng	deng
aka	aka
guan	guan
feuillage	feuillage
angoissante	angoissant
pilotait	piloter
mutée	muter
thrones	thrones
occidentales	occidental
sour	sour
gourmandise	gourmandise
beurré	beurré
rapportés	rapporter
yau-man	yau-man
eugenia	eugenia
affranchi	affranchir
obéissante	obéissant
diversifier	diversifier
cruella	cruella
renversement	renversement
habeas	habeas
provoquera	provoquer
essaierons	essayer
tipi	tipi
dirait-on	dirait-on
ss.	ss.
gravitationnel	gravitationnel
canneberge	canneberge
nases	nase
rien.	rien.
palmes	palme
adorera	adorer
remplirai	remplir
vibromasseur	vibromasseur
chromosome	chromosome
démonstrations	démonstration
repose-moi	repose-moi
montaient	monter
ist	ist
entraves	entraver
focalise	focaliser
interdisait	interdire
fuguer	fuguer
réussissait	réussir
emparez-vous	emparez-vous
balaise	balaise
cataclysme	cataclysme
blackburn	blackburn
canarder	canarder
crémeux	crémeux
kaye	kaye
ferg	ferg
argos	argos
marrié	marrié
étudiés	étudier
boiras	boire
pasquale	pasquale
deckard	deckard
taillés	tailler
bonshommes	bonhomme
intégrés	intégrer
tertio	tertio
crewe	crewe
estimons	estimer
duty	duty
tron	tron
dah	dah
rhoades	rhoades
afis	afis
oppenheimer	oppenheimer
barn	barn
focalisé	focaliser
défendus	défendu
relâchez-moi	relâchez-moi
incursion	incursion
rager	rager
espagnoles	espagnol
fronde	fronde
bleep	bleep
obscénité	obscénité
débarrasse-t'	débarrasse-t'
immatriculations	immatriculation
viables	viable
sheri	sheri
élémentaires	élémentaire
phalanges	phalange
perses	perse
syndicale	syndical
élégantes	élégant
juergens	juergens
astrologue	astrologue
danes	danes
capes	cape
shhh	shhh
siestes	sieste
pieuter	pieuter
philistins	philistin
après-guerre	après-guerre
einar	einar
palmarès	palmarès
pax	pax
poireau	poireau
mcpherson	mcpherson
luo	luo
calling	calling
divergent	divergent
exagèrent	exagérer
tondu	tondre
jenner	jenner
koch	koch
hesselboe	hesselboe
tansy	tansy
gaffé	gaffer
démarreur	démarreur
ordonna	ordonner
sora	sora
naufragés	naufragé
pratiquait	pratiquer
pont-levis	pont-levis
encodé	encoder
répondrait	répondre
aidez-les	aidez-les
dramatise	dramatiser
décrits	décrire
éta	éta
chewie	chewie
provoqués	provoquer
lenteur	lenteur
esquisse	esquisse
baal	baal
pe	pe
sumac	sumac
omc	omc
impressionnantes	impressionnant
sensorielle	sensoriel
attributions	attribution
remplace-moi	remplace-moi
charity	charity
douché	doucher
calculateur	calculateur
hashimoto	hashimoto
nacho	nacho
trichez	tricher
ptit	ptit
suturer	suturer
électron	électron
bactérienne	bactérien
peler	peler
mensuelle	mensuel
serrano	serrano
calgary	calgary
éducateur	éducateur
ibuprofène	ibuprofène
pang	pang
gags	gag
intégralement	intégralement
vélocité	vélocité
écroulée	écrouler
boycott	boycott
prévoyons	prévoir
enseignerai	enseigner
antilope	antilope
commanderai	commander
flolo	flolo
rediriger	rediriger
concède	concéder
cyniques	cynique
joindra	joindre
reality	reality
échouée	échouer
détruisait	détruire
relaxez-vous	relaxez-vous
rawls	rawls
démangeaison	démangeaison
devait-il	devait-il
idéalisme	idéalisme
croiraient	croire
garou	garou
perquisitionner	perquisitionner
traînons	traîner
éternuement	éternuement
buggy	buggy
combattrons	combattre
shizu	shizu
carmelo	carmelo
aaaaah	aaaaah
relevait	relever
axelrod	axelrod
occipital	occipital
offrirait	offrir
amusées	amuser
rougeur	rougeur
malte	malte
ennuiera	ennuyer
caries	carie
rebâtir	rebâtir
surpassée	surpasser
voilé	voiler
stockés	stocker
remonterait	remonter
lesterson	lesterson
baja	baja
marteau-piqueur	marteau-piqueur
shimada	shimada
défiles	défiler
bonny	bonny
décidèrent	décider
diététique	diététique
facilitera	faciliter
pousse-pousse	pousse-pousse
paupière	paupière
vagabondage	vagabondage
décadent	décadent
tomahawk	tomahawk
maurizio	maurizio
documenté	documenté
dévastatrice	dévastateur
voleras	voler
kiffes	kiffes
hippocrate	hippocrate
lassant	lassant
takumi	takumi
contenus	contenu
nietzschéens	nietzschéens
lourdaud	lourdaud
nient	nier
réunira	réunir
cuves	cuve
woaw	woaw
disciplinaires	disciplinaire
boulimique	boulimique
pointue	pointu
profiterai	profiter
calloway	calloway
sucent	sucer
tournesols	tournesol
accable	accabler
bullard	bullard
frissonner	frissonner
hameau	hameau
aliéné	aliéné
manipulent	manipuler
facturé	facturer
krumitz	krumitz
aidez-vous	aidez-vous
n.y.	n.y.
corporations	corporation
lill	lill
enlève-toi	enlève-toi
récapituler	récapituler
credit	credit
meunier	meunier
pedigree	pedigree
bulldozers	bulldozer
garez	garer
marriott	marriott
approchés	approcher
hugues	hugues
galoper	galoper
barricadé	barricader
collectes	collecter
nettoyés	nettoyer
accueillent	accueillir
ishida	ishida
l.v.t.	l.v.t.
anand	anand
prendriez-vous	prendriez-vous
rassemblements	rassemblement
préservée	préserver
dynamiques	dynamique
rushes	rush
urs	urs
résoudrait	résoudre
planait	planer
toxicologiques	toxicologique
protège-moi	protège-moi
mandarine	mandarine
ètes	ètes
enflée	enfler
enrage	enrager
affrontant	affronter
vexcor	vexcor
algue	algue
travaille-t-il	travaille-t-il
démentir	démentir
naz	naz
présomptions	présomption
répondront	répondre
mothra	mothra
zou	zou
cupides	cupide
allume-le	allume-le
sussex	sussex
moisissures	moisissure
tocards	tocard
parchemins	parchemin
passeurs	passeur
assurerais	assurer
abdel	abdel
mikasa	mikasa
gobe	gobe
indistincts	indistinct
sévir	sévir
intubé	intuber
baves	bave
plaquage	plaquage
jaunisse	jaunisse
tiret	tiret
remplissage	remplissage
matrimonial	matrimonial
impartiale	impartial
comparant	comparant
convulse	convulser
since	since
voue	vouer
brannan	brannan
tigers	tigers
détraquée	détraquer
jetteront	jeter
tunes	tune
zing	zing
fonzie	fonzie
hubots	hubots
lachez-moi	lachez-moi
magnitude	magnitude
letterman	letterman
aidaient	aider
coït	coït
cannette	cannette
pavés	paver
violant	violer
zinzin	zinzin
généreuses	généreux
choisirez	choisir
hamas	hamas
prologue	prologue
aérodynamique	aérodynamique
portoricains	portoricain
délibérations	délibération
cacahouètes	cacahouète
saoudien	saoudien
ferait-on	ferait-on
clamer	clamer
minous	minou
keel	keel
emory	emory
désertes	désert
ex-taulard	ex-taulard
sentimentales	sentimental
corrigée	corriger
drusilla	drusilla
yachts	yacht
hellcats	hellcats
pissait	pisser
bronchite	bronchite
anse	anse
polar	polar
précisez	préciser
gravity	gravity
pends	pendre
unification	unification
hésitent	hésiter
dilatée	dilater
rappellerez	rappeler
chanceuses	chanceux
vermouth	vermouth
epa	epa
électrolytes	électrolyte
youhou	youhou
dijon	dijon
dunlop	dunlop
ballades	ballade
aladdin	aladdin
amorcer	amorcer
chumhum	chumhum
hodja	hodja
survivrons	survivre
incassable	incassable
alberta	alberta
bahts	baht
ba-bawk	ba-bawk
possédaient	posséder
smartphone	smartphone
prouves	prouver
entendis	entendre
regroupement	regroupement
huns	hun
provincial	provincial
picture	picture
reformule	reformule
courrir	courrir
katsuragi	katsuragi
maitriser	maitriser
tuons-le	tuons-le
éboulement	éboulement
islandais	islandais
protons	proton
pudique	pudique
suspends	suspendre
éclairés	éclairer
14h00	14h00
morrissey	morrissey
danton	danton
nts	nts
suivirent	suivre
algernon	algernon
abrasions	abrasions
propulser	propulser
moralisateur	moralisateur
cocorico	cocorico
incompréhensibles	incompréhensible
svr	svr
impies	impie
youpin	youpin
fullmetal	fullmetal
holst	holst
fessées	fessée
servit	servir
brouillée	brouiller
ote	ote
authentifier	authentifier
nasal	nasal
sangria	sangria
heurtée	heurter
shields	shields
nix	nix
willows	willows
ruinez	ruiner
désodorisant	désodorisant
tricote	tricoter
serie	serie
retardez	retarder
soit-disant	soit-disant
systems	systems
rajesh	rajesh
transcende	transcender
vex	vex
etage	etage
skin	skin
knoxville	knoxville
norvégienne	norvégienne
oblique	oblique
sailor	sailor
émergé	émergé
classification	classification
cogiter	cogiter
rouen	rouen
décède	décéder
grogan	grogan
arnaqueuse	arnaqueur
gacher	gacher
droguent	droguer
idyllique	idyllique
lift	lift
commandais	commander
ilana	ilana
kaz	kaz
apprêtes	apprêter
lumen	lumen
mendel	mendel
embarrassantes	embarrassant
sutra	sutra
ima	ima
desquels	desquels
rognons	rognon
butée	butée
forcené	forcené
renter	renter
fibrille	fibrille
parleriez	parler
redouter	redouter
bilal	bilal
valjean	valjean
raffolent	raffoler
eckhart	eckhart
sociopathes	sociopathe
achetez-vous	achetez-vous
bubbles	bubbles
assailli	assaillir
rangeais	ranger
réponds-lui	réponds-lui
hautbois	hautbois
allonges	allonger
dae	dae
gachette	gachette
réinitialiser	réinitialiser
pokémon	pokémon
pané	paner
approuvent	approuver
terrell	terrell
sous-titré	sous-titrer
joachim	joachim
opposera	opposer
rattaché	rattacher
calotte	calotte
probables	probable
souffrons	souffrir
greffé	greffé
encadré	encadré
iceman	iceman
clothes	clothes
adaptent	adapter
chroniqueur	chroniqueur
présente-moi	présente-moi
plongés	plonger
coraux	corail
indélicat	indélicat
finlandais	finlandais
soutane	soutane
plantent	planter
castration	castration
tatoueur	tatoueur
daigne	daigner
planchers	plancher
fauche	fauche
klingonne	klingonne
bunkers	bunker
missié	missié
tentaient	tenter
liesse	liesse
xo	xo
complotent	comploter
cloue	clouer
suffiraient	suffire
contestation	contestation
hypnotisée	hypnotiser
pesto	pesto
restez-là	restez-là
accablante	accablant
metropolitan	metropolitan
annulent	annuler
kristi	kristi
sous-entendez	sous-entendre
django	django
climatiques	climatique
beigne	beigne
quan	quan
knock	knock
protestante	protestant
respirons	respirer
choice	choice
passe-la	passe-la
aztèque	aztèque
badminton	badminton
reconnaîtront	reconnaître
verity	verity
nacelles	nacelle
croûton	croûton
bluebird	bluebird
chevaleresque	chevaleresque
mammaire	mammaire
konrad	konrad
maxtible	maxtible
lucienne	lucienne
rohypnol	rohypnol
apothicaire	apothicaire
disait-elle	disait-elle
yamazaki	yamazaki
vérone	vérone
aperçoivent	apercevoir
foins	foin
négocions	négocier
rumple	rumple
confirmées	confirmer
suresh	suresh
connery	connery
rescapé	rescapé
ivanova	ivanova
mère-fille	mère-fille
panzer	panzer
accueillants	accueillant
rosenthal	rosenthal
fanfaron	fanfaron
rallié	rallier
désintégrer	désintégrer
préparées	préparer
couchers	coucher
écrivez-vous	écrivez-vous
bâtonnet	bâtonnet
cheap	cheap
packard	packard
dernieres	dernieres
restaurée	restaurer
rising	rising
accord.	accord.
thomson	thomson
froissée	froisser
vanya	vanya
cantor	cantor
confitures	confiture
odum	odum
aggravée	aggraver
manga	manga
lucrative	lucratif
younger	younger
wheaton	wheaton
destinations	destination
chemical	chemical
nourrira	nourrir
aspirants	aspirant
dépérir	dépérir
bonniche	bonniche
thèbes	thèbes
arête	arête
exigeants	exigeant
kenshin	kenshin
fouets	fouet
utiliseras	utiliser
thousand	thousand
adviendra-t-il	adviendra-t-il
stabilisateurs	stabilisateur
agripper	agripper
finissez-en	finissez-en
mcfly	mcfly
lâcheur	lâcheur
influencée	influencer
empruntés	emprunter
quart-temps	quart-temps
infinis	infini
aztèques	aztèque
billion	billion
bricolé	bricoler
helm	helm
habite-t-il	habite-t-il
daccord	daccord
tambourin	tambourin
disjoncter	disjoncter
dopage	dopage
supposais	supposer
jaffe	jaffe
coincera	coincer
kujathemas	kujathemas
catalogué	cataloguer
bloquait	bloquer
coquines	coquin
philharmonique	philharmonique
endormez	endormir
soupirer	soupirer
onéreux	onéreux
rongée	ronger
discutes	discuter
toussez	tousser
schlingue	schlinguer
transplantations	transplantation
installait	installer
indistincte	indistinct
reprogrammé	reprogrammer
ancrage	ancrage
chirurgicales	chirurgical
gagna	gagner
extrême-orient	extrême-orient
joni	joni
allai	aller
berce	berce
infimes	infime
buse	buse
elly	elly
gué	gué
déshabilles	déshabiller
tabourets	tabouret
cersei	cersei
krystal	krystal
abritez-vous	abritez-vous
vorlons	vorlons
button	button
bergère	bergère
convié	convié
hachoir	hachoir
futuriste	futuriste
desai	desai
animalier	animalier
deunan	deunan
astra	astra
flatteuse	flatteur
auto-destruction	auto-destruction
stationner	stationner
mall	mall
concilier	concilier
bixby	bixby
validité	validité
noche	noche
recréé	recréer
sataniques	satanique
hiram	hiram
excursions	excursion
permanentes	permanente
magistrats	magistrat
fausser	fausser
eep	eep
pillages	pillage
niners	niners
guerrières	guerrier
arrète	arrète
siam	siam
ago	ago
défendez-vous	défendez-vous
class	class
ôte-toi	ôte-toi
alton	alton
co-pilote	co-pilote
cellulite	cellulite
quémander	quémander
ankara	ankara
refermez	refermer
téléthon	téléthon
stimulé	stimuler
rétablis	rétablir
projectiles	projectile
ventres	ventre
éclatait	éclater
tourna	tourner
mue	mue
alo	alo
roxane	roxane
ornements	ornement
babouins	babouin
bafoué	bafouer
recherchiez	rechercher
acquiert	acquérir
depart	depart
inexplicables	inexplicable
paranos	parano
fricoter	fricoter
strychnine	strychnine
convoitise	convoitise
caterina	caterina
gomorrhe	gomorrhe
mitchee	mitchee
whiting	whiting
commandera	commander
abusée	abuser
cuvée	cuvée
robson	robson
bougeais	bouger
armurier	armurier
aviron	aviron
incorporé	incorporé
betsey	betsey
cultivés	cultiver
épiderme	épiderme
astronomes	astronome
amériques	amériques
brassard	brassard
bien-aimés	bien-aimé
châtier	châtier
sauvait	sauver
multiplication	multiplication
résonner	résonner
limitation	limitation
assoupir	assoupir
chamailleries	chamaillerie
soutenant	soutenant
versets	verset
mutante	mutant
rayure	rayure
heard	heard
walkman	walkman
nein	nein
ares	are
ornement	ornement
earle	earle
appareiller	appareiller
tancredi	tancredi
rétracte	rétracter
nights	nights
deuxièmes	deuxième
déjeunait	déjeuner
asticot	asticot
lierre	lierre
chanteras	chanter
ouvriez	ouvriez
grincer	grincer
dissoute	dissoudre
pique-niques	pique-nique
confinés	confiner
origan	origan
voudrait-on	voudrait-on
réceptacle	réceptacle
giacomo	giacomo
évolués	évoluer
somptueuse	somptueux
huntley	huntley
maï	maï
dalaï-lama	dalaï-lama
anaconda	anaconda
dissimulée	dissimuler
prétendus	prétendre
maquilleuse	maquilleur
colorées	colorer
norbac	norbac
concis	concis
carrousel	carrousel
lmbécile	lmbécile
déverrouille	déverrouiller
papeterie	papeterie
lorena	lorena
tannée	tannée
ky	ky
souhaites-tu	souhaites-tu
enfermait	enfermer
éclaboussé	éclabousser
topless	topless
regrettons	regretter
raconte-leur	raconte-leur
chevauché	chevaucher
petit-copain	petit-copain
bancal	bancal
inquiétes	inquiétes
yoshio	yoshio
projet-sg	projet-sg
aigrie	aigrir
copyright	copyright
sache-le	sache-le
satyre	satyre
prudentes	prudent
bling	bling
honorablement	honorablement
siéger	siéger
vindicatif	vindicatif
compliquent	compliquer
calibres	calibre
nautilus	nautilus
satoshi	satoshi
canary	canary
réussirons	réussir
mammaires	mammaire
reina	reina
effractions	effraction
éventrer	éventrer
ecrivain	ecrivain
scélérats	scélérat
simona	simona
bravement	bravement
ransom	ransom
opérez	opérer
aryan	aryan
festive	festif
sakai	sakai
ralston	ralston
clearwater	clearwater
mcbeal	mcbeal
feels	feels
permise	permettre
rêvasser	rêvasser
lancerai	lancer
loutres	loutre
surnommait	surnommer
irréguliers	irrégulier
elie	elie
marierait	marier
quantum	quantum
hollywoodien	hollywoodien
compréhensifs	compréhensif
michelin	michelin
dénuée	dénuer
sélectif	sélectif
grands-mères	grand-mère
exauce	exaucer
échangez	échanger
élévateur	élévateur
hales	haler
bragen	bragen
estimes	estimer
upon	upon
échouons	échouer
épuisante	épuisant
biére	biére
éparpillé	éparpiller
rurale	rural
assistée	assister
professeure	professeur
hikaru-chan	hikaru-chan
artémis	artémis
chums	chums
périlleuse	périlleux
yuk	yuk
borde	border
footing	footing
miche	miche
snickers	snickers
acétone	acétone
opérant	opérant
païenne	païen
utilisez-le	utilisez-le
inefficaces	inefficace
dias	dias
claquant	claquant
morra	morra
emphysème	emphysème
inquieter	inquieter
bâtarde	bâtarde
linderman	linderman
pants	pants
greenpeace	greenpeace
pl	pl
pliée	plier
encéphalite	encéphalite
feds	feds
phobies	phobie
becs	bec
rassurés	rassurer
guggenheim	guggenheim
réfléchissiez	réfléchir
correspondaient	correspondre
gab	gab
pénalités	pénalité
fleet	fleet
dormez-vous	dormez-vous
rescue	rescue
sauvegardé	sauvegarder
lips	lips
corrompt	corrompre
fagin	fagin
dispenser	dispenser
périra	périr
bâtis	bâtir
ons	ons
crispé	crisper
jada	jada
déciderez	décider
ghul	ghul
prépare-moi	prépare-moi
brûleront	brûler
millième	millième
yé	yé
ferré	ferré
camembert	camembert
absorbent	absorber
majestueuse	majestueux
balistiques	balistique
chanteuses	chanteur
brainiac	brainiac
poivrots	poivrot
fingers	fingers
pressante	pressant
whitley	whitley
bénédicité	bénédicité
fige	figer
écoutes-moi	écoutes-moi
camus	camus
compliques	compliquer
lilah	lilah
voyageais	voyager
alexi	alexi
perdrix	perdrix
commémorer	commémorer
ouvrirais	ouvrir
lanka	lanka
réveillerait	réveiller
contenterais	contenter
romane	roman
cleve	cleve
hwan	hwan
tomcat	tomcat
abdominal	abdominal
raquettes	raquette
lev	lev
wainwright	wainwright
barillet	barillet
jurait	jurer
oriente	orienter
csu	csu
diocèse	diocèse
toulon	toulon
frottes	frotter
cajun	cajun
malina	malina
plongent	plonger
copeland	copeland
en-tête	en-tête
déprimés	déprimer
dou	dou
épaissit	épaissir
plané	planer
chassons	chasser
usurpé	usurper
irradiation	irradiation
bousculent	bousculer
jean-louis	jean-louis
gavé	gaver
téte	téte
jete	jete
aiiez-vous	aiiez-vous
shari	shari
isi	isi
bastien	bastien
agenouillé	agenouiller
destitué	destituer
ganz	ganz
ramsès	ramsès
je-je-je	je-je-je
centaure	centaure
matait	mater
vroum	vroum
régents	régent
présentais	présenter
entasser	entasser
stérilisation	stérilisation
sué	suer
obéira	obéir
culasse	culasse
laurier	laurier
luger	luger
traitiez	traiter
contentera	contenter
rameau	rameau
playing	playing
dextérité	dextérité
exterminé	exterminer
boudes	bouder
savane	savane
amender	amender
obtiendrais	obtenir
couvrais	couvrir
demande-le	demande-le
fawn	fawn
témoignent	témoigner
penchez	pencher
et-et	et-et
neutralité	neutralité
jaye	jaye
ups	ups
maintenait	maintenir
givrée	givrée
coiffés	coiffer
vils	vil
pupitre	pupitre
ériger	ériger
mighty	mighty
disposent	disposer
taperais	taper
motor	motor
figer	figer
affranchir	affranchir
parasol	parasol
inestimables	inestimable
tailladé	taillader
inquietez	inquietez
schrute	schrute
banderoles	banderole
foufoune	foufoune
étaient-elles	étaient-elles
branchies	branchie
clôturer	clôturer
sauverez	sauver
enervé	enervé
tirages	tirage
unifier	unifier
senteur	senteur
ciera	ciera
fujiwara	fujiwara
atteste	attester
martino	martino
descendes	descendre
paradisiaque	paradisiaque
epatant	epatant
sheng	sheng
yam	yam
localisés	localiser
ogres	ogre
cache-t-il	cache-t-il
pointera	pointer
teague	teague
desolée	desolée
omoplate	omoplate
commissaires	commissaire
immediatement	immediatement
t'ai	t'ai
katsu	katsu
refuseront	refuser
bombshell	bombshell
victorienne	victorien
scintille	scintiller
oublie-les	oublie-les
macon	macon
raton-laveur	raton-laveur
lansky	lansky
distribuait	distribuer
attrapait	attraper
dividendes	dividende
monotonie	monotonie
abondamment	abondamment
yeol	yeol
flaherty	flaherty
évasif	évasif
darin	darin
médicinales	médicinal
fiancées	fiancé
verge	verge
svend	svend
passeriez	passer
hezbollah	hezbollah
bâtisse	bâtisse
silverman	silverman
attribution	attribution
strawberry	strawberry
mathison	mathison
habitue-toi	habitue-toi
charnel	charnel
thoraciques	thoracique
aiguisée	aiguiser
pulmonaires	pulmonaire
cordélia	cordélia
affinité	affinité
solos	solo
grundy	grundy
saquer	saquer
moissons	moisson
m.j.	m.j.
repartirai	repartir
amusaient	amuser
perçue	percevoir
aruba	aruba
goethe	goethe
hè	hè
hébreux	hébreu
3eme	3eme
marres	marrer
epée	epée
inoue	inoue
funéraires	funéraire
collaboratrice	collaborateur
minos	minos
autoradio	autoradio
trubel	trubel
tadashi	tadashi
fouineuse	fouineur
apocalyptique	apocalyptique
dessinez	dessiner
transformez	transformer
annoncerai	annoncer
mathématiquement	mathématiquement
lothbrok	lothbrok
fluo	fluo
ahurissant	ahurissant
blur1	blur1
reprendrez	reprendre
croit-il	croit-il
bombardés	bombarder
moussant	moussant
conseilles	conseiller
caddy	caddy
'mais	'mais
accélérée	accélérer
luminosité	luminosité
apportez-le	apportez-le
bombardent	bombarder
rauque	rauque
sherri	sherri
entrants	entrant
rivales	rival
perruche	perruche
skeffington	skeffington
éprise	épris
officieuse	officieux
après-rasage	après-rasage
geographic	geographic
trianguler	trianguler
duplex	duplex
vingtième	vingtième
inquièter	inquièter
cachottier	cachottier
aster	aster
empêche-le	empêche-le
trouve-lui	trouve-lui
enchanteresse	enchanteresse
hazard	hazard
vexez	vexer
édimbourg	édimbourg
ashford	ashford
postez	poster
zélande	zélande
tardez	tarder
blur3	blur3
taurus	taurus
ramiro	ramiro
gem	gem
prospect	prospect
plaindrai	plaindre
confiez	confier
voit-on	voit-on
cyborgs	cyborgs
christi	christi
limitations	limitation
hewlett	hewlett
toxicité	toxicité
bun	bun
torchons	torchon
rattrapés	rattraper
aventureux	aventureux
yano	yano
visionné	visionner
résultant	résulter
skeeter	skeeter
markov	markov
impérialisme	impérialisme
nécrologique	nécrologique
engagées	engager
bogota	bogota
weathers	weathers
poughkeepsie	poughkeepsie
fido	fido
gisant	gisant
accepteras	accepter
touristiques	touristique
tra	tra
enfuirai	enfuir
employait	employer
rutles	rutles
stages	stage
mariole	mariole
connaîtrons	connaître
immortaliser	immortaliser
fumette	fumette
boudreau	boudreau
catatonique	catatonique
fables	fable
aleikum	aleikum
vandalisé	vandaliser
nygma	nygma
furtive	furtif
bridés	brider
gecko	gecko
rembourrage	rembourrage
chenilles	chenille
abandonneront	abandonner
jakarta	jakarta
galvin	galvin
portfolio	portfolio
verrouillés	verrouiller
consécutives	consécutif
répartis	répartir
mani	mani
embrouillée	embrouiller
chuchoté	chuchoter
lance-moi	lance-moi
mirror	mirror
t-rex	t-rex
start-up	start-up
époque-là	époque-là
charbons	charbon
bé	bé
grégoire	grégoire
cumin	cumin
glaucome	glaucome
dalila	dalila
elephant	elephant
bécasse	bécasse
amidon	amidon
cultes	culte
tachycarde	tachycarder
joués	jouer
ratera	rater
regroupés	regrouper
buildings	building
obtus	obtus
férocité	férocité
mariant	marier
foyle	foyle
aide-soignant	aide-soignant
hummel	hummel
noi	noi
relationnel	relationnel
uncle	uncle
oreillettes	oreillette
laughlin	laughlin
j.p.	j.p.
expiation	expiation
kray	kray
consistance	consistance
ronfles	ronfler
benêt	benêt
menue	menu
mille-pattes	mille-pattes
agressés	agresser
combattante	combattant
conservés	conserver
rouiller	rouiller
enlève-lui	enlève-lui
p1	p1
guardo	guardo
ramifications	ramification
mitraille	mitraille
pousserait	pousser
advenir	advenir
ménagerie	ménagerie
organiserai	organiser
0ù	0ù
taie	taie
bless	bless
précipités	précipiter
enjoué	enjoué
juridiquement	juridiquement
vérole	vérole
potomac	potomac
aéré	aéré
évacuent	évacuer
drexler	drexler
islamabad	islamabad
clotilde	clotilde
faîte	faîte
reinhold	reinhold
vergogne	vergogne
ambiguïté	ambiguïté
fredonner	fredonner
lowery	lowery
bandstand	bandstand
reposerai	reposer
appellent-ils	appellent-ils
beauregard	beauregard
gm	gm
sagittaire	sagittaire
hâtive	hâtif
flûtes	flûte
réparable	réparable
goulag	goulag
grouillent	grouiller
jarret	jarret
rains	rains
inger	inger
réincarné	réincarner
marston	marston
ichirô	ichirô
damoiselle	damoiseau
blasé	blasé
usuriers	usurier
imperfection	imperfection
broots	broots
écrivons	écrire
xixe	xixe
motte	motte
visés	visé
examinerai	examiner
casserais	casser
scarran	scarran
manitowoc	manitowoc
piratés	pirater
mariez-vous	mariez-vous
avouera	avouer
alitée	aliter
streep	streep
kiffer	kiffer
remuant	remuant
concerner	concerner
sieg	sieg
cpt	cpt
occulteur	occulteur
encod	encod
électroménager	électroménager
sum	sum
hail	hail
maniére	maniére
protégeaient	protéger
redescendez	redescendre
chirurgicaux	chirurgical
destitution	destitution
expliquez-lui	expliquez-lui
aspirée	aspirée
promettons	promettre
riff	riff
étripe	étriper
recrutent	recruter
knapp	knapp
idol	idol
cu	cu
pose-les	pose-les
écarteur	écarteur
lirais	lire
panther	panther
pliés	plier
désintégration	désintégration
ronronne	ronronner
problem	problem
habituerai	habituer
fendue	fendu
médication	médication
avouez-le	avouez-le
essuie-toi	essuie-toi
converser	converser
tasser	tasser
déguerpis	déguerpir
précipitent	précipiter
musclée	muscler
conglomérat	conglomérat
nageoire	nageoire
fats	fat
finaliste	finaliste
filantes	filant
apeurée	apeurer
espn	espn
ficus	ficus
macédoine	macédoine
mycose	mycose
mutilations	mutilation
2h00	2h00
ancestral	ancestral
miramar	miramar
repondre	repondre
décorés	décorer
gerbé	gerber
relaxe-toi	relaxe-toi
kaan	kaan
bouler	bouler
médoc	médoc
dépravée	dépraver
arrives-tu	arrives-tu
viets	viets
comm	comm
trags	trags
radius	radius
popol	popol
sacks	sacks
retrouvant	retrouver
irait-il	irait-il
brentwood	brentwood
déposent	déposer
obsolètes	obsolète
cognitive	cognitif
dessinés	dessiner
steadman	steadman
financée	financer
evelyne	evelyne
yost	yost
hennessey	hennessey
graduellement	graduellement
paravent	paravent
rhabillez-vous	rhabillez-vous
untel	untel
administratives	administratif
acquises	acquis
moquera	moquer
adressais	adresser
follow	follow
degas	degas
halliday	halliday
envenimer	envenimer
attaquaient	attaquer
fugace	fugace
abattoirs	abattoir
redman	redman
embobiné	embobiner
pointage	pointage
enquêtant	enquêter
olympic	olympic
rushmore	rushmore
spangler	spangler
emporterai	emporter
avérait	avérer
jouable	jouable
kruse	kruse
redémarrage	redémarrage
combustibles	combustible
éperons	éperon
calista	calista
interprétations	interprétation
odyssey	odyssey
préparatoire	préparatoire
rêvons	rêver
zigzag	zigzag
claudius	claudius
ophtalmo	ophtalmo
hamsters	hamster
aplati	aplati
argumentation	argumentation
entrainée	entrainée
issa	issa
faciales	facial
collera	coller
roseaux	roseau
samcro	samcro
zaroff	zaroff
inventif	inventif
enfoncent	enfoncer
invite-le	invite-le
imperial	imperial
shaggy	shaggy
keene	keene
amortir	amortir
convoquez	convoquer
recherchaient	rechercher
cerceau	cerceau
allegra	allegra
hollander	hollander
metallica	metallica
goren	goren
fellini	fellini
-je	-je
redit	redire
némésis	némésis
zénith	zénith
soufflés	soufflé
ajoutons	ajouter
bordée	bordée
revient-il	revient-il
graceland	graceland
déposez-moi	déposez-moi
mask	mask
refoulés	refouler
frappe-la	frappe-la
transmutation	transmutation
gravures	gravure
extrader	extrader
écolos	écolo
gaché	gaché
révoquer	révoquer
thésée	thésée
earhart	earhart
capra	capra
arrivee	arrivee
démarres	démarrer
douanier	douanier
luisant	luisant
déplaces	déplacer
thruster	thruster
olympus	olympus
kingman	kingman
checke	checke
échéant	échéant
adviendra	advenir
endurcis	endurcir
séduisants	séduisant
mok	mok
nautiques	nautique
polarité	polarité
financial	financial
courgettes	courgette
shaker	shaker
mentes	mentir
côtoyé	côtoyer
imprévues	imprévu
écologistes	écologiste
épidémies	épidémie
bousculade	bousculade
nona	nona
raz	raz
boucs	bouc
interrogerai	interroger
dégoûter	dégoûter
gilligan	gilligan
abusent	abuser
raph	raph
hollister	hollister
salvo	salvo
préfèrerai	préfèrerai
orbitale	orbitale
chica	chica
éclipsé	éclipser
hanzo	hanzo
whew	whew
cristo	cristo
pygmées	pygmé
heimlich	heimlich
mcdowell	mcdowell
dink	dink
secourue	secourir
contour	contour
valens	valens
saisissant	saisissant
frémir	frémir
arpenter	arpenter
réapprendre	réapprendre
braconnier	braconnier
refusés	refuser
supports	support
démarrent	démarrer
hispaniques	hispanique
instigateur	instigateur
bambino	bambino
garber	garber
sautées	sauter
pistage	pistage
anémique	anémique
vêtir	vêtir
écologiste	écologiste
sauterie	sauterie
maniement	maniement
fertiles	fertile
rapper	rapper
débrouillais	débrouiller
dei	dei
milk-shakes	milk-shake
coyle	coyle
artisanal	artisanal
alright	alright
chiquita	chiquita
wolsey	wolsey
s.t.p.	s.t.p.
boiter	boiter
caissons	caisson
étendus	étendu
marie-antoinette	marie-antoinette
tira	tirer
enclenchée	enclencher
couperait	couper
court-circuiter	court-circuiter
mohawk	mohawk
cloques	cloque
lasky	lasky
apportez-lui	apportez-lui
examinera	examiner
pronostics	pronostic
prévoyant	prévoyant
berthier	berthier
pinson	pinson
amirauté	amirauté
dors-tu	dors-tu
flambeur	flambeur
banalité	banalité
pesticide	pesticide
chewbacca	chewbacca
mahdi	mahdi
cuisinent	cuisiner
dépêché	dépêcher
salter	salter
st-louis	st-louis
étudiée	étudier
heros	heros
saskia	saskia
danno	danno
rollie	rollie
déconnectée	déconnecter
mangouste	mangouste
procréation	procréation
bachman	bachman
shalimarfox	shalimarfox
rayonnant	rayonnant
sharks	sharks
cherub	cherub
surcharger	surcharger
frauduleux	frauduleux
baladeuses	baladeuse
atypique	atypique
lance-le	lance-le
nargue	narguer
vocaux	vocal
boirons	boire
qasim	qasim
shaka	shaka
pinçait	pincer
imran	imran
tacher	tacher
demie-heure	demie-heure
évaporer	évaporer
compact	compact
ayrton	ayrton
derange	derange
plénitude	plénitude
bodega	bodega
réutiliser	réutiliser
affectées	affecter
rebuts	rebut
blum	blum
nimah	nimah
takahiro	takahiro
irréversibles	irréversible
signorina	signorina
pendez-le	pendez-le
yasuko	yasuko
parvienne	parvenir
howdy	howdy
puantes	puant
défendons	défendre
development	development
rajeuni	rajeunir
subies	subir
ethiopie	ethiopie
superficiels	superficiel
estomper	estomper
morel	morel
challenges	challenge
frasques	frasque
ressemblé	ressembler
19h00	19h00
hurlais	hurler
matérialiste	matérialiste
chargeons	charger
piquets	piquet
salaces	salace
photographiée	photographier
erm	erm
substituts	substitut
escabeau	escabeau
obligera	obliger
méfiants	méfiant
intéressez-vous	intéressez-vous
immisce	immiscer
cosimo	cosimo
mytho	mytho
sabote	saboter
sauve-nous	sauve-nous
rena	rena
désobéit	désobéir
lamont	lamont
salées	saler
convergent	convergent
neutralisée	neutraliser
dima	dima
bénéficiaires	bénéficiaire
sosies	sosie
ridé	rider
chatsworth	chatsworth
sugiyama	sugiyama
rejoindrais	rejoindre
élargit	élargir
ukrainiens	ukrainien
nuisette	nuisette
majors	major
flairé	flairer
sh	sh
fouillés	fouiller
compil	compil
vérifiées	vérifier
adeline	adeline
lecon	lecon
darfour	darfour
picotements	picotement
râ	râ
barstow	barstow
mayans	mayans
satisfaites	satisfait
evangile	evangile
préceptes	précepte
rinaldi	rinaldi
rétrospective	rétrospective
rampent	ramper
singing	singing
dade	dade
souviendrait	souvenir
zarkon	zarkon
saladin	saladin
révélez	révéler
encombré	encombré
meena	meena
prélevés	prélever
rêviez	rêver
neigeait	neiger
baraquements	baraquement
kuvira	kuvira
hurst	hurst
interrogeait	interroger
pousse-le	pousse-le
persécutés	persécuter
mentons	mentons
surpopulation	surpopulation
masaru	masaru
érections	érection
assistent	assister
échangeons	échanger
cr	cr
visitent	visiter
profiterait	profiter
rina	rina
exténuée	exténuer
soumises	soumettre
backgammon	backgammon
pivoter	pivoter
lafferty	lafferty
quelqun	quelqun
maradona	maradona
ukrainienne	ukrainien
raclées	raclée
dit-	dit-
campo	campo
mot-là	mot-là
châtain	châtain
réclusion	réclusion
soûles	saoûler
panade	panade
hystérectomie	hystérectomie
flemming	flemming
rosalind	rosalind
emmêlé	emmêler
rp	rp
développez	développer
portugaise	portugais
kazumi	kazumi
mcginnis	mcginnis
crosses	crosse
theater	theater
désarmement	désarmement
choriste	choriste
impertinente	impertinent
imparfaite	imparfait
gâchées	gâcher
petit-enfant	petit-enfant
groupé	groupé
dirigées	diriger
transsexuel	transsexuel
réveillez-moi	réveillez-moi
abréviation	abréviation
congénitale	congénital
susy	susy
isotope	isotope
styx	styx
allégation	allégation
focus	focus
révélerai	révéler
anti-terroriste	anti-terroriste
ganymède	ganymède
bubber	bubber
whiteside	whiteside
dénonciation	dénonciation
immatures	immature
harmonieux	harmonieux
développées	développer
enivrant	enivrant
laitière	laitier
trouvez-lui	trouvez-lui
ginsberg	ginsberg
dmv	dmv
phœnix	phœnix
imprésario	imprésario
pau	pau
désactivation	désactivation
illégalité	illégalité
parlent-ils	parlent-ils
croquemitaine	croquemitaine
exprimée	exprimer
vestige	vestige
chercherons	chercher
ajax	ajax
détesterait	détester
engrosser	engrosser
annulaire	annulaire
sheikh	sheikh
boeing	boeing
capitule	capitule
luau	luau
maze	mazer
pulvérise	pulvériser
améliorées	améliorer
laguna	laguna
farber	farber
attaquants	attaquant
loïc	loïc
souhaitable	souhaitable
cardassienne	cardassienne
goss	goss
négociez	négocier
méfait	méfait
prouesse	prouesse
arena	arena
seller	seller
bornéo	bornéo
guident	guider
candide	candide
ailerons	aileron
gênants	gênant
spartiates	spartiate
sae	sae
surveillante	surveillant
complaisance	complaisance
vassili	vassili
éclaboussure	éclaboussure
gauthier	gauthier
kiwi	kiwi
hypothéqué	hypothéquer
pétale	pétale
inconsolable	inconsolable
scottsdale	scottsdale
fermetures	fermeture
drum	drum
colvin	colvin
ovaire	ovaire
unijambiste	unijambiste
défaits	défait
nurserie	nurserie
découvrirait	découvrir
condescendante	condescendant
ìtre	ìtre
ex-détenu	ex-détenu
holdings	holding
jell-o	jell-o
tricoté	tricoter
travailleront	travailler
financent	financer
chargeait	charger
ressorte	ressortir
fanta	fanta
appelions	appeler
naru	naru
predator	predator
noient	noyer
maître-chanteur	maître-chanteur
bousilles	bousiller
etudiant	etudiant
parcelles	parcelle
pourchassés	pourchasser
découpage	découpage
brins	brin
régiments	régiment
induction	induction
sentimentalisme	sentimentalisme
excitées	exciter
tabasco	tabasco
méritant	méritant
payerais	payer
claybourne	claybourne
skinhead	skinhead
kyon	kyon
perverti	pervertir
croisières	croisière
liège	liège
petrie	petrie
blanchisseur	blanchisseur
manettes	manette
hymnes	hymne
cliques	cliquer
couvrez-le	couvrez-le
dessinais	dessiner
achab	achab
immobilières	immobilier
bouillotte	bouillotte
parsa	parsa
matsu	matsu
kururugi	kururugi
irrémédiablement	irrémédiablement
adressées	adresser
roarke	roarke
démembré	démembré
dunkerque	dunkerque
portsmouth	portsmouth
frappons	frapper
stationnaire	stationnaire
piocher	piocher
ayiez	ayiez
optimus	optimus
dis-le-nous	dis-le-nous
hardwick	hardwick
conna	conna
wallis	wallis
parvenez	parvenir
mckinney	mckinney
violes	viole
accés	accés
dévastation	dévastation
hantés	hanté
tranchants	tranchant
réalisez-vous	réalisez-vous
permettez-vous	permettez-vous
conjectures	conjecture
plata	plata
condensateur	condensateur
suzerain	suzerain
alak	alak
détachés	détacher
ldiot	ldiot
culpepper	culpepper
remettiez	remettre
moshe	moshe
affamées	affamer
doutera	douter
pensai	penser
farfelue	farfelu
pseudos	pseudo
hiromi	hiromi
carême	carême
impersonnel	impersonnel
parenthèse	parenthèse
asservir	asservir
firefly	firefly
zeeland	zeeland
infirmité	infirmité
pissenlits	pissenlit
poussaient	pousser
marchandage	marchandage
mordait	mordre
cliquez	cliquer
ter	ter
essaieras	essayer
immédiats	immédiat
victorieuse	victorieux
inopérable	inopérable
ah-ah	ah-ah
attachez-vous	attachez-vous
prêteurs	prêteur
embarcation	embarcation
conçoit	concevoir
hooker	hooker
gower	gower
kerr	kerr
annonceurs	annonceur
stacie	stacie
ginnie	ginnie
lennier	lennier
respectives	respectif
laiton	laiton
figueroa	figueroa
siciliens	sicilien
joue-la	joue-la
formol	formol
beltran	beltran
kiyomi	kiyomi
dégomme	dégommer
t.c.	t.c.
usurpateur	usurpateur
dare	dare
higgs	higgs
hoi	hoi
lattes	latte
grillades	grillade
wales	wales
fournirai	fournir
rembourses	rembourser
chiffe	chiffe
raciales	racial
tremblaient	trembler
avisés	aviser
heston	heston
survenir	survenir
distinctif	distinctif
colloc	colloc
chez-soi	chez-soi
désolé.	désolé.
appelait-elle	appelait-elle
jéricho	jéricho
lutteurs	lutteur
din	din
lorca	lorca
burlesque	burlesque
jakey	jakey
dérangerais	déranger
bloquant	bloquant
eastern	eastern
décédées	décéder
types-là	types-là
déménageait	déménager
weenie	weenie
fourrage	fourrage
pavane	pavane
effectuées	effectuer
pédophilie	pédophilie
administratifs	administratif
proposant	proposant
tortille	tortiller
reculent	reculer
tutoie	tutoyer
grisant	grisant
talkie	talkie
viêtnam	viêtnam
easton	easton
glouton	glouton
ventilo	ventilo
lewton	lewton
déporter	déporter
mazette	mazette
croustillants	croustillant
péniblement	péniblement
calmerai	calmer
bonn	bonn
confiés	confier
yume	yume
turbines	turbine
concluante	concluant
nourrisse	nourrir
tournoyer	tournoyer
instruite	instruit
commutateur	commutateur
scelle	sceller
s.a.	s.a.
bellini	bellini
excédent	excédent
délibération	délibération
nong	nong
hachette	hachette
postérieure	postérieur
tamaki	tamaki
trudi	trudi
ramassés	ramasser
artichauts	artichaut
boyka	boyka
remplissant	remplir
plaîit	plaîit
sik	sik
courbé	courbé
préparez-le	préparez-le
fouillez-le	fouillez-le
seabiscuit	seabiscuit
malmö	malmö
compétentes	compétent
saurions	savoir
clouée	clouer
athées	athée
endorphines	endorphine
coordonne	coordonner
bébert	bébert
attendais-tu	attendais-tu
turques	turc
débrouillés	débrouiller
punisse	punir
mobilise	mobiliser
cloaque	cloaque
tomoko	tomoko
inculte	inculte
cutie	cutie
innover	innover
fourgons	fourgon
sanctionné	sanctionner
accorderai	accorder
dévorés	dévorer
reily	reily
reiner	reiner
agenouillez-vous	agenouillez-vous
écopé	écoper
terrasser	terrasser
aiiez-y	aiiez-y
informelle	informel
mclean	mclean
memoire	memoire
vaporisé	vaporiser
blagueur	blagueur
justaucorps	justaucorps
amira	amira
enterrerai	enterrer
truqués	truquer
empoché	empocher
écus	écu
systême	systême
réussies	réussir
bordé	bordé
calamars	calamar
menaçaient	menacer
payiez	payer
porcinet	porcinet
emerald	emerald
gange	gange
crotale	crotale
export	export
saint-pierre	saint-pierre
fog	fog
legal	legal
impures	impur
murailles	muraille
culpabilises	culpabiliser
parlait-il	parlait-il
liberte	liberte
blondinet	blondinet
wikipédia	wikipédia
mettions	mettre
12h30	12h30
cria	crier
vine	viner
industrielles	industriel
mig	mig
aconit	aconit
semi	semi
lance-la	lance-la
marchions	marcher
concocter	concocter
loves	lover
amorti	amorti
zephyr	zephyr
actionner	actionner
surveillances	surveillance
enfuies	enfuir
retournées	retourner
konstantin	konstantin
raúl	raúl
détesterai	détester
butter	butter
renoncent	renoncer
papaye	papaye
dissert	dissert
strings	string
susana	susana
5mn	5mn
limbo	limbo
ramenées	ramener
amples	ample
jakes	jakes
attrayante	attrayant
everyone	everyone
hâtez-vous	hâtez-vous
pesante	pesant
furies	furie
offensif	offensif
éthiopie	éthiopie
édité	éditer
nawab	nawab
évidences	évidence
balzac	balzac
mec-là	mec-là
b.a.	b.a.
bute-le	bute-le
bryn	bryn
hardin	hardin
angio	angio
promenez	promener
demi-portion	demi-portion
claquent	claquer
mouilles	mouiller
wise	wise
incessant	incessant
phryne	phryne
profané	profaner
takes	takes
niño	niño
arrière-salle	arrière-salle
croisant	croiser
honor	honor
aladin	aladin
survenue	survenue
délabré	délabré
harans	harans
gonflent	gonfler
asami	asami
macmillan	macmillan
necessaire	necessaire
berenson	berenson
cléo	cléo
shibuya	shibuya
tuniques	tunique
mears	mears
remues	remuer
séchées	sécher
daigné	daigner
langouste	langouste
sapphire	sapphire
horst	horst
trainent	trainent
wii	wii
rishi	rishi
révoltés	révolter
reconnais-tu	reconnais-tu
shady	shady
montrose	montrose
regroupent	regrouper
virils	viril
tita	tita
aldridge	aldridge
autorisera	autoriser
rebrousser	rebrousser
hurlaient	hurler
permissions	permission
aboli	aboli
interrogeais	interroger
zulu	zulu
rencontrons-nous	rencontrons-nous
rowland	rowland
barrent	barrer
ning	ning
tourelles	tourelle
tenions	tenir
dolph	dolph
redirai	redire
tanzanie	tanzanie
dédicaces	dédicace
cajou	cajou
ajouterais	ajouter
wired	wired
tash	tash
anti-gang	anti-gang
claustrophobie	claustrophobie
voteront	voter
drh	drh
allez.	allez.
détestera	détester
galavant	galavant
vitali	vitali
havisham	havisham
télévisions	télévision
accrochant	accrocher
salace	salace
plaigne	plaindre
montrons-leur	montrons-leur
réunissons	réunir
maintenons	maintenir
prolétariat	prolétariat
télétota	télétota
pécho	pécho
phallus	phallus
hexenbiest	hexenbiest
trouillards	trouillard
westside	westside
rennie	rennie
polystyrène	polystyrène
inoubliables	inoubliable
dégonflée	dégonfler
friteuse	friteuse
appréhende	appréhender
parades	parade
ulong	ulong
éjectée	éjecter
sheperd	sheperd
pbs	pbs
subtilement	subtilement
rossum	rossum
graystone	graystone
conclave	conclave
aboutissement	aboutissement
pardonneront	pardonner
limitent	limiter
élèverai	élever
groggy	groggy
bougeotte	bougeotte
deniers	denier
fuyaient	fuir
egg	egg
compadre	compadre
bambin	bambin
intermittence	intermittence
alek	alek
existentielle	existentiel
hydromel	hydromel
munro	munro
sikes	sikes
gardiner	gardiner
antalgiques	antalgique
rouage	rouage
kingsbridge	kingsbridge
conduises	conduire
catins	catin
finallement	finallement
theta	theta
cicero	cicero
hyatt	hyatt
sauveront	sauver
impressionnable	impressionnable
stram	stram
artificielles	artificiel
latinum	latinum
localement	localement
tourne-disque	tourne-disque
mcfadden	mcfadden
dreyer	dreyer
dîtes-lui	dîtes-lui
stottlemeyer	stottlemeyer
pentagramme	pentagramme
mantle	mantle
gillis	gillis
eva-01	eva-01
patrouilleurs	patrouilleur
caniches	caniche
vecteurs	vecteur
luth	luth
rugit	rugir
narcotique	narcotique
called	called
décrivait	décrire
laissons-lui	laissons-lui
pignon	pignon
afghane	afghan
brushing	brushing
remarqueras	remarquer
pim	pim
baroque	baroque
gaillards	gaillard
prénommé	prénommer
lorenz	lorenz
graff	graff
leif	leif
hakuoro	hakuoro
armature	armature
levrette	levrette
voyions	voir
tibétain	tibétain
traînés	traîner
huggy	huggy
gulf	gulf
molaire	molaire
engourdie	engourdir
déviants	déviant
ovulation	ovulation
forniquer	forniquer
rodeo	rodeo
salop	salop
repoussés	repousser
neuronal	neuronal
tourtes	tourte
abricots	abricot
contentez	contenter
rosaire	rosaire
jeunesses	jeunesse
embrassera	embrasser
dérogation	dérogation
socle	socle
brunette	brunet
taillader	taillader
thurston	thurston
liberace	liberace
caspar	caspar
stimulus	stimulus
guirlande	guirlande
coupais	couper
deepak	deepak
demandez-le	demandez-le
culinaires	culinaire
sweety	sweety
dobie	dobie
lubies	lubie
écervelée	écervelé
relaxé	relaxer
subordonné	subordonner
calum	calum
ingérer	ingérer
gwyneth	gwyneth
abaddon	abaddon
arrondi	arrondi
minsk	minsk
aoi	aoi
mort-né	mort-né
pogne	pogne
appliquées	appliquer
baby-foot	baby-foot
ecclésiastique	ecclésiastique
grattes	gratter
lény	lény
avisée	aviser
equateur	equateur
uriné	uriner
retenant	retenir
bouffeur	bouffeur
achèvera	achever
gon	gon
descartes	descartes
ballantine	ballantine
insuffisantes	insuffisant
powerpoint	powerpoint
dépourvue	dépourvu
ooooh	ooooh
duquesne	duquesne
réquisitionner	réquisitionner
chiqué	chiquer
saignée	saignée
régale-toi	régale-toi
jacobi	jacobi
imposait	imposer
sèchent	sécher
lab	lab
mort-aux-rats	mort-aux-rats
mp	mp
pacifistes	pacifiste
geary	geary
échappes	échapper
démarqué	démarquer
dinesh	dinesh
tombstone	tombstone
joignent	joindre
déjâ	déjâ
hypothèques	hypothèque
enright	enright
bla-bla-bla	bla-bla-bla
consomment	consommer
improvisée	improviser
porc-épic	porc-épic
pressées	presser
exhibe	exhiber
familières	familier
allergiques	allergique
variées	varier
trouve-les	trouve-les
trench	trench
bar-mitsva	bar-mitsva
creel	creel
soutiens-gorge	soutien-gorge
smoothies	smoothies
cã	cã
remettez-moi	remettez-moi
refoule	refouler
changeaient	changer
tabous	tabou
pringle	pringle
assombrit	assombrir
milano	milano
jesús	jesús
irréfutables	irréfutable
aiderez-vous	aiderez-vous
journalistique	journalistique
longinus	longinus
laney	laney
habituerez	habituer
appréciaient	apprécier
nationaliste	nationaliste
croûtons	croûton
tchaeok	tchaeok
prodiges	prodige
ramène-les	ramène-les
bitte	bitte
montero	montero
décollent	décoller
croquant	croquant
flamand	flamand
offraient	offrir
dissident	dissident
censurer	censurer
shaq	shaq
visuellement	visuellement
grincements	grincement
grossiste	grossiste
revoyure	revoyure
extincteurs	extincteur
vaillamment	vaillamment
grendel	grendel
refaisons	refaire
story-board	story-board
arabella	arabella
tentiez	tenter
cinglées	cinglé
spoutnik	spoutnik
embarrasses	embarrasser
rhett	rhett
modus	modus
ne-	ne-
talmud	talmud
backpage	backpage
comprende	comprende
décimer	décimer
héléna	héléna
pygmée	pygmée
clémente	clément
sectionnée	sectionner
sumatra	sumatra
confierais	confier
limehouse	limehouse
provocante	provocant
manigancez	manigancer
dégonflés	dégonfler
denham	denham
hyah	hyah
attiser	attiser
misato	misato
foutrai	foutre
ceinturon	ceinturon
épicés	épicé
sensas	sensas
remballez	remballer
influençable	influençable
rawlings	rawlings
salisbury	salisbury
califat	califat
jetez-la	jetez-la
zimmer	zimmer
mandataire	mandataire
terrorisés	terroriser
jean-sébastien	jean-sébastien
assurons	assurer
houle	houle
oseront	oser
complémentaires	complémentaire
lissy	lissy
penserais-tu	penserais-tu
zaf	zaf
murtaugh	murtaugh
distribués	distribuer
abolition	abolition
percutée	percuter
sheik	sheik
jette-les	jette-les
kuro	kuro
pleurons	pleurer
chesterton	chesterton
vã	vã
bisounours	bisounours
hésitera	hésiter
médiane	médiane
chou-fleur	chou-fleur
porteuses	porteur
perrier	perrier
formulation	formulation
foxxy	foxxy
néfastes	néfaste
trouvons-le	trouvons-le
disparaissaient	disparaître
suspectez	suspecter
chaka	chaka
lonny	lonny
dostoïevski	dostoïevski
accepteraient	accepter
fille-là	fille-là
défies	défier
débloqué	débloquer
déplairait	déplaire
filtré	filtrer
evergreen	evergreen
loman	loman
amal	amal
pasteurs	pasteur
blink	blink
hera	hera
etrangères	etrangères
monika	monika
réverbère	réverbérer
nº	nº
emir	emir
lagune	lagune
towler	towler
hooli	hooli
coiffeurs	coiffeur
tréfonds	tréfonds
gurney	gurney
mini-golf	mini-golf
kurtz	kurtz
flow	flow
tournante	tournant
subtilités	subtilité
antiseptique	antiseptique
ecoutez-le	ecoutez-le
raz-de-marée	raz-de-marée
étouffais	étouffer
hellman	hellman
trouve-nous	trouve-nous
roupiller	roupiller
tombeaux	tombeau
haïtien	haïtien
toys	toys
amenez-le-moi	amenez-le-moi
pelé	peler
carbonique	carbonique
recontacter	recontacter
cannoli	cannoli
herot	herot
psychosomatique	psychosomatique
chargeront	charger
reculez-vous	reculez-vous
wildcats	wildcats
oubliez-moi	oubliez-moi
flancher	flancher
talus	talus
paradigme	paradigme
cohn	cohn
sick	sick
encourageait	encourager
fixées	fixer
allait-elle	allait-elle
arroseur	arroseur
désintègre	désintégrer
périmés	périmé
anonymous	anonymous
duluth	duluth
tuco	tuco
célébrations	célébration
joujoux	joujou
punching-ball	punching-ball
masculines	masculin
whitfield	whitfield
elodie	elodie
récité	réciter
incubateur	incubateur
déconnectés	déconnecter
freebo	freebo
illusoire	illusoire
habillais	habiller
accentuer	accentuer
monospace	monospace
mourriez	mourir
sauvez-la	sauvez-la
déchiquetés	déchiqueter
impure	impur
pirelli	pirelli
atténue	atténuer
chérirai	chérir
assit	asseoir
bondage	bondage
couine	couiner
surveillants	surveillant
floraison	floraison
rapatrié	rapatrier
cla	cla
designers	designer
brouter	brouter
jã	jã
irs	irs
frôler	frôler
assistait	assister
hay	hay
destructeurs	destructeur
robb	robb
esquisses	esquisser
éloignera	éloigner
leann	leann
proxénétisme	proxénétisme
bonzo	bonzo
valmont	valmont
sonnet	sonnet
hikari	hikari
émus	ému
recracher	recracher
sacrifiant	sacrifier
quigley	quigley
dépassées	dépasser
puez	puer
placez-vous	placez-vous
sois-en	sois-en
jetter	jetter
cragen	cragen
jésuites	jésuite
raccompagnes	raccompagner
epsilon	epsilon
charpie	charpie
yoshi	yoshi
enfumer	enfumer
pratiquée	pratiquer
bru	bru
prône	prône
tally	tally
léodagan	léodagan
dépeint	dépeindre
pentes	pente
collèges	collège
intensive	intensif
lachlan	lachlan
condiments	condiment
encombrant	encombrant
crimée	crimée
reposons-nous	reposons-nous
râleur	râleur
bernhardt	bernhardt
envolées	envoler
décrète	décréter
inspirait	inspirer
licenciés	licencier
conjonctivite	conjonctivite
congélation	congélation
acre	acre
brutaliser	brutaliser
landers	landers
coïncident	coïncident
prévenez-nous	prévenez-nous
mégarde	mégarde
donnez-les-moi	donnez-les-moi
contactez-moi	contactez-moi
essayez-le	essayez-le
suédoises	suédois
transformations	transformation
attaquerait	attaquer
ralentira	ralentir
ramassait	ramasser
remboursez	rembourser
turlupine	turlupiner
amatrice	amateur
harriette	harriette
inviolable	inviolable
votants	votant
stamper	stamper
broad	broad
dod	dod
encadrement	encadrement
pitch	pitch
interruptions	interruption
spiritus	spiritus
dénigre	dénigrer
gru	gru
mitia	mitia
regler	regler
actionne	actionner
apporteront	apporter
julián	julián
waring	waring
déconcentre	déconcentrer
frénétique	frénétique
conners	conners
goures	gourer
tziganes	tzigane
surnaturelles	surnaturel
maitrise	maitrise
perturbent	perturber
attaquerai	attaquer
cally	cally
paley	paley
diablement	diablement
communiquez	communiquer
jordy	jordy
yoshie	yoshie
armadillo	armadillo
fee	fee
galloway	galloway
déportation	déportation
sous-officier	sous-officier
materner	materner
barabbas	barabbas
lançais	lancer
none	none
indifférents	indifférent
saoules	soûl
plairez	plaire
gertrud	gertrud
hypothéquer	hypothéquer
adaptées	adapter
fragmentation	fragmentation
théorème	théorème
kart	kart
mackie	mackie
arlette	arlette
soulèvent	soulever
basketteur	basketteur
dubai	dubai
ramenez-vous	ramenez-vous
hacher	hacher
popper	popper
range-moi	range-moi
artéfacts	artéfacts
irréaliste	irréaliste
endormais	endormir
ei	ei
warrior	warrior
beto	beto
ninon	ninon
suis-la	suis-la
dénoncera	dénoncer
dociles	docile
installerai	installer
buenas	buenas
fumigènes	fumigène
machiniste	machiniste
arrachera	arracher
téléporteurs	téléporteurs
celine	celine
hydre	hydre
imposition	imposition
x-ray	x-ray
lora	lora
parjour	parjour
excuses-moi	excuses-moi
jourdain	jourdain
avertirai	avertir
jilly	jilly
bichon	bichon
junction	junction
prétendons	prétendre
adolphe	adolphe
claudine	claudine
housses	housse
abîmez	abîmer
devancés	devancer
inexistante	inexistant
proton	proton
télex	télex
garante	garant
agenouille-toi	agenouille-toi
malfaisants	malfaisant
arbor	arbor
faisons-lui	faisons-lui
goody	goody
coexister	coexister
semi-remorque	semi-remorque
consigner	consigner
fluctuation	fluctuation
adrenaline	adrenaline
kelli	kelli
bigre	bigre
gladstone	gladstone
affrontements	affrontement
farcie	farcir
malotru	malotru
casse-noisette	casse-noisette
propagent	propager
hooch	hooch
lombardi	lombardi
sautiller	sautiller
fermiez	fermer
prépuce	prépuce
obélisque	obélisque
pico	pico
écaille	écaille
pardons	pardon
publiciste	publiciste
satire	satire
griggs	griggs
balayeur	balayeur
pétée	péter
détenons	détenir
motivant	motivant
malencontreux	malencontreux
doutiez	douter
prêtait	prêter
fixais	fixer
variés	varier
dépoussiérer	dépoussiérer
pai	pai
doctoresse	docteur
domenico	domenico
incliné	incliné
trompeuse	trompeur
retenais	retenir
gerson	gerson
sophistiquées	sophistiquer
érudits	érudit
dompteur	dompteur
granite	granite
ecklie	ecklie
hypocondriaque	hypocondriaque
genie	genie
envahissant	envahissant
fenway	fenway
braga	braga
fournissons	fournir
lyre	lyre
tui	tui
sidéré	sidérer
heydrich	heydrich
célia	célia
matias	matias
crain	crain
apéritifs	apéritif
jos	jos
ficelé	ficelé
recommanderai	recommander
dévoilée	dévoiler
deuxiéme	deuxiéme
hayashi	hayashi
héliport	héliport
monta	monter
soyiez	soyiez
sabbath	sabbath
yossi	yossi
mather	mather
corman	corman
exiler	exiler
creusait	creuser
medellin	medellin
gonflées	gonfler
jubilé	jubilé
maisie	maisie
bram	bram
swayze	swayze
penseurs	penseur
statué	statuer
modo	modo
reprendras	reprendre
facturation	facturation
évelyne	évelyne
kanna	kanna
pardonne-lui	pardonne-lui
naufragé	naufragé
feuilletons	feuilleton
pistols	pistols
carney	carney
enverraient	envoyer
tue-tête	tue-tête
c.d.	c.d.
cataracte	cataracte
rotterdam	rotterdam
tactactac	tactactac
na'	na'
ramones	ramoner
chiu	chiu
rénal	rénal
gâchera	gâcher
rationnels	rationnel
asphyxié	asphyxié
canadiennes	canadien
conlon	conlon
ghettos	ghetto
demandez-le-lui	demandez-le-lui
lacéré	lacérer
rapprochons	rapprocher
brockman	brockman
fichera	ficher
accusateur	accusateur
junko	junko
amérindiens	amérindien
triathlon	triathlon
deo	deo
chlamydia	chlamydia
treadwell	treadwell
mors	mors
massé	massé
22e	22e
udo	udo
sponsoriser	sponsoriser
gueulé	gueuler
pager	pager
biron	biron
réticente	réticent
écoutilles	écoutille
résumons	résumer
désemparé	désemparé
clairvoyant	clairvoyant
coupe-le	coupe-le
troquer	troquer
cotisations	cotisation
guten	guten
déréglé	déréglé
oksana	oksana
cicatrise	cicatriser
jean-françois	jean-françois
portman	portman
lompoc	lompoc
homes	home
rencontrions	rencontrer
fréquentée	fréquenter
rattrape-le	rattrape-le
subirez	subir
bienfait	bienfait
hah	hah
scrubs	scrub
daniella	daniella
zoulou	zoulou
vallon	vallon
clameur	clameur
noboru	noboru
sujette	sujet
immergé	immergé
conjecture	conjecture
équipées	équiper
carina	carina
cime	cime
zion	zion
survivez	survivre
stinger	stinger
végétatif	végétatif
syntaxe	syntaxe
gouré	gourer
soledad	soledad
tireuse	tireuse
interrogeons	interroger
wolcott	wolcott
subtils	subtil
jareau	jareau
entraînerait	entraîner
sévérité	sévérité
gent	gent
alignent	aligner
abordée	aborder
shiloh	shiloh
pourcent	pourcent
bouffez	bouffer
relâchent	relâcher
margarine	margarine
marie-jeanne	marie-jeanne
equipage	equipage
anéantit	anéantir
av.	av.
pariétal	pariétal
hangars	hangar
exhibitionniste	exhibitionniste
saules	saule
opprimé	opprimer
parbleu	parbleu
gastriques	gastrique
zhong	zhong
surmenage	surmenage
réponds-tu	réponds-tu
francs-maçons	franc-maçon
parry	parry
kam	kam
séquestre	séquestre
interrupteurs	interrupteur
acme	acme
cranston	cranston
felicitations	felicitations
étiqueter	étiqueter
modernité	modernité
inaccessibles	inaccessible
pettigrew	pettigrew
colique	colique
ex-fiancé	ex-fiancé
vicelard	vicelard
implorons	implorer
père-fille	père-fille
produisant	produire
carcasses	carcasse
liasses	lier
titille	titiller
board	board
versace	versace
kanai	kanai
certifie	certifier
couchaient	coucher
bedaine	bedaine
battrez	battre
émanations	émanation
redescendu	redescendre
udon	udon
huttes	hutte
suis-tu	suis-tu
sru	sru
pille	piller
lucarne	lucarne
ha'	ha'
nec	nec
ts	ts
grosso	grosso
boives	boire
aidées	aider
vertigo	vertigo
assourdissant	assourdissant
cervelles	cervelle
écoute-la	écoute-la
delorean	delorean
engelures	engelure
jetterait	jeter
verdi	verdir
consentant	consentant
désordres	désordre
ingestion	ingestion
42e	42e
nã	nã
ignore-les	ignore-les
assauts	assaut
protégerons	protéger
couguar	couguar
emparés	emparer
mentaient	mentir
cordell	cordell
suffis	suffire
bousculée	bousculer
signait	signer
tzigane	tzigane
presents	presents
dégouline	dégouliner
ex-fiancée	ex-fiancé
md	md
amato	amato
kawasaki	kawasaki
erronées	erroné
bouleversement	bouleversement
relancé	relancer
simagrées	simagrée
mioches	mioche
sandi	sandi
kun	kun
brotherhood	brotherhood
beastmaster	beastmaster
atmosphériques	atmosphérique
wilmington	wilmington
atteindrez	atteindre
attristé	attrister
belson	belson
4h00	4h00
courtise	courtiser
quiétude	quiétude
wiedersehen	wiedersehen
striker	striker
envisageons	envisager
romulus	romulus
mijotent	mijoter
ressentirais	ressentir
livrant	livrer
gastronomie	gastronomie
mortuaires	mortuaire
hypoxie	hypoxie
gisements	gisement
cybernétique	cybernétique
la.	la.
philippin	philippin
costner	costner
anymore	anymore
orignal	orignal
exploserait	exploser
thrombose	thrombose
esclandre	esclandre
amplitude	amplitude
mont-de-piété	mont-de-piété
croisera	croiser
tourniquet	tourniquet
peppone	peppone
bale	bale
étendait	étendre
musc	musc
aragon	aragon
parachutiste	parachutiste
baptisés	baptiser
figurait	figurer
notés	noter
gaksital	gaksital
goule	goule
priée	prier
presenter	presenter
jeopardy	jeopardy
curriculum	curriculum
incluait	inclure
bourgeon	bourgeon
chique	chique
auto-immune	auto-immune
taira	taire
clegg	clegg
arracherais	arracher
ajoutera	ajouter
niet	niet
ammener	ammener
indiquerait	indiquer
téter	téter
ardeurs	ardeur
zo	zo
odell	odell
gnomes	gnome
ardue	ardu
antichambre	antichambre
voodoo	voodoo
jeju	jeju
gollum	gollum
emprisonne	emprisonner
gâtes	gâter
mentis	mentir
pardonnez-lui	pardonnez-lui
combattra	combattre
impasses	impasse
animateurs	animateur
prépariez	préparer
tripotée	tripotée
synapses	synapse
planeur	planeur
parlante	parlant
lax	lax
projettent	projeter
honorifique	honorifique
gan	gan
réussiront	réussir
chantelle	chantelle
écorchures	écorchure
having	having
impliquez	impliquer
mentionnés	mentionner
vraiement	vraiement
flexibles	flexible
vicodine	vicodine
sho	sho
mentirais-je	mentirais-je
déjeunez	déjeuner
suspicieuse	suspicieux
abysses	abysse
casé	caser
obéis-moi	obéis-moi
snot	snot
autodétruira	autodétruire
chairs	chair
whitehead	whitehead
éphémères	éphémère
métamorphes	métamorphes
sert-il	sert-il
carthage	carthage
traînera	traîner
blamer	blamer
butt	butt
atom	atom
sourie	sourire
immatriculé	immatriculer
extravagante	extravagant
entre-eux	entre-eux
starter	starter
robins	robin
emission	emission
épaulettes	épaulette
nankin	nankin
holm	holm
gracen	gracen
briareos	briareos
motown	motown
bléssé	bléssé
entourait	entourer
recouvré	recouvrer
walther	walther
animaniacs	animaniacs
appuient	appuyer
alpiniste	alpiniste
salvadoriens	salvadorien
bégaie	bégayer
sion	sion
sadler	sadler
antidépresseur	antidépresseur
qua	qua
percées	percer
supreme	supreme
swissair	swissair
saying	saying
amusiez	amuser
vorace	vorace
kandi	kandi
fazio	fazio
secoues	secouer
ion	ion
w-c	w-c
consuela	consuela
déments	dément
bohémiens	bohémien
décrypté	décrypter
ephraim	ephraim
professions	profession
affolée	affoler
trouée	trouer
leclair	leclair
appliques	appliquer
représentaient	représenter
elektra	elektra
rattrapez	rattraper
utopia	utopia
bra'	bra'
lynda	lynda
abusait	abuser
peigner	peigner
mutilée	mutiler
florida	florida
kee	kee
sprite	sprite
cérémonial	cérémonial
apartheid	apartheid
fortiche	fortiche
dynamics	dynamics
oserais-je	oserais-je
épelé	épeler
mundo	mundo
sonora	sonora
hissé	hisser
aqueduc	aqueduc
dunk	dunk
collette	colleter
ravagée	ravager
bomb	bomb
luxan	luxan
resteriez	rester
gauchiste	gauchiste
découvrirais	découvrir
show-biz	show-biz
provenaient	provenir
juvéniles	juvénile
chandeliers	chandelier
échangeait	échanger
polluer	polluer
puta	puta
contrefait	contrefait
futilités	futilité
flambée	flambée
téléporte	téléporte
belldandy	belldandy
juda	juda
coe	coe
edwardes	edwardes
transmettra	transmettre
durga	durga
mandi	mandi
jørgen	jørgen
gets	gets
muscler	muscler
salues	saluer
coogan	coogan
adjectifs	adjectif
enoch	enoch
médaillé	médailler
raine	rainer
scellez	sceller
visons	visons
évasions	évasion
carriere	carriere
kilométrage	kilométrage
bossaient	bosser
prêches	prêcher
refusées	refuser
dédicacée	dédicacer
cushing	cushing
reprenant	reprendre
woolf	woolf
empilés	empiler
boirez	boire
cueillies	cueillir
f.b.l.	f.b.l.
père-noël	père-noël
morpheus	morpheus
météorologiques	météorologique
métropolis	métropolis
veracruz	veracruz
homonculus	homonculus
tweeté	tweeté
spooner	spooner
tam-tam	tam-tam
firmes	firme
prunier	prunier
khrouchtchev	khrouchtchev
costumée	costumer
gaffes	gaffe
moderniser	moderniser
arya	arya
adresse-toi	adresse-toi
raisonné	raisonner
kilmer	kilmer
entendions	entendre
gobelin	gobelin
sensibilisation	sensibilisation
xiomara	xiomara
flatteries	flatterie
racontées	raconter
laguardia	laguardia
riva	river
alvey	alvey
assistes	assister
darrah	darrah
gemme	gemme
débarrasserai	débarrasser
libère-toi	libère-toi
frog	frog
sav	sav
rent	rent
hochet	hochet
sers-lui	sers-lui
capoue	capoue
enclencher	enclencher
riordan	riordan
mitchum	mitchum
approximatif	approximatif
alcide	alcide
belong	belong
bjarne	bjarne
maximiser	maximiser
boykewich	boykewich
quéquette	quéquette
baryton	baryton
conduisaient	conduire
arréte	arréte
preneurs	preneur
guetteurs	guetteur
feignasse	feignasse
agitateurs	agitateur
hunger	hunger
concentrées	concentré
acrobates	acrobate
clementine	clementine
commémorative	commémoratif
cellophane	cellophane
bosserai	bosser
accusez-vous	accusez-vous
ymca	ymca
éprouvent	éprouver
infectieuses	infectieux
frosty	frosty
constants	constant
bucks	bucks
suspectait	suspecter
dévorant	dévorant
maraudeurs	maraudeur
contingent	contingent
mikami	mikami
fourches	fourche
looks	look
basilique	basilique
cochrane	cochrane
cinoche	cinoche
yue	yue
dégageons	dégager
nando	nando
obtiendrait	obtenir
crescendo	crescendo
pèche	pécher
attribués	attribuer
projetait	projeter
inspectez	inspecter
feront-ils	feront-ils
cob	cob
feliz	feliz
mischa	mischa
échappant	échapper
renvoyez-moi	renvoyez-moi
hindenburg	hindenburg
montiez	monter
brandissant	brandir
bangladesh	bangladesh
riverdale	riverdale
television	television
formées	former
formaldéhyde	formaldéhyde
manifs	manifestation
chamallows	chamallows
omo	omo
tatou	tatou
trempées	tremper
étouffent	étouffer
descends-moi	descends-moi
atteignant	atteindre
écoper	écoper
supprimez	supprimer
jeûner	jeûner
morgenstern	morgenstern
sana	sana
financements	financement
détruisez-le	détruisez-le
injustifié	injustifié
embranchement	embranchement
existons	exister
sg	sg
nudistes	nudiste
tiare	tiare
prodigieuse	prodigieux
celtics	celtics
adderall	adderall
shruti	shruti
caractérise	caractériser
fouillais	fouiller
interposé	interposé
peintes	peindre
sautille	sautiller
traducteurs	traducteur
affolement	affolement
against	against
mandibule	mandibule
corrie	corrie
loquace	loquace
bien-	bien-
kama	kama
apprécieras	apprécier
trouble-fête	trouble-fête
effleurer	effleurer
baratine	baratiner
transpirez	transpirer
ilan	ilan
bronches	bronche
fumeuse	fumeuse
butterfield	butterfield
déambuler	déambuler
agrafe	agrafe
flottes	flotter
progressent	progresser
officialiser	officialiser
spam	spam
poussais	pousser
bouledogue	bouledogue
coffres-forts	coffre-fort
ratisse	ratisser
géraldine	géraldine
eton	eton
égarées	égarer
moulants	moulant
nageais	nager
gateaux	gateaux
zéphyr	zéphyr
indélébile	indélébile
consciences	conscience
cohérence	cohérence
tigh	tigh
malfaisante	malfaisant
pliant	pliant
accru	accru
premier-né	premier-né
stup	stup
voleront	voler
sans-papiers	sans-papiers
tabassée	tabassée
reprends-le	reprends-le
weevil	weevil
datak	datak
achetiez	acheter
empêcheront	empêcher
horrifiée	horrifier
arastoo	arastoo
rosette	rosette
picote	picoter
tentante	tentant
scorbut	scorbut
conklin	conklin
pero	pero
télescopes	télescope
bohm	bohm
retardataires	retardataire
s.d.f.	s.d.f.
spitter	spitter
anorexie	anorexie
entre-nous	entre-nous
interviennent	intervenir
couds	coudre
'les	'les
penches	pencher
bhuvan	bhuvan
arbustes	arbuste
verso	verso
prês	prês
mangas	manga
brèves	brèves
préhistoriques	préhistorique
worry	worry
josué	josué
grieve	grieve
surdoués	surdoué
repoudrer	repoudrer
nuptial	nuptial
aime-t-il	aime-t-il
ope	ope
faciliterait	faciliter
défigurée	défigurer
fractions	fraction
freda	freda
margherita	margherita
tortilla	tortiller
ema	ema
harcourt	harcourt
boniche	boniche
entravé	entravé
cireur	cireur
macchabées	macchabée
pourcentages	pourcentage
goya	goya
relâchez-la	relâchez-la
tuppy	tuppy
brûleras	brûler
ennuierai	ennuyer
stew	stew
empoisonnent	empoisonner
acuité	acuité
inutilisables	inutilisable
takagi	takagi
énième	énième
traumatisés	traumatiser
radiographie	radiographie
déloyale	déloyal
lagos	lagos
finalité	finalité
bodie	bodie
bosseur	bosseur
problã	problã
revenge	revenge
kaya	kaya
jenks	jenks
dingos	dingo
chrissie	chrissie
voiturette	voiturette
réveillez-le	réveillez-le
dégagement	dégagement
gisborne	gisborne
stupeur	stupeur
embauches	embauche
pogné	pogné
poursuivrons	poursuivre
doléances	doléance
intriguant	intriguer
alcoolisé	alcoolisé
letty	letty
apporte-lui	apporte-lui
haverford	haverford
rêveuse	rêveur
above	above
brouillent	brouiller
humérus	humérus
inventait	inventer
drainé	drainer
broussard	broussard
salinas	salinas
stroheim	stroheim
apprécieraient	apprécier
débraillé	débraillé
unni	unni
enclins	enclin
mensurations	mensuration
oranger	oranger
énervante	énervant
ryûsuke	ryûsuke
électeur	électeur
indomptable	indomptable
dogg	dogg
baïonnettes	baïonnette
rongeait	ronger
peeta	peeta
loues	louer
négativité	négativité
débaucher	débaucher
sauvegardes	sauvegarde
etions	etions
mettriez	mettre
abusive	abusif
illustres	illustrer
batards	batards
tirerons	tirer
débarrasse-moi	débarrasse-moi
faire-valoir	faire-valoir
étouffante	étouffant
incessantes	incessant
argentins	argentin
maloney	maloney
assiégé	assiégé
élucidé	élucider
perdaient	perdre
désarmée	désarmer
rihanna	rihanna
corwin	corwin
leda	leda
receveurs	receveur
exprimait	exprimer
sauverons	sauver
sl	sl
esme	esme
mosca	mosca
bionique	bionique
pierrafeu	pierrafeu
lisez-la	lisez-la
reki	reki
riddick	riddick
exaltation	exaltation
mongole	mongol
fléaux	fléau
prescrits	prescrire
explosait	exploser
aleister	aleister
demeurés	demeurer
comportementale	comportemental
enos	enos
synergie	synergie
reba	reba
oceanic	oceanic
monumental	monumental
mocheté	mocheté
stratégiquement	stratégiquement
draguez	draguer
pippin	pippin
épanouit	épanouir
frã	frã
chimiquement	chimiquement
rapprochera	rapprocher
introduits	introduire
subalternes	subalterne
voilée	voiler
tout-le-monde	tout-le-monde
pretre	pretre
seppuku	seppuku
steve-o	steve-o
buren	buren
cosmétique	cosmétique
beaufort	beaufort
coraline	coraline
joconde	joconde
décoincer	décoincer
flicka	flicka
spender	spender
rompe	rompre
dês	dês
commandées	commander
décoratif	décoratif
tarentule	tarentule
osée	oser
hors-service	hors-service
triomphant	triomphant
kidnappings	kidnapping
verseau	verseau
emmène-nous	emmène-nous
régle	régle
rejoindrons	rejoindre
nerveusement	nerveusement
fructueux	fructueux
osvaldo	osvaldo
tu-tu	tu-tu
trafalgar	trafalgar
grattent	gratter
lassée	lasser
reykjavik	reykjavik
conquérants	conquérant
asséché	assécher
vigoureusement	vigoureusement
grief	grief
arne	arne
hanlon	hanlon
disquettes	disquette
merite	merite
écrou	écrou
runs	runs
vivacité	vivacité
stigmates	stigmate
koizumi	koizumi
joueuses	joueur
suspicions	suspicion
couperet	couperet
brava	braver
poursuivront	poursuivre
tombiez	tomber
craft	craft
taipei	taipei
abbot	abbot
inquiétez-vous	inquiétez-vous
vibe	vibe
apportiez	apporter
scaphandre	scaphandre
désaffectée	désaffecter
jay-z	jay-z
téléphonait	téléphoner
réglerons	régler
grrr	grrr
réservistes	réserviste
indicible	indicible
répliqué	répliquer
roter	roter
archiduc	archiduc
neigé	neiger
magog	magog
balancera	balancer
bayonne	bayonne
empailler	empailler
temoin	temoin
salutation	salutation
inquièterais	inquièterais
inadapté	inadapté
fogg	fogg
edgehill	edgehill
fresques	fresque
envisagent	envisager
relatives	relatif
papale	papal
coquard	coquard
empathique	empathique
eïji	eïji
anagramme	anagramme
téléfilm	téléfilm
laxiste	laxiste
daphnée	daphnée
rasseyez-vous	rasseyez-vous
vendront	vendre
romanesque	romanesque
euh-	euh-
comparées	comparer
opter	opter
paroxysme	paroxysme
écroulent	écrouler
munna	munna
contrôlez-vous	contrôlez-vous
volupté	volupté
similarités	similarité
lâchement	lâchement
contrariant	contrariant
tare	tare
baissées	baisser
empiète	empiéter
arrakis	arrakis
rancunes	rancune
lignées	ligner
frigos	frigo
sureté	sureté
payez-vous	payez-vous
rectification	rectification
annuels	annuel
affichez	afficher
complimente	complimenter
masculinité	masculinité
faucheurs	faucheur
projetée	projeter
pilori	pilori
rembobiner	rembobiner
pense-t-elle	pense-t-elle
enivrer	enivrer
skitters	skitters
5h00	5h00
partagerez	partager
guadalcanal	guadalcanal
eldorado	eldorado
chiko	chiko
dévolu	dévolu
gibet	gibet
ct	ct
toxicomanes	toxicomane
ridgeway	ridgeway
incompréhension	incompréhension
coltiner	coltiner
motions	motion
promettez-vous	promettez-vous
docker	docker
essayés	essayer
pendront	pendre
péquenot	péquenot
lra	lra
poltergeist	poltergeist
t-bone	t-bone
rogan	rogan
pappas	pappas
poisseux	poisseux
confies	confier
bianchi	bianchi
fender	fender
cheerleading	cheerleading
véro	véro
astrophysique	astrophysique
pelosi	pelosi
kidman	kidman
têtard	têtard
durcir	durcir
yours	yours
hin	hin
mcdermott	mcdermott
dépliant	dépliant
détaillés	détailler
hoboken	hoboken
doll	doll
cl	cl
nouvellement	nouvellement
sacrifierais	sacrifier
pidge	pidge
déversé	déversé
ramèneras	ramener
molière	molière
démocratiques	démocratique
constatez	constater
quorum	quorum
aeroport	aeroport
male	male
communautaires	communautaire
exploitée	exploiter
revolution	revolution
indirecte	indirect
breen	breen
micha	micha
bulldogs	bulldog
sucrés	sucrer
uruguay	uruguay
vandal	vandal
chakras	chakras
kurde	kurde
bump	bump
bardot	bardot
obturateur	obturateur
starlight	starlight
ulrik	ulrik
a-t-ii	a-t-ii
copieux	copieux
mississipi	mississipi
achète-lui	achète-lui
farik	farik
métastases	métastase
relâchera	relâcher
crissent	crisser
aguilar	aguilar
incorrecte	incorrect
papote	papoter
senateur	senateur
jean-marie	jean-marie
rook	rook
touchaient	toucher
surprennent	surprendre
auto-stoppeur	auto-stoppeur
datée	dater
kazan	kazan
fayots	fayot
botaniste	botaniste
chalutier	chalutier
réprimandé	réprimander
inhaler	inhaler
nazaréen	nazaréen
carcéral	carcéral
transpiré	transpirer
topper	topper
déjeûner	déjeûner
raconta	raconter
indéniablement	indéniablement
moxon	moxon
kabuki	kabuki
nommait	nommer
parlez-leur	parlez-leur
mordor	mordor
radiothérapie	radiothérapie
sandler	sandler
térébenthine	térébenthine
cites	citer
péricarde	péricarde
stimulante	stimulant
secourus	secourir
coloriage	coloriage
parachutisme	parachutisme
compensations	compensation
yasmin	yasmin
scandinave	scandinave
impartialité	impartialité
kou	kou
bassett	bassett
révolté	révolter
chill	chill
contentait	contenter
rote	roter
enquêtais	enquêter
flemme	flemme
echols	echols
démené	démener
electra	electra
impayées	impayé
laxatifs	laxatif
provoquait	provoquer
traques	traquer
marrés	marrer
kissinger	kissinger
traumatiser	traumatiser
hoshino	hoshino
hogg	hogg
traitez-moi	traitez-moi
mana	mana
trimbaler	trimbaler
steppe	steppe
entraînante	entraînant
rappelles-toi	rappelles-toi
phipps	phipps
loky	loky
joana	joana
bacs	bac
blesserai	blesser
engageait	engager
enlèverais	enlever
convertisseur	convertisseur
mathématiciens	mathématicien
prisme	prisme
charpente	charpenter
jugeons	juger
béa	béer
ry	ry
tenteront	tenter
codée	codé
moyennement	moyennement
pandey	pandey
autobots	autobots
inscrivez-vous	inscrivez-vous
belzile	belzile
marmonner	marmonner
linotte	linotte
détériorer	détériorer
gazeux	gazeux
largués	larguer
avéra	avérer
modern	modern
bikers	bikers
éliminons	éliminer
écrirait	écrire
pineda	pineda
succes	succes
souillon	souillon
regardées	regarder
journalier	journalier
claquements	claquement
tiriez	tirer
courber	courber
inés	inés
yukon	yukon
commente	commenter
complainte	complainte
quej	quej
peak	peak
boot	boot
societe	societe
recèle	receler
vaccination	vaccination
superstitieuse	superstitieux
épicées	épicé
coucheras	coucher
serrez-moi	serrez-moi
espadon	espadon
aly	aly
hon	hon
bot	bot
sd	sd
tie	tie
amit	amit
sifflant	sifflant
verrai-je	verrai-je
similitude	similitude
réglait	régler
oisillon	oisillon
uriel	uriel
georg	georg
désactivés	désactiver
barbus	barbu
compromettante	compromettant
annonceur	annonceur
assoyez-vous	assoyez-vous
entrerait	entrer
analgésique	analgésique
capisce	capisce
visitait	visiter
tresor	tresor
édifiant	édifiant
versés	verser
récupérait	récupérer
romy	romy
rappellerons	rappeler
lâ-bas	lâ-bas
galeuse	galeux
carillons	carillon
flats	flat
fugueurs	fugueur
témoignes	témoigner
excusons	excuser
aveuglante	aveuglant
profanation	profanation
hesse	hesse
essoufflée	essouffler
renvois	renvoi
martins	martin
degage	degage
clignez	cligner
retrouvez-le	retrouvez-le
racontaient	raconter
célébre	célébre
pensait-il	pensait-il
community	community
becks	becks
chir	chir
serizawa	serizawa
enfouir	enfouir
barbouillé	barbouiller
regrettais	regretter
working	working
ripper	ripper
récuser	récuser
contrefous	contrefoutre
ici.	ici.
alissa	alissa
surhomme	surhomme
activées	activer
reconduit	reconduire
emp	emp
privez	priver
vaut-elle	vaut-elle
défection	défection
promises	promis
nyx	nyx
alvarado	alvarado
administre	administrer
verses	verser
oisiveté	oisiveté
dreamz	dreamz
rectal	rectal
port-réal	port-réal
voliez	voler
malléable	malléable
aspirateurs	aspirateur
sonnes	sonner
sens-là	sens-là
antigang	antigang
cageot	cageot
lovelace	lovelace
activent	activer
americano	americano
rb	rb
horvath	horvath
symptomes	symptomes
messagère	messager
wizard	wizard
solvant	solvant
niera	nier
situées	situé
éventré	éventrer
flambé	flambé
dérouté	dérouter
renvoie-le	renvoie-le
tutorat	tutorat
eight	eight
prostitue	prostituer
contemporains	contemporain
lore	lore
maçons	maçon
unifié	unifier
dauphine	dauphin
bornés	borner
concurrencer	concurrencer
chã	chã
stabilisation	stabilisation
shakira	shakira
reprit	reprendre
comptées	compter
catholicisme	catholicisme
schaeffer	schaeffer
originaires	originaire
demandons-lui	demandons-lui
montre-le-moi	montre-le-moi
oppresseur	oppresseur
laideron	laideron
ochoa	ochoa
circulé	circuler
damme	damme
2eme	2eme
mémère	mémère
déboires	déboire
toussé	tousser
josette	josette
radote	radoter
organisant	organiser
masako	masako
hourrah	hourrah
rosier	rosier
rona	rona
autruches	autruche
verges	verge
juana	juana
thinking	thinking
miséreux	miséreux
identifiable	identifiable
repérez	repérer
attends-toi	attends-toi
identifient	identifier
bigoudis	bigoudi
applejack	applejack
fesser	fesser
farhad	farhad
meringue	meringue
flaques	flaque
résolvez	résoudre
fumiko	fumiko
rabaissé	rabaisser
feuilleter	feuilleter
fréquentation	fréquentation
paillasse	paillasse
cailles	caille
palladium	palladium
scintillant	scintillant
fange	fange
ch4040ff	ch4040ff
véronica	véronica
bahia	bahia
délinquante	délinquant
enlacés	enlacer
effaces	effacer
evacuation	evacuation
chazz	chazz
bellefleur	bellefleur
ronin	ronin
chétif	chétif
périodique	périodique
cell	cell
anchor	anchor
guadalajara	guadalajara
lamas	lama
gerbille	gerbille
midland	midland
surdose	surdose
railly	railly
cavités	cavité
hantera	hanter
murmurent	murmurer
monteras	monter
yancey	yancey
details	details
entreprenant	entreprenant
sassy	sassy
friqué	friqué
noirci	noircir
han-han	han-han
nanette	nanette
mcmillan	mcmillan
maitres	maitres
divinités	divinité
gédéon	gédéon
choo	choo
comportant	comporter
amico	amico
cantique	cantique
soutiendrais	soutenir
embouchure	embouchure
3ch026a00	3ch026a00
stèle	stèle
arrêteraient	arrêter
7j	7j
gredenko	gredenko
prend-le	prend-le
embauchez	embaucher
dansiez	danser
pendez	pendre
serra	serra
za	za
pulpe	pulpe
conférencier	conférencier
pissais	pisser
provocations	provocation
déshonore	déshonorer
nugget	nugget
sf	sf
gaeta	gaeta
tum	tum
gourmands	gourmand
marvel	marvel
timmons	timmons
albright	albright
synchroniser	synchroniser
envolera	envoler
déconnecte	déconnecter
prends-lui	prends-lui
confisquée	confisquer
faste	faste
tchétchènes	tchétchène
communier	communier
visaient	viser
présenta	présenter
imbu	imbu
réserviste	réserviste
collerait	coller
injectée	injecter
kajal	kajal
frappaient	frapper
emparée	emparer
aldous	aldous
pissant	pisser
rye	rye
copy	copy
copiez	copier
cobras	cobra
nuirait	nuire
coordonnée	coordonnée
empaler	empaler
psychédélique	psychédélique
ricanements	ricanement
dormiront	dormir
berlin-est	berlin-est
parmenter	parmenter
chug	chug
commencés	commencer
anesthésier	anesthésier
honteusement	honteusement
amphithéâtre	amphithéâtre
disparaîtrai	disparaître
barrington	barrington
renonciation	renonciation
remettant	remettre
resync	resync
burroughs	burroughs
remettons-nous	remettons-nous
burnside	burnside
animatrice	animateur
échasses	échasse
défiance	défiance
suis-les	suis-les
concrets	concret
pauly	pauly
morpion	morpion
wozniak	wozniak
gravats	gravats
gianna	gianna
métabolique	métabolique
grotesques	grotesque
gere	gere
americaine	americaine
cite-moi	cite-moi
exhumé	exhumer
liddy	liddy
repentez-vous	repentez-vous
chappelle	chappelle
tamra	tamra
onguent	onguent
téléréalité	téléréalité
guru	guru
grandissante	grandissant
librairies	librairie
düsseldorf	düsseldorf
exprimant	exprimer
rendraient	rendre
piranha	piranha
elinor	elinor
antérieurs	antérieurs
apathie	apathie
giant	giant
exley	exley
nettie	nettie
dollhouse	dollhouse
dirigerez	diriger
situent	situer
eames	eames
colocation	colocation
zarkov	zarkov
combatif	combatif
mordus	mordre
portoricaine	portoricain
exalté	exalté
séduis	séduire
dianne	dianne
percutant	percutant
envoie-nous	envoie-nous
épanchement	épanchement
ueno	ueno
chalmers	chalmers
saurai-je	saurai-je
weeks	weeks
bilans	bilan
réglement	réglement
3ch090914	3ch090914
épuration	épuration
plumé	plumer
heywood	heywood
comic-con	comic-con
gagnantes	gagnant
25ème	25ème
pise	pise
ethniques	ethnique
vanné	vanner
autumn	autumn
complémentaire	complémentaire
par-devant	par-devant
acclamation	acclamation
chichi	chichi
ogm	ogm
assureurs	assureur
colmater	colmater
sourira	sourire
charcuter	charcuter
olympiades	olympiade
sainte-marie	sainte-marie
prierais	prier
stallone	stallone
éjaculé	éjaculer
aujourdhui	aujourdhui
alertés	alerter
éclatez-vous	éclatez-vous
freezer	freezer
tombouctou	tombouctou
bouchard	bouchard
végétalienne	végétalien
saint-jean	saint-jean
conduisez-le	conduisez-le
dispersez	disperser
lemoine	lemoine
sinusal	sinusal
wal-mart	wal-mart
salissant	salissant
ameniez	amener
grand-parents	grand-parents
hésitait	hésiter
défiez	défier
avises	aviser
inlassablement	inlassablement
déchirées	déchirer
nono	nono
concentrant	concentrer
appendicectomie	appendicectomie
chien-chien	chien-chien
grades	grade
estimés	estimer
hasards	hasard
akashi	akashi
exaspère	exaspérer
maryse	maryse
tire-au-flanc	tire-au-flanc
prendrais-tu	prendrais-tu
davie	davie
déglingué	déglinguer
négation	négation
octavio	octavio
winfield	winfield
cha-cha-cha	cha-cha-cha
baignoires	baignoire
trachéotomie	trachéotomie
entrepot	entrepot
transporteurs	transporteur
beetle	beetle
coupe-moi	coupe-moi
excitez	exciter
churros	churro
tsarine	tsar
pâtir	pâtir
trente-trois	trente-trois
riens	rien
farragut	farragut
comedy	comedy
prévenons	prévenir
fléchir	fléchir
répète-moi	répète-moi
pincettes	pincette
imaginatif	imaginatif
oki	oki
skinheads	skinhead
pâque	pâque
t.s.	t.s.
casseur	casseur
online	online
soigne-toi	soigne-toi
ramollis	ramollir
ruinera	ruiner
playa	playa
moignon	moignon
padmé	padmé
icônes	icône
queer	queer
souhaiteriez	souhaiter
atrians	atrians
podcast	podcast
évanouisse	évanouir
deedee	deedee
arrachait	arracher
prospères	prospérer
rasgotra	rasgotra
cautionne	cautionner
dépensait	dépenser
lâchez-vous	lâchez-vous
dynamic	dynamic
rackham	rackham
bouillonne	bouillonner
bourdonne	bourdonner
rovere	rovere
jacinto	jacinto
déchiqueteuse	déchiqueteur
joufflu	joufflu
rechargé	recharger
anormales	anormal
ottoman	ottoman
neutrinos	neutrino
nuée	nuée
hattori	hattori
sucrées	sucrer
remportera	remporter
simulacre	simulacre
nageuse	nageur
gopal	gopal
virements	virement
interviendra	intervenir
crachait	cracher
cratères	cratère
vaniteuse	vaniteux
destituer	destituer
apex	apex
dresde	dresde
cheol	cheol
pousse-moi	pousse-moi
lafeelicita	lafeelicita
appuyez-vous	appuyez-vous
embrassaient	embrasser
willem	willem
glu	glu
scudder	scudder
pep	pep
priam	priam
aspirez	aspirer
livrais	livrer
indy	indy
méprendre	méprendre
méfies	méfier
windows	windows
denrées	denrée
désaffecté	désaffecté
litiges	litige
débrouillard	débrouillard
foggy	foggy
masaki	masaki
virera	virer
gâteries	gâterie
saratoga	saratoga
répétitif	répétitif
diffusées	diffuser
gouvernent	gouverner
feeney	feeney
rigoureuse	rigoureux
england	england
chefs-d'	chefs-d'
infondées	infondé
vérifiant	vérifier
elric	elric
noies	noyer
soporifique	soporifique
assisterai	assister
basse-cour	basse-cour
token	token
naissante	naissant
reparles	reparler
jr.	jr.
killing	killing
sedona	sedona
carbure	carbure
réalisations	réalisation
accomplissent	accomplir
enregistreuse	enregistreur
brûlez-le	brûlez-le
miho	miho
éplorée	éploré
amniotique	amniotique
glad	glad
trev	trev
décerner	décerner
soutifs	soutien-gorge
abandonnais	abandonner
aden	aden
ashland	ashland
comblés	combler
chapo	chapo
verglas	verglas
écourter	écourter
cracovie	cracovie
atherton	atherton
remorqueur	remorqueur
shahir	shahir
bougeant	bouger
nomad	nomad
aslan	aslan
peignais	peignais
harv	harv
uranus	uranus
medavoy	medavoy
campos	campo
rancart	rancart
dégoûtent	dégoûter
camila	camila
xérès	xérès
remus	remus
mondanités	mondanité
goodson	goodson
hawke	hawke
négocient	négocier
sourciller	sourciller
florentine	florentin
auriculaire	auriculaire
lâcherais	lâcher
imbecile	imbecile
inhale	inhaler
selfies	selfies
bonhommes	bonhomme
émets	émettre
n-non	n-non
infatigable	infatigable
tract	tract
amarillo	amarillo
pivote	pivoter
facilites	faciliter
mangeable	mangeable
passez-vous	passez-vous
laugesen	laugesen
kao	kao
1res	1res
débarbouiller	débarbouiller
partagerait	partager
baignait	baigner
passez-la	passez-la
soigneux	soigneux
narine	narine
irrégulières	irrégulier
forster	forster
durables	durable
chaînon	chaînon
30e	30e
détaillant	détaillant
rembourseras	rembourser
duvall	duvall
relâche-le	relâche-le
élaboration	élaboration
espérai	espérer
ombra	ombrer
agée	agée
intube	intuber
kearney	kearney
avant-gardiste	avant-gardiste
mesurant	mesurer
effervescence	effervescence
enfreignez	enfreindre
préféreraient	préférer
précurseur	précurseur
stoppée	stopper
approuvés	approuver
odie	odie
regrettent	regretter
swenson	swenson
désemparée	désemparer
rouillés	rouiller
carli	carli
rasés	raser
igloo	igloo
sers-nous	sers-nous
wehrmacht	wehrmacht
perçoivent	percevoir
recherchez-vous	recherchez-vous
accordés	accorder
arno	arno
fascinés	fasciner
ireland	ireland
paranormaux	paranormal
rachetée	racheter
tags	tags
révélées	révéler
nomine	nominer
oppresseurs	oppresseur
nasir	nasir
fécondation	fécondation
bérets	béret
kizzy	kizzy
probant	probant
digby	digby
asako	asako
écrevisses	écrevisse
oublie-ça	oublie-ça
ingénieuse	ingénieux
dermatologue	dermatologue
doppler	doppler
intervenant	intervenant
réussisses	réussir
galants	galant
fantômas	fantômas
équinoxe	équinoxe
fumoir	fumoir
poussiéreuse	poussiéreux
guérisseurs	guérisseur
jurant	jurer
ouija	ouija
doran	doran
omer	omer
recherchées	rechercher
amena	amener
hertz	hertz
bekir	bekir
blême	blême
harbour	harbour
décapités	décapiter
offensez	offenser
ricochet	ricochet
kohl	kohl
pandémie	pandémie
mcintyre	mcintyre
profiteurs	profiteur
diffusez	diffuser
perpétue	perpétuer
brit	brit
cauchemardesque	cauchemardesque
garuda	garuda
rack	rack
weinstein	weinstein
charnelle	charnel
leni	leni
guenon	guenon
tramait	tramer
autrichienne	autrichien
minecraft	minecraft
fergie	fergie
volatilisée	volatiliser
empêchez-le	empêchez-le
technicienne	technicien
widmore	widmore
consécutifs	consécutif
vioque	vioque
viêt-cong	viêt-cong
tyrion	tyrion
indemnisation	indemnisation
derniã	derniã
seconder	seconder
coby	coby
airelles	airelle
picotement	picotement
bancale	bancal
higuchi	higuchi
radiologue	radiologue
coopèrent	coopérer
franc-jeu	franc-jeu
remplacées	remplacer
admises	admises
roque	roque
propension	propension
voyelles	voyelle
mengele	mengele
condamnent	condamner
coliques	colique
repoussera	repousser
critiquez	critiquer
traumato	traumato
draco	draco
tompkins	tompkins
télémaque	télémaque
fusionne	fusionner
colada	colada
émigrer	émigrer
hellsing	hellsing
goode	goode
hobbits	hobbits
bue	boire
protestent	protester
manifestes	manifester
confronte	confronter
dribble	dribble
shekels	shekel
majestés	majesté
fichée	ficher
séquestration	séquestration
antivol	antivol
patapouf	patapouf
antônio	antônio
solidité	solidité
apporteras	apporter
ou'	ou'
rembourré	rembourrer
grossièretés	grossièreté
georgette	georgette
rancards	rancard
lead	lead
préhistoire	préhistoire
elite	elite
l'ai	l'ai
tympan	tympan
estimait	estimer
arches	arche
sandman	sandman
vaudeville	vaudeville
feuilleté	feuilleté
corso	corso
matrimoniale	matrimonial
agrippe	agripper
weird	weird
imposées	imposer
barrès	barrès
surveillez-la	surveillez-la
carruthers	carruthers
zaheer	zaheer
testaments	testament
ronces	ronce
toquer	toquer
dégel	dégel
dispersée	disperser
faxe	faxer
revends	revendre
rentrions	rentrer
leprechaun	leprechaun
colts	colt
samy	samy
mehra	mehra
non-violence	non-violence
présentoir	présentoir
suivons-le	suivons-le
yelp	yelp
akio	akio
mailer	mailer
dahmer	dahmer
gonflables	gonflable
soutiens-moi	soutiens-moi
venges	venger
assignations	assignation
communiquait	communiquer
abhay	abhay
meggie	meggie
poignant	poignant
ane	ane
commence-t-on	commence-t-on
rodin	rodin
trafiquait	trafiquer
rougi	rougir
flexibilité	flexibilité
brasser	brasser
léve	léve
radon	radon
matéo	matéo
bodnar	bodnar
sorbonne	sorbon
immoralité	immoralité
maroney	maroney
chuy	chuy
recuperer	recuperer
pullo	pullo
coquet	coquet
holosuite	holosuite
mousquets	mousquet
flashback	flashback
emmènent-ils	emmènent-ils
chicane	chicane
yet	yet
menottez-le	menottez-le
embûches	embûche
dominée	dominer
spartan	spartan
calliope	calliope
boulimie	boulimie
obstine	obstiner
robespierre	robespierre
sphincter	sphincter
nymphes	nymphe
conformes	conformer
rehan	rehan
combinée	combinée
decouvert	decouvert
foulards	foulard
prolongement	prolongement
kawada	kawada
matent	mater
desséchée	dessécher
witter	witter
fiance	fiancer
videurs	videur
shrapnel	shrapnel
encouragés	encourager
hanukkah	hanukkah
ensuit	ensuivre
cognait	cogner
mamelles	mamelle
enfermez-les	enfermez-les
fouille-le	fouille-le
construirons	construire
heathcliff	heathcliff
dyslexique	dyslexique
conservez	conserver
gaétan	gaétan
traqueurs	traqueur
réhabilité	réhabiliter
exponentielle	exponentiel
joules	joule
rubicon	rubicon
choppe	chopper
grillon	grillon
folklorique	folklorique
épiceries	épicerie
avalent	avaler
soulevez-le	soulevez-le
goûte-moi	goûte-moi
rouliez	rouler
rationnellement	rationnellement
donnant-donnant	donnant-donnant
réconcilié	réconcilier
starlette	starlette
cuillerée	cuillerée
roslin	roslin
réactivé	réactiver
tombales	tombale
sélectionne	sélectionner
cloués	clouer
familiarité	familiarité
toot	toot
bilingue	bilingue
amèrement	amèrement
hays	hays
congestion	congestion
dégommé	dégommer
diamonds	diamonds
blaguez	blaguer
duperie	duperie
dictaphone	dictaphone
électrocardiogramme	électrocardiogramme
désintégré	désintégrer
cèdent	céder
soupçonnes	soupçonner
atterrissez	atterrir
fortunée	fortuné
engueules	engueuler
mose	mose
connaîtriez	connaître
résiduelle	résiduel
laisserez-vous	laisserez-vous
transmette	transmettre
shotgun	shotgun
strip-teaseur	strip-teaseur
neuneu	neuneu
retire-le	retire-le
suffisaient	suffire
ouazo	ouazo
pilon	pilon
renforcez	renforcer
imploser	imploser
arrachant	arracher
gaies	gai
salto	salto
lisible	lisible
pavlov	pavlov
affective	affectif
désignés	désigner
transfusions	transfusion
liao	liao
luftwaffe	luftwaffe
knightley	knightley
là.	là.
zimbabwe	zimbabwe
envoyez-lui	envoyez-lui
fous-toi	fous-toi
lopin	lopin
indécise	indécis
shout	shout
empêcheras	empêcher
confédéré	confédéré
décommander	décommander
augmentait	augmenter
genii	genii
vlado	vlado
ookouchi	ookouchi
régionaux	régional
sélectionnée	sélectionner
estrada	estrada
chaperonner	chaperonner
durango	durango
lark	lark
pathogènes	pathogène
rather	rather
dopé	doper
conjonction	conjonction
cock	cock
usc	usc
beatty	beatty
redites	redite
fedora	fedora
gigue	gigue
illuminée	illuminer
renoncera	renoncer
tatsuo	tatsuo
agrippé	agripper
jamaïcains	jamaïcain
clain	clain
testamentaire	testamentaire
mimes	mime
patauger	patauger
mendiante	mendiant
johansson	johansson
kurdes	kurde
colombo	colombo
obsédait	obséder
barques	barque
gunny	gunny
wouhou	wouhou
thornhill	thornhill
relèves	relève
attirants	attirant
dizzy	dizzy
torticolis	torticolis
crandall	crandall
semonce	semonce
tremblay	tremblay
fabienne	fabienne
bogey	bogey
rath	rath
débarasse	débarasse
retriever	retriever
jarretière	jarretière
windy	windy
dispensé	dispenser
mabuse	mabuse
senna	senna
agiles	agile
wikipedia	wikipedia
étrier	étrier
occlusion	occlusion
tosa	tosa
entrouverte	entrouvert
convaincrai	convaincre
matsui	matsui
imploré	implorer
hautain	hautain
analysons	analyser
eriksen	eriksen
souhaiterions	souhaiter
toiture	toiture
dépannage	dépannage
translation	translation
awesom-o	awesom-o
evers	evers
lazar	lazar
suffocation	suffocation
cascadeurs	cascadeur
déblayer	déblayer
itsuki	itsuki
purin	purin
waterman	waterman
cosa	cosa
scruter	scruter
cisailles	cisaille
soulagerait	soulager
faux-cul	faux-cul
witness	witness
refourguer	refourguer
méta-humains	méta-humains
réalisable	réalisable
énoncé	énoncé
cintres	cintrer
aim	aim
t.v.	t.v.
doberman	doberman
organisais	organiser
waouw	waouw
perversité	perversité
réussirait	réussir
ciguë	ciguë
fentes	fente
cryogénique	cryogénique
bouchés	boucher
génisse	génisse
incorruptible	incorruptible
mcgovern	mcgovern
désastreuses	désastreux
apporterez	apporter
touche-le	touche-le
fatigante	fatigant
découpés	découper
mccullough	mccullough
cops	cops
légionnaire	légionnaire
esclavagiste	esclavagiste
châtaignes	châtaigne
kipling	kipling
rustres	rustre
porte-moi	porte-moi
serviez	servir
creusons	creuser
maîtrisée	maîtriser
clapton	clapton
remplaçait	remplacer
réfléchira	réfléchir
mehmet	mehmet
dénonçant	dénoncer
nunuche	nunuche
marcelo	marcelo
altérée	altérer
dirons-nous	dirons-nous
cafté	cafter
couillu	couillu
larcins	larcin
scream	scream
strasbourg	strasbourg
pilleur	pilleur
éprouvette	éprouvette
turing	turing
bidonville	bidonville
ciblés	cibler
letitia	letitia
bacchus	bacchus
miaulement	miaulement
collégienne	collégien
courrai	courir
sous-comité	sous-comité
réouvrir	réouvrir
sous-effectif	sous-effectif
kidd	kidd
vidéoclub	vidéoclub
cohabitation	cohabitation
kaito	kaito
mcbain	mcbain
chasse-neige	chasse-neige
fends	fendre
consoles	console
cuckoo	cuckoo
escapades	escapade
démonte-pneu	démonte-pneu
ox	ox
exaucées	exaucer
consolidated	consolidated
discutons-en	discutons-en
débordant	débordant
réactionnaire	réactionnaire
interrogations	interrogation
hoffa	hoffa
avouons-le	avouons-le
nuna	nuna
huffstodt	huffstodt
cagoules	cagoule
vulve	vulve
hex	hex
désinformation	désinformation
kosh	kosh
callison	callison
trouvai	trouver
lavant	laver
errance	errance
anyone	anyone
dites-le-nous	dites-le-nous
pourchassait	pourchasser
vinyles	vinyle
porgy	porgy
rompent	rompre
adoucit	adoucir
trié	trier
insolation	insolation
perplexes	perplexe
présenterez	présenter
beatriz	beatriz
articuler	articuler
arrivez-vous	arrivez-vous
minx	minx
déséquilibrée	déséquilibrer
ficherais	ficher
idéologique	idéologique
pillent	piller
pensacola	pensacola
tachibana	tachibana
deviendraient	devenir
jud	jud
symbolisme	symbolisme
barbante	barbant
ape	ape
apprendrons	apprendre
énoncer	énoncer
peaux-rouges	peau-rouge
flashes	flash
sollicitation	sollicitation
accélèrent	accélérer
ritsuko	ritsuko
pater	pater
allumera	allumer
torero	torero
fraternelle	fraternel
apaisera	apaiser
élites	élite
hamoudi	hamoudi
estella	estella
magoo	magoo
stirling	stirling
crême	crême
neary	neary
vieux-jeu	vieux-jeu
modérément	modérément
soju	soju
fenouil	fenouil
desi	desi
ardennes	ardennes
casserait	casser
culbute	culbute
surestimez	surestimer
reponds	reponds
escadre	escadre
tiramisu	tiramisu
opérette	opérette
jugeait	juger
peaks	peaks
discrètes	discret
vuitton	vuitton
actually	actually
malicieux	malicieux
bunting	bunting
tatoués	tatouer
laudanum	laudanum
exploratrice	exploratrice
apparaissez	apparaître
robocop	robocop
affolez	affoler
pô	pô
comeback	comeback
hershel	hershel
cogneur	cogneur
débarrasseras	débarrasser
coléoptères	coléoptère
cessiez	cesser
farmington	farmington
size	size
ganmen	ganmen
hantait	hanter
fayette	fayette
navals	naval
affrontons	affronter
nita	nita
non.je	non.je
hyoïde	hyoïde
cauchemard	cauchemard
ajustez	ajuster
surexcitée	surexciter
dépressions	dépression
dominick	dominick
intendante	intendant
milkha	milkha
remontez-le	remontez-le
injectés	injecter
empruntez	emprunter
dialoguer	dialoguer
ensuive	ensuivre
suspectent	suspecter
fauteurs	fauteur
maladroits	maladroit
tarr	tarr
réveillons	réveillon
boz	boz
between	between
cancéreuses	cancéreux
brogan	brogan
nauséeuse	nauséeux
closer	closer
laos	lao
ventiler	ventiler
électorat	électorat
compagnes	compagne
remarqueront	remarquer
nikos	nikos
ecchymose	ecchymose
lança	lancer
formera	former
caramba	caramba
regroupez-vous	regroupez-vous
yau	yau
fermeront	fermer
connotation	connotation
brasses	brasser
courre	courre
sieu	sieu
bouées	bouée
salander	salander
rappellez	rappellez
supplieras	supplier
littleton	littleton
pixels	pixel
escalante	escalante
célestine	célestine
découvriez	découvrir
kodak	kodak
flopée	flopée
intellectuelles	intellectuel
apothéose	apothéose
theory	theory
alban	alban
débrouillait	débrouiller
demi-heures	demi-heure
arrache-pied	arrache-pied
play-back	play-back
sudoku	sudoku
poudrier	poudrier
engloutie	engloutir
contacterons	contacter
sensées	sensé
dirait-il	dirait-il
caltech	caltech
promit	promettre
alameda	alameda
chante-moi	chante-moi
accordait	accorder
sixtine	sixtine
piege	piege
limited	limited
fardeaux	fardeau
admettent	admettre
teinturerie	teinturerie
koto	koto
21h00	21h00
miyamae	miyamae
inspirations	inspiration
stonebridge	stonebridge
checker	checker
tranchante	tranchant
crésus	crésus
fêlés	fêler
darkness	darkness
marky	marky
confection	confection
trappeur	trappeur
parr	parr
écouterez	écouter
savait-elle	savait-elle
aéronavale	aéronaval
mettez-nous	mettez-nous
marcherais	marcher
miie	miie
artemis	artemis
hésitations	hésitation
magner	magner
yagyu	yagyu
métatron	métatron
vs.	vs.
maso	maso
trépas	trépas
incertitudes	incertitude
gardes-en	gardes-en
polichinelle	polichinelle
dokey	dokey
denrée	denrée
apitoie	apitoyer
reiji	reiji
loir	loir
tonio	tonio
x-files	x-files
soucieuse	soucieux
lestat	lestat
tripodes	tripodes
renversés	renverser
janko	janko
ouailles	ouaille
avancez-vous	avancez-vous
pneumatique	pneumatique
roulants	roulant
fainéante	fainéanter
positionne	positionner
cloutier	cloutier
boop	boop
tyree	tyree
stoddard	stoddard
prussiens	prussien
d.a.	d.a.
usagés	usager
rôtis	rôti
xxie	xxie
transfèrent	transférer
commençons-nous	commençons-nous
amenez-nous	amenez-nous
echelle	echelle
contrepoids	contrepoids
nannoo	nannoo
nassar	nassar
halbach	halbach
maximal	maximal
adonner	adonner
anéantira	anéantir
éparpillées	éparpiller
entrerons	entrer
range-le	range-le
fraterniser	fraterniser
régit	régir
écartes	écarter
ià-haut	ià-haut
dînent	dîner
coccyx	coccyx
abstraite	abstrait
chamallow	chamallow
chouïa	chouïa
serf	serf
médée	médée
californiens	californien
interféré	interférer
adm	adm
voorhees	voorhees
baromètre	baromètre
différer	différer
okey	okey
raccord	raccord
parcourue	parcourir
acceptez-le	acceptez-le
fulgurante	fulgurant
apprenez-moi	apprenez-moi
banquets	banquet
déplaise	déplaire
quizz	quizz
tapi	tapir
publient	publier
redeviendras	redevenir
bobonne	bobonne
kiara	kiara
finissiez	finir
planquent	planquer
moritz	moritz
subie	subir
déboussolée	déboussoler
ouvrirez	ouvrir
eagleton	eagleton
statuer	statuer
nika	nika
décrivez-moi	décrivez-moi
oseraient	oser
gazer	gazer
lève-tôt	lève-tôt
compterai	compter
guardia	guardia
courtisanes	courtisan
inépuisable	inépuisable
hawley	hawley
laredo	laredo
coupe-papier	coupe-papier
beagle	beagle
hirondelles	hirondelle
relâches	relâche
légitimement	légitimement
plaçons	placer
influencés	influencer
moucharder	moucharder
entremetteur	entremetteur
voyez-moi	voyez-moi
violoncelliste	violoncelliste
dorothea	dorothea
hiroyuki	hiroyuki
imprègne	imprégner
banzai	banzai
balancerai	balancer
boiteuse	boiteux
g.p.s.	g.p.s.
quintus	quintus
brûlants	brûlant
océanique	océanique
basané	basané
titularisation	titularisation
télécoms	télécommunication
occasionnelle	occasionnel
salissez	salir
monterez	monter
koh	koh
trajectoires	trajectoire
pleurez-vous	pleurez-vous
ciblage	ciblage
prod	prod
scalps	scalp
durcit	durcir
émerveillé	émerveiller
hollywoodienne	hollywoodien
fortifier	fortifier
dealeur	dealeur
vien	vien
chœurs	chœurs
servies	servir
bosley	bosley
inciser	inciser
pèle	peler
opulence	opulence
rizières	rizière
contre-courant	contre-courant
shooters	shooters
nécrose	nécrose
émérite	émérite
hunsrück	hunsrück
distincte	distinct
palma	palma
blob	blob
insultent	insulter
crac-crac	crac-crac
apparament	apparament
revêtir	revêtir
thewildbunch22	thewildbunch22
rareté	rareté
slash	slash
ware	ware
maroni	maroni
ugly	ugly
boitait	boiter
gifford	gifford
écrivaine	écrivaine
xxl	xxl
thursday	thursday
boutonnière	boutonnière
diminuée	diminuer
woof	woof
squadra	squadra
shih	shih
roulera	rouler
lycee	lycee
okita	okita
avram	avram
clipper	clipper
magasiner	magasiner
dressez	dresser
attraperons	attraper
duras	durer
pemberton	pemberton
résolve	résoudre
tamika	tamika
tsa	tsa
cocker	cocker
prétentions	prétention
verifie	verifie
charlton	charlton
résolvent	résoudre
stoïque	stoïque
réincarner	réincarner
kyeongseong	kyeongseong
susumu	susumu
philippine	philippin
uchida	uchida
oust	oust
analphabète	analphabète
voués	vouer
construise	construire
elyse	elyse
enrichissent	enrichir
commandante	commandant
imbattables	imbattable
reddick	reddick
exprimez	exprimer
ridiculises	ridiculiser
lewicki	lewicki
polanski	polanski
taciturne	taciturne
angkor	angkor
franchira	franchir
marshak	marshak
lamentablement	lamentablement
m.i.t.	m.i.t.
traines	traines
genovese	genovese
putride	putride
balafré	balafré
officer	officer
opérait	opérer
ukulélé	ukulélé
nourrissons	nourrisson
ossature	ossature
consterné	consterner
allumait	allumer
foireuse	foireux
shigeru	shigeru
rosser	rosser
déclencheurs	déclencheur
forestière	forestier
engloutis	engloutir
vaziri	vaziri
privatisation	privatisation
tobby	tobby
détestons	détester
nesbitt	nesbitt
tinder	tinder
franchissez	franchir
insouciants	insouciant
este	este
verbes	verbe
téléconférence	téléconférence
provo	provo
conseillée	conseiller
replonge	replonger
cerfs-volants	cerf-volant
illettré	illettré
milena	milena
silhouettes	silhouette
deane	deane
shing	shing
incrustée	incruster
égarement	égarement
reveiller	reveiller
syndiqué	syndiquer
unissons	unir
lander	lander
ahmadi	ahmadi
renvoyées	renvoyer
vot	vot
conservent	conserver
je-ne-sais-quoi	je-ne-sais-quoi
transitoire	transitoire
sors-les	sors-les
changeante	changeant
mieze	mieze
ivanov	ivanov
rebby	rebby
plies	plier
lui-meme	lui-meme
kojak	kojak
yeager	yeager
mite	mite
assange	assange
staples	staples
cherchons-nous	cherchons-nous
davos	davos
errait	errer
greffon	greffon
cubitus	cubitus
ostrov	ostrov
rarity	rarity
polenta	polenta
kano	kano
cabossé	cabosser
falk	falk
mauro	mauro
végétaux	végétal
noue	noue
bitcoin	bitcoin
passante	passant
morin	morin
respirais	respirer
réconforté	réconforter
autours	autour
échangées	échanger
remportent	remporter
kmetko	kmetko
admirables	admirable
prompteur	prompteur
sens-moi	sens-moi
obéirez	obéir
volcaniques	volcanique
discount	discount
chevalière	chevalière
pepito	pepito
câblé	câblé
bounty	bounty
connivence	connivence
cerbère	cerbère
hanoukka	hanoukka
humaniste	humaniste
brûlantes	brûlant
compterait	compter
lucía	lucía
empiéter	empiéter
rallumez	rallumer
craquera	craquer
tenaces	tenace
teints	teint
casquer	casquer
tp	tp
millésime	millésime
regrettait	regretter
tient-il	tient-il
boxé	boxer
maintiendra	maintenir
irascible	irascible
biberons	biberon
versus	versus
singeries	singerie
chocolatées	chocolaté
collectionnait	collectionner
hoffmann	hoffmann
cas-ci	cas-ci
ultérieurement	ultérieurement
bou	bou
relatifs	relatif
monde-là	monde-là
respectaient	respecter
faufilée	faufiler
granville	granville
verrat	verrat
deva	deva
macarons	macaron
departement	departement
mécréants	mécréant
dîtes-vous	dîtes-vous
droguées	droguer
arrosée	arroser
kirkman	kirkman
avouerai	avouer
tapantes	tapant
inexistant	inexistant
choristes	choriste
roulons	rouler
fool	fool
annexes	annexe
gallon	gallon
couveuse	couveuse
attitré	attitré
maintenez-le	maintenez-le
étreintes	étreinte
tournerai	tourner
chii	chii
nor	nor
neo	neo
frenchie	frenchie
mishima	mishima
mentionnent	mentionner
pollue	polluer
hula	hula
attrapper	attrapper
innovations	innovation
scribe	scribe
utilisions	utiliser
invalides	invalide
sekai	sekai
défonces	défoncer
agostino	agostino
matlock	matlock
désorientation	désorientation
sentiriez	sentir
illimitées	illimité
marcelle	marcelle
peignent	peignent
contribuent	contribuer
mannix	mannix
percival	percival
mundy	mundy
lisière	lisière
législatif	législatif
iago	iago
disher	disher
urbaines	urbain
garfunkel	garfunkel
optimale	optimal
effectuez	effectuer
schumann	schumann
bulbe	bulbe
confidente	confident
protège-toi	protège-toi
enchanter	enchanter
mikhaïl	mikhaïl
changeriez	changer
vit-elle	vit-elle
mckee	mckee
diggs	diggs
verserai	verser
corniaud	corniaud
rosy	rosy
hud	hud
répugnantes	répugnant
harmonique	harmonique
plannings	planning
bakshi	bakshi
badlands	badlands
sep	sep
basiquement	basiquement
holi	holi
crado	crado
ès	ès
hydratante	hydratant
éclabousser	éclabousser
cyclistes	cycliste
formels	formel
éradiqué	éradiquer
rosamund	rosamund
trouverai-je	trouverai-je
atterrisse	atterrir
pourrisse	pourrir
seb	seb
frimousse	frimousse
tortionnaire	tortionnaire
fan-club	fan-club
plum	plume
écrasait	écraser
merton	merton
gaffney	gaffney
affecterait	affecter
redirigé	rediriger
cobblepot	cobblepot
mémorise	mémoriser
conduiront	conduire
birdyben	birdyben
fairfield	fairfield
ramènerez	ramener
wilkerson	wilkerson
apaisement	apaisement
phalange	phalange
busan	busan
h.r.	h.r.
claridge	claridge
chal	chal
collégien	collégien
cul-sec	cul-sec
kimmi	kimmi
masa	masa
hermine	hermine
maléfice	maléfice
bohémien	bohémien
aléas	aléa
abbs	abbs
jonquilles	jonquille
précipitez	précipiter
starkwood	starkwood
aborigènes	aborigène
quelconques	quelconque
malory	malory
traînerai	traîner
prestance	prestance
viendriez-vous	viendriez-vous
repartait	repartir
plain	plain
plateformes	plateforme
noyais	noyer
pullman	pullman
polisson	polisson
fortuit	fortuit
faites-le-moi	faites-le-moi
préféreriez-vous	préféreriez-vous
bandeaux	bandeau
kewper	kewper
garnitures	garniture
yous	yous
eun-soo	eun-soo
fréquentés	fréquenter
rond-point	rond-point
peignoirs	peignoir
barges	barge
hideyoshi	hideyoshi
maiden	maiden
cours-tu	cours-tu
mah	mah
ouvre-boîte	ouvre-boîte
coordonné	coordonné
goin	goin
plombé	plomber
plaã	plaã
bienfaiteurs	bienfaiteur
automatisé	automatiser
organiste	organiste
payeras	payer
perforer	perforer
quinine	quinine
exclamations	exclamation
toaster	toaster
intolérant	intolérant
désintoxiquer	désintoxiquer
affrontés	affronter
harrisburg	harrisburg
consignée	consigner
leviathan	leviathan
vomisse	vomir
conciliant	conciliant
ugo	ugo
aboyé	aboyer
herrick	herrick
massacrent	massacrer
buckman	buckman
conventionnelles	conventionnel
aut	aut
asakura	asakura
kaminski	kaminski
presqu'	presque
mba	mba
chopée	choper
jockeys	jockey
lavabos	lavabo
octopus	octopus
larcin	larcin
antidouleur	antidouleur
m.c.	m.c.
ahuri	ahuri
vaginales	vaginal
immensément	immensément
jiminy	jiminy
soulevée	soulever
cendriers	cendrier
reaper	reaper
adouci	adouci
bullwinkle	bullwinkle
généalogie	généalogie
investissez	investir
dirai-je	dirai-je
triangulaire	triangulaire
campent	camper
mahalo	mahalo
arrangeant	arrangeant
lâchez-les	lâchez-les
fevrier	fevrier
haldol	haldol
répandra	répandre
montures	monture
goulot	goulot
surdité	surdité
honoria	honoria
sicilienne	sicilienne
châtie	châtier
kunal	kunal
benjie	benjie
macy'	macy'
wladimir	wladimir
arrière-boutique	arrière-boutique
chakra	chakra
its	its
vengeurs	vengeur
infectieux	infectieux
fourres	fourrer
pêchait	pêcher
malick	malick
stuttgart	stuttgart
évitement	évitement
remo	remo
julienne	julienne
suzuran	suzuran
matinées	matinée
chérubin	chérubin
rétribution	rétribution
substantiel	substantiel
sacrament	sacrament
sexisme	sexisme
roumains	roumain
suppliais	supplier
tamponne	tamponner
sexys	sexys
smic	smic
posner	posner
overton	overton
inquiétiez	inquiéter
payante	payant
agé	agé
kolya	kolya
fantasmé	fantasmer
hannigan	hannigan
lovell	lovell
sketches	sketch
machoire	machoire
saheb	saheb
nani	nani
captent	capter
eko	eko
perchoir	perchoir
recommanderais	recommander
tromperies	tromperie
rawlins	rawlins
pistaches	pistache
échangeur	échangeur
doi	doi
pig	pig
géomètre	géomètre
quantiques	quantique
rencontreront	rencontrer
articule	articuler
stérilité	stérilité
affligeant	affligeant
réapprovisionner	réapprovisionner
revérifié	revérifié
ahmet	ahmet
beignes	beigne
mackay	mackay
aiguise	aiguiser
morello	morello
risqueriez	risquer
catalano	catalano
planifiez	planifier
représentais	représenter
danner	danner
peureuse	peureux
perla	perler
tian	tian
impatienter	impatienter
harkonnen	harkonnen
irréparables	irréparable
tiens-lui	tiens-lui
yoshino	yoshino
futilité	futilité
perturbateur	perturbateur
escalope	escalope
énervement	énervement
magenta	magenta
éclairera	éclairer
rizière	rizière
serpico	serpico
sinaï	sinaï
marylin	marylin
resnick	resnick
hebdo	hebdo
passable	passable
appuyée	appuyer
brutales	brutal
jh26	jh26
convertit	convertir
pickett	pickett
amers	amer
deus	deus
across	across
astucieuse	astucieux
insultés	insulter
importée	importer
accessoiriste	accessoiriste
defcon	defcon
désignent	désigner
frapperait	frapper
lainey	lainey
deales	dealer
jean-michel	jean-michel
aprèm	aprèm
machinerie	machinerie
dégoutante	dégoutante
intuitif	intuitif
alfa	alfa
hit-parade	hit-parade
admirée	admirer
rao	rao
moucharde	mouchard
branca	branca
kraken	kraken
cag	cag
bonbonne	bonbonne
crisser	crisser
pressenti	pressentir
catcheurs	catcheur
strikes	strikes
biotechnologie	biotechnologie
spectator	spectator
irradié	irradier
bonita	bonita
ledger	ledger
purvis	purvis
lunaires	lunaire
porte-t-il	porte-t-il
planant	planer
cristalline	cristallin
naphtaline	naphtaline
tunis	tunis
lille	lille
stanhope	stanhope
vigie	vigie
streaming	streaming
évaporée	évaporer
cranford	cranford
modérés	modérer
hurricane	hurricane
compète	compéter
signifiera	signifier
chanteront	chanter
sandström	sandström
traductions	traduction
ajoutés	ajouter
madras	madras
jugeant	juger
grunge	grunge
yasu	yasu
élargis	élargir
glynn	glynn
britten	britten
bunk	bunk
lasagne	lasagne
existantes	existant
umberto	umberto
barba	barber
berthe	berthe
morticia	morticia
ramollit	ramollir
sots	sot
subsistance	subsistance
lapsus	lapsus
déclinez	décliner
moyennant	moyenner
damoclès	damoclès
givre	givre
grandiras	grandir
lando	lando
ueda	ueda
départager	départager
viscères	viscère
kilometres	kilometres
faisceaux	faisceau
annulera	annuler
écartent	écarter
marbella	marbella
glorieuses	glorieux
coffey	coffey
dépister	dépister
gerty	gerty
rétracté	rétracter
idéalistes	idéaliste
attrapez-moi	attrapez-moi
emmanuelle	emmanuelle
épilogue	épilogue
adressent	adresser
persécute	persécuter
xindis	xindis
intrépides	intrépide
intracrânienne	intracrânien
etat-major	etat-major
reniflé	renifler
admirons	admirer
cinnamon	cinnamon
pinard	pinard
horus	horus
créatives	créatif
rafistoler	rafistoler
afraid	afraid
sorenson	sorenson
autodidacte	autodidacte
moucheron	moucheron
vola	voler
pourvous	pourvous
sapotille	sapotille
crèvera	crever
coin-là	coin-là
bennes	benne
époustouflante	époustouflant
enlèverait	enlever
benz	benz
delle	delle
mandragore	mandragore
concluants	concluant
merchant	merchant
remarqués	remarquer
tss	tss
bouleau	bouleau
caporal-chef	caporal-chef
phonographe	phonographe
zoos	zoo
danson	danson
assiégée	assiéger
vous-êtes	vous-êtes
monopoliser	monopoliser
blondasse	blondasse
prêchez	prêcher
yasuda	yasuda
napier	napier
structurelle	structurel
instruits	instruit
shinkichi	shinkichi
muddy	muddy
contactes	contacter
accompagniez	accompagner
passã	passã
calife	calife
holtz	holtz
boers	boer
kiyoshi	kiyoshi
apprends-lui	apprends-lui
jett	jett
irrégularité	irrégularité
détruirais	détruire
winstone	winstone
ishii	ishii
gémis	gémir
redonne-moi	redonne-moi
xanadu	xanadu
vaporisateur	vaporisateur
prêtés	prêter
opiacés	opiacé
pulsar	pulsar
extreme	extreme
prérogative	prérogative
nordistes	nordiste
larue	larue
eurydice	eurydice
sahir	sahir
mikkel	mikkel
obnubilé	obnubiler
tmz	tmz
étouffez	étouffer
eleven	eleven
ganga	ganga
toxicomanie	toxicomanie
velu	velu
réaliserez	réaliser
trouvailles	trouvaille
recopier	recopier
conceptions	conception
luann	luann
palestinienne	palestinien
manigancer	manigancer
mensuels	mensuel
cache-le	cache-le
worm	worm
subs-addicts	subs-addicts
alcôve	alcôve
comparaisons	comparaison
hiroko	hiroko
avant-guerre	avant-guerre
claymore	claymore
jefferies	jefferies
rolo	rolo
patienté	patienter
reason	reason
épousent	épouser
plug	plug
rapprochant	rapprocher
réjoui	réjouir
tennyson	tennyson
jetez-moi	jetez-moi
miso	miso
prolongations	prolongation
greco	greco
obéisse	obéir
ao	ao
coopératifs	coopératif
salute	salute
redorer	redorer
pavillons	pavillon
newhouse	newhouse
exposes	exposer
dépassement	dépassement
arun	arun
medici	medici
30ème	30ème
urinoirs	urinoir
sauva	sauver
écologiques	écologique
vendras	vendre
réparait	réparer
bharat	bharat
marcheurs	marcheur
lingot	lingot
pépinière	pépinière
hasardeux	hasardeux
poissonnier	poissonnier
enrichis	enrichir
oseras	oser
abandonna	abandonner
bougeaient	bouger
trémousser	trémousser
approuvera	approuver
goy	goy
gammée	gammée
caressant	caressant
inoffensives	inoffensif
dembe	dembe
tenzin	tenzin
millénium	millénium
northman	northman
surprenantes	surprenant
ravioli	ravioli
subversif	subversif
marlow	marlow
mulholland	mulholland
zhan	zhan
escroqueries	escroquerie
composite	composite
lad	lad
sû	sû
acclamé	acclamer
ihab	ihab
polonium	polonium
indiffère	indifférer
promus	promouvoir
memsahib	memsahib
processeurs	processeur
sadisme	sadisme
poussa	poussa
opry	opry
demi-siècle	demi-siècle
réciproquement	réciproquement
aventurière	aventurier
garã	garã
débutent	débuter
embarrassez	embarrasser
délivrés	délivrer
oss	oss
bolcheviks	bolchevik
knut	knut
exploitant	exploitant
teal	teal
hekawis	hekawis
rafraîchissante	rafraîchissant
attrappe	attrappe
compulsive	compulsif
airways	airways
déconnait	déconner
jurassic	jurassic
réveilla	réveiller
padma	padma
tromperait	tromper
mousseline	mousseline
orchestres	orchestre
galina	galina
effondrés	effondrer
débordement	débordement
longer	longer
postées	poster
remonte-le	remonte-le
scies	scie
gentillement	gentillement
juli	juli
exigée	exiger
souille	souille
embaumé	embaumer
gouté	gouté
couvrons	couvrir
interpeller	interpeller
dermot	dermot
comptais-tu	comptais-tu
taking	taking
suivez-la	suivez-la
inscrites	inscrit
simcoe	simcoe
dangeureux	dangeureux
réglos	réglo
traitez-vous	traitez-vous
instructeurs	instructeur
wedding	wedding
auditive	auditif
riquiqui	riquiqui
clio	clio
transgression	transgression
furlong	furlong
forward	forward
hantées	hanté
orthopédique	orthopédique
prouvait	prouver
intoxiqué	intoxiqué
accablée	accabler
empêchez-les	empêchez-les
barret	barret
décimée	décimer
archimède	archimède
arrãªte	arrãªte
édifices	édifice
sacrifies	sacrifier
cruiser	cruiser
biftons	bifton
emme	emme
désolant	désolant
réconfortante	réconfortant
singleton	singleton
chevauchant	chevauchant
cabots	cabot
conséquente	conséquente
dormirait	dormir
keung	keung
ramène-nous	ramène-nous
hotchkiss	hotchkiss
hypothalamus	hypothalamus
cherchez-le	cherchez-le
misérablement	misérablement
gimme	gimme
unser	unser
antisocial	antisocial
outrepasser	outrepasser
operandi	operandi
affiliation	affiliation
fighters	fighters
brillaient	briller
intimidante	intimidant
bwana	bwana
résistait	résister
fester	fester
tolérée	tolérer
sebastien	sebastien
cognent	cogner
sophistication	sophistication
2d	2d
misery	misery
worthington	worthington
cregg	cregg
craquements	craquement
ricaner	ricaner
chauffante	chauffant
flagg	flagg
pootie	pootie
banditisme	banditisme
éliminera	éliminer
rallonger	rallonger
pad	pad
gammes	gamme
kamina	kamina
hutt	hutt
m2	m2
auto-école	auto-école
npr	npr
cruciaux	crucial
m.o.	m.o.
miwa	miwa
adorerez	adorer
crachant	cracher
atreides	atreides
darko	darko
quintessence	quintessence
écrin	écrin
martinet	martinet
lian	lian
interurbain	interurbain
sacrifient	sacrifier
taquinais	taquiner
dorado	dorado
proposerai	proposer
espã	espã
toph	toph
kersey	kersey
viennent-elles	viennent-elles
esphenis	esphenis
donnions	donner
acrylique	acrylique
bilbon	bilbon
accouplent	accoupler
écouteur	écouteur
faisans	faisan
là-derrière	là-derrière
éprouvée	éprouver
imites	imiter
repasses	repasser
grimpes	grimper
washburn	washburn
exécutive	exécutive
giclé	gicler
éclabousse	éclabousser
ingénue	ingénue
paras	parer
natures	nature
intuitive	intuitif
roadie	roadie
attachait	attacher
clippers	clipper
maximilien	maximilien
émise	émettre
démasqués	démasquer
affichée	afficher
cordova	cordova
oublis	oubli
festoyer	festoyer
déconnent	déconner
ester	ester
maladif	maladif
honorent	honorer
tinker	tinker
aciérie	aciérie
réclamant	réclamer
économiste	économiste
court-circuité	court-circuiter
désillusion	désillusion
courbure	courbure
50e	50e
tendait	tendre
pippi	pippi
achèteront	acheter
détendra	détendre
canneberges	canneberge
ricain	ricain
aperçut	apercevoir
frigorifique	frigorifique
kunta	kunta
venait-il	venait-il
koenig	koenig
remorqué	remorquer
giron	giron
défaitiste	défaitiste
imitent	imiter
dénoncez	dénoncer
appelleraient	appeler
fera-t-on	fera-t-on
yogourt	yogourt
sparkle	sparkle
reconfigurer	reconfigurer
kazuya	kazuya
thoreau	thoreau
manilow	manilow
fantassins	fantassin
correspondrait	correspondre
grattait	gratter
abaissé	abaisser
renoncerais	renoncer
électorales	électoral
avenant	avenant
ébranlée	ébranler
novotny	novotny
stockées	stocker
réclamée	réclamer
persée	persée
t.j	t.j
pompage	pompage
rodolfo	rodolfo
watching	watching
croche	croche
woodruff	woodruff
achèvement	achèvement
perdurer	perdurer
intègres	intègre
démêlés	démêler
rolls-royce	rolls-royce
hokuto	hokuto
lampadaires	lampadaire
uvre	uvre
réveilles-toi	réveilles-toi
kort	kort
fallujah	fallujah
manipulait	manipuler
quaker	quaker
sapes	saper
léviter	léviter
fontana	fontana
exécutent	exécuter
toros	toros
régné	régner
indisposé	indisposé
libérons	libérer
preparer	preparer
stripteaseuses	stripteaseur
assaisonnement	assaisonnement
orhan	orhan
ressurgir	ressurgir
donf	donf
naoki	naoki
baissera	baisser
barbituriques	barbiturique
jet-ski	jet-ski
tight	tight
terre-neuve	terre-neuve
guapo	guapo
placera	placer
soutenais	soutenir
serrais	serrer
divagues	divaguer
débordent	déborder
concierges	concierge
rêvaient	rêver
satsuma	satsuma
mauricio	mauricio
nimrod	nimrod
coincent	coincer
markos	markos
sauve-le	sauve-le
éviterai	éviter
hamada	hamada
puritains	puritain
leviers	levier
says	says
franges	frange
emballées	emballer
commanditaires	commanditaire
déprimes	déprimer
inanimé	inanimé
tagué	tagué
griselda	griselda
redondant	redondant
détracteurs	détracteur
coudon	coudon
spalding	spalding
perfidie	perfidie
mouriez	mourir
intercom	intercom
donneriez-vous	donneriez-vous
resplendissant	resplendissant
creex	creex
essaie-la	essaie-la
biscotte	biscotte
héra	héra
grandeurs	grandeur
signerez	signer
reuter	reuter
harumi	harumi
bronzés	bronzer
valiant	valiant
rétablira	rétablir
cindi	cindi
déplaçons	déplacer
thanks	thanks
selim	selim
corners	corner
chopent	choper
plongeoir	plongeoir
neuronale	neuronal
dégarni	dégarnir
cléments	clément
alambic	alambic
yum	yum
invivable	invivable
peau-rouge	peau-rouge
cultivateur	cultivateur
khillaree	khillaree
dori	dori
secouez-vous	secouez-vous
sympathisant	sympathisant
gumbo	gumbo
raglan	raglan
fusiliers	fusilier
inaudibles	inaudible
pleuvent	pleuvoir
bousculez	bousculer
quiproquo	quiproquo
échoppe	échoppe
whatever	whatever
sacrifiez	sacrifier
chirurgicalement	chirurgicalement
parution	parution
gato	gato
divorcez	divorcer
galas	gala
négligents	négligent
préférera	préférer
fonceur	fonceur
bowery	bowery
beryl	beryl
assiduité	assiduité
dorset	dorset
saurait-il	saurait-il
curiosités	curiosité
slitheen	slitheen
ferrara	ferrara
assemblés	assembler
mesquins	mesquin
box-office	box-office
obtiendront	obtenir
elysée	elysée
digest	digest
appareil-photo	appareil-photo
stat	stat
shipley	shipley
électrochoc	électrochoc
seeger	seeger
shame	shame
shangri-la	shangri-la
hâtif	hâtif
quittaient	quitter
transgressé	transgresser
surprends-moi	surprends-moi
crêtes	crête
travelling	travelling
montrez-le	montrez-le
frottant	frottant
divergence	divergence
outrepassé	outrepasser
abercrombie	abercrombie
investissent	investir
scandaleuses	scandaleux
armements	armement
atteindras	atteindre
péroné	péroné
alchimistes	alchimiste
équestre	équestre
ridée	ridée
thérapeutiques	thérapeutique
déciderons	décider
richissime	richissime
claypool	claypool
mastercard	mastercard
boorman	boorman
dispatch	dispatch
tuons-les	tuons-les
somerset	somerset
suze	suze
blasphèmes	blasphémer
sham	sham
sulfure	sulfure
reynard	reynard
criera	crier
fructifier	fructifier
combinant	combinant
slimane	slimane
ambroisie	ambroisie
mingo	mingo
imp	imp
oshima	oshima
michi	michi
désordonnée	désordonner
iz	iz
dor	dor
godard	godard
jie	jie
synchronisés	synchronisé
rapportez-moi	rapportez-moi
origami	origami
ravissement	ravissement
bercé	bercer
orly	orly
eiko	eiko
zeek	zeek
tracassin	tracassin
pleurnicheur	pleurnicheur
vacherie	vacherie
dwarf	dwarf
boui-boui	boui-boui
transpirant	transpirer
bering	bering
opposait	opposer
def	def
soudeur	soudeur
fiévreuse	fiévreux
est-que	est-que
ministere	ministere
cène	cène
nettoyez-moi	nettoyez-moi
zelig	zelig
ilaria	ilaria
gagnaient	gagner
chaco	chaco
pingre	pingre
invocation	invocation
iranienne	iranien
viendra-t-il	viendra-t-il
an7	an7
rassemblée	rassembler
narnia	narnia
fratrie	fratrie
brûleur	brûleur
coronaire	coronaire
kumiko	kumiko
souffriront	souffrir
appleby	appleby
cecile	cecile
présenteras	présenter
discutaient	discuter
annihiler	annihiler
bim	bim
dentelles	dentelle
sauvons-nous	sauvons-nous
benning	benning
renverront	renvoyer
étudierai	étudier
khasinau	khasinau
miyamoto	miyamoto
déficient	déficient
troels	troels
dawg	dawg
ashe	ashe
bruts	brut
trucage	trucage
acidité	acidité
poursuivez-les	poursuivez-les
déconcentrer	déconcentrer
october	october
disparaisses	disparaître
planquez	planquer
mayweather	mayweather
interplanétaire	interplanétaire
macleod	macleod
réparais	réparer
camionette	camionette
zandra	zandra
rocheux	rocheux
mélanome	mélanome
incontesté	incontesté
dating	dating
tarantino	tarantino
fournier	fournier
tenez-nous	tenez-nous
kemper	kemper
souffriez	souffrir
informera	informer
archipel	archipel
stooges	stooges
couvre-lit	couvre-lit
wu-tang	wu-tang
diné	diné
suinte	suinter
méthodiste	méthodiste
angoisser	angoisser
oli	oli
confiait	confier
rez	rez
accomplira	accomplir
fredericks	fredericks
guettent	guetter
exfiltration	exfiltration
bunsen	bunsen
attirantes	attirant
orientaux	oriental
résidant	résidant
dépouilles	dépouiller
nandini	nandini
avérés	avérer
ultrason	ultrason
malaises	malaise
débandade	débandade
sasquatch	sasquatch
persistent	persistent
fantaisistes	fantaisiste
lafleur	lafleur
ignorez-vous	ignorez-vous
boute-en-train	boute-en-train
influente	influent
gorgone	gorgone
saoûl	saoûl
noyait	noyer
mirroir	mirroir
emmènerons	emmener
ravale	ravaler
clôt	clore
enthousiasmé	enthousiasmer
cato	cato
descendit	descendre
suspectés	suspecter
shinkurô	shinkurô
auburn	auburn
macchiato	macchiato
chicos	chicos
décompresse	décompresser
poursuivants	poursuivant
consuelo	consuelo
oni	oni
baum	baum
rimer	rimer
discutiez	discuter
possessive	possessif
maures	maure
mamies	mamie
inoxydable	inoxydable
malignes	malin
grands-pères	grand-père
enfoncés	enfoncer
narcos	narcos
fuyards	fuyard
soames	soames
fuirai	fuir
obscurcit	obscurcir
jabberwocky	jabberwocky
rammer	rammer
évadée	évader
cancan	cancan
salutaire	salutaire
mor	mor
argyle	argyle
nettoyées	nettoyer
tus	taire
envisageait	envisager
djihad	djihad
boxes	boxe
ota	ota
atrium	atrium
elia	elia
partagées	partager
resterez-vous	resterez-vous
entriez	entrer
attentionnés	attentionné
grotexes	grotexes
trinidad	trinidad
commodités	commodité
prennent-ils	prennent-ils
recommencerais	recommencer
diminuera	diminuer
prétextant	prétexter
samara	samara
étourdissements	étourdissement
mcmahon	mcmahon
bouclage	bouclage
en-but	en-but
pull-over	pull-over
phelan	phelan
discipliner	discipliner
présenterais	présenter
laisse-le-moi	laisse-le-moi
atchoum	atchoum
salman	salman
digues	digue
signons	signer
padres	padres
éclairages	éclairage
nanobots	nanobots
eonni	eonni
ministères	ministère
cordial	cordial
fluffy	fluffy
révélait	révéler
intonation	intonation
livrons	livrer
devonshire	devonshire
billot	billot
mowgli	mowgli
enlacé	enlacer
referas	refaire
pharmaceuticals	pharmaceuticals
tarik	tarik
nitouche	nitouche
choeurs	choeur
insinuation	insinuation
débrouilleras	débrouiller
souvenons-nous	souvenons-nous
ah-ha	ah-ha
dress	dress
blaguait	blaguer
logeait	loger
aveuglés	aveugler
'vous	'vous
avancerait	avancer
névroses	névrose
iwo	iwo
visuelles	visuel
fractale	fractal
châtiments	châtiment
recueillis	recueillir
deviez-vous	deviez-vous
lela	lela
tawney	tawney
ig	ig
pourvoyeur	pourvoyeur
orée	orée
pelotage	pelotage
leads	leads
metier	metier
vecu	vecu
respectabilité	respectabilité
singham	singham
platines	platine
nantes	nantes
composent	composer
mojave	mojave
friand	friand
tourmentez	tourmenter
essuie-glaces	essuie-glaces
anjou	anjou
zahra	zahra
mickael	mickael
cayman	cayman
pré-op	pré-op
chyna	chyna
imprimantes	imprimant
obscurcir	obscurcir
lilli	lilli
aish	aish
enrichissante	enrichissant
conseillez-vous	conseillez-vous
dénonces	dénoncer
hel	hel
opte	opter
pointures	pointure
reprendrait	reprendre
shigure	shigure
tanukis	tanukis
fry-9	fry-9
jamaïcaine	jamaïcain
vineyard	vineyard
gagniez	gagner
désapprobation	désapprobation
kyushu	kyushu
élogieux	élogieux
flor	flor
kita	kita
rentables	rentable
coud	coudre
martín	martín
alléchant	alléchant
bustier	bustier
corsaire	corsaire
kool	kool
arrangées	arranger
busy	busy
hausser	hausser
frx11	frx11
pastis	pastis
sùr	sùr
éclairez	éclairer
avp	avp
brûlerez	brûler
triangulation	triangulation
40e	40e
écoutes-tu	écoutes-tu
affilié	affilié
ling-ling	ling-ling
rash	rash
flanché	flancher
creusée	creuser
demandai	demander
davison	davison
cachots	cachot
messires	messire
découvraient	découvrir
khartoum	khartoum
écervelé	écervelé
épouserez	épouser
premium	premium
gilberte	gilberte
buddha	buddha
juanito	juanito
erurû	erurû
landing	landing
considéraient	considérer
garde-chasse	garde-chasse
allégée	alléger
avila	avila
pisteur	pisteur
variety	variety
démerde	démerder
innocemment	innocemment
algérien	algérien
chansonnette	chansonnette
sortants	sortant
mew	mew
réactives	réactif
caulfield	caulfield
saisissez-le	saisissez-le
ballets	ballet
revoici	revoici
sagan	sagan
superposé	superposer
daisuke	daisuke
emballent	emballer
syndrôme	syndrôme
retombent	retomber
castellano	castellano
finito	finito
drax	drax
nakajima	nakajima
burin	burin
vomissent	vomir
opéras	opéras
outre-tombe	outre-tombe
horseman	horseman
haqqani	haqqani
écrous	écrou
allaite	allaiter
attrape-les	attrape-les
zanuck	zanuck
mémorables	mémorable
culver	culver
chômé	chômé
nissan	nissan
défaillances	défaillance
playback	playback
troubadour	troubadour
arêtes	arête
acclame	acclamer
olin	olin
chicanos	chicano
indochine	indochine
astique	astiquer
briscoe	briscoe
boi	boi
partial	partial
cathédrales	cathédrale
oka	oka
glousser	glousser
trompettiste	trompettiste
déguste	déguster
mander	mander
débiner	débiner
bibliothécaires	bibliothécaire
seaworld	seaworld
plummer	plummer
sidorov	sidorov
furoncle	furoncle
aberrant	aberrant
trichent	tricher
yak	yak
cache-moi	cache-moi
cryptée	crypter
acclamer	acclamer
conn	conn
inchangé	inchangé
inhibiteurs	inhibiteur
saint-sylvestre	saint-sylvestre
impresario	impresario
seems	seems
pitance	pitance
flasher	flasher
autorises	autoriser
elgin	elgin
miyazawa	miyazawa
maître-nageur	maître-nageur
révérende	révérend
poivron	poivron
murnau	murnau
vous-vous	vous-vous
rosalia	rosalia
rafraîchi	rafraîchir
autochtone	autochtone
bouc-émissaire	bouc-émissaire
rana	rana
wada	wada
répondrons	répondre
escudos	escudo
boba	boba
choisis-tu	choisis-tu
osier	osier
routières	routier
mitterrand	mitterrand
patagonie	patagonie
selden	selden
fondus	fondu
désorganisé	désorganiser
tivo	tivo
enterres	enterrer
kiry	kiry
torrents	torrent
mallettes	mallette
alimentée	alimenter
pirouettes	pirouette
métaphorique	métaphorique
imhotep	imhotep
confient	confier
saborder	saborder
analysée	analyser
déployées	déployer
spokane	spokane
ciblent	cibler
publiera	publier
dépendons	dépendre
medford	medford
akash	akash
marmonnement	marmonnement
crush	crush
mentors	mentor
épanouissement	épanouissement
arty	arty
punies	punir
défaillante	défaillant
urban	urban
a.a.	a.a.
émergence	émergence
raméne	raméne
murdoc	murdoc
fuiter	fuiter
thackery	thackery
maldives	maldives
yamashita	yamashita
stasi	stasi
ressuscitée	ressusciter
voyeurisme	voyeurisme
admettes	admettre
vivi	vivi
mathilda	mathilda
conjurer	conjurer
coates	coates
fie-toi	fie-toi
echolls	echolls
picsou	picsou
garvin	garvin
aahh	aahh
embellit	embellir
mohan	mohan
palliatifs	palliatif
bunchy	bunchy
surmontera	surmonter
corrobore	corroborer
jugerez	juger
bric-à-brac	bric-à-brac
bovary	bovary
finaux	final
maryann	maryann
chronométré	chronométrer
kamui	kamui
heidelberg	heidelberg
renifleur	renifleur
imparti	impartir
belzébuth	belzébuth
méth	méth
corrigez-moi	corrigez-moi
mons	mons
lévitation	lévitation
tamanna	tamanna
pistol	pistol
manion	manion
spanish	spanish
nader	nader
dachau	dachau
foudres	foudre
13h00	13h00
telling	telling
cult	cult
planifiait	planifier
piqués	piquer
protagoniste	protagoniste
manipules	manipuler
extrèmement	extrèmement
casca	casca
bolivar	bolivar
commémoratif	commémoratif
orthodontiste	orthodontiste
aquitaine	aquitaine
witch	witch
certifiée	certifier
bronché	broncher
copuler	copuler
sifflez	siffler
avant-postes	avant-poste
isn'	isn'
moururent	mourir
mollusque	mollusque
scrupuleux	scrupuleux
rowena	rowena
arrêtez-ça	arrêtez-ça
confinée	confiner
westeros	westeros
sayers	sayers
passionnantes	passionnant
rando	rando
zigouiller	zigouiller
pylône	pylône
ratatouille	ratatouille
codétenu	codétenu
eunuques	eunuque
gombo	gombo
clopinettes	clopinettes
vivaldi	vivaldi
taelon	taelon
larrabee	larrabee
juteuses	juteux
ajourner	ajourner
kishen	kishen
rénaux	rénal
naoko	naoko
affirmait	affirmer
incommensurable	incommensurable
superviseurs	superviseur
souza	souza
marrie	marri
écris-le	écris-le
chancellerie	chancellerie
rejets	rejet
humphries	humphries
irakienne	irakien
réparées	réparer
croqueuse	croqueur
prend-elle	prend-elle
maybelle	maybelle
conduis-toi	conduis-toi
redressé	redresser
jarick	jarick
lésé	léser
varices	varice
mercie	mercie
tele	tele
jambières	jambière
millet	millet
courbatures	courbature
badger	badger
matais	mater
rugueux	rugueux
fermerais	fermer
souciera	soucier
plant	plant
emménagez	emménager
zag	zag
chiches	chiche
lascar	lascar
négligeant	négliger
prieuré	prieuré
écoutez-la	écoutez-la
chianti	chianti
pacquiao	pacquiao
complêtement	complêtement
divulgue	divulguer
percocet	percocet
bluffais	bluffer
tapioca	tapioca
mécanos	mécano
riras	rire
eye-liner	eye-liner
chocottes	chocotte
montaigu	montaigu
draguent	draguer
gauchère	gaucher
tempes	tempe
libertin	libertin
maboule	maboul
finiriez	finir
voulus	vouloir
echapper	echapper
devore	devore
indra	indra
ancrée	ancrer
eleni	eleni
discrédité	discréditer
engourdissement	engourdissement
négociera	négocier
charitables	charitable
emméne	emméne
byrnes	byrnes
toutim	toutim
éclosent	éclore
spirales	spirale
supplient	supplier
tva	tva
means	means
antivirus	antivirus
tãªte	tãªte
savoureuse	savoureux
râpe	râpe
lris	lris
silk	silk
écouterons	écouter
détende	détendre
prolifique	prolifique
amarrer	amarrer
brisait	briser
fureter	fureter
rectangle	rectangle
dimensionnelle	dimensionnel
rok	rok
sevrer	sevrer
rôtie	rôtie
acquittée	acquitter
murakami	murakami
tetch	tetch
amasse	amasser
édit	édit
poulie	poulie
cerne	cerne
fayeed	fayeed
fréro	fréro
crevaison	crevaison
incontinence	incontinence
toi.	toi.
débouché	débouché
sauron	sauron
license	license
traquez	traquer
loud	loud
doublons	doublon
sacquet	sacquet
killers	killers
abjecte	abject
doucet	doucet
tourne-le	tourne-le
atteignez	atteindre
ramu	ramu
radek	radek
tifs	tif
swami	swami
suspendez	suspendre
belote	belote
habitions	habiter
indigné	indigné
merlotte	merlotte
vidait	vider
ultraviolets	ultraviolet
sheen	sheen
refuserai	refuser
grand-mêre	grand-mêre
endettés	endetter
miroiter	miroiter
derevko	derevko
promiscuité	promiscuité
tombèrent	tomber
leticia	leticia
dénudé	dénudé
depot	depot
imaginable	imaginable
biélorussie	biélorussie
déambulateur	déambulateur
mudd	mudd
truly	truly
argentés	argenter
lez	lez
cecily	cecily
lascars	lascar
fortifié	fortifier
calmerait	calmer
téléportés	téléportés
randonnées	randonner
tomans	tomans
denses	dense
ramassant	ramasser
paro	paro
glorifier	glorifier
mouchardé	moucharder
effrayées	effrayer
crabb	crabb
varié	varier
additionne	additionner
il-vous	il-vous
épithéliales	épithéliales
kool-aid	kool-aid
infestation	infestation
aïeul	aïeul
shredder	shredder
submerge	submerger
recraché	recracher
leach	leach
coléreux	coléreux
grug	grug
tangente	tangente
wasabi	wasabi
payable	payable
mandaté	mandater
gymnastes	gymnaste
froisse	froisser
tire-le	tire-le
loved	loved
freedman	freedman
influer	influer
anis	anis
fumaient	fumer
ex-flic	ex-flic
aubry	aubry
baa	baa
zipper	zipper
rayés	rayer
drastique	drastique
envié	envié
clito	clito
harceleuse	harceleur
norrie	norrie
hei	hei
dégagés	dégager
estpas	estpas
mordred	mordred
rafraîchis	rafraîchir
rendez-la-moi	rendez-la-moi
recentrer	recentrer
rirai	rire
épates	épater
télévisés	télévisé
paterson	paterson
costco	costco
3ch00718e	3ch00718e
chausson	chausson
corresponds	correspondre
libérez-vous	libérez-vous
fraiches	fraiches
vaincrai	vaincre
monterait	monter
régénère	régénérer
yvon	yvon
surveillez-les	surveillez-les
rangerai	ranger
implantée	implanter
withs2	withs2
daltonien	daltonien
pennsylvania	pennsylvania
weinberg	weinberg
zacharie	zacharie
calmes-toi	calmes-toi
monocle	monocle
optimiser	optimiser
recommandez	recommander
plairais	plaire
odelle	odelle
sillon	sillon
putter	putter
infeld	infeld
alcootest	alcootest
linds	linds
étanches	étancher
lowenstein	lowenstein
dégagées	dégager
aggravez	aggraver
carcérale	carcéral
cocons	cocon
baille	baille
lémurien	lémurien
ara	ara
choisissez-vous	choisissez-vous
stimulateur	stimulateur
recomptage	recomptage
adorés	adorer
halpert	halpert
asahi	asahi
stonehaven	stonehaven
bâtisseurs	bâtisseur
comprime	comprimer
binky	binky
pétrifiée	pétrifier
riviere	riviere
enfuyais	enfuir
couettes	couette
minimise	minimiser
ani	ani
kokutô	kokutô
libérez-les	libérez-les
disputant	disputer
explicites	explicite
systéme	systéme
insatisfait	insatisfait
psaumes	psaume
stitch	stitch
commères	commère
luk	luk
majeste	majeste
propofol	propofol
préoccupant	préoccupant
reprochait	reprocher
enrobé	enrobé
glossop	glossop
girouette	girouette
yakusa	yakusa
rhythm	rhythm
imprimées	imprimer
iliaque	iliaque
tanne	tanne
transformées	transformer
parvenait	parvenir
svelte	svelte
recoupe	recouper
trachéo	trachéo
batmobile	batmobile
infidélités	infidélité
riccardo	riccardo
transgresser	transgresser
mariné	mariner
escher	escher
saint-tropez	saint-tropez
soussigné	soussigné
grandisses	grandir
ballerines	ballerine
majorque	majorque
retransmission	retransmission
survol	survol
rad	rad
transgressions	transgression
railleries	raillerie
swingue	swinguer
élabore	élaborer
avorte	avorter
ambiguë	ambigu
roach	roach
loup-garous	loup-garous
unnie	unnie
rolly	rolly
yar	yar
encourageons	encourager
mobley	mobley
maires	maire
droguez	droguer
dennison	dennison
regarderons	regarder
diners	diners
lacer	lacer
fanées	faner
visionnaires	visionnaire
réservent	réserver
spoilers	spoilers
ruser	ruser
fanatisme	fanatisme
dù	dù
grattez	gratter
iota	iota
turell	turell
ramollir	ramollir
yeung	yeung
douairière	douairière
koontz	koontz
soufflent	souffler
resteraient	rester
dépravés	dépraver
gusto	gusto
fissuré	fissurer
yuriko	yuriko
irresponsabilité	irresponsabilité
jaden	jaden
ka-kui	ka-kui
moyer	moyer
démissionnerai	démissionner
offre-moi	offre-moi
débarrassent	débarrasser
intimidés	intimider
deauville	deauville
sigrid	sigrid
chuchotes	chuchoter
neurotoxine	neurotoxine
fous-le	fous-le
claquée	claquer
rostro	rostro
timonier	timonier
wiggum	wiggum
billu	billu
monahan	monahan
rer	rer
machu	machu
vergetures	vergeture
braques	braquer
lâche-nous	lâche-nous
claquez	claquer
slide	slide
réorganisation	réorganisation
noëlle	noëlle
zajac	zajac
diplome	diplome
agua	agua
africa	africa
rigides	rigide
questionnée	questionner
mcclain	mcclain
clins	clin
interpose	interposer
literie	literie
balayez	balayer
moufles	moufle
akazab	akazab
autoportrait	autoportrait
mccallum	mccallum
accidentée	accidenter
firewall	firewall
subaru	subaru
sugata	sugata
honnetement	honnetement
enterrons	enterrer
continuez-vous	continuez-vous
cleaver	cleaver
dilapidé	dilapider
décapite	décapiter
protégez-moi	protégez-moi
comfort	comfort
falstaff	falstaff
refroidissent	refroidir
caspere	caspere
dragées	dragée
kroger	kroger
magasines	magasiner
plaquette	plaquette
fleetwood	fleetwood
mitaines	mitaine
assures-toi	assures-toi
blème	blème
obtiennes	obtenir
faucille	faucille
portuaire	portuaire
traductrice	traductrice
trèfles	trèfle
jean-charles	jean-charles
memory	memory
ut	ut
indiscrets	indiscret
felice	felice
terminerai	terminer
paniqués	paniquer
halen	halen
touchiez	toucher
plombage	plombage
tarin	tarin
pornographiques	pornographique
inattention	inattention
chahuter	chahuter
rajan	rajan
parlementer	parlementer
crasseuse	crasseux
vingt-neuf	vingt-neuf
rigoureusement	rigoureusement
agoniser	agoniser
lexy	lexy
toller	toller
fichiez	ficher
vietnamienne	vietnamien
outré	outrer
bellick	bellick
dela	dela
grognant	grogner
pounds	pound
coo	coo
ragot	ragot
illuminés	illuminer
désirant	désirant
marcherons	marcher
inquiétons	inquiéter
waikiki	waikiki
cèdes	céder
sax	sax
tabor	tabor
sussman	sussman
satanistes	satanistes
unger	unger
hyperpropulsion	hyperpropulsion
milligramme	milligramme
impayable	impayable
belenko	belenko
tournages	tournage
souriez-vous	souriez-vous
triés	trier
crumble	crumble
toundra	toundra
ricki	ricki
dominateur	dominateur
tetsuro	tetsuro
andres	andres
graf	graf
cherbourg	cherbourg
terminaux	terminal
kittredge	kittredge
norén	norén
dido	dido
fayot	fayot
quince	quince
angèle	angèle
prosterner	prosterner
pétitions	pétition
ricin	ricin
agissiez	agir
cassais	casser
timo	timo
millionième	millionième
plasticien	plasticien
forçats	forçat
saindoux	saindoux
cap'	cap'
objecter	objecter
alcoolisées	alcooliser
nas	nas
remit	remettre
etudiants	etudiants
marconi	marconi
forages	forage
croustillante	croustillant
desserré	desserrer
ouï	ouïr
rapprochées	rapprocher
bluffait	bluffer
juments	jument
réfugie	réfugier
zafer	zafer
eventuellement	eventuellement
alcoolos	alcoolo
applique-toi	applique-toi
surfé	surfer
tolérera	tolérer
bouillabaisse	bouillabaisse
katharine	katharine
varient	varier
verticales	vertical
huo	huo
malbouffe	malbouffe
copernic	copernic
enfumé	enfumé
propagée	propager
dimitrios	dimitrios
pennington	pennington
bolo	bolo
électrogène	électrogène
prevenir	prevenir
démembrer	démembrer
miaule	miauler
suits	suits
réquisitionne	réquisitionner
galia	galia
boulogne	boulogne
shall	shall
neutron	neutron
éternise	éterniser
mandoline	mandoline
troïlus	troïlus
enfanter	enfanter
agites	agiter
partagerais	partager
troufion	troufion
battery	battery
plombages	plombage
matérialiser	matérialiser
entraînez-vous	entraînez-vous
rhumes	rhume
muses	muse
zobelle	zobelle
réjouissons-nous	réjouissons-nous
rationner	rationner
retors	retors
boursière	boursier
pétait	péter
visqueuse	visqueux
compensé	compensé
émail	émail
frontiere	frontiere
consécration	consécration
receviez	recevoir
analytique	analytique
récoltent	récolter
gaspar	gaspar
biden	biden
profitais	profiter
essaierez	essayer
redéfinir	redéfinir
stamford	stamford
malveillante	malveillant
appétissante	appétissant
sacrifiées	sacrifier
tintements	tintement
reconnaîtriez	reconnaître
effondrait	effondrer
ahab	ahab
phuong	phuong
bateman	bateman
voguer	voguer
grand-mères	grand-mère
éclata	éclater
herrera	herrera
synchronisée	synchronisé
niez-vous	niez-vous
expliquée	expliquer
aylin	aylin
réduirai	réduire
détestes-tu	détestes-tu
barnard	barnard
optimal	optimal
centaures	centaure
gabarit	gabarit
booty	booty
putt	putt
gérons	gérer
entraîneuse	entraîneuse
convoyeur	convoyeur
scoliose	scoliose
épatée	épater
impérialistes	impérialiste
fo	fo
réaffecté	réaffecter
desserre	desserrer
bei	bei
hocher	hocher
relève-le	relève-le
harken	harken
au-dehors	au-dehors
pochettes	pochette
exercée	exercer
retrouvaient	retrouver
prédisent	prédire
jambons	jambon
diagrammes	diagramme
gazé	gazé
mangeoire	mangeoire
mohammad	mohammad
conserverie	conserverie
masayuki	masayuki
warblers	warblers
eloïse	eloïse
rabbins	rabbin
inaugure	inaugurer
b1	b1
éclairez-moi	éclairez-moi
dietz	dietz
dashwood	dashwood
orton	orton
liront	lire
causalité	causalité
chain	chain
enquérir	enquérir
achève-moi	achève-moi
amorcé	amorcer
fitzroy	fitzroy
lipton	lipton
buxton	buxton
conduirez	conduire
marmaduke	marmaduke
effusions	effusion
bosworth	bosworth
dessinent	dessiner
grossissent	grossir
nommant	nommer
descendez-moi	descendez-moi
sereinement	sereinement
peignes	peigne
plumage	plumage
respectiez	respecter
asseye	asseoir
hanne	hanne
touffu	touffu
dèj	dèj
echelon	echelon
survint	survenir
amèneront	amener
pales	pale
remerciez-le	remerciez-le
apaisante	apaisant
mêlant	mêler
brutalisé	brutaliser
promptement	promptement
expertes	expert
cognitives	cognitif
cybercafé	cybercafé
vaillance	vaillance
eph	eph
chargements	chargement
zathras	zathras
choisissez-en	choisissez-en
natesville	natesville
bouffant	bouffant
entremetteuse	entremetteur
balançoires	balançoire
tornado	tornado
finissaient	finir
informant	informant
cheque	cheque
hazzard	hazzard
ennuierais	ennuyer
saphirs	saphir
frêres	frêres
holcomb	holcomb
avariée	avarier
dole	doler
démasque	démasquer
miu	miu
seizième	seizième
redemanderai	redemander
serves	servir
milligan	milligan
basset	basset
cray	cray
electrique	electrique
stipulé	stipuler
sanglot	sanglot
pimbêche	pimbêche
tolson	tolson
ahhhh	ahhhh
bizzy	bizzy
bonney	bonney
préviennent	prévenir
rafting	rafting
showtime	showtime
gna	gna
wilber	wilber
mulets	mulet
acérées	acérer
flotteur	flotteur
prior	prior
inexorablement	inexorablement
vra	vra
nagoya	nagoya
saku	saku
sauvez-nous	sauvez-nous
validation	validation
récupérais	récupérer
incriminant	incriminant
soulèves	soulever
huber	huber
disparaissais	disparaître
mozambique	mozambique
continentale	continental
jez	jez
leonora	leonora
gigote	gigoter
hanbyul	hanbyul
platinum	platinum
survivons	survivre
axes	axe
jeunette	jeunet
analysant	analysant
craquante	craquant
flétan	flétan
échangerai	échanger
hy	hy
chevrotine	chevrotine
compétitifs	compétitif
streets	streets
pâtissière	pâtissier
pembroke	pembroke
persécutions	persécution
affichent	afficher
ainsley	ainsley
hey.	hey.
exprimes	exprimer
chopra	chopra
partie-là	partie-là
yannick	yannick
plut	pleuvoir
intéresse-t-il	intéresse-t-il
exceller	exceller
rally	rally
rudd	rudd
mafioso	mafioso
légaliser	légaliser
échangera	échanger
fã	fã
descendrais	descendre
depend	depend
herzog	herzog
dattes	datte
entreposer	entreposer
faîtes-le	faîtes-le
patchs	patch
creighton	creighton
travaillait-il	travaillait-il
otite	otite
jedikiah	jedikiah
commettant	commettant
apporta	apporter
charognard	charognard
ponctuation	ponctuation
joua	jouer
rocheuse	rocheux
osmond	osmond
rassieds-toi	rassieds-toi
jermaine	jermaine
whoua	whoua
brigham	brigham
u.s.s.	u.s.s.
pats	pats
livide	livide
recueillies	recueillir
enigma	enigma
centristes	centriste
fiente	fiente
naboo	naboo
confiseries	confiserie
swinguer	swinguer
somewhere	somewhere
démesurée	démesuré
etta	etta
entretenait	entretenir
enceint	enceint
pesez	peser
attouchements	attouchement
aérospatiale	aérospatial
accomplisse	accomplir
zoran	zoran
urbains	urbain
hyperventilation	hyperventilation
paragraphes	paragraphe
cavaler	cavaler
homonyme	homonyme
mobilisés	mobiliser
sortiraient	sortir
pessimisme	pessimisme
liston	liston
sign	sign
jah	jah
bisque	bisque
ramassais	ramasser
symbolisent	symboliser
quayle	quayle
agitées	agiter
hamlin	hamlin
menteuses	menteur
cohue	cohue
détérioré	détérioré
transcender	transcender
mi-homme	mi-homme
spécialisation	spécialisation
amidala	amidala
programmeurs	programmeur
yvan	yvan
otomo	otomo
rezian	rezian
kiran	kiran
cinétique	cinétique
vivifiant	vivifiant
manly	manly
marilla	marilla
gaynor	gaynor
atari	atari
strudel	strudel
garson	garson
finiraient	finir
souffrirez	souffrir
contrition	contrition
meir	meir
player	player
tartares	tartare
disjoncte	disjoncter
prédisposition	prédisposition
nodules	nodule
endormira	endormir
cliqué	cliquer
fiez-vous	fiez-vous
déversement	déversement
butoir	butoir
escarpins	escarpin
pookie	pookie
exutoire	exutoire
frémis	frémir
fais-le-moi	fais-le-moi
supp	supp
convives	convive
edvard	edvard
terni	ternir
geai	geai
captivante	captivant
seimei	seimei
cisjordanie	cisjordanie
réal	réal
poêles	poêle
referment	refermer
bougeront	bouger
melman	melman
désinvolture	désinvolture
conspirer	conspirer
lemaître	lemaître
ignore-la	ignore-la
gèlent	geler
bambins	bambin
contrôlaient	contrôler
rumplestiltskin	rumplestiltskin
épanoui	épanoui
mcveigh	mcveigh
panini	panini
avignon	avignon
mima	mimer
viet	viet
théoriques	théorique
allèrent	aller
comptiez-vous	comptiez-vous
carpien	carpien
perceptions	perception
coupez-lui	coupez-lui
privations	privation
rouillées	rouiller
tibétains	tibétain
suge	suge
hado	hado
attendues	attendre
eponge	eponge
moudre	moudre
kallie	kallie
cappella	cappella
générée	générer
tortueux	tortueux
devrons-nous	devrons-nous
alpine	alpin
evêque	evêque
flippent	flipper
bisexuelle	bisexuel
orchestra	orchestrer
fabriquons	fabriquer
gonorrhée	gonorrhée
négligez	négliger
persistante	persistant
natte	natte
delancey	delancey
châtié	châtier
hippy	hippy
stanfield	stanfield
marteler	marteler
absorbant	absorbant
beans	beans
défaillir	défaillir
mini-bar	mini-bar
romanov	romanov
conviendrez	convenir
siphon	siphon
repens	repentir
auteure	auteure
hôtelier	hôtelier
paracétamol	paracétamol
emblématique	emblématique
abdo	abdo
totallement	totallement
bassesse	bassesse
lal	lal
fait-le	fait-le
finish	finish
polack	polack
rechuté	rechuter
ivo	ivo
colporteur	colporteur
choisiront	choisir
réfute	réfuter
coreen	coreen
tylenol	tylenol
xl	xl
fries	fries
chronologique	chronologique
maniac	maniac
localisateur	localisateur
filais	filer
tardivement	tardivement
hind	hind
quadrillage	quadrillage
courtisée	courtiser
masquée	masquer
ends	ends
dormis	dormir
ecoute-le	ecoute-le
gousset	gousset
classeurs	classeur
mentionnes	mentionner
cafter	cafter
forestiers	forestier
paperasses	paperasse
capoté	capoter
confirmeront	confirmer
grimpait	grimper
frileux	frileux
mélangeant	mélanger
considériez	considérer
débiteur	débiteur
quandje	quandje
brûle-le	brûle-le
traversées	traversée
ursus	ursus
bradbury	bradbury
jimenez	jimenez
polina	polina
trottinette	trottinette
rapportant	rapporter
roseau	roseau
arm	arm
couvrirait	couvrir
baltique	baltique
gluante	gluant
lncroyable	lncroyable
monologues	monologue
craigslist	craigslist
ibn	ibn
rickey	rickey
paquetage	paquetage
quarles	quarles
accompagneront	accompagner
illusionniste	illusionniste
fossette	fossette
acheteuse	acheteur
survêt	survêt
unicef	unicef
andalousie	andalousie
khlyen	khlyen
recevaient	recevoir
bridger	bridger
lamia	lamia
mortadelle	mortadelle
battage	battage
génèrent	générer
exhumation	exhumation
colorier	colorier
manta	manta
persistes	persister
séduisantes	séduisant
courtoise	courtois
godfather	godfather
affronterai	affronter
menthol	menthol
synonymes	synonyme
sauf-conduit	sauf-conduit
syndicaliste	syndicaliste
minh	minh
kelno	kelno
perverses	pervers
magogs	magogs
déchirait	déchirer
pressait	presser
towne	towne
connasses	connasse
répertoriés	répertorier
désapprouvez	désapprouver
barca	barca
assistons	assister
attrapeur	attrapeur
prednisone	prednisone
junichi	junichi
réalisons	réaliser
noches	noches
régate	régate
kala	kala
détailler	détailler
harmonies	harmonie
boswell	boswell
javelot	javelot
mensualités	mensualité
polygame	polygame
chorizo	chorizo
emportez-le	emportez-le
proteus	proteus
lamente	lamenter
recouvertes	recouvrir
fériés	férié
sympathies	sympathie
interrogeant	interroger
ds9	ds9
cuis	cuire
versées	verser
tapoter	tapoter
éreinté	éreinté
rosco	rosco
warm	warm
métronome	métronome
séparez-les	séparez-les
pleurnicheries	pleurnicherie
rotations	rotation
foutez-vous	foutez-vous
barrettes	barrette
poché	pocher
attachez-la	attachez-la
lucca	lucca
enfermement	enfermement
pussycat	pussycat
imposes	imposer
dévoue	dévouer
idris	idris
resultats	resultats
métropolitaine	métropolitain
myeong	myeong
interviewe	interviewer
ligotés	ligoter
refroidie	refroidir
gut	gut
cec	cec
boréale	boréal
reviendras-tu	reviendras-tu
éligible	éligible
tamponner	tamponner
reveillé	reveillé
fouineurs	fouineur
laiterie	laiterie
kimonos	kimono
hillman	hillman
déposais	déposer
celui-ià	celui-ià
léchant	lécher
kovacs	kovacs
riot	riot
engueulait	engueuler
tracassait	tracasser
lavera	laver
ouvrirons	ouvrir
collectivité	collectivité
winkle	winkle
alaikum	alaikum
pubien	pubien
tessie	tessie
gréve	gréve
intervenants	intervenant
ithaca	ithaca
wham	wham
entretués	entretuer
bénef	bénef
détache-le	détache-le
débine	débiner
stefania	stefania
medellín	medellín
taguchi	taguchi
minoru	minoru
lago	lago
percés	percer
conventionnels	conventionnel
youth	youth
kimi	kimi
non-coupable	non-coupable
cézanne	cézanne
rassures	rassurer
démontrent	démontrer
dinky	dinky
épousait	épouser
bukowski	bukowski
contaminées	contaminer
renversez	renverser
trafiques	trafiquer
dégouté	dégouté
ailé	ailé
prévoyez-vous	prévoyez-vous
brumes	brume
tahir	tahir
zelenka	zelenka
entraînerai	entraîner
profusion	profusion
déchargée	décharger
graissé	graisser
ergo	ergo
piña	piña
ishaan	ishaan
i-je	i-je
canalise	canaliser
cymbales	cymbale
rallumé	rallumer
rassemblant	rassembler
flagstaff	flagstaff
vénitien	vénitien
knightmare	knightmare
innée	inné
emmenons-la	emmenons-la
désoler	désoler
zorn	zorn
penry	penry
signerais	signer
gamineries	gaminerie
tôga	tôga
repartirez	repartir
crachats	crachat
shima	shima
charnière	charnière
instances	instance
raccommoder	raccommoder
brumby	brumby
sédition	sédition
linwelin	linwelin
fournissant	fournir
irréprochables	irréprochable
substantielle	substantiel
golan	golan
contredisent	contredire
porterons	porter
murderface	murderface
supernatural	supernatural
assisterez	assister
escortera	escorter
abandonneras	abandonner
donne-le-lui	donne-le-lui
daya	daya
tord-boyaux	tord-boyaux
grossières	grossier
restera-t-il	restera-t-il
retenez-les	retenez-les
injecteurs	injecteur
doctorats	doctorat
abonnements	abonnement
soignerai	soigner
semtex	semtex
vomissait	vomir
transparents	transparent
acn	acn
ronronnement	ronronnement
amalgame	amalgame
selleck	selleck
yvain	yvain
interrogateur	interrogateur
territoriales	territorial
reconstruite	reconstruire
bonanza	bonanza
nems	nem
analogique	analogique
affectait	affecter
psychotropes	psychotrope
warehouse	warehouse
chiara	chiara
history	history
surveilliez	surveiller
mcginty	mcginty
confirmes	confirmer
hoss	hoss
audra	audra
bolus	bolus
rattrapez-les	rattrapez-les
journey	journey
maîtrisent	maîtriser
laborieux	laborieux
marsden	marsden
galéré	galérer
remuent	remuer
amputée	amputer
ronson	ronson
holger	holger
mon-el	mon-el
roumaine	roumain
exquises	exquis
grondé	gronder
coefficient	coefficient
sommelier	sommelier
flaco	flaco
angelique	angelique
boost	boost
estce	estce
mentirait-il	mentirait-il
marelle	marelle
vergers	verger
bénies	bénir
échoués	échouer
prouverons	prouver
belladone	belladone
cautions	caution
monopolise	monopoliser
abreuvoir	abreuvoir
à-côté	à-côté
rôdait	rôder
négligés	négliger
dispersent	disperser
pût	pouvoir
affaiblissent	affaiblir
reflechir	reflechir
chevronné	chevronné
rebondissements	rebondissement
ruinées	ruiner
louange	louange
krampus	krampus
exigera	exiger
bcbg	bcbg
quinoa	quinoa
injectez	injecter
angry	angry
arturus	arturus
deion	deion
oc	oc
posa	poser
r.a.s	r.a.s
trouilles	trouille
suçant	sucer
kasumi	kasumi
le-	le-
marquait	marquer
ressentis	ressentir
sacrifierai	sacrifier
arlequin	arlequin
accapare	accaparer
mégatonnes	mégatonne
laissions	laisser
inaction	inaction
ci-joint	ci-joint
insultante	insultant
brochet	brochet
étrangeté	étrangeté
calins	calins
zoomez	zoomer
ila	ila
blinky	blinky
kadhafi	kadhafi
taquet	taquet
cori	cori
dhani	dhani
saccagée	saccager
eldon	eldon
coupe-lui	coupe-lui
miyuki	miyuki
coconut	coconut
influentes	influent
lahiri	lahiri
toi-meme	toi-meme
conciliation	conciliation
rules	rules
exécutant	exécutant
drexel	drexel
manipulez	manipuler
dew	dew
wine	wine
lyra	lyra
arbitrer	arbitrer
enjoy	enjoy
lita	liter
écroulera	écrouler
carrer	carrer
marxiste	marxiste
eucalyptus	eucalyptus
vendraient	vendre
coffin	coffin
attack	attack
régulateurs	régulateur
espinosa	espinosa
avions-nous	avions-nous
tropicaux	tropical
manges-tu	manges-tu
tavernier	tavernier
survenus	survenir
breveté	breveté
sousa	sousa
marcheras	marcher
orientée	orienter
audiovisuel	audiovisuel
châtains	châtain
résolument	résolument
renfermée	renfermer
metcalf	metcalf
rétrospectivement	rétrospectivement
asocial	asocial
engloutit	engloutir
féerique	féerique
pawan	pawan
chauffent	chauffer
rakka	rakka
bruyantes	bruyant
agonisant	agonisant
détalé	détaler
aide-les	aide-les
marchiez	marcher
nicks	nicks
darrel	darrel
déposait	déposer
ripostez	riposter
expérimentaux	expérimental
radiateurs	radiateur
proposés	proposer
allumant	allumant
tourbillons	tourbillon
dépouillés	dépouiller
îlot	îlot
calculée	calculer
assèche	assécher
méticuleuse	méticuleux
mendie	mendier
cravat	cravat
quart-arrière	quart-arrière
essayages	essayage
leto	leto
défigurer	défigurer
nicolette	nicolette
scenario	scenario
parure	parure
ralentissement	ralentissement
perdraient	perdre
refusez-vous	refusez-vous
takuya	takuya
chimistes	chimiste
draft	draft
aspirés	aspirer
lar	lar
vigoureuse	vigoureux
magnificence	magnificence
coloniser	coloniser
embrase	embraser
aphasie	aphasie
corrompues	corrompu
intestinal	intestinal
dénouer	dénouer
réveillerais	réveiller
zooey	zooey
byzance	byzance
kettle	kettle
latins	latin
tereza	tereza
expropriation	expropriation
grimaldi	grimaldi
démantèlement	démantèlement
crin	crin
geiss	geiss
tolérante	tolérant
rappele	rappele
consolé	consoler
oliviers	olivier
neutralisés	neutraliser
oula	oula
rayonner	rayonner
wok	wok
cuillers	cuiller
respirable	respirable
crawl	crawl
chui	chui
jamil	jamil
bavette	bavette
canaveral	canaveral
putréfaction	putréfaction
ogami	ogami
rangoon	rangoon
tibias	tibia
satisfera	satisfaire
jurys	jury
rejoigniez	rejoindre
dudu	dudu
courtage	courtage
calomnier	calomnier
changerons	changer
aude	aude
tgv	tgv
thérésa	thérésa
shintaro	shintaro
lnutile	lnutile
o.c.	o.c.
condom	condom
blu-ray	blu-ray
bagwell	bagwell
scrute	scruter
yardley	yardley
decider	decider
illimités	illimité
détend-toi	détend-toi
mame	mame
mtac	mtac
inquiéterait	inquiéter
indéterminé	indéterminé
peacock	peacock
londoniens	londonien
coin-coin	coin-coin
rions	rire
rejetant	rejeter
voilã	voilã
woodhull	woodhull
aurèle	aurèle
frimeurs	frimeur
enflammés	enflammer
roza	roza
molaires	molaire
obstines	obstiner
snif	snif
améliorant	améliorant
hydravion	hydravion
tempete	tempete
détendes	détendre
arménienne	arménien
demi-frères	demi-frère
sirotant	siroter
uri	uri
pépée	pépée
déchirures	déchirure
rappelez-le	rappelez-le
share	share
dînais	dîner
essoufflement	essoufflement
kebabs	kebab
capturez	capturer
braconnage	braconnage
astronef	astronef
floral	floral
veritas	veritas
minas	miner
entouraient	entourer
hibiscus	hibiscus
dem	dem
obteniez	obtenir
memo	memo
maja	maja
works	works
faizal	faizal
fouille-merde	fouille-merde
vie-là	vie-là
accompagnerez	accompagner
khaleesi	khaleesi
heurtent	heurter
videos	videos
forçat	forçat
virginie-occidentale	virginie-occidentale
mestre	mestre
animations	animation
stupidités	stupidité
blockbuster	blockbuster
juicy	juicy
stardust	stardust
avengers	avengers
larabee	larabee
firestorm	firestorm
peanutbutter	peanutbutter
cedra	cedra
considère-toi	considère-toi
annihilation	annihilation
a.c.	a.c.
bren	bren
harcelés	harceler
réveille-le	réveille-le
blondinette	blondinet
requinquer	requinquer
yom	yom
lâchais	lâcher
affluer	affluer
mellon	mellon
nsc	nsc
amplifié	amplifié
proxy	proxy
frampton	frampton
spartiate	spartiate
voyelle	voyelle
fra	fra
appellez-moi	appellez-moi
amaia	amaia
instar	instar
rigolant	rigoler
note-le	note-le
apr	apr
déformés	déformer
regardes-moi	regardes-moi
ramenez-nous	ramenez-nous
blés	blé
potelé	potelé
deals	deal
mm-mmm	mm-mmm
gorbatchev	gorbatchev
coltrane	coltrane
enflées	enfler
daggett	daggett
soldier	soldier
beatrix	beatrix
inacceptables	inacceptable
dren	dren
timbrés	timbrer
peyotl	peyotl
luminol	luminol
whiskys	whisky
bandant	bandant
étriers	étrier
séchez	sécher
enfoirée	enfoiré
geraldine	geraldine
ddass	ddass
reset	reset
kaput	kaput
millionaire	millionaire
asservi	asservir
cheminot	cheminot
effendi	effendi
twitch	twitch
ôgi	ôgi
photocopier	photocopier
personnalisée	personnaliser
huppé	huppé
inversez	inverser
bavasser	bavasser
célébrant	célébrant
woodley	woodley
nuira	nuire
tico	tico
résidentielle	résidentiel
ments	ments
attorney	attorney
annulerai	annuler
person	person
machettes	machette
preeti	preeti
véga	véga
sextape	sextape
indécence	indécence
bichonner	bichonner
hameçons	hameçon
perdions	perdre
clock	clock
gert	gert
halte-là	halte-là
jovial	jovial
répétera	répéter
bitsy	bitsy
stellaires	stellaire
crut	croire
législateurs	législateur
guindé	guindé
romantic	romantic
afflige	affliger
plaisaient	plaire
zalman	zalman
concluons	conclure
pulp	pulp
aminés	aminé
disciplinés	discipliner
incendiée	incendier
asseyons	asseoir
sauvageons	sauvageon
reprenais	reprendre
stratosphère	stratosphère
debby	debby
desiree	desiree
homophobie	homophobie
chon	chon
enterrait	enterrer
féline	félin
recevrons	recevoir
conjoncture	conjoncture
grimpant	grimpant
gracier	gracier
eduard	eduard
éditer	éditer
arrétez	arrétez
mclaughlin	mclaughlin
wtc	wtc
enroulée	enrouler
shootée	shooter
irriguer	irriguer
fermoir	fermoir
lèves-toi	lèves-toi
privant	priver
notez-le	notez-le
hilliard	hilliard
dépressurisation	dépressurisation
norwood	norwood
glissade	glissade
boirait	boire
baignée	baigner
oubliez-la	oubliez-la
allocution	allocution
spontanés	spontané
bernardino	bernardino
rika	rika
réchapper	réchapper
jima	jima
rayez	rayer
woodcock	woodcock
alternatifs	alternatif
liqueurs	liqueur
treblinka	treblinka
sergeant	sergeant
deer	deer
appétits	appétit
fork	fork
déménageur	déménageur
épousez-moi	épousez-moi
précipites	précipiter
sardaigne	sardaigne
whitlock	whitlock
condamnera	condamner
exercez	exercer
bourdonnent	bourdonner
capeside	capeside
implorant	implorant
moves	moves
osmose	osmose
bans	ban
bourrin	bourrin
incarcérer	incarcérer
theme	theme
coupe-feu	coupe-feu
babish	babish
ravager	ravager
walmart	walmart
v3	v3
intestinaux	intestinal
noni	noni
chaucer	chaucer
fûmes	être
aiguisés	aiguiser
fessiers	fessier
kurdy	kurdy
oda	oda
telford	telford
compétiteur	compétiteur
t-tu	t-tu
faussaires	faussaire
entretiennent	entretenir
guimauves	guimauve
prospéré	prospérer
dieu.	dieu.
flattes	flatter
préféraient	préférer
chrysanthèmes	chrysanthème
mole	mole
mecha	mecha
écroulait	écrouler
foa	foa
citerai	citer
bougres	bougre
bower	bower
cee	cee
malabar	malabar
impudent	impudent
appliquant	appliquer
séchés	sécher
nyada	nyada
jetez-y	jetez-y
accordez-vous	accordez-vous
chasserai	chasser
mìme	mìme
usurper	usurper
orphelines	orphelin
hibbert	hibbert
beaute	beaute
putsch	putsch
fruité	fruité
droguais	droguer
sidle	sidle
harrigan	harrigan
dessèche	dessécher
plongeons	plongeon
ouvrez-les	ouvrez-les
electricité	electricité
tapote	tapoter
contrariété	contrariété
guide-moi	guide-moi
troublantes	troublant
fraiser	fraiser
yagyû	yagyû
garées	garer
bartleby	bartleby
enrayé	enrayer
flasques	flasque
veen	veen
dez	dez
minimal	minimal
faon	faon
écrabouillé	écrabouiller
médecin-chef	médecin-chef
polyvalent	polyvalent
affûté	affûté
demetrius	demetrius
aretha	aretha
collégiens	collégien
butes	buter
lobbyistes	lobbyistes
drucker	drucker
jackass	jackass
proposera	proposer
supersonique	supersonique
mauser	mauser
dominicains	dominicain
petits-fils	petit-fils
tremblote	tremblote
assemblent	assembler
cloîtrée	cloîtrer
bremer	bremer
mascottes	mascotte
falafel	falafel
pei	pei
paint	paint
programmées	programmer
hérédité	hérédité
ponyville	ponyville
pitreries	pitrerie
métrique	métrique
lymphatiques	lymphatique
travailleuses	travailleuse
métros	métro
luper	luper
rosetta	rosetta
retenez-vous	retenez-vous
scintillent	scintiller
flat	flat
al-qaeda	al-qaeda
opposes	opposer
isao	isao
edit	edit
supplierai	supplier
orthopédiste	orthopédiste
saiyan	saiyan
si-	si-
déductible	déductible
scat	scat
obéissait	obéir
presse-papiers	presse-papier
pignons	pignon
homologue	homologue
dominicain	dominicain
susanne	susanne
capturent	capturer
hôtellerie	hôtellerie
kharis	kharis
coques	coque
guéries	guérir
herc	herc
rosso	rosso
divaguer	divaguer
rencardé	rencarder
achèterez	acheter
estjamais	estjamais
stockwell	stockwell
blancheur	blancheur
cures	cure
multimillionnaire	multimillionnaire
saurons-nous	saurons-nous
abnégation	abnégation
atours	atour
clocharde	clochard
gosling	gosling
écorche	écorcher
témérité	témérité
seger	seger
sembla	sembler
frisky	frisky
rediffusion	rediffusion
maladive	maladif
isaak	isaak
toshiko	toshiko
disons-nous	disons-nous
cotisation	cotisation
intransigeant	intransigeant
fâchées	fâcher
appuierai	appuyer
pelican	pelican
dilaté	dilaté
samira	samira
éprouvait	éprouver
wellesley	wellesley
thin	thin
tenterais	tenter
coon	coon
crèches	crèche
brixton	brixton
endormait	endormir
catapultes	catapulte
genny	genny
parleraient	parler
différé	différé
réducteur	réducteur
empeche	empeche
puisse-t-il	puisse-t-il
mountains	mountains
endiguer	endiguer
vissé	visser
dreyfuss	dreyfuss
hidalgo	hidalgo
rottweiler	rottweiler
opérationnelles	opérationnel
montrez-le-moi	montrez-le-moi
factices	factice
sakurai	sakurai
inespéré	inespéré
mud	mud
descendront	descendre
spoon	spoon
stonehenge	stonehenge
vignobles	vignoble
tchou-tchou	tchou-tchou
pelleteuse	pelleteuse
greenfield	greenfield
fahrenheit	fahrenheit
alléchante	alléchant
hoff	hoff
raider	raider
brinkley	brinkley
gâtez	gâter
valda	valda
copacabana	copacabana
xvi	xvi
trumbo	trumbo
répète-le	répète-le
wives	wives
retapé	retaper
tv1	tv1
trapu	trapu
chilien	chilien
mâches	mâcher
veep	veep
schneizel	schneizel
barnum	barnum
culturellement	culturellement
rythme-là	rythme-là
conduisez-nous	conduisez-nous
lyta	lyta
dessoûler	dessoûler
fadaises	fadaise
jauger	jauger
précipitons	précipiter
enflés	enfler
craquait	craquer
taïaut	taïaut
londonienne	londonien
réfléchissait	réfléchir
amaya	amaya
avarie	avarie
sets	set
réunisse	réunir
ressembliez	ressembler
teeth	teeth
rejoignant	rejoindre
graziano	graziano
icarus	icarus
desquelles	desquelles
malchanceuse	malchanceux
women	women
3-d	3-d
tammi	tammi
varrick	varrick
course-poursuite	course-poursuite
whoop	whoop
coles	coles
existante	existant
naitre	naitre
farsi	farsi
slovaquie	slovaquie
yip	yip
milford	milford
ferrées	ferrer
kc	kc
rhésus	rhésus
aoshima	aoshima
régi	régir
strix	strix
guinevere	guinevere
foudroyant	foudroyant
renverses	renverser
loques	loque
laugh	laugh
quatre-vingts	quatre-vingts
crépitement	crépitement
grignote	grignoter
plouffe	plouffe
obtenais	obtenir
dome	dome
laryngite	laryngite
déchue	déchu
khun	khun
suivraient	suivre
kimberley	kimberley
souffraient	souffrir
fabriquais	fabriquer
ember	ember
blackstone	blackstone
diapason	diapason
wegener	wegener
baraquement	baraquement
chronos	chrono
singhania	singhania
axis	axis
forains	forain
concord	concord
angiographie	angiographie
surestime	surestimer
mariee	mariee
revenions	revenir
ête	ête
d.e.a.	d.e.a.
plaçait	placer
dureront	durer
l.j.	l.j.
modérée	modérer
stormy	stormy
saturn	saturn
retransmis	retransmettre
bhagat	bhagat
démodés	démoder
pioches	pioche
vendeuses	vendeur
hutchins	hutchins
bêche	bêcher
astrale	astral
crèverai	crever
siecle	siecle
ducks	ducks
lancez-vous	lancez-vous
remboursements	remboursement
achetaient	acheter
lessives	lessive
fondatrice	fondateur
courut	courir
pousserai	pousser
collie	collie
tat	tat
ajourné	ajourné
pernille	pernille
satisfais	satisfaire
peterman	peterman
fuseau	fuseau
cohorte	cohorte
rement	rement
constitutionnels	constitutionnel
immaculés	immaculé
taryn	taryn
révéla	révéler
parkour	parkour
lobbying	lobbying
procurent	procurer
descendiez	descendre
échardes	écharde
biscayne	biscayne
obsessionnelle	obsessionnel
engueulée	engueuler
comprenions	comprendre
aveuglant	aveuglant
veillais	veiller
urologue	urologue
fiji	fiji
rappliquent	rappliquer
cimes	cime
humilies	humilier
automobilistes	automobiliste
kubilai	kubilai
deviens-tu	deviens-tu
vidéo-surveillance	vidéo-surveillance
volley-ball	volley-ball
saurez-vous	saurez-vous
huckleberry	huckleberry
geneva	geneva
boutonner	boutonner
shraga	shraga
étourdissement	étourdissement
tangue	tangue
wax	wax
13h30	13h30
ussing	ussing
hours	hours
embrassiez	embrasser
parvenons	parvenir
coventry	coventry
apaisée	apaiser
jarndyce	jarndyce
pistonné	pistonner
telegraph	telegraph
wembley	wembley
piquette	piquette
gauss	gauss
gardes-tu	gardes-tu
privilégier	privilégier
exaucés	exaucer
scoubidou	scoubidou
moisie	moisir
hortensias	hortensia
gérable	gérable
servile	servile
démuni	démunir
représentatif	représentatif
paddy'	paddy'
urquhart	urquhart
noircir	noircir
fortifiée	fortifier
f-16	f-16
ogata	ogata
mimosas	mimosa
nierait	nier
intraitable	intraitable
cui	cui
beats	beats
stupéfaite	stupéfait
tachyons	tachyon
désignation	désignation
lymphatique	lymphatique
entendons-nous	entendons-nous
diddy	diddy
absoudre	absoudre
expressif	expressif
karate	karate
sifflote	siffloter
kovak	kovak
addictif	addictif
existants	existant
habiterai	habiter
rendez-la	rendez-la
irréfléchie	irréfléchi
leu	leu
plairont	plaire
nouveau-nés	nouveau-né
soupçonnés	soupçonner
idã	idã
trigonométrie	trigonométrie
simran	simran
outsiders	outsider
inconfortables	inconfortable
retro	retro
timon	timon
monstrueuses	monstrueux
espériez-vous	espériez-vous
modestement	modestement
récompensera	récompenser
masturbé	masturber
enviais	envier
inexpliqué	inexpliqué
mélodieux	mélodieux
frictions	friction
poppers	poppers
fluttershy	fluttershy
symposium	symposium
gremlins	gremlins
andromeda	andromeda
sénégal	sénégal
nomi	nomi
dévisser	dévisser
composante	composante
décathlon	décathlon
combles	combler
volailles	volaille
braisé	braisé
gommes	gomme
déchargement	déchargement
muerte	muerte
portait-il	portait-il
ressemblances	ressemblance
pokémons	pokémons
fioritures	fioriture
abandonnerons	abandonner
blush	blush
kronos	kronos
tirez-lui	tirez-lui
dégeu	dégeu
chaim	chaim
formions	former
décongeler	décongeler
brunson	brunson
shinobu	shinobu
elisha	elisha
needs	needs
health	health
vidant	vider
strass	strass
zuckerberg	zuckerberg
équivalente	équivalent
affligée	affliger
keira	keira
ignorées	ignorer
remets-les	remets-les
merçi	merçi
snapchat	snapchat
insondable	insondable
xiaoyan	xiaoyan
s48i1chffffff	s48i1chffffff
latina	latina
sla	sla
rebellé	rebeller
transformerait	transformer
linz	linz
quintana	quintana
nesbit	nesbit
riders	riders
superstars	superstar
dying	dying
ètre	ètre
nee	nee
spectrale	spectral
blakely	blakely
condamnant	condamner
insuffler	insuffler
israélites	israélite
doesn'	doesn'
detruire	detruire
francaise	francaise
kahless	kahless
concevable	concevable
télépathiques	télépathique
condisciple	condisciple
gunner	gunner
fourre-tout	fourre-tout
volga	volga
paddington	paddington
sarrasin	sarrasin
bisbee	bisbee
méthodologie	méthodologie
foutez-lui	foutez-lui
usagé	usagé
pigent	piger
poseurs	poseur
saks	saks
dégainez	dégainer
sight	sight
enfiles	enfiler
few	few
traiterais	traiter
adela	adela
régresser	régresser
racontars	racontar
spacieuse	spacieux
adolfo	adolfo
uta	uta
comet	comet
lièvres	lièvre
pumpkin	pumpkin
sanae	sanae
carpette	carpette
renaîtra	renaître
farnum	farnum
vendez-vous	vendez-vous
symétriques	symétrique
sylvestre	sylvestre
imposez	imposer
minnelli	minnelli
connaissons-nous	connaissons-nous
chinetoques	chinetoque
parut	paraître
superflue	superflu
retrouvez-nous	retrouvez-nous
garnements	garnement
géo	géo
bovins	bovin
sténographe	sténographe
meal	meal
lumpy	lumpy
badaboum	badaboum
versent	verser
dévalise	dévaliser
triomphes	triomphe
malveillants	malveillant
sest	sest
portatif	portatif
target	target
paradine	paradine
rassurante	rassurant
torturées	torturer
mokon	mokon
hooligans	hooligan
télécommandé	télécommander
analyseur	analyseur
corrigez	corriger
laisseriez-vous	laisseriez-vous
a1	a1
tilda	tilda
retouché	retoucher
méprisée	mépriser
rentre-dedans	rentre-dedans
belliqueux	belliqueux
commencons	commencons
toru	toru
filigrane	filigrane
soûlard	soûlard
bien-sur	bien-sur
fleischman	fleischman
poésies	poésie
boueuse	boueux
je--je	je--je
transforma	transformer
redoutent	redouter
sokar	sokar
suspectais	suspecter
hosanna	hosanna
piney	piney
golgi	golgi
bénévolement	bénévolement
oue	oue
omettre	omettre
beals	beals
ringer	ringer
sillons	sillon
bau	bau
involontaires	involontaire
finalisé	finaliser
fugues	fuguer
tout-à-fait	tout-à-fait
icebergs	iceberg
mandel	mandel
entiché	enticher
subsister	subsister
sissia	sissia
hazmat	hazmat
baladant	balader
inexpliquées	inexpliqué
relâchement	relâchement
transportes	transporter
subissait	subir
clea	clea
factor	factor
suvarov	suvarov
intêret	intêret
préfere	préfere
yama	yama
normands	normand
fake	fake
count	count
dûe	dûe
produisit	produire
solly	solly
lorie	lorie
cousteau	cousteau
inaugural	inaugural
akley	akley
noon	noon
persévérant	persévérant
kowloon	kowloon
jours-là	jours-là
mène-t-il	mène-t-il
mene	mene
islamiste	islamiste
sash	sash
cantwell	cantwell
jarrett	jarrett
trichait	tricher
torché	torcher
vandale	vandale
24e	24e
parvint	parvenir
haller	haller
surplombe	surplomber
affections	affection
whoopi	whoopi
glissière	glissière
régence	régence
appelerais	appelerais
daimon	daimon
vau-l'	vau-l'
bolides	bolide
apitoiement	apitoiement
verticalement	verticalement
jongleur	jongleur
rabin	rabin
flannery	flannery
ducs	duc
négliges	négliger
enf	enf
offrez-lui	offrez-lui
dupliquer	dupliquer
kagan	kagan
th	th
incarcérée	incarcérer
quiero	quiero
éclaircie	éclaircie
pauv	pauv
barnabas	barnabas
urgentistes	urgentistes
éliminent	éliminer
commette	commettre
baignant	baigner
babel	babel
perth	perth
minor	minor
dassey	dassey
copper	copper
payerait	payer
holling	holling
rangeait	ranger
obligerait	obliger
tyrol	tyrol
engagerais	engager
exsanguination	exsanguination
textiles	textile
mercutio	mercutio
advil	advil
christoph	christoph
xerxès	xerxès
couchettes	couchette
okuyama	okuyama
whisperer	whisperer
bibliotheque	bibliotheque
kaleb	kaleb
fatty	fatty
transférées	transférer
dévorera	dévorer
perches	perche
coutera	coutera
télécommunications	télécommunications
macgruber	macgruber
dilué	diluer
calmés	calmer
complotez	comploter
chamboule	chambouler
nickie	nickie
rationaliser	rationaliser
tarrant	tarrant
d.c	d.c
piétinée	piétiner
ozaki	ozaki
altan	altan
mora	mora
subversifs	subversif
reconnues	reconnaître
inégal	inégal
'un	'un
écrivaient	écrire
trail	trail
transiger	transiger
dillard	dillard
ina	ina
mentionnait	mentionner
rapids	rapids
arlen	arlen
throw	throw
déverrouillée	déverrouiller
idees	idees
ruan	ruan
condensation	condensation
résignation	résignation
insérez	insérer
fcc	fcc
financés	financer
indiscipliné	indiscipliné
kiryu	kiryu
repreniez	reprendre
riviére	riviére
déménagera	déménager
bravé	braver
munoz	munoz
bénéfiques	bénéfique
augmenterait	augmenter
write	write
slava	slava
deuxio	deuxio
at-elle	at-elle
retrace	retracer
christo	christo
mclintock	mclintock
koi	koi
celte	celte
enclenchez	enclencher
jardine	jardiner
canapé-lit	canapé-lit
fuie	fuie
folks	folk
semblons	sembler
remercie-moi	remercie-moi
riario	riario
radier	radier
elin	elin
computer	computer
classifiés	classifier
souffrez-vous	souffrez-vous
laughter	laughter
fougère	fougère
gondo	gondo
bafouille	bafouille
tendant	tendre
fourgue	fourgue
guérissez	guérir
persona	persona
balcons	balcon
expédiés	expédier
chassaient	chasser
finger	finger
suivions	suivre
relaxez	relaxer
inquiétantes	inquiétant
bada	bader
fidéicommis	fidéicommis
dévouer	dévouer
chess	chess
kamali	kamali
galapagos	galapagos
émergent	émergent
cavendish	cavendish
gemmes	gemme
lacrymogènes	lacrymogène
plèbe	plèbe
écoulent	écouler
réparti	répartir
abdominaux	abdominal
philippins	philippin
accepterais-tu	accepterais-tu
critiquent	critiquer
orageux	orageux
cachais-tu	cachais-tu
captaine	captaine
oyuki	oyuki
informons	informer
rafraîchira	rafraîchir
agustina	agustina
habituent	habituer
figgis	figgis
foldingue	foldingue
rétablissez	rétablir
lovett	lovett
particularités	particularité
surprenants	surprenant
elroy	elroy
pincus	pincus
frame	frame
krokmou	krokmou
orpheus	orpheus
queen'	queen'
swagger	swagger
trimballes	trimballer
décodage	décodage
archet	archet
muselière	muselière
académiques	académique
collectivement	collectivement
treat	treat
engagerait	engager
mchugh	mchugh
tromperais	tromper
pissez	pisser
grenadine	grenadine
consécutive	consécutif
destructions	destruction
andréi	andréi
assimilation	assimilation
répondaient	répondre
mukesh	mukesh
sécurisant	sécurisant
mécréant	mécréant
charmée	charmer
geppetto	geppetto
farcies	farcir
thunk	thunk
baisable	baisable
valerio	valerio
execution	execution
nerv	nerv
coupez-le	coupez-le
majoritairement	majoritairement
kubo	kubo
sauterait	sauter
maher	maher
peanuts	peanuts
informatrice	informateur
reading	reading
protagonistes	protagoniste
xy	xy
accompagnateur	accompagnateur
massivement	massivement
ship	ship
raki	raki
wire	wire
écoeure	écoeurer
mdma	mdma
pot-pourri	pot-pourri
ensevelie	ensevelir
recule-toi	recule-toi
desire	desire
epargne	epargne
réalises-tu	réalises-tu
relisez	relire
danbury	danbury
sayoko	sayoko
vomissement	vomissement
éhonté	éhonté
tiffy	tiffy
emménagent	emménager
traversaient	traverser
recrée	recréer
monteront	monter
riton	riton
subisse	subir
sackett	sackett
faner	faner
chiaki	chiaki
nra	nra
débattait	débattre
winry	winry
caressait	caresser
rcp	rcp
deleuvre	deleuvre
blackpool	blackpool
renforcent	renforcer
creme	creme
réversible	réversible
elam	elam
inventeurs	inventeur
démembrement	démembrement
claw	claw
ariadne	ariadne
chipé	chiper
niaiseux	niaiseux
arrière-goût	arrière-goût
compléments	complément
ahjusshi	ahjusshi
exploitez	exploiter
décampez	décamper
arrêtions	arrêter
polytechnique	polytechnique
obtenant	obtenir
percent	percer
incisives	incisive
manav	manav
targaryen	targaryen
arrhes	arrhes
dobey	dobey
eminem	eminem
compressé	compresser
montenegro	montenegro
dépassera	dépasser
mitsuru	mitsuru
plaidera	plaider
rocha	rocha
atteignons	atteindre
uchimoto	uchimoto
sacristie	sacristie
purificateur	purificateur
amnesty	amnesty
habitera	habiter
parn	parn
cajoler	cajoler
défoule-toi	défoule-toi
incorporated	incorporated
goto	goto
cristiano	cristiano
enflammées	enflammer
bullshit	bullshit
na-na	na-na
renaldo	renaldo
gatorade	gatorade
surchargés	surcharger
donnerez-vous	donnerez-vous
conspirateur	conspirateur
robie	robie
brisbane	brisbane
persévère	persévérer
transportaient	transporter
cem	cem
ee	ee
randonneur	randonneur
frédérique	frédérique
mariais	marier
molly'	molly'
hideki	hideki
esbroufe	esbroufe
mullin	mullin
péremption	péremption
walhalla	walhalla
rugissements	rugissement
engrossée	engrosser
pollux	pollux
erratique	erratique
biochimique	biochimique
figés	figer
symboliquement	symboliquement
starks	starks
yosemite	yosemite
bianco	bianco
galahad	galahad
nyssa	nyssa
levon	levon
winkler	winkler
exploses	exploser
moyen-age	moyen-age
déplaisent	déplaire
a.d.	a.d.
bouffeurs	bouffeur
projectionniste	projectionniste
métres	métres
cyprès	cyprès
raiponce	raiponce
desdémone	desdémone
lineu	lineu
boniments	boniment
pourritures	pourriture
souscrit	souscrire
noooon	noooon
datait	dater
nes	nes
seefra	seefra
plaignez-vous	plaignez-vous
charnières	charnière
gaspard	gaspard
camel	camel
tsuchiya	tsuchiya
draine	draine
tonto	tonto
enviable	enviable
agréé	agréer
fachée	fachée
lavender	lavender
inexpliqués	inexpliqué
désertique	désertique
graydon	graydon
accordant	accorder
models	models
bader	bader
bizarro	bizarro
codées	codé
endormies	endormir
purent	pouvoir
hotte	hotte
kundan	kundan
moustiquaire	moustiquaire
évanouissent	évanouir
démilitarisée	démilitariser
mot-clé	mot-clé
arav	arav
beeman	beeman
adhéré	adhérer
sauviez	sauver
terrifier	terrifier
calculon	calculon
craintif	craintif
tattoo	tattoo
wilt	wilt
vivable	vivable
déshonorant	déshonorant
explorons	explorer
vicieuses	vicieux
lass	lass
daph	daph
collagène	collagène
réinitialisation	réinitialisation
iverson	iverson
mahatma	mahatma
trompant	tromper
cadastre	cadastre
cha-cha	cha-cha
mylord	mylord
meehan	meehan
pivert	pivert
substituer	substituer
contre-mesures	contre-mesure
incorporation	incorporation
westmore	westmore
endettée	endetter
collaborez	collaborer
isolez	isoler
mcconaughey	mcconaughey
asymétrique	asymétrique
hayworth	hayworth
acheta	acheter
espionnée	espionner
cow	cow
accentue	accentuer
punirai	punir
taxé	taxer
qu-qu'	qu-qu'
linn	linn
inclination	inclination
danseras	danser
réchappé	réchappé
stand-up	stand-up
parcequ	parcequ
k9	k9
souris-tu	souris-tu
skull	skull
exubérant	exubérant
méfiez	méfier
ofelia	ofelia
saoûle	saoûle
serieuse	serieuse
vassar	vassar
nommerai	nommer
bidonvilles	bidonville
babine	babine
bumpy	bumpy
poussez-le	poussez-le
jungles	jungle
cherche-t-il	cherche-t-il
corned-beef	corned-beef
divas	diva
ulla	ulla
encyclopédies	encyclopédie
tiner	tiner
rompues	rompre
sismiques	sismique
transi	transir
environnementaux	environnemental
incarcérés	incarcérer
associent	associer
messala	messala
crick	crick
fusionnent	fusionner
environnementales	environnemental
balance-le	balance-le
échangistes	échangiste
maryam	maryam
novateur	novateur
pilotez	piloter
maintenus	maintenir
heon	heon
grelots	grelot
prédestiné	prédestiner
mord-sith	mord-sith
conspire	conspirer
balayés	balayer
sammi	sammi
effleure	effleurer
assoupie	assoupir
jaguars	jaguar
cabarets	cabaret
gramophone	gramophone
myocarde	myocarde
tungstène	tungstène
swahili	swahili
combattus	combattre
cover	cover
radoter	radoter
catco	catco
tonus	tonus
débarrassant	débarrasser
fondés	fonder
shanna	shanna
hécatombe	hécatombe
hermaphrodite	hermaphrodite
ratais	rater
brulant	brulant
javadi	javadi
hongkong	hongkong
others	others
bègue	bègue
élasticité	élasticité
nano	nano
étanchéité	étanchéité
exorbitant	exorbitant
hydrate	hydrater
distribuées	distribuer
logez	loger
trompera	tromper
extravagance	extravagance
synthétisé	synthétiser
pétri	pétrir
amantha	amantha
saperstein	saperstein
amuseras	amuser
abrahams	abrahams
beyond	beyond
retrouvions	retrouver
quadriller	quadriller
prophétesse	prophète
apoplexie	apoplexie
baratheon	baratheon
rictus	rictus
jango	jango
mononucléose	mononucléose
avalant	avalant
cloître	cloîtrer
terminant	terminer
lemmy	lemmy
naguère	naguère
potiche	potiche
seki	seki
wooldoor	wooldoor
palermo	palermo
améliorez	améliorer
matez-moi	matez-moi
rends-les	rends-les
réservait	réserver
iono	iono
tracés	tracer
déçoivent	décevoir
échappées	échappée
opposerai	opposer
begin	begin
gillette	gillette
couvrez-nous	couvrez-nous
bord0	bord0
lèchent	lécher
ellington	ellington
heineken	heineken
roky	roky
sycamore	sycamore
peroxyde	peroxyde
lauryn	lauryn
2b	2b
leclerc	leclerc
étancher	étancher
bangalore	bangalore
ténébreuse	ténébreux
'si	'si
foundation	foundation
inexploré	inexploré
saint-jacques	saint-jacques
racer	racer
candeur	candeur
visiteuse	visiteuse
défavorable	défavorable
prisé	prisé
cooter	cooter
drahvin	drahvin
gettin	gettin
juni	juni
réussissais	réussir
explique-nous	explique-nous
kepler	kepler
graysons	graysons
kens	kens
modalités	modalité
parkway	parkway
joue-t-il	joue-t-il
réveilleront	réveiller
emportons	emporter
diseuse	diseur
jal	jal
injecteur	injecteur
absentée	absenter
volte-face	volte-face
abattant	abattant
tried	tried
vivienne	vivienne
grandioses	grandiose
munis	munir
oppressant	oppressant
blackwater	blackwater
pivoines	pivoine
pleurnicheuse	pleurnicheur
crâneur	crâneur
walken	walken
mamacita	mamacita
traiteront	traiter
aides-tu	aides-tu
quiès	quiès
impérialiste	impérialiste
coulez	couler
indiquaient	indiquer
bjam1m	bjam1m
zona	zona
egalité	egalité
attrapant	attraper
automate	automate
déteindre	déteindre
enregistrons	enregistrer
déo	déo
baquet	baquet
conduis-nous	conduis-nous
pil	pil
apparaissant	apparaître
nativité	nativité
chaviré	chavirer
grès	grès
contreras	contrer
éteignez-le	éteignez-le
reception	reception
plates-formes	plate-forme
ramoneur	ramoneur
proscrit	proscrire
éblouit	éblouir
exercent	exercer
mili	mili
esquives	esquiver
bradycardie	bradycardie
lennart	lennart
gt	gt
janette	janette
simplifié	simplifier
niquée	niquer
anti-douleur	anti-douleur
visualize	visualize
enleviez	enlever
crudités	crudité
brodeur	brodeur
clavecin	clavecin
victorien	victorien
passifs	passif
niger	niger
blennorragie	blennorragie
tribales	tribal
warlock	warlock
arrêtes-tu	arrêtes-tu
soldé	solder
voit-il	voit-il
réécouter	réécouter
hickory	hickory
abominations	abomination
mangions	manger
tamales	tamales
hao	hao
infertilité	infertilité
fixons	fixer
égocentriques	égocentrique
hunk	hunk
éparpiller	éparpiller
créancier	créancier
tourneront	tourner
weight	weight
tommaso	tommaso
elk	elk
barnabé	barnabé
brouillées	brouiller
nourrirai	nourrir
haeshin	haeshin
filmais	filmer
éclaircira	éclaircir
nails	nails
profiterais	profiter
hen	hen
tolèrent	tolérer
lupita	lupita
accuserait	accuser
ci-gît	ci-gît
100e	100e
arrosez	arroser
entourées	entourer
mesquinerie	mesquinerie
haddock	haddock
bop	bop
déchaînent	déchaîner
navabi	navabi
pressurisation	pressurisation
importateur	importateur
daffy	daffy
bridgeport	bridgeport
ois	ouïr
tartiner	tartiner
rasent	raser
scone	scone
mccormack	mccormack
éclosion	éclosion
rutger	rutger
greeley	greeley
manuelles	manuel
charpentiers	charpentier
aventureuse	aventureux
clement	clement
arurû	arurû
dicaprio	dicaprio
assistiez	assister
exempté	exempté
renvoyons	renvoyer
runyon	runyon
esquinté	esquinté
argon	argon
yoshiko	yoshiko
sumida	sumida
naqahdah	naqahdah
coton-tige	coton-tige
tantouze	tantouze
connaîs	connaîs
transistor	transistor
ex-agent	ex-agent
schabbach	schabbach
dyer	dyer
convient-il	convient-il
medecine	medecine
participais	participer
brandit	brandir
inquietes	inquietes
seem	seem
démobilisé	démobilisé
affres	affres
vendrez	vendre
dunning	dunning
already	already
knife	knife
miura	miura
taperai	taper
suey	suey
impurs	impur
débuta	débuter
resultat	resultat
fourberie	fourberie
animées	animer
goute	goute
tasmanie	tasmanie
allee	allee
piron	piron
fiottes	fiottes
succède	succéder
figurante	figurant
scalpels	scalpel
vengés	venger
sigle	sigle
coppola	coppola
fossés	fossé
chastity	chastity
gênerai	gêner
apportaient	apporter
pissenlit	pissenlit
matraques	matraque
pseudonymes	pseudonyme
gagneriez	gagner
gouda	gouda
xv	xv
b-52	b-52
helvetica	helvetica
later	later
griswold	griswold
perchée	perchée
importés	importer
catalogne	catalogne
têtards	têtard
murmurait	murmurer
sous-dural	sous-dural
empestes	empester
mma	mma
disparaissant	disparaître
élégamment	élégamment
risquera	risquer
choquantes	choquant
dermato	dermato
bâclée	bâcler
appalaches	appalaches
rockers	rocker
diver	diver
rough	rough
membranes	membrane
watari	watari
roublard	roublard
mannion	mannion
instructive	instructif
greenleaf	greenleaf
lévrier	lévrier
pécule	pécule
harper'	harper'
décale	décaler
voi	voi
orchard	orchard
hermano	hermano
humanichs	humanichs
diphtérie	diphtérie
pestes	peste
competition	competition
consommations	consommation
filip	filip
tsao	tsao
milky	milky
agrumes	agrume
ravivé	raviver
devais-tu	devais-tu
quarter	quarter
norad	norad
ravn	ravn
biographe	biographe
munni	munni
gilfoyle	gilfoyle
dégoute	dégoute
evasion	evasion
voterais	voter
chesterfield	chesterfield
bainbridge	bainbridge
ch'	ch'
gottfried	gottfried
cachalot	cachalot
blessait	blesser
courges	courge
déverrouillage	déverrouillage
grandiront	grandir
célébrait	célébrer
pouet	pouet
tolérable	tolérable
tracez	tracer
acquiesce	acquiescer
saffron	saffron
impatientent	impatienter
zita	zita
googlé	googlé
latente	latent
arroseurs	arroseur
fourbes	fourbe
stoke	stoke
bodine	bodine
mmhmm	mmhmm
répandant	répandre
blesserais	blesser
chenal	chenal
notifié	notifier
autodétruire	autodétruire
hmm-hmm	hmm-hmm
answer	answer
baer	baer
peinée	peiner
homophobes	homophobe
giraud	giraud
bordereau	bordereau
kin	kin
hantise	hantise
dramas	dramas
dirige-toi	dirige-toi
n17t01	n17t01
tractions	traction
ëtre	ëtre
déjantée	déjanter
ayers	ayers
mamours	mamours
bios	bio
marquette	marqueter
boyards	boyard
hinatai	hinatai
espêce	espêce
grognent	grogner
détournent	détourner
cognitif	cognitif
calculez	calculer
arliss	arliss
dilettante	dilettante
sort-elle	sort-elle
agendas	agenda
dunhill	dunhill
sangloter	sangloter
était-	était-
égorgée	égorger
metcalfe	metcalfe
traquerai	traquer
civic	civic
engueulent	engueuler
démoraliser	démoraliser
bécoter	bécoter
trucider	trucider
démerdez-vous	démerdez-vous
latnok	latnok
culpabilisez	culpabiliser
wrigley	wrigley
agrippa	agripper
attache-la	attache-la
détenteurs	détenteur
rectifié	rectifier
œdipe	œdipe
macaron	macaron
pense-y	pense-y
denfer	denfer
overdoses	overdose
sculpte	sculpter
chaperons	chaperon
smoak	smoak
shade	shade
impressionnent	impressionner
prêtrise	prêtrise
met-on	met-on
usv	usv
espionnent	espionner
plagié	plagier
variantes	variante
limitez	limiter
recouvrait	recouvrait
candyman	candyman
extorqué	extorquer
foutes	foutre
oris	oris
dût	devoir
planétaires	planétaire
mentira	mentir
lessing	lessing
atrophie	atrophie
bm	bm
normandy	normandy
freak	freak
uma	uma
guppy	guppy
consacrés	consacrer
subissez	subir
survolent	survoler
enléve	enléve
farfadet	farfadet
giordino	giordino
férocement	férocement
moulures	moulure
cigale	cigale
indestructibles	indestructible
prolifération	prolifération
troublent	troubler
additions	addition
météorologue	météorologue
tamponnade	tamponnade
goodrich	goodrich
bester	bester
impardonnables	impardonnable
floki	floki
winky	winky
roulaient	rouler
hoke	hoke
remonterai	remonter
estevez	estevez
titubant	titubant
nougat	nougat
helo	helo
wonderland	wonderland
chez-toi	chez-toi
darkseid	darkseid
malvenu	malvenu
nordiste	nordiste
devils	devils
saliver	saliver
décevra	décevoir
buckland	buckland
tarées	tarer
jamey	jamey
paysannes	paysan
mannitol	mannitol
endurcie	endurcir
branchées	brancher
émoussé	émousser
contactent	contacter
joann	joann
renvoyez-les	renvoyez-les
dakara	dakara
oms	oms
imprimez	imprimer
toda	toda
flatbush	flatbush
lø	lø
rediffusions	rediffusion
génant	génant
ler	ler
maisonnée	maisonnée
scrupuleusement	scrupuleusement
impairs	impair
devi	devi
vaillante	vaillant
contraignant	contraignant
imprudents	imprudent
mâchez	mâcher
xuan	xuan
malouines	malouin
barrique	barrique
savaient-ils	savaient-ils
parrainer	parrainer
lassitude	lassitude
encerclez	encercler
hectare	hectare
garda	garder
shizuku	shizuku
rondins	rondin
soupçonnera	soupçonner
décourageant	décourageant
entraident	entraider
dynasty	dynasty
superintendant	superintendant
rassemblait	rassembler
prospéro	prospéro
spy	spy
27e	27e
alpinistes	alpiniste
decepticons	decepticons
indiqués	indiquer
valois	valois
badri	badri
impuretés	impureté
takako	takako
lj	lj
mil	mil
patchi	patchi
peiner	peiner
bâille	bâiller
amantes	amant
voyagera	voyager
fonctionnant	fonctionner
less	less
pâleur	pâleur
polaroïd	polaroïd
glaise	glaise
thym	thym
nitrogène	nitrogène
parlementaires	parlementaire
revérifie	revérifie
labels	label
prems	prems
furtifs	furtif
embout	embout
lucides	lucide
morita	morita
dufresne	dufresne
florent	florent
viaduc	viaduc
paraplégique	paraplégique
trente-sept	trente-sept
recevrait	recevoir
ponyo	ponyo
troqué	troquer
décampé	décamper
lapinou	lapinou
meurtrie	meurtrir
lahore	lahore
utopium	utopium
proposerais	proposer
naonka	naonka
abat-jour	abat-jour
hive	hive
énumérer	énumérer
lotions	lotion
clements	clements
montre-les	montre-les
reena	reena
allenby	allenby
pedrosa	pedrosa
peloté	peloter
nip	nip
fauntleroy	fauntleroy
pelvien	pelvien
noiraud	noiraud
quatrieme	quatrieme
bilatérale	bilatérale
trimble	trimble
retape	retape
exhibitionnisme	exhibitionnisme
pk	pk
demi-litre	demi-litre
sponsorise	sponsoriser
inondés	inonder
entête	entêter
redécouvrir	redécouvrir
ludowski	ludowski
karmique	karmique
boléro	boléro
paie-le	paie-le
sats	sats
sourd-muet	sourd-muet
lp	lp
il-il	il-il
bureaucratique	bureaucratique
roseanne	roseanne
autopsier	autopsier
déblatérer	déblatérer
projetés	projeter
dénoncent	dénoncer
complimenté	complimenter
chercheras	chercher
tomoe	tomoe
choré	choré
béatitude	béatitude
circulait	circuler
immerger	immerger
wataru	wataru
goonies	goonies
shishio	shishio
physiologiques	physiologique
trempes	tremper
visités	visiter
gramercy	gramercy
nara	nara
raquer	raquer
énergisante	énergisant
atteignait	atteindre
dena	dena
vanilla	vanilla
détonations	détonation
bizzare	bizzare
subjective	subjectif
chose-	chose-
katharina	katharina
arracherait	arracher
beu	beu
blessantes	blessant
bogue	bogue
haras	haras
débranchez	débrancher
autistes	autiste
vantent	vanter
dest	dest
prévoyance	prévoyance
status	status
ledit	ledit
complaisant	complaisant
charlène	charlène
jubile	jubiler
réactive	réactif
rencarder	rencarder
fonctionnels	fonctionnel
citadine	citadin
croisait	croiser
clignotent	clignoter
asseyant	asseoir
demandeurs	demandeur
doughnuts	doughnuts
guilford	guilford
capp	capp
aliocha	aliocha
willi	willi
déshérité	déshérité
séropositive	séropositif
déroutante	déroutant
traders	traders
dérouillée	dérouillée
exposent	exposer
puissions-nous	puissions-nous
débarquant	débarquer
locked	locked
célébrez	célébrer
kumbaya	kumbaya
exaltante	exaltant
téléphérique	téléphérique
bonheurs	bonheur
tentés	tenter
partiraient	partir
hofstadter	hofstadter
safety	safety
transformerai	transformer
progressistes	progressiste
devient-il	devient-il
bernés	berner
craigniez	craindre
renko	renko
habillement	habillement
eddington	eddington
gasoil	gasoil
pavée	pavée
collector	collector
pivoine	pivoine
rencontrerait	rencontrer
velo	velo
tétée	tétée
descendaient	descendre
ninjaw	ninjaw
coburn	coburn
quoi-	quoi-
examinais	examiner
adoreront	adorer
manforti	manforti
branlant	branlant
accalmie	accalmie
airai	airai
scoops	scoop
veus	veus
facto	facto
bitter	bitter
coréennes	coréen
kwanzaa	kwanzaa
schwimmer	schwimmer
chamaillent	chamailler
fryer	fryer
tosca	tosca
harceleurs	harceleurs
marly	marly
malpropre	malpropre
obtenez-moi	obtenez-moi
communal	communal
guériras	guérir
petrovitch	petrovitch
alcoolisée	alcooliser
répandues	répandre
reeve	reeve
assermenté	assermenté
étables	étable
granges	grange
gallery	gallery
modifiez	modifier
masucci	masucci
rivalités	rivalité
sûr.	sûr.
botte-lui	botte-lui
stupid	stupid
chausse	chausse
répétiez	répéter
greely	greely
pujol	pujol
dogme	dogme
confrontations	confrontation
j-c	j-c
corrosion	corrosion
dubenko	dubenko
kimmel	kimmel
monnaies	monnayer
reconnaissantes	reconnaissant
nutritionniste	nutritionniste
futal	futal
appelons-la	appelons-la
prérogatives	prérogative
freinez	freiner
éolienne	éolienne
lison	lison
roby	roby
athelstan	athelstan
choisissais	choisir
évasive	évasif
voleuses	voleur
urètre	urètre
démographique	démographique
traverserai	traverser
levez-le	levez-le
reflétait	refléter
kady	kady
greenwood	greenwood
délivrera	délivrer
fujita	fujita
coldplay	coldplay
enfouies	enfouir
fibonacci	fibonacci
rentrez-vous	rentrez-vous
repose-le	repose-le
plantera	planter
native	natif
kawaguchi	kawaguchi
hypnotise	hypnotiser
madigan	madigan
horror	horror
satoru	satoru
demeurée	demeurer
retournons-y	retournons-y
fozzie	fozzie
branlettes	branlette
reiden	reiden
wheel	wheel
lituanie	lituanie
machin-chose	machin-chose
égoïstement	égoïstement
nécessitait	nécessiter
embuscades	embuscade
moisis	moisir
reviendra-t-il	reviendra-t-il
authentification	authentification
éméché	éméché
impunie	impuni
parkes	parkes
terminerait	terminer
tetes	tetes
infaisable	infaisable
cousus	cousu
fortuna	fortuna
kohler	kohler
research	research
chevreau	chevreau
envient	envier
dinsdale	dinsdale
emplie	emplir
péruvien	péruvien
annuaires	annuaire
molloy	molloy
mensongère	mensonger
nowhere	nowhere
planquait	planquer
graphisme	graphisme
remplaçable	remplaçable
abritait	abriter
chul-soo	chul-soo
petersbourg	petersbourg
tabloïd	tabloïd
promos	promo
mam'	mam'
chaleurs	chaleur
meeker	meeker
murale	mural
sorrento	sorrento
hermes	hermes
enemy	enemy
kiku	kiku
imaginés	imaginer
quatre-vingt-dix	quatre-vingt-dix
gonflant	gonflant
patchouli	patchouli
utilisa	utiliser
observaient	observer
sejalik	sejalik
rappe	rappe
tab	tab
schaefer	schaefer
déclenchant	déclenchant
chlorhydrique	chlorhydrique
rotor	rotor
won'	won'
insoluble	insoluble
greggs	greggs
détournait	détourner
superbowl	superbowl
excusera	excuser
plairas	plaire
suzi	suzi
engrossé	engrosser
routinier	routinier
débarassé	débarassé
gangnam	gangnam
ioi	ioi
désaxé	désaxé
sciuto	sciuto
fontainebleau	fontainebleau
behrooz	behrooz
tej	tej
attaque-moi	attaque-moi
gagnez-vous	gagnez-vous
agencement	agencement
yoshimura	yoshimura
provocant	provocant
firmin	firmin
salamandre	salamandre
désactivées	désactiver
poignardés	poignarder
conduisez-vous	conduisez-vous
essayerait	essayer
connectent	connecter
terrifiait	terrifier
anja	anja
renarde	renard
séquestrée	séquestrer
doinel	doinel
compromises	compromis
accomplissements	accomplissement
sergey	sergey
mizushima	mizushima
accrochais	accrocher
traveler	traveler
arianna	arianna
primeur	primeur
saboteurs	saboteur
scarsdale	scarsdale
pinkman	pinkman
ibis	ibis
bégayer	bégayer
jacko	jacko
chiantes	chiant
sür	sür
chiyo	chiyo
melina	melina
cuthbert	cuthbert
fracturer	fracturer
nourrissais	nourrir
oisillons	oisillon
découché	découcher
postaux	postal
collabo	collabo
jacquot	jacquot
secretaire	secretaire
osent-ils	osent-ils
dysfonctionnelle	dysfonctionnelle
beyonce	beyonce
démentiel	démentiel
eun-sung	eun-sung
embelli	embellir
déstabilise	déstabiliser
dyad	dyad
betts	betts
bipper	bipper
soumettrai	soumettre
décollera	décoller
brilles	briller
groucho	groucho
beaujolais	beaujolais
pylônes	pylône
kendo	kendo
rentabilité	rentabilité
passait-il	passait-il
electronics	electronics
définitions	définition
vieillot	vieillot
questionnaires	questionnaire
ouvraient	ouvraient
aboyait	aboyer
semée	semer
nutritif	nutritif
formelles	formel
hawkeye	hawkeye
cigognes	cigogne
cro-magnon	cro-magnon
éradication	éradication
eliott	eliott
tiberius	tiberius
mcmartin	mcmartin
pékinois	pékinois
rove	rove
mercerie	mercerie
livingstone	livingstone
curran	curran
newberg	newberg
damar	damar
pyromanes	pyromane
demetri	demetri
girofle	girofle
poireaux	poireau
apparenté	apparenté
occulté	occulter
garantira	garantir
fumante	fumant
fuego	fuego
frontalière	frontalier
yeti	yeti
superpouvoirs	superpouvoir
deadwood	deadwood
hades	hades
subversion	subversion
alvis	alvis
souteneur	souteneur
nouba	nouba
deandra	deandra
bouche-trou	bouche-trou
euphemia	euphemia
éoliennes	éolienne
casbah	casbah
vaudront	valoir
souhaitaient	souhaiter
hash	hash
loyalistes	loyaliste
medok	medok
nopoman	nopoman
relec	relec
réanimé	réanimer
tops	top
sbire	sbire
effaçant	effacer
cramoisi	cramoisi
concerne-t-il	concerne-t-il
musee	musee
evidement	evidement
thompkins	thompkins
léve-toi	léve-toi
speer	speer
ere	ere
ferraro	ferraro
ruzek	ruzek
hydroxyde	hydroxyde
écris-tu	écris-tu
écolières	écolier
pariant	parier
filée	filée
hippique	hippique
trickster	trickster
bénédicte	bénédicte
soutiré	soutirer
helmer	helmer
niaiser	niaiser
décoiffe	décoiffer
hillside	hillside
legrand	legrand
purifiée	purifier
viel	viel
derice	derice
rhetta	rhetta
marseillais	marseillais
dévalé	dévaler
parées	parer
adéquates	adéquat
réflechir	réflechir
kiff	kiff
grigory	grigory
superboy	superboy
tchaïkovski	tchaïkovski
underzero	underzero
fast-foods	fast-food
intenté	intenter
mimsy	mimsy
callas	callas
accaparé	accaparer
coulés	couler
intentionnelle	intentionnel
havana	havana
inespérée	inespéré
gorski	gorski
enchainé	enchainé
jointes	joindre
doubtfire	doubtfire
nord-coréen	nord-coréen
nadir	nadir
oeillets	oeillet
intempéries	intempérie
walid	walid
jésuite	jésuite
entre-vous	entre-vous
réticences	réticence
diabétiques	diabétique
bactériologique	bactériologique
giuliani	giuliani
mune	mune
omec	omec
réduise	réduire
agitait	agiter
geist	geist
mardle	mardle
embarrassés	embarrasser
kolia	kolia
confessez	confesser
guérirai	guérir
wiggins	wiggins
reposés	reposer
mandrake	mandrake
longworth	longworth
démarrait	démarrer
dominik	dominik
fol	fol
marburg	marburg
hummm	hummm
waylon	waylon
silverna	silverna
poinçon	poinçon
il-	il-
baignent	baigner
wendigo	wendigo
participiez	participer
chronométrer	chronométrer
deveraux	deveraux
galvan	galvan
nial	nial
manfredi	manfredi
empêche-les	empêche-les
tease	tease
soutiennes	soutenir
penchait	pencher
redevenus	redevenir
fuira	fuir
spiller	spiller
beckwith	beckwith
taxidermiste	taxidermiste
divisent	diviser
sanctuaires	sanctuaire
cosme	cosme
couvriront	couvrir
poupon	poupon
accorderez-vous	accorderez-vous
fumiez	fumer
opposez	opposer
mamba	mamba
leery	leery
réunissant	réunir
synaptique	synaptique
jacs	jacs
concubines	concubin
rasez	raser
concluez	conclure
leyden	leyden
recontactera	recontactera
archi	archi
dispos	dispos
hessington	hessington
manus	manus
iga	iga
serpillère	serpillère
estes	este
crèveras	crever
yesterday	yesterday
ritalin	ritalin
vaciller	vaciller
choisis-moi	choisis-moi
déplaisantes	déplaisant
kant	kant
fonçant	foncer
fanée	faner
jette-toi	jette-toi
semak	semak
cession	cession
molosse	molosse
âpre	âpre
riddle	riddle
volière	volière
planifient	planifier
au-devant	au-devant
décibels	décibel
musicalement	musicalement
mondialisation	mondialisation
bajorane	bajorane
izawa	izawa
sarita	sarita
engeance	engeance
jà	jà
serviraient	servir
grizzli	grizzli
mangez-vous	mangez-vous
cognant	cogner
utilisables	utilisable
diplomé	diplomé
figgins	figgins
dormants	dormant
dionysos	dionysos
quinceañera	quinceañera
dysfonctionnements	dysfonctionnement
crédules	crédule
fictions	fiction
dépuceler	dépuceler
ternes	terne
climatisé	climatisé
trappeurs	trappeur
conditionnel	conditionnel
iem	iem
tetsuo	tetsuo
review	review
blore	blore
vénérait	vénérer
non-identifié	non-identifié
jun-shik	jun-shik
cocotier	cocotier
lash	lash
liddell	liddell
lajournée	lajournée
traitez-le	traitez-le
mahone	mahone
missive	missive
ressortis	ressortir
empressé	empressé
elbe	elbe
état-là	état-là
hedley	hedley
vedek	vedek
motrice	motrice
keri	keri
martell	martell
massifs	massif
traumatologie	traumatologie
deltaplane	deltaplane
decembre	decembre
transformers	transformers
chouchoute	chouchoute
pose-lui	pose-lui
cheminement	cheminement
nasedo	nasedo
religieusement	religieusement
27ème	27ème
ama	ama
keyser	keyser
1o	1o
wayward	wayward
gorô	gorô
empirait	empirer
dissipée	dissiper
cowan	cowan
dînant	dîner
déjeunais	déjeuner
metas	metas
nguyen	nguyen
romancière	romancier
résisterait	résister
beau-papa	beau-papa
décris-moi	décris-moi
retenti	retentir
bimbos	bimbos
moneypenny	moneypenny
citant	citer
escortée	escorter
saignais	saigner
texane	texan
relativiser	relativiser
charrettes	charrette
embrocher	embrocher
penseriez-vous	penseriez-vous
morgues	morgue
ariana	ariana
imbuvable	imbuvable
ressentiras	ressentir
fiv	fiv
soulevant	soulever
perversions	perversion
maigret	maigret
zippy	zippy
niaises	niais
détruiras	détruire
triomphera	triompher
stérilisé	stériliser
harbert	harbert
lines	lines
yesung	yesung
sous-jacente	sous-jacent
narcissiques	narcissique
manifestant	manifestant
fiel	fiel
botulisme	botulisme
brubaker	brubaker
dissuasion	dissuasion
froncer	froncer
rabâcher	rabâcher
tenez-lui	tenez-lui
puritain	puritain
bourgmestre	bourgmestre
palefrenier	palefrenier
narval	narval
banals	banal
roussel	roussel
traverserons	traverser
lanier	lanier
signalant	signaler
strident	strident
tullius	tullius
maudisse	maudire
usent	user
léguée	léguer
hammersmith	hammersmith
donne-t-il	donne-t-il
corinthe	corinthe
tomberaient	tomber
jeet	jeet
muchas	mucher
farouchement	farouchement
blousons	blouson
effroyables	effroyable
crénom	crénom
burley	burley
oursins	oursin
touche-la	touche-la
witherspoon	witherspoon
n.s.a.	n.s.a.
tied	tied
malencontreusement	malencontreusement
occulter	occulter
stagne	stagner
langham	langham
breathe	breathe
loupée	louper
laisser-aller	laisser-aller
sud-africain	sud-africain
brea	brea
haywood	haywood
ricci	ricci
publierai	publier
qhs	qhs
persévéré	persévérer
léonore	léonore
mert	mert
avouent	avouer
pamphlet	pamphlet
maternelles	maternelle
scandinavie	scandinavie
projetez	projeter
cul-terreux	cul-terreux
j.d	j.d
brunswick	brunswick
pez	pez
scalpé	scalper
prouvez-moi	prouvez-moi
taguer	taguer
merlan	merlan
sous-marines	sous-marin
promeneur	promeneur
nullard	nullard
lun	lun
landes	lande
blanchisseuse	blanchisseur
désignant	désigner
dorchester	dorchester
zippo	zippo
september	september
pérignon	pérignon
épargnez-nous	épargnez-nous
eclate-toi	eclate-toi
ramenons-le	ramenons-le
rassure-moi	rassure-moi
equipement	equipement
francky	francky
arrivederci	arrivederci
gengis	gengis
laisser-passer	laisser-passer
négocies	négocier
gael	gael
réglerait	régler
marie-louise	marie-louise
chaude-pisse	chaude-pisse
ieyasu	ieyasu
discutables	discutable
omni	omni
rentre-t-il	rentre-t-il
imperméables	imperméable
cardiomyopathie	cardiomyopathie
hef	hef
delphi	delphi
indiscrétions	indiscrétion
jouées	jouer
protege	protege
combinées	combiner
shimmer	shimmer
ways	ways
broussailles	broussaille
affirmative	affirmative
unifiée	unifier
rainures	rainure
jarrod	jarrod
dévaster	dévaster
nose	nose
shed	shed
séquestré	séquestrer
bayard	bayard
séductrice	séducteur
déjeunera	déjeuner
dorf	dorf
clinquant	clinquant
brouillons	brouillon
croque-monsieur	croque-monsieur
parmentier	parmentier
rill	rill
démarque	démarquer
rétrograder	rétrograder
cessa	cesser
cabossée	cabosser
accrocs	accroc
rahel	rahel
benj	benj
unissons-nous	unissons-nous
excusant	excuser
turbulent	turbulent
génital	génital
torpiller	torpiller
cancre	cancre
banalisée	banaliser
semez	semer
batcave	batcave
ciboire	ciboire
morbides	morbide
welsh	welsh
ecran	ecran
dèche	dèche
mayumi	mayumi
leonid	leonid
pointeur	pointeur
universite	universite
réjouissent	réjouir
achètes-en	achètes-en
itunes	itunes
rédigez	rédiger
conquiert	conquérir
hakam	hakam
january	january
ets	ets
fructose	fructose
masuka	masuka
contrecoeur	contrecoeur
bouleversements	bouleversement
drastiques	drastique
babineaux	babineaux
boum-boum	boum-boum
négociait	négocier
jeguk	jeguk
divorcées	divorcer
enfermez-vous	enfermez-vous
mème	mème
diaporama	diaporama
rongés	ronger
sahai	sahai
congres	congre
tirez-le	tirez-le
hydrauliques	hydraulique
restèrent	rester
godiva	godiva
nomar	nomar
minoritaire	minoritaire
enseignée	enseigner
convoiter	convoiter
intente	intenter
anarchy	anarchy
privilégie	privilégier
cyper	cyper
pizarro	pizarro
nécessitant	nécessiter
orchestrer	orchestrer
mica	mica
pencherais	pencher
souciez-vous	souciez-vous
appleton	appleton
walls	walls
ecritures	ecritures
annã	annã
descendues	descendre
installons	installer
racler	racler
positionné	positionner
moonlight	moonlight
agrafer	agrafer
trempait	tremper
cilla	ciller
pouvaient-ils	pouvaient-ils
favorisé	favoriser
arnaqués	arnaquer
phallique	phallique
jughead	jughead
dougherty	dougherty
tequilas	tequila
enfermera	enfermer
corinthiens	corinthien
empoigne	empoigne
thunderbird	thunderbird
défendrons	défendre
ulysses	ulysses
géologiques	géologique
hammerstein	hammerstein
maribel	maribel
ammène	ammène
hakuna	hakuna
bibelot	bibelot
vasculaires	vasculaire
lombaires	lombaire
incertains	incertain
vitreux	vitreux
evénement	evénement
wat	wat
baissons	baisser
poplar	poplar
abrasion	abrasion
commodité	commodité
apercevez	apercevoir
izumo	izumo
a-rab	a-rab
anti-dépresseurs	anti-dépresseurs
représenterait	représenter
entiere	entiere
nordiques	nordique
muguet	muguet
nini	nini
attendit	attendre
résolvons	résoudre
est--ce	est--ce
voyageuse	voyageur
conféré	conférer
demande-le-lui	demande-le-lui
bills	bill
fixette	fixette
gabon	gabon
ordonnant	ordonner
exosquelette	exosquelette
ginko	ginko
fédés	fédés
germer	germer
apathique	apathique
molto	molto
nobuo	nobuo
malware	malware
tchad	tchad
veillerons	veiller
cles	cles
bâillonnée	bâillonner
maciste	maciste
égalent	égaler
cagliostro	cagliostro
couchons	coucher
'oh	'oh
psychisme	psychisme
famous	famous
ressentiments	ressentiment
brûlez-les	brûlez-les
surviennent	survenir
bienfaitrice	bienfaiteur
construisais	construire
fonçait	foncer
tenaille	tenaille
gérants	gérant
chaotiques	chaotique
sp	sp
maho	maho
virtuels	virtuel
environnements	environnement
empotée	empoter
shashi	shashi
roquefort	roquefort
pesais	peser
fofolle	fofolle
stoolbend	stoolbend
recouper	recouper
therese	therese
enchiladas	enchiladas
carabines	carabine
gear	gear
recalibrer	recalibrer
conga	conga
kasher	kasher
marjee	marjee
troisiéme	troisiéme
brinkman	brinkman
ôtes	ôter
mixe	mixer
synthétiseurs	synthétiseur
brosse-toi	brosse-toi
fraulein	fraulein
quinzième	quinzième
está	está
mcnair	mcnair
0k	0k
gobi	gobi
riki	riki
agis-tu	agis-tu
bennigan	bennigan
abritent	abriter
débordait	déborder
ikeda	ikeda
ryoko	ryoko
franches	franc
zito	zito
formateur	formateur
abrupte	abrupt
détachant	détachant
approchais	approcher
ishval	ishval
repu	repu
bavent	baver
ranchs	ranch
pressentiments	pressentiment
relâche-la	relâche-la
joue-moi	joue-moi
fusions	fusion
radford	radford
gcpd	gcpd
incrédulité	incrédulité
izo	izo
reculera	reculer
shanghaï	shanghaï
whiskies	whisky
képi	képi
admit	admettre
pommeau	pommeau
puisé	puiser
freed	freed
vodkas	vodka
adressera	adresser
levres	levres
débourser	débourser
attrapais	attraper
excentricités	excentricité
hésiteront	hésiter
cletus	cletus
cappuccinos	cappuccino
conduisit	conduire
clamper	clamper
exit	exit
syndiqués	syndiquer
réduirait	réduire
raterait	rater
va.	va.
filmant	filmer
méprisait	mépriser
informes	informer
cuervo	cuervo
slattery	slattery
kazuko	kazuko
tachés	tacher
tatillon	tatillon
raghu	raghu
halls	hall
acharnés	acharner
connut	connaître
zarek	zarek
arthrose	arthrose
exploseront	exploser
abordés	aborder
jenga	jenga
biarritz	biarritz
méconnu	méconnaître
raies	raie
attractif	attractif
auberges	auberge
picchu	picchu
approuvait	approuver
piratée	pirater
opossums	opossum
oeillères	oeillère
rechuter	rechuter
ix	ix
annonça	annoncer
humoristique	humoristique
kusanagi	kusanagi
jeeps	jeep
kinsella	kinsella
produisons	produire
fidele	fidele
lettré	lettré
carpes	carpe
krach	krach
godemiché	godemiché
attend-il	attend-il
barjos	barjo
branle-bas	branle-bas
guadalupe	guadalupe
trahissant	trahir
albrecht	albrecht
cataloguer	cataloguer
baccarat	baccarat
compromets	compromettre
remarquerais	remarquer
mettons-la	mettons-la
décrirais	décrire
accusées	accuser
gueuleton	gueuleton
sous-titrés	sous-titrer
soixante-quinze	soixante-quinze
mouillez	mouiller
regorgent	regorger
calypso	calypso
mitchel	mitchel
jono	jono
celle-ià	celle-ià
sada	sada
gremlin	gremlin
empruntent	emprunter
nostra	nostra
etudie	etudie
brûlais	brûler
intensifié	intensifier
rêverais	rêver
talmadge	talmadge
boniment	boniment
vrai.	vrai.
suraj	suraj
carcetti	carcetti
tyrannosaure	tyrannosaure
kati	kati
maracas	maraca
trompeurs	trompeur
aides-moi	aides-moi
jas	jas
flamboyante	flamboyant
enivre	enivrer
kgs	kgs
congénères	congénère
terminologie	terminologie
tringler	tringler
traites-tu	traites-tu
frazer	frazer
tumbleweed	tumbleweed
gaspillée	gaspiller
grouillait	grouiller
javert	javert
rattraperont	rattraper
mords-moi	mords-moi
enfanté	enfanter
employons	employer
listing	listing
sous-traitants	sous-traitant
déplacera	déplacer
courier	courier
faro	faro
prompte	prompt
odd	odd
virerai	virer
désinfection	désinfection
identifiera	identifier
rabibocher	rabibocher
hanging	hanging
démarrera	démarrer
engraisse	engraisser
suiveur	suiveur
harbin	harbin
walnut	walnut
entretenez	entretenir
chardon	chardon
augmentons	augmenter
faã	faã
rédigée	rédiger
croulant	croulant
mgr	mgr
magee	magee
grattant	gratter
empaillés	empailler
satanisme	satanisme
surpassent	surpasser
solaris	solaris
kiosques	kiosque
varek	varek
importées	importer
félins	félin
montez-le	montez-le
hétérosexuels	hétérosexuel
endossé	endosser
nosferatu	nosferatu
terrine	terrine
ripp	ripp
genièvre	genièvre
franchissent	franchir
généralisée	généraliser
scalper	scalper
fraudeur	fraudeur
squatteurs	squatteur
traiterait	traiter
incommode	incommode
colonna	colonna
muldoon	muldoon
matata	matata
inappropriées	inapproprié
enduire	enduire
passablement	passablement
tond	tondre
remerciant	remercier
arpente	arpenter
liliana	liliana
trente-huit	trente-huit
imitateurs	imitateur
fawcett	fawcett
cristian	cristian
artériel	artériel
mitrale	mitral
pensif	pensif
jurgen	jurgen
flute	flute
accomplissez	accomplir
assois-toi	assois-toi
exempt	exempt
yeats	yeats
coagule	coaguler
napoleon	napoleon
immangeable	immangeable
refuses-tu	refuses-tu
camionnettes	camionnette
opaque	opaque
détruirez	détruire
thrill	thrill
sneakers	sneakers
parabolique	parabolique
révèles	révéler
braquez	braquer
charade	charade
honorerai	honorer
halliburton	halliburton
alinéa	alinéa
emo	emo
enter	enter
clavo	clavo
hiromasa	hiromasa
tolérants	tolérant
balnéaire	balnéaire
rivalise	rivaliser
aaa	aaa
brillance	brillance
tycho	tycho
trees	trees
cracheur	cracheur
hotarugaoka	hotarugaoka
amusons	amuser
pénétrez	pénétrer
redécoré	redécoré
impolis	impoli
george-michael	george-michael
approchaient	approcher
alta	alta
disséqué	disséquer
elementary	elementary
déterminent	déterminer
mulan	mulan
sounds	sounds
musulmanes	musulman
ébranle	ébranler
ici-là	ici-là
incessants	incessant
geint	geindre
presence	presence
cochonnet	cochonnet
pâlir	pâlir
choisissiez	choisir
asphyxier	asphyxier
dimensionnel	dimensionnel
leekie	leekie
jaulin	jaulin
pot-au-feu	pot-au-feu
étrangles	étrangler
loca	loca
siphonné	siphonner
dînerons	dîner
relâcheront	relâcher
demi-milliard	demi-milliard
remonte-moi	remonte-moi
économiquement	économiquement
vegan	vegan
haut-de-forme	haut-de-forme
réceptive	réceptif
ralf	ralf
liliane	liliane
evita	evita
conque	conque
dépressifs	dépressif
agissaient	agir
expos	exposition
turbin	turbin
rosse	rosse
meant	meant
alastair	alastair
approprie	approprier
recommenceras	recommencer
tetsuya	tetsuya
éliminées	éliminer
crows	crows
ivana	ivana
sursauté	sursauter
hyperactif	hyperactif
archiviste	archiviste
nous-	nous-
apparentes	apparenter
irréalisable	irréalisable
embarquez-les	embarquez-les
alexeï	alexeï
obéissais	obéir
bossiez	bosser
chauffez	chauffer
c-c'	c-c'
curling	curling
venture	venture
diwali	diwali
cline	cline
poudrière	poudrière
antipodes	antipode
ombrage	ombrage
clignoter	clignoter
écope	écope
déplacez-vous	déplacez-vous
dûr	dûr
oscille	osciller
souffrirai	souffrir
installant	installer
wilberforce	wilberforce
rudo	rudo
nou	nou
hampstead	hampstead
infranchissable	infranchissable
tanja	tanja
sympathise	sympathiser
gambettes	gambette
ahead	ahead
remarqua	remarquer
ferrous	ferrous
soutenaient	soutenir
garcía	garcía
darmody	darmody
récup	récup
inconditionnelle	inconditionnel
blast	blast
mosquées	mosquée
swear	swear
aiguillage	aiguillage
ryuuji	ryuuji
nogales	nogales
elan	elan
sexton	sexton
ner	ner
gilchrist	gilchrist
renseignerai	renseigner
ragout	ragout
kutner	kutner
gretzky	gretzky
wabash	wabash
previens	previens
soient-ils	soient-ils
aiken	aiken
poonam	poonam
latté	latté
rifkin	rifkin
progresses	progresser
entassent	entasser
tavern	tavern
nouvelle-guinée	nouvelle-guinée
kapita	kapita
fanent	faner
brisons	briser
gazelles	gazelle
ladite	ledit
idea	idea
mainmise	mainmise
téléphonais	téléphoner
éclatement	éclatement
rub	rub
frivoles	frivole
prélasser	prélasser
hermétiquement	hermétiquement
drayton	drayton
hotdog	hotdog
ayano	ayano
remettez-la	remettez-la
pagne	pagne
flotté	flotté
chanterais	chanter
visées	visé
pourchassée	pourchasser
ic	ic
mathews	mathews
péquenots	péquenot
chtouille	chtouille
speck	speck
incinérés	incinérer
reliure	reliure
corrado	corrado
questionnez	questionner
flotteurs	flotteur
accomplirai	accomplir
embardée	embardée
centrée	centrer
thermes	thermes
oyster	oyster
barth	barth
osborn	osborn
surgelé	surgelé
renouvelable	renouvelable
incessamment	incessamment
coaching	coaching
bookman	bookman
déterminées	déterminer
rincé	rincer
victoria'	victoria'
cogne-le	cogne-le
roder	roder
derry	derry
musclor	musclor
précisement	précisement
furoncles	furoncle
tinter	tinter
frappées	frapper
milli	milli
riesen	riesen
sarina	sarina
houx	houx
zia	zia
isle	isle
proportionnelle	proportionnel
glaner	glaner
généralisé	généraliser
ornithologue	ornithologue
couperont	couper
dévorait	dévorer
saisissent	saisir
macallan	macallan
cultivent	cultiver
skaikru	skaikru
10mn	10mn
ressortez	ressortir
planterai	planter
giscard	giscard
entre-deux	entre-deux
permettraient	permettre
adresserai	adresser
composait	composer
miniers	minier
ischémie	ischémie
virerais	virer
bitosse	bitosse
package	package
spore	spore
coureuse	coureur
crying	crying
dégringole	dégringoler
portique	portique
bétadine	bétadine
franchises	franchise
boel	boel
duplicité	duplicité
kimo	kimo
pied-à-terre	pied-à-terre
bruyère	bruyère
keefer	keefer
accours	accourir
vx	vx
améne	améne
groin	groin
incorporer	incorporer
prénatal	prénatal
defendre	defendre
tint	tenir
talkies-walkies	talkie-walkie
stud	stud
mentez-vous	mentez-vous
ronan	ronan
tenons-nous	tenons-nous
shetland	shetland
pêchez	pêcher
justifient	justifier
piou	piou
canyons	canyon
forks	forks
népotisme	népotisme
gardions	garder
woodford	woodford
varner	varner
valons	valoir
rahim	rahim
délirantes	délirant
simi	simi
mt	mt
mitrailler	mitrailler
improbables	improbable
samoa	samoa
tootsie	tootsie
ramena	ramener
recaler	recaler
wicker	wicker
bonbonnes	bonbonne
apeurés	apeurer
hésiterait	hésiter
toxic	toxic
inhabitable	inhabitable
bouffie	bouffir
balafre	balafre
pause-déjeuner	pause-déjeuner
nenni	nenni
curer	curer
détruisez-les	détruisez-les
emrys	emrys
inattaquable	inattaquable
coli	coli
nox	nox
politicienne	politicien
ennuyés	ennuyer
oh-oh-oh	oh-oh-oh
hur	hur
birdy	birdy
visitée	visiter
sosuke	sosuke
confondus	confondre
raiko	raiko
mariam	mariam
misaki	misaki
emplis	emplir
indigents	indigent
cloîtré	cloîtré
premiã	premiã
alterner	alterner
chante-nous	chante-nous
hajime	hajime
projettes	projeter
épargnes	épargne
filerais	filer
fautifs	fautif
silky	silky
ajoutait	ajouter
correcteur	correcteur
dotty	dotty
side-car	side-car
abrité	abrité
interrompe	interrompre
baissait	baisser
abattront	abattre
inconvenante	inconvenant
inventais	inventer
meniez	mener
sortiriez	sortir
göring	göring
donnons-nous	donnons-nous
scarlatine	scarlatine
blanchie	blanchir
tâché	tâcher
amplis	ampli
steinmetz	steinmetz
inviterait	inviter
enterrez-le	enterrez-le
highlander	highlander
salut.	salut.
ailée	ailé
fiancailles	fiancailles
galra	galra
vendes	vendre
modifiant	modifier
salie	salir
20th	20th
schizophrènes	schizophrène
prévaut	prévaloir
pétant	péter
révolutionné	révolutionner
rapatriement	rapatriement
réfractaire	réfractaire
rockaway	rockaway
dressait	dresser
suggérais	suggérer
giacinto	giacinto
crains-tu	crains-tu
villanueva	villanueva
avalés	avaler
gringue	gringue
ger	ger
witten	witten
blaster	blaster
ledoux	ledoux
myrrhe	myrrhe
agresses	agresser
skittles	skittles
jeez	jeez
seltz	seltz
terreau	terreau
teenager	teenager
donati	donati
fades	fade
tabassent	tabasser
department	department
établissent	établir
moulante	moulant
antidrogue	antidrogue
buena	buena
médico-légales	médico-légal
dresses	dresser
inferno	inferno
buses	buse
marmonnes	marmonner
unalaq	unalaq
bubblegum	bubblegum
petrus	petrus
parcourait	parcourir
penrose	penrose
léonidas	léonidas
déguisent	déguiser
schilling	schilling
beeper	beeper
chipmunks	chipmunks
devdas	devdas
u.s	u.s
extradé	extrader
andoriens	andoriens
tempiar	tempiar
bériot	bériot
dépensons	dépenser
maltraitait	maltraiter
affilé	affilé
tae-soo	tae-soo
piéces	piéces
medusa	medusa
saab	saab
dunlap	dunlap
coordonnés	coordonner
dompté	dompter
amberle	amberle
faris	faris
fuchs	fuchs
qb	qb
rattrapes	rattraper
'l'	'l'
additionner	additionner
dorer	dorer
arrondis	arrondir
empêcherais	empêcher
désinfecté	désinfecter
aberrations	aberration
cherche-le	cherche-le
fatalement	fatalement
ouvrez-nous	ouvrez-nous
climats	climat
calogero	calogero
gauffres	gauffres
lamentables	lamentable
gottlieb	gottlieb
électroniquement	électroniquement
permettaient	permettre
redoutait	redouter
natsuki	natsuki
risquiez	risquer
perquisitionné	perquisitionner
malkovich	malkovich
femme-là	femme-là
ensanglantés	ensanglanter
dépendances	dépendance
démos	démos
survenant	survenir
inculpez	inculper
insp	insp
déchirement	déchirement
grimpeur	grimpeur
korby	korby
manuelo	manuelo
spitz	spitz
ishihara	ishihara
chanterons	chanter
zina	zina
concentrations	concentration
souffre-douleur	souffre-douleur
bamboula	bamboula
t-bag	t-bag
exprime-toi	exprime-toi
reluque	reluquer
creegan	creegan
contemplation	contemplation
généticien	généticien
teigneux	teigneux
fabre	fabre
dormions	dormir
périront	périr
intentionné	intentionné
cantrell	cantrell
malmenée	malmener
condamnons	condamner
délabrée	délabrer
jozef	jozef
pourait	pourait
phillipe	phillipe
fichaient	ficher
vibrante	vibrante
tresser	tresser
marinade	marinade
résistantes	résistant
fournirons	fournir
playmate	playmate
bicyclettes	bicyclette
remercierais	remercier
coulaient	couler
jugées	juger
traviata	traviata
rendors	rendormir
branco	branco
gâcherai	gâcher
mortifié	mortifier
superflus	superflu
auda	auda
vrp	vrp
loose	loose
usez	user
needles	needles
développait	développer
enrhumée	enrhumer
guest	guest
tracker	tracker
fraichement	fraichement
préparez-moi	préparez-moi
patriots	patriots
horizontales	horizontal
recouche-toi	recouche-toi
stace	stace
trappes	trappe
diapositives	diapositive
frankel	frankel
sacoches	sacoche
andrzej	andrzej
carmelita	carmelita
mccrae	mccrae
koldo	koldo
impulsifs	impulsif
raison.	raison.
pustules	pustule
regain	regain
gargamel	gargamel
komodo	komodo
aiguillon	aiguillon
cronus	cronus
sucez	sucer
essayerons	essayer
laputa	laputa
omniprésent	omniprésent
nandu	nandu
flick	flick
étole	étole
comparaitre	comparaitre
dessoûlé	dessoûler
oraison	oraison
avé	avé
lanière	lanière
raifort	raifort
marie-christine	marie-christine
chelem	chelem
pumas	puma
vois-le	vois-le
inexpliquée	inexpliqué
belov	belov
cambouis	cambouis
celtes	celte
penner	penner
déborah	déborah
analysent	analyser
poireaute	poireauter
poulains	poulain
musclées	muscler
contraceptif	contraceptif
vaccinés	vacciner
indisposée	indisposer
rist	rist
newgate	newgate
dynamo	dynamo
charlemagne	charlemagne
bubonique	bubonique
spenser	spenser
ryerson	ryerson
acclament	acclamer
faux-pas	faux-pas
zlotys	zloty
appuyait	appuyer
enlèveras	enlever
déclarera	déclarer
inchangée	inchangé
galweather	galweather
touts	tout
designs	design
couinements	couinement
soulève-le	soulève-le
accourir	accourir
littérale	littéral
atteindrait	atteindre
tiff	tiff
linguini	linguini
guidez	guider
yank	yank
belleville	belleville
porte-la	porte-la
dressera	dresser
transfuser	transfuser
ncaa	ncaa
assidu	assidu
illuminent	illuminer
valery	valery
1ères	1ères
worldwide	worldwide
malo	malo
hypodermique	hypodermique
fichez-lui	fichez-lui
passif-agressif	passif-agressif
mino	mino
replient	replier
lyn	lyn
destrier	destrier
lope	lope
greed	greed
celtique	celtique
semestres	semestre
gigolos	gigolo
lettonie	lettonie
productifs	productif
lance-pierre	lance-pierre
manne	manne
burlington	burlington
amèneras	amener
forain	forain
joseon	joseon
abondant	abondant
shalu	shalu
magistrature	magistrature
détestez-vous	détestez-vous
poussons	pousser
féconder	féconder
hinkle	hinkle
agirais	agir
narita	narita
entretemps	entretemps
punissait	punir
causons	causer
réduc	réduc
jointures	jointure
transversale	transversale
croisais	croiser
envisagiez	envisager
tôsaka	tôsaka
ssr	ssr
pelletier	pelletier
invariablement	invariablement
parallèlement	parallèlement
fiait	fier
vanship	vanship
amphore	amphore
plaides	plaider
entraînées	entraîner
bougiez	bougier
mecs-là	mecs-là
mortifiée	mortifier
.je	.je
pom-poms	pom-poms
greniers	grenier
mini-jupe	mini-jupe
caucase	caucase
canulars	canular
hindley	hindley
biquet	biquet
téléphonie	téléphonie
hush	hush
opères	opérer
shawna	shawna
a.l.i.e.	a.l.i.e.
bouleversante	bouleversant
subissons	subir
hooters	hooters
réunissait	réunir
dionne	dionne
lirait	lire
doge	doge
déplaisait	déplaire
poor	poor
éviterez	éviter
wallenberg	wallenberg
sweats	sweats
courtisans	courtisan
rockland	rockland
faisal	faisal
tae-sung	tae-sung
perceptible	perceptible
cracks	crack
tannen	tannen
kirara	kirara
scintillement	scintillement
spode	spode
indirect	indirect
couiner	couiner
négociateurs	négociateur
prévôt	prévôt
encaissez	encaisser
jacquou	jacquou
keiichi	keiichi
kotaro	kotaro
approcherai	approcher
circulaires	circulaire
addictions	addictions
koothrappali	koothrappali
sancti	sancti
dis-iui	dis-iui
souffrirait	souffrir
morrigan	morrigan
tribulations	tribulation
bavoir	bavoir
rotary	rotary
ramesh	ramesh
chocolaté	chocolaté
libérez-nous	libérez-nous
indira	indira
arbuste	arbuste
transmetteurs	transmetteur
bovin	bovin
krantz	krantz
répandit	répandre
frittata	frittata
emmêle	emmêler
tati	tati
leaving	leaving
parfumés	parfumer
koda	koda
présidé	présider
elever	elever
dunston	dunston
connaitra	connaitra
atteindrai	atteindre
plaidant	plaider
commentje	commentje
twa	twa
baymax	baymax
jeffy	jeffy
défoncez	défoncer
bromley	bromley
brancards	brancard
barbosa	barbosa
isaacs	isaacs
flamants	flamant
disparaitra	disparaitra
accrocherai	accrocher
pachinko	pachinko
renversante	renversant
effacerai	effacer
renfrogné	renfrogner
plaid	plaid
éblouie	éblouir
yuria	yuria
insidieux	insidieux
lavées	laver
cicatrisation	cicatrisation
allumerai	allumer
gauchistes	gauchiste
bloqueur	bloqueur
lafitte	lafitte
corrosif	corrosif
planais	planer
seahawk	seahawk
périt	périr
maîtrisais	maîtriser
armateur	armateur
go-go	go-go
symphony	symphony
johansen	johansen
nieman	nieman
krav	krav
éblouis	éblouir
hydrocarbures	hydrocarbure
annulons	annuler
gaélique	gaélique
aime-t-elle	aime-t-elle
kazama	kazama
jeri	jeri
aristide	aristide
manipulant	manipuler
randal	randal
hossein	hossein
materiel	materiel
fantastic	fantastic
estropiés	estropier
grand-pêre	grand-pêre
logent	loger
geyser	geyser
décidant	décider
caught	caught
brunel	brunel
encaisses	encaisser
replié	replier
bourricot	bourricot
chouchous	chouchou
minnick	minnick
martok	martok
zek	zek
empirique	empirique
menottés	menotter
acclimater	acclimater
donnes-en	donnes-en
miyazaki	miyazaki
brassards	brassard
rouge-gorge	rouge-gorge
déçues	déçu
spivak	spivak
alena	alena
décimés	décimer
hygiéniques	hygiénique
soumettez	soumettre
désuet	désuet
chérit	chérir
manquées	manquer
inquiétera	inquiéter
coercition	coercition
inclinez-vous	inclinez-vous
pershing	pershing
plient	plier
notoires	notoire
assécher	assécher
répulsion	répulsion
lambeau	lambeau
dégagez-moi	dégagez-moi
banshees	banshees
profanes	profane
lacombe	lacombe
orthographié	orthographier
immobilise	immobiliser
recluse	reclure
compacte	compact
confierai	confier
fous-nous	fous-nous
licenciado	licenciado
compte-t-il	compte-t-il
orbital	orbital
retardes	retarder
ramasseur	ramasseur
dégageait	dégager
sei	sei
fondamentalistes	fondamentaliste
louerai	louer
séchait	sécher
quarante-deux	quarante-deux
impérativement	impérativement
délirants	délirant
vantant	vanter
nantis	nantir
bangor	bangor
bodaway	bodaway
résille	résille
cicatriciel	cicatriciel
théoricien	théoricien
précédement	précédement
roué	roué
egbert	egbert
darpa	darpa
prévenante	prévenant
xian	xian
agrandissez	agrandir
asseois	asseois
marsten	marsten
surestimes	surestimer
jiao	jiao
téléchargée	télécharger
loker	loker
recouvrent	recouvrent
bock	bock
mitrailleur	mitrailleur
danko	danko
sado-maso	sado-maso
emmêlés	emmêler
répandus	répandre
estimais	estimer
cervelet	cervelet
auerbach	auerbach
opportunistes	opportuniste
campagnard	campagnard
métèques	métèque
évangiles	évangile
mute	muter
remercie-le	remercie-le
échangeant	échanger
déglingue	déglinguer
berkowitz	berkowitz
babines	babine
dévastés	dévaster
euthanasier	euthanasier
snipes	snipes
onction	onction
cautionner	cautionner
agressivement	agressivement
centurions	centurion
interceptés	intercepter
accompagnant	accompagnant
envoit	envoit
géologues	géologue
loo	loo
envahissante	envahissant
vomissais	vomir
urkel	urkel
forced	forced
2o	2o
invite-moi	invite-moi
texter	texter
inconsidéré	inconsidéré
rossé	rosser
foirez	foirer
stetson	stetson
supprimant	supprimer
bridé	bridé
espenson	espenson
suivons-les	suivons-les
autorisait	autoriser
télégraphié	télégraphier
respecteront	respecter
gloves	gloves
divertissante	divertissant
insisterai	insister
markie	markie
baisons	baiser
poppa	poppa
importun	importun
mic	mic
stabilisez	stabiliser
inquiétaient	inquiéter
knees	knees
g8	g8
envisagez-vous	envisagez-vous
testées	tester
trainant	trainant
décoiffer	décoiffer
planificateur	planificateur
dynamisme	dynamisme
fanfan	fanfan
bigweld	bigweld
dru	dru
cthulhu	cthulhu
informaticiens	informaticien
réfrigération	réfrigération
cun	cun
malakal	malakal
shiatsu	shiatsu
tabernacle	tabernacle
réchauffée	réchauffer
shikoku	shikoku
stillwater	stillwater
vouer	vouer
crions	crier
smokings	smoking
wynonna	wynonna
reverrons-nous	reverrons-nous
proof	proof
ouin	ouin
minier	minier
trouverons-nous	trouverons-nous
unions	union
errante	errante
capella	capella
aïd	aïd
répandez	répandre
meridian	meridian
yoni	yoni
vaccinée	vacciner
savoie	savoie
facilitez	faciliter
cortes	corte
photographiez	photographier
pendjab	pendjab
zeng	zeng
exxon	exxon
austérité	austérité
syed	syed
parka	parka
widener	widener
justifiés	justifier
steam	steam
steinberg	steinberg
ersatz	ersatz
chopez	choper
dialectique	dialectique
anxiolytiques	anxiolytique
tippin	tippin
salissent	salir
serrerais	serrer
fantasia	fantasia
mansour	mansour
num	num
arides	aride
agacée	agacer
astronomiques	astronomique
orthopédiques	orthopédique
boxon	boxon
malaya	malaya
hopitaux	hopitaux
obscurci	obscurcir
pomponner	pomponner
ganja	ganja
dévaler	dévaler
aparté	aparté
grégory	grégory
assassinent	assassiner
charretier	charretier
gâcherais	gâcher
exploitable	exploitable
incessante	incessant
follicules	follicule
éteignait	éteindre
ethnie	ethnie
anker	anker
éventualités	éventualité
happened	happened
patris	patris
remets-moi	remets-moi
affairs	affairs
hatton	hatton
motorisé	motoriser
sisyphe	sisyphe
chanterez	chanter
mollasson	mollasson
pindar	pindar
al-zuhari	al-zuhari
flashe	flasher
sood	sood
neeley	neeley
t.k	t.k
contessa	contessa
alessandra	alessandra
légat	légat
exclusives	exclusif
beech	beech
meisner	meisner
millard	millard
samaritains	samaritain
consciencieuse	consciencieux
revigorant	revigorant
coucherait	coucher
su-jin	su-jin
trouve-t-elle	trouve-t-elle
adventure	adventure
griffon	griffon
replace	replacer
libère-le	libère-le
germains	germain
hinckley	hinckley
gaspillent	gaspiller
démineur	démineur
réjouissais	réjouir
exchange	exchange
baudelaire	baudelaire
soudanais	soudanais
enfaite	enfaite
honeybunny	honeybunny
attachez-les	attachez-les
chato	chato
contentons-nous	contentons-nous
enseignera	enseigner
rossiu	rossiu
lahey	lahey
dissolvant	dissolvant
gusteau	gusteau
percuteur	percuteur
eskimo	eskimo
triumvirat	triumvirat
incohérence	incohérence
cassis	cassis
amorcée	amorcer
coulis	coulis
radotes	radoter
époustouflé	époustouflé
foutez-le	foutez-le
weeds	weeds
rébecca	rébecca
edal	edal
deandre	deandre
hatem	hatem
blackadder	blackadder
sectaire	sectaire
rodrick	rodrick
arcy	arcy
pelvienne	pelvien
ohara	ohara
rapha	rapha
dérangeante	dérangeant
envoûtant	envoûtant
bledsoe	bledsoe
attendent-ils	attendent-ils
dégeler	dégeler
parents-profs	parents-profs
appartient-il	appartient-il
heylia	heylia
nullos	nullos
difformité	difformité
fairy	fairy
mcmann	mcmann
pourpres	pourpre
spud	spud
rajah	rajah
chambrée	chambrée
ghislaine	ghislaine
belli	belli
incrédule	incrédule
victuailles	victuaille
modérer	modérer
reparlerai	reparler
rais	rai
abuela	abuela
intèrieur	intèrieur
emili	emili
karloff	karloff
mutual	mutual
oswin	oswin
devanture	devanture
uptown	uptown
pugsley	pugsley
raclures	raclure
renforcera	renforcer
alimentent	alimenter
confiées	confier
rendons-nous	rendons-nous
evey	evey
pinter	pinter
cachetons	cacheter
héroïnes	héroïne
zin	zin
ubba	ubba
bafouée	bafouer
linette	linette
biscottes	biscotte
craigne	craindre
transfuge	transfuge
butcher	butcher
épiques	épique
smooth	smooth
ouzbékistan	ouzbékistan
ecoute-toi	ecoute-toi
looping	looping
linguiste	linguiste
doogie	doogie
contractuelle	contractuel
réduisons	réduire
serrerai	serrer
fromm	fromm
radial	radial
pincez-moi	pincez-moi
emanuel	emanuel
bidules	bidule
déflagration	déflagration
lovejoy	lovejoy
tchin-tchin	tchin-tchin
gaetano	gaetano
évaluée	évaluer
dairy	dairy
send	send
survécut	survivre
stinky	stinky
préservés	préserver
cadrage	cadrage
insensibilité	insensibilité
skunk	skunk
intruse	intrus
velez	velez
maga	maga
certification	certification
laminer	laminer
neely	neely
grisonnant	grisonnant
recalée	recaler
walcott	walcott
charo	charo
cultivateurs	cultivateur
keuf	keuf
prouvons	prouver
hornet	hornet
strickler	strickler
23h00	23h00
retiriez	retirer
médaillons	médaillon
abdiquer	abdiquer
ricine	ricine
moulé	mouler
notation	notation
dînerai	dîner
saoulée	saouler
déverrouillé	déverrouiller
étonnera	étonner
surin	surin
stylistes	styliste
confirmons	confirmer
lysias	lysias
montagnards	montagnard
moldavie	moldavie
bourru	bourru
crades	crade
poseras	poser
nakata	nakata
méta-humain	méta-humain
intraçables	intraçables
latines	latin
economie	economie
eteint	eteint
péjoratif	péjoratif
latéraux	latéral
kikuko	kikuko
laqué	laqué
jadalla	jadalla
sureau	sureau
prager	prager
chiper	chiper
medecins	medecins
confiscation	confiscation
as-t-il	as-t-il
woodbury	woodbury
continus	continu
scotchée	scotcher
orrin	orrin
pongo	pongo
carbonate	carbonate
meubler	meubler
tenailles	tenaille
alderman	alderman
incisive	incisive
construisaient	construire
lowen	lowen
hésitante	hésitant
pasa	pasa
dissimulés	dissimuler
connectez	connecter
nanotechnologie	nanotechnologie
déniche	dénicher
furieusement	furieusement
inhabité	inhabité
saisonniers	saisonnier
cramponne-toi	cramponne-toi
réjouissez	réjouir
prevu	prevu
crips	crips
ania	ania
leviez	lever
blogueur	blogueur
culottée	culotter
taye	taye
tôdô	tôdô
marital	marital
0u	0u
affolés	affoler
boursiers	boursier
lunatiques	lunatique
conscription	conscription
fluidité	fluidité
contrôlerai	contrôler
noh	noh
seaborn	seaborn
aménagements	aménagement
élevons	élever
inquiéterai	inquiéter
hagrid	hagrid
nis	nis
tatsuya	tatsuya
santal	santal
compromettrait	compromettre
confondue	confondre
dakar	dakar
keitel	keitel
columbine	columbine
shaughnessy	shaughnessy
invasions	invasion
prep	prep
corser	corser
eva-02	eva-02
volpone	volpone
tabassait	tabasser
pauley	pauley
risqués	risquer
andri	andri
informent	informer
pommiers	pommier
saltimbanque	saltimbanque
cautériser	cautériser
chamaille	chamaille
tope-la	tope-la
schumacher	schumacher
carlitos	carlitos
sanka	sanka
enveloppés	envelopper
réintègre	réintégrer
dindons	dindon
nakada	nakada
gruner	gruner
yim	yim
stoney	stoney
calibré	calibrer
rashad	rashad
egoïste	egoïste
obéiras	obéir
ravitailleur	ravitailleur
abreuver	abreuver
holistique	holistique
alpinisme	alpinisme
chegwidden	chegwidden
réclamera	réclamer
thons	thon
phineas	phineas
alarmante	alarmant
remontées	remonter
naquadria	naquadria
excusent	excuser
apos	apos
flax	flax
orme	orme
poteries	poterie
anjin-san	anjin-san
irrépressible	irrépressible
pablito	pablito
cicatrisé	cicatriser
périphériques	périphérique
allocs	allocation
akagi	akagi
pum	pum
schafer	schafer
pochés	pocher
breath	breath
naevia	naevia
concentrait	concentrer
mijoté	mijoter
moussa	mousser
envi	envi
vide-ordures	vide-ordures
bip-bip	bip-bip
extrapoler	extrapoler
enfuirait	enfuir
électriciens	électricien
menem	menem
lauer	lauer
battants	battant
bois-tu	bois-tu
quipe	quipe
kiyokawa	kiyokawa
i.a.	i.a.
marseillaise	marseillais
désobligeant	désobligeant
lalo	lalo
au-dela	au-dela
eliminer	eliminer
fumigène	fumigène
wou	wou
solloway	solloway
makino	makino
saisonnier	saisonnier
contenues	contenu
fumerai	fumer
marcheur	marcheur
egyptien	egyptien
flottaient	flotter
soufflée	souffler
dalles	dalle
fréquentiez	fréquenter
lorazepam	lorazepam
conformiste	conformiste
crispin	crispin
region	region
débordements	débordement
tachyon	tachyon
fink-nottle	fink-nottle
task	task
réplicateur	réplicateur
tchekhov	tchekhov
kasim	kasim
medias	media
bigot	bigot
vegeta	vegeta
caliente	caliente
conference	conference
adamson	adamson
guard	guard
adria	adria
arcades	arcade
éclairent	éclairer
honores	honorer
amuserais	amuser
stockée	stocker
patauge	patauger
chorales	chorale
oublia	oublier
psychothérapeute	psychothérapeute
chieko	chieko
désinfecte	désinfecter
assistais	assister
soufflera	souffler
huileux	huileux
protège-nous	protège-nous
okay.	okay.
éh	éh
all-star	all-star
lévriers	lévrier
assainissement	assainissement
indétectables	indétectable
calibrer	calibrer
daesu	daesu
usain	usain
forfaits	forfait
engrenages	engrenage
mésaventures	mésaventure
chupacabra	chupacabra
jeannine	jeannine
gilou	gilou
bigamie	bigamie
à-	à-
renforcés	renforcer
vosu	vosu
éloignons	éloigner
woodland	woodland
essayez-la	essayez-la
goulasch	goulasch
montreal	montreal
tutti	tutti
ebenezer	ebenezer
whoops	whoops
pt	pt
positionnement	positionnement
mele	mele
antiquaires	antiquaire
cables	cables
façonne	façonner
baisserai	baisser
macro	macro
immédiates	immédiat
glacer	glacer
réagissait	réagir
primé	primer
coagulé	coaguler
alignez	aligner
regardes-toi	regardes-toi
ià-dessus	ià-dessus
roseanna	roseanna
cyndi	cyndi
prestes	preste
siphonner	siphonner
martinique	martinique
diams	diam
worsley	worsley
rencarts	rencarts
levitt	levitt
désespérez	désespérer
limiers	limier
tiens-t'	tiens-t'
whittier	whittier
ligatures	ligature
serfs	serf
déportée	déporter
guk	guk
botterais	botter
prãªt	prãªt
dyle	dyle
nénette	nénette
hippopotames	hippopotame
faisons-la	faisons-la
'jour	'jour
réfléchiras	réfléchir
amphètes	amphètes
sunder	sunder
abordables	abordable
resurgir	resurgir
agirons	agir
persister	persister
grand-duc	grand-duc
léthargique	léthargique
poursuivit	poursuivre
ansel	ansel
flippée	flipper
abondent	abonder
benzène	benzène
renonçant	renoncer
gladney	gladney
comptoirs	comptoir
kuroda	kuroda
avançaient	avancer
dixièmes	dixième
ble	ble
décèle	déceler
sikh	sikh
jae-hyeok	jae-hyeok
entichée	enticher
rabats	rabattre
ïun	ïun
nourritures	nourriture
prospecter	prospecter
doublage	doublage
orné	orner
rué	ruer
vixen	vixen
couenne	couenne
sanju	sanju
ginza	ginza
reniflant	renifler
marmottes	marmotte
accepterons	accepter
étiré	étiré
shinbei	shinbei
dorfman	dorfman
inactifs	inactif
termina	terminer
expédiée	expédier
flushing	flushing
exagérées	exagérer
berceuses	berceuse
retirez-le	retirez-le
runway	runway
accouchements	accouchement
putney	putney
sake	sake
plaisantiez	plaisanter
jazeera	jazeera
calciné	calciner
fox-trot	fox-trot
krug	krug
muffy	muffy
reaction	reaction
conasse	conasse
haroun	haroun
enfonçait	enfoncer
congèle	congeler
éconduit	éconduire
duché	duché
balayages	balayage
aves	aves
provoquées	provoquer
aimerons	aimer
ol	ol
proférer	proférer
détruis-le	détruis-le
effective	effectif
narquois	narquois
amphibie	amphibie
tide	tide
revaudras	revaloir
trouveras-tu	trouveras-tu
mixé	mixer
ikey	ikey
concurrentes	concurrent
barrel	barrel
hanovre	hanovre
commotions	commotion
zayday	zayday
gaïa	gaïa
shoji	shoji
influencent	influencer
peep	peep
grésillement	grésillement
dealeuse	dealeuse
coruscant	coruscant
five-0	five-0
renoi	renoi
hedda	hedda
placez-le	placez-le
schofield	schofield
boy-scouts	boy-scout
panaché	panacher
irrespect	irrespect
badauds	badaud
évoquant	évoquer
reconstitutions	reconstitution
fouad	fouad
enrhumer	enrhumer
virait	virer
puceaux	puceau
fizz	fizz
lisaient	lire
ml6	ml6
cryptées	crypter
réapparaîtra	réapparaître
sheena	sheena
descendrait	descendre
déclencherait	déclencher
bipolaires	bipolaire
clarifie	clarifier
cadrer	cadrer
déchiquetée	déchiqueter
pestilence	pestilence
doutée	douter
punching	punching
dandelion	dandelion
mitsuo	mitsuo
hernan	hernan
spooky	spooky
tassé	tasser
wayland	wayland
ritsu	ritsu
evanston	evanston
chibs	chibs
rapido	rapido
motoneige	motoneige
endosse	endosser
bouffera	bouffer
lexa	lexa
intemporel	intemporel
agrandie	agrandir
fremen	fremen
ponctuels	ponctuel
morphologie	morphologie
diapo	diapo
emiya	emiya
fera-t-elle	fera-t-elle
haïe	haïr
mysticisme	mysticisme
vérifierais	vérifier
cholo	cholo
seeker	seeker
philosophiques	philosophique
railroad	railroad
okubo	okubo
pilé	piler
lsraël	lsraël
gambader	gambader
chercha	chercher
guérirait	guérir
phillies	phillies
offensives	offensive
waverider	waverider
luttaient	lutter
dédalus	dédalus
semant	semer
tournez-le	tournez-le
noyant	noyer
poursuivez-le	poursuivez-le
gord	gord
carrées	carrer
influe	influer
kandinsky	kandinsky
idolâtre	idolâtre
qualifiées	qualifier
lowrey	lowrey
negatif	negatif
toi-	toi-
gourdes	gourde
grateful	grateful
maîtrisait	maîtriser
lance-pierres	lance-pierres
kidnappées	kidnapper
oracles	oracle
appliquait	appliquer
faîtes-moi	faîtes-moi
pleurnichards	pleurnichard
brix	brix
débridée	débrider
carbonisés	carboniser
causerai	causer
szura	szura
rasmussen	rasmussen
esplanade	esplanade
giga	giga
rejointe	rejoindre
radiohead	radiohead
thorndyke	thorndyke
isla	isla
sentences	sentence
weiner	weiner
parions	parions
belt	belt
évoquait	évoquer
ressentaient	ressentir
warlow	warlow
chesney	chesney
tintouin	tintouin
ajussi	ajussi
franchissant	franchir
couvre-le	couvre-le
nait	nait
ganesh	ganesh
p.b.	p.b.
salière	salière
soignées	soigner
établira	établir
lebrac	lebrac
synced	synced
artisanales	artisanal
paraffine	paraffine
ranimé	ranimer
prady	prady
malucci	malucci
ly	ly
holman	holman
shreveport	shreveport
dépucelé	dépuceler
sososeries	sososeries
mango	mango
keough	keough
argumentaire	argumentaire
encline	enclin
royston	royston
succulente	succulent
récupèrerai	récupèrerai
assombrir	assombrir
galway	galway
suggérait	suggérer
ck	ck
détournes	détourner
kite	kite
foncièrement	foncièrement
garnet	garnet
cappy	cappy
scannez	scanner
i.v.	i.v.
digestifs	digestif
hardwicke	hardwicke
lenox	lenox
droitière	droitier
exècre	exécrer
barmans	barman
caster	caster
moll	moll
vino	vino
surligné	surligner
marshalls	marshalls
lorde	lorde
kamen	kamen
tardives	tardif
millar	millar
objecte	objecter
engourdis	engourdir
taxidermie	taxidermie
touchdowns	touchdowns
sweetwater	sweetwater
wit	wit
felt	felt
étuis	étui
damner	damner
distinct	distinct
plasmique	plasmique
cosmonautes	cosmonaute
englobe	englober
owari	owari
mots-là	mots-là
vaporise	vaporiser
étranglait	étrangler
follet	follet
maltais	maltais
esthétiques	esthétique
comparons	comparer
accroupis	accroupir
feins	feindre
campait	camper
window	window
vénérienne	vénérien
interdise	interdire
énergiquement	énergiquement
sixers	sixers
nour	nour
senhor	senhor
charriot	charriot
admettrai	admettre
absorbés	absorber
'on	'on
détournements	détournement
coal	coal
tatsu	tatsu
wraiths	wraiths
blasphémer	blasphémer
assimile	assimiler
asta	asta
comin	comin
piquera	piquer
filous	filou
stratagèmes	stratagème
nazim	nazim
matheux	matheux
passionnants	passionnant
anesthésié	anesthésier
serpentins	serpentin
a.m.	a.m.
roms	rom
pied-bot	pied-bot
ches	ches
ghana	ghana
émoussée	émousser
lugo	lugo
matobo	matobo
fiducie	fiducie
goetz	goetz
millenium	millenium
bienveillants	bienveillant
skate-board	skate-board
qqch	qqch
débranchée	débrancher
chiales	chialer
butés	buter
insuffisants	insuffisant
édredon	édredon
residence	residence
démontée	démonter
gabor	gabor
légaré	légaré
fiches-tu	fiches-tu
bagagiste	bagagiste
mêlées	mêlée
advient	advenir
jamaica	jamaica
veilleras	veiller
hallucines	halluciner
gascogne	gascogne
poissonnerie	poissonnerie
taï	taï
pactes	pacte
gacy	gacy
outrageant	outrageant
sanctuary	sanctuary
auditives	auditif
disrupteur	disrupteur
jenson	jenson
convaincantes	convaincant
haldeman	haldeman
morningstar	morningstar
dépouillée	dépouiller
beuveries	beuverie
rejoignait	rejoindre
endoscopie	endoscopie
mû	mouvoir
fitzy	fitzy
caza	caza
goines	goines
recommandable	recommandable
scientologue	scientologue
repêchage	repêchage
achéte	achéte
prononçant	prononcer
gueulait	gueuler
dingle	dingle
remplaceront	remplacer
laetitia	laetitia
prenons-en	prenons-en
mesurée	mesurer
ecoutes-moi	ecoutes-moi
élargie	élargir
piya	piya
ferme-les	ferme-les
saboga	saboga
habituées	habituer
amina	amina
informatisé	informatiser
obtint	obtenir
micheton	micheton
naturaliste	naturaliste
ressuscitera	ressusciter
baisaient	baiser
mykes	mykes
rembarré	rembarrer
couffin	couffin
incurables	incurable
vire-la	vire-la
pembleton	pembleton
tripe	tripe
ralentie	ralentir
stradivarius	stradivarius
tashi	tashi
réconfortée	réconforter
etudiante	etudiante
corinna	corinna
chamane	chamane
caquet	caquet
oona	oona
avin	avin
démissions	démission
téméraires	téméraire
top-model	top-model
glycérine	glycérine
bengali	bengali
kagame	kagame
giclée	giclée
haruka	haruka
alloué	allouer
coronado	coronado
lavettes	lavette
leve-toi	leve-toi
rapportées	rapporter
lançaient	lancer
asiles	asile
arrangeront	arranger
réparant	réparer
ones	ones
demeurera	demeurer
irai-je	irai-je
dreadlocks	dreadlocks
trois-quarts	trois-quarts
rouspéter	rouspéter
émotifs	émotif
absentéisme	absentéisme
retentissant	retentissant
shilo	shilo
salah	salah
papes	pape
mythomane	mythomane
trainais	trainais
vindicative	vindicatif
rétablisse	rétablir
thornfield	thornfield
snobisme	snobisme
réjouissons	réjouir
intéressons	intéresser
sketchs	sketch
zidane	zidane
couard	couard
bubs	bubs
détachent	détacher
mms	mms
refaites-le	refaites-le
jumpers	jumpers
pratap	pratap
appréciées	apprécier
autobronzant	autobronzant
remettrons	remettre
déconnexion	déconnexion
flambeaux	flambeau
aborigène	aborigène
bourguignon	bourguignon
étirement	étirement
pleureras	pleurer
pyongyang	pyongyang
surchargée	surcharger
arigato	arigato
solvable	solvable
traquant	traquer
abattues	abattu
diarrhées	diarrhée
il-te	il-te
enquêtiez	enquêter
dégueux	dégueux
pappy	pappy
courez-vous	courez-vous
ciboulot	ciboulot
rirez	rire
kwok	kwok
entropie	entropie
daiquiri	daiquiri
eyal	eyal
atsushi	atsushi
monarques	monarque
ismaël	ismaël
réengager	réengager
irréelle	irréel
a'	a'
sculptée	sculpter
bavures	bavure
éduque	éduquer
isn	isn
venimeuse	venimeux
braithwaite	braithwaite
frottent	frotter
nationalisme	nationalisme
3è	3è
orden	orden
patriotiques	patriotique
amphés	amphétamine
tadam	tadam
