lemma,family_rank,family_freq,forms
le,1,16853263,le la l' les
être,2,13506917,est suis était être es sont
je,3,11302227,je j' j
de,4,11038723,de d'
avoir,5,10169333,a ai as avez ont avoir
un,6,8987217,un une des uns unes
ce,7,7893293,c' ce cette ces cet
que,8,7603271,que qu'
pas,9,5833676,pas
ne,10,5665518,ne n' n
il,11,4970900,il ils
vous,12,4500162,vous
tu,13,4434920,tu
à,14,4119959,à
et,15,4110855,et
faire,16,2960590,fait faire fais faites font fera
en,17,2925411,en
aller,18,2884346,va vais allez aller vas allons
on,19,2756346,on
ça,20,2744024,ça ç'
me,21,2588010,me m'
pour,22,2475533,pour
te,23,2385592,t' te
mon,24,2244812,mon ma mes
pouvoir,25,1993924,peux peut pourrait pu puis pouvez
se,26,1905366,s' se
dire,27,1837956,dit dire dis dirait dites disais
tout,28,1774246,tout tous toutes touts
lui,29,1687873,elle elles eux
qui,30,1665879,qui
mais,31,1641141,mais
vouloir,32,1594153,veux veut voulais voulez voulait voudrais
savoir,33,1532195,sais savoir savez sait savais savait
dans,34,1508883,dans
nous,35,1504467,nous
son,36,1473005,son sa ses leur sons
bien,37,1443553,bien biens
si,38,1409401,si
du,39,1337227,du
y,40,1320695,y
non,41,1290498,non
avec,42,1256800,avec
plus,43,1214520,plus
voir,44,1132386,voir vu vois voyez voit voyons
ton,45,1113910,ton ta tes tons
au,46,1109359,au
moi,47,1048758,moi
oui,48,1001703,oui
devoir,49,983032,dois dû devrais devrait devez devoir
sur,50,944672,sur sure surs
quoi,51,894291,quoi
votre,52,888087,votre vos
comme,53,864987,comme
quelque,54,745873,quelque quelqu' quelques
bon,55,744127,bon bonne bonnes bons
venir,56,735842,viens venir vient venu venez viennent
ici,57,725494,ici
toi,58,707904,toi
est-ce,59,707256,est-ce
luire,60,691959,lui luis luit
pourquoi,61,657070,pourquoi
chose,62,653532,chose choses
où,63,643564,où
là,64,643024,là
rien,65,638217,rien riens
penser,66,617909,pense pensais penses pensé penser pensez
quand,67,598113,quand
autre,68,546441,autre autres
alors,69,542173,alors
parler,70,532538,parler parle parles parlez parlait parlais
comment,71,528569,comment
par,72,519463,par
notre,73,504275,notre nos
ou,74,497358,ou
aimer,75,485390,aime aimerais aimes aimer aimais aimez
merci,76,471631,merci mercis
juste,77,467241,juste justes
trouver,78,464646,trouvé trouver trouve trouves trouvez trouvée
très,79,462324,très
croire,80,455332,crois croire croyais croyez croit croient
prendre,81,440614,prendre prends prend prenez prendra prennent
jamais,82,436873,jamais
aussi,83,427827,aussi
même,84,426197,même mêmes
vraiment,85,423339,vraiment
oh,86,408070,oh
maintenant,87,402585,maintenant
falloir,88,396045,faut fallait faudra faudrait falloir fallu
deux,89,388269,deux
attendre,90,384872,attends attendez attendre attend attendais attendant
peu,91,354756,peu
temps,92,354330,temps
petit,93,352204,petit petite petits petites
quel,94,350209,quel quelle quelles quels
toujours,95,345760,toujours
encore,96,342386,encore
besoin,97,334595,besoin besoins
homme,98,334587,homme hommes
vie,99,326649,vie vies
sûr,100,324492,sûr sûre sûrs sûres
accord,101,316630,accord accords
personne,102,314109,personne personnes
regarder,103,307151,regarde regardez regarder regardé regardes regardais
peut-être,104,306785,peut-être
seul,105,300275,seul seule seuls seules
arriver,106,299811,arrive arriver arrivera arrivent arrivés arrives
femme,107,298987,femme femmes
fois,108,297685,fois
mort,109,297253,mort morte morts mortes
désolé,110,296562,désolé désolée désolés désolées
jour,111,288759,jour jours
appeler,112,282329,appelle appeler appelez appelles appelait appelée
donc,113,281973,donc
arrêter,114,281555,arrête arrêter arrêtez arrêtes arrêtée arrêtera
sans,115,281163,sans
tuer,116,280277,tuer tué tuée tués tuera tuerai
monde,117,277005,monde
vrai,118,275890,vrai vraie vrais vraies
parce,119,273723,parce
avant,120,272706,avant
fille,121,271960,fille filles
trop,122,265575,trop
an,123,262971,ans an
père,124,261503,père pères
essayer,125,261429,essaie essayé essayer essaye essayez essayais
nouveau,126,252813,nouveau nouvelle nouvelles nouveaux nouvel
dieu,127,251742,dieu dieux
après,128,250383,après
laisser,129,246576,laisser laissé laissez laisserai laisses laissée
aux,130,244896,aux
entrer,131,243974,entre entrer entrez entré entrés entrent
connaître,132,241935,connais connaissez connaître connaît connaissais connaissait
ouais,133,241407,ouais
ok,134,228115,ok
doit,135,227951,doit
m.,136,223793,m.
mal,137,222116,mal maux
partir,138,219169,partir pars partez partons parte partira
chez,139,218436,chez
ami,140,216587,ami amis
déjà,141,214718,déjà
depuis,142,214022,depuis
beaucoup,143,211787,beaucoup
grand,144,209771,grand grande grands grandes
mère,145,208153,mère mères
comprendre,146,207306,comprends comprendre comprenez comprend comprennent comprendra
aider,147,205912,aider aidé aidera aides aidez aiderait
mieux,148,205274,mieux
enfant,149,202288,enfants enfant
sortir,150,201984,sortir sorti sortez sortira sortis sortent
monsieur,151,201794,monsieur messieurs
gens,152,198558,gens
heure,153,195795,heure heures
maison,154,193941,maison maisons
rester,155,191693,rester restez resté restera restent restée
ca,156,189898,ca
voilà,157,189677,voilà
passé,158,189189,passé passes passés passées
dernier,159,188263,dernière dernier derniers dernières
problème,160,184943,problème problèmes
aucun,161,182046,aucun aucune aucunes aucuns
celui,162,178273,celui ceux celle celles
soir,163,177936,soir soirs
celer,164,177397,cela
nom,165,176490,nom noms
toute,166,174066,toute
passer,167,173019,passer passez passera passait passent passons
mettre,168,171456,mettre met mettez mettent mette mettra
raison,169,168424,raison raisons
reste,170,166840,reste restes
donner,171,165958,donner données donnez donnes donnerai donna
beau,172,164783,belle beau beaux belles
nuit,173,164175,nuit nuits
travailler,174,163826,travailler travaille travaillé travaillait travailles travaillez
salut,175,160990,salut
commencer,176,159910,commence commencé commencer commençons commencez commencent
moment,177,159666,moment moments
argent,178,159413,argent
chercher,179,159274,chercher cherchez cherché cherches cherchais cherchait
truc,180,157507,truc trucs
bonjour,181,156488,bonjour bonjours
moins,182,153102,moins
plaire,183,152650,plaît plaire plais plairait plaira plaise
maman,184,152309,maman mamans
air,185,151080,air airs
papa,186,147481,papa papas
passe,187,144680,passe
famille,188,142073,famille familles
main,189,141915,main mains
peur,190,141683,peur peurs
question,191,140601,question questions
ah,192,140158,ah
idée,193,138238,idée idées
devenir,194,138016,devenir devenu devient devenue deviens deviennent
jusque,195,138006,jusqu' jusque
revenir,196,137039,reviens revenir revenez reviendra reviendrai revienne
mec,197,136720,mec mecs
voiture,198,136193,voiture voitures
gars,199,136154,gars
travail,200,135958,travail travaux
tête,201,135539,tête têtes
fils,202,134600,fils
prêt,203,132972,prêt prête prêts prêtes
trois,204,132625,trois
assez,205,132619,assez
entendre,206,131924,entendre entends entendez entend entendue entende
eh,207,131788,eh
chance,208,131330,chance chances
coup,209,130550,coup coups
porte,210,129857,porte portes
pris,211,129066,pris
jouer,212,128323,jouer joué jouez jouait jouent jouais
manger,213,127630,manger mange mangé mangez manges mangent
meilleur,214,127576,meilleur meilleure meilleurs meilleures
rentrer,215,125725,rentrer rentre rentrez rentres rentrons rentrés
rendre,216,125609,rendre rend rends rendez rendent rendra
vite,217,125063,vite
demander,218,124766,demander demandez demandais demandent demandait demanderai
mourir,219,123819,mourir meurt meurs meurent mourra meure
merde,220,123747,merde merdes
vieux,221,123140,vieux vieille vieil vieilles
part,222,122153,part parts
hé,223,121065,hé
pendant,224,121060,pendant
aujourd'hui,225,117159,aujourd'hui
demain,226,116541,demain
hein,227,116301,hein
tard,228,115148,tard
changer,229,114818,changer changé changera changent changez changerait
histoire,230,114605,histoire histoires
année,231,114583,années année
tant,232,113917,tant
combien,233,113220,combien
sens,234,112925,sens
souvenir,235,112610,souviens souvenir souvenirs souvenez souvient souvienne
chéri,236,111827,chérie chéri chéris chéries
frère,237,111528,frère frères
super,238,109895,super supers
contre,239,108451,contre
oublier,240,108044,oublié oublier oubliez oublierai oublies oublions
entendu,241,107777,entendu
apprendre,242,107569,appris apprendre apprend apprends apprendra apprenne
espérer,243,107191,espère espérais espérons espérer espérant espérait
ensemble,244,107139,ensemble ensembles
demande,245,106971,demande demandes
importer,246,106680,importe importait importent importé importer importée
semaine,247,106512,semaine semaines
amour,248,105825,amour amours
revoir,249,105772,revoir revu reverra revois reverrai revoit
partie,250,105324,partie parties
occuper,251,104673,occupe occuper occupée occupes occupés occuperai
sang,252,104071,sang sangs
oeil,253,103819,yeux oeil
sou,254,103660,sous sou
fou,255,103085,fou fous folles
vivre,256,101639,vivre vivent vivait vivez vivons vivais
perdre,257,101581,perdre perds perd perdue perdez perdent
cas,258,100615,cas
utiliser,259,100364,utiliser utilisé utilise utilisez utilisent utilisée
continuer,260,100269,continue continuer continuez continues continué continuent
fini,261,98823,fini
tien,262,98674,tiens tienne tien tiennes
gagner,263,98361,gagner gagné gagne gagnes gagnez gagnent
mauvais,264,97748,mauvais mauvaise mauvaises
genre,265,96588,genre genres
aide,266,96574,aide
typer,267,95910,type types
premier,268,95850,premier premiers premières
police,269,95703,police polices
seulement,270,95569,seulement
bébé,271,95419,bébé bébés
tenir,272,95368,tenir tient tenez tenait tenais tiendra
car,273,95104,car cars
point,274,94848,point points
ville,275,94715,ville villes
payer,276,94600,payer payé paierai payée payez payés
mois,277,94016,mois
certain,278,92997,certains certain certaines certaine
sentir,279,92739,sentir sent senti sentez sentais sentait
jeune,280,92324,jeune jeunes
tomber,281,92235,tomber tombé tombent tombés tombera tombez
place,282,92075,place places
côté,283,91879,côté côtés
endroit,284,91474,endroit endroits
laisse,285,91272,laisse
chaque,286,91035,chaque
sembler,287,90593,semble semblait semblez semblent semblerait sembles
putain,288,90313,putain putains
retrouver,289,90126,retrouver retrouvé retrouve retrouvée retrouvera retrouvés
arrivé,290,89653,arrivé
parlé,291,89625,parlé parlés
parti,292,89462,parti partis
rencontrer,293,89333,rencontrer rencontré rencontrés rencontrée rencontrent rencontrez
avez-vous,294,88861,avez-vous
écouter,295,88789,écoutez écouter écoutes écouté écoutais écoutent
longtemps,296,88619,longtemps
façon,297,87391,façon façons
dormir,298,87282,dormir dors dormi dort dormais dormez
plein,299,87051,plein pleine pleins pleines
compte,300,86784,compte comptes
envoyer,301,86734,envoyer envoie envoyez envoyée enverrai envoyés
sauver,302,86703,sauver sauvé sauve sauvée sauvés sauvez
perdu,303,86263,perdu perdus
droit,304,86132,droit droits droites
arme,305,85989,arme armes
compris,306,85819,compris comprises
ni,307,84992,ni
train,308,84291,train trains
leurs,309,84050,leurs
attention,310,84022,attention attentions
acheter,311,83724,acheter acheté achète achetée achetez achèterai
mot,312,83104,mot mots
affaire,313,83076,affaire
corps,314,82565,corps
donné,315,82427,donné
est-il,316,82359,est-il
voici,317,82156,voici
dont,318,81842,dont
écoute,319,81813,écoute
garçon,320,81796,garçon garçons
important,321,81562,important importante importantes importants
madame,322,81518,madame mesdames
terrer,323,80944,terre terres terra terrer
matin,324,80883,matin matins
chambre,325,80832,chambre chambres
première,326,80647,première
tellement,327,80089,tellement
finir,328,80017,finir finit finie finis finira finisse
heureux,329,79834,heureux heureuse heureuses
adorer,330,79133,adore adorer adoré adorerais adorent adorait
rappeler,331,79112,rappelle rappeler rappelles rappelez rappelé rappellerai
eau,332,78461,eau eaux
gros,333,77632,gros grosses
toucher,334,77466,touche touché toucher touchez touches touchés
pardon,335,77301,pardon pardons
boire,336,77206,boire bu boit buvez buvons buvait
suite,337,77136,suite suites
cause,338,76874,cause causes
là-bas,339,76653,là-bas
vers,340,76542,vers
marier,341,76504,marier marié marie mariés maria marient
devant,342,76363,devant devants
minuter,343,76229,minutes
demandé,344,76129,demandé
fin,345,76121,fin fins fines
dr,346,75475,dr
servir,347,75416,servir sert servi sers servent servira
enfin,348,75391,enfin
mari,349,75099,mari maris
téléphoner,350,74552,téléphone téléphoner téléphones téléphoné téléphonez téléphonerai
mis,351,74511,mis
photo,352,74383,photo photos
bureau,353,74091,bureau bureaux
montrer,354,74059,montrer montré montrent montrez montrerai montrera
loin,355,73779,loin
boulot,356,73474,boulot boulots
garder,357,73289,garder gardez gardent gardait garderai gardée
as-tu,358,73213,as-tu
possible,359,72979,possible possibles
donne,360,72911,donne
mme,361,72376,mme
aura,362,72059,aura
recevoir,363,71704,reçu recevoir reçois reçoit recevez reçus
docteur,364,71620,docteur docteurs doctoresse
répondre,365,71462,répondre réponds répondu répond répondez répondent
plutôt,366,71199,plutôt
chef,367,70640,chef chefs
école,368,69995,école écoles
jeu,369,69944,jeu jeux
hier,370,69937,hier
parfait,371,69896,parfait parfaite parfaits parfaites
feu,372,69301,feu feux
quitter,373,69059,quitter quitté quittez quittes quittée quitterai
garde,374,68617,garde gardes
prochain,375,68608,prochaine prochain prochaines prochains
lire,376,68543,lire lu lisez lires lisais lise
mentir,377,68530,menti mentir mens ment mentez mentent
fort,378,67699,fort forts fortes
emmener,379,67669,emmener emmène emmené emmenée emmenez emmènes
euh,380,67392,euh
dehors,381,67348,dehors
dur,382,67333,dur durs dures
a-t-il,383,67118,a-t-il
vérité,384,67057,vérité vérités
confiance,385,67045,confiance
journée,386,66491,journée journées
génial,387,66325,génial géniale géniaux géniales
film,388,65948,film films
équipe,389,65935,équipe équipes
propos,390,65929,propos
voler,391,65369,volé voler volés volent volait voles
imaginer,392,64839,imagine imaginer imaginez imagines imaginé imaginais
joli,393,64770,jolie joli jolies jolis
préférer,394,64661,préfère préféré préférée préférerais préfères préférez
propre,395,64552,propre propres
suivre,396,64314,suivre suit suivez suivent suivie suivait
plan,397,64288,plan plans
parent,398,64168,parents parent parente
hey,399,63364,hey
choisir,400,63107,choisi choisir choisis choisit choisie choisissez
guerre,401,62821,guerre guerres
près,402,62659,près
affairer,403,62509,affaires
fête,404,62447,fête fêtes
agir,405,62126,agit agir agi agissait agis agissez
agent,406,62115,agent agents agente
dessus,407,62027,dessus
mariage,408,61832,mariage mariages
vue,409,61369,vue vues
prie,410,61306,prie
vas-y,411,61165,vas-y
vendre,412,61006,vendre vendu vend vends vendent vendez
content,413,60698,content contente contents contentes
gentil,414,60598,gentil gentille gentils gentilles
retourner,415,60398,retourner retournez retourné retournes retournons retournée
inquiet,416,60342,inquiète inquiet inquiètes inquiets
forcer,417,60326,force forces forcer forcée forcés forcez
livre,418,60266,livre livres
valoir,419,60265,vaut valait vaudrait vaux valent valoir
appelé,420,60257,appelé
marche,421,60060,marche
sécurité,422,60001,sécurité sécurités
numéro,423,59561,numéro numéros
exactement,424,59442,exactement
presque,425,59321,presque presqu'
service,426,59301,service services
derrière,427,59294,derrière derrières
ben,428,59042,ben
capitaine,429,59039,capitaine capitaines
supposer,430,58825,suppose supposé supposée supposer supposons supposés
tirer,431,58780,tirer tirez tires tirent tirés tirera
chien,432,58513,chien chiens
amie,433,58365,amie amies
envie,434,57929,envie envies
ordre,435,57654,ordre ordres
attaquer,436,57594,attaque attaquer attaqué attaques attaqués attaquée
protéger,437,57287,protéger protège protégé protégée protégez protégés
lieu,438,57007,lieu lieux
porter,439,56959,porter portait portez portent portais portera
rêve,440,56906,rêve rêves
accepter,441,56694,accepter accepté accepte acceptez acceptes acceptera
pied,442,56684,pieds pied
cacher,443,55997,cacher caché cachée caches cachés cachez
suffire,444,55920,suffit suffira suffisait suffire suffi suffirait
lequel,445,55811,laquelle lequel lesquelles lesquels
pays,446,55567,pays
expliquer,447,55258,expliquer explique expliqué expliquerai expliquerait expliquez
ressembler,448,54948,ressemble ressemblait ressembler ressemblent ressembles ressemblez
cours,449,54886,cours
ignorer,450,54841,ignore ignorais ignorer ignorez ignores ignorait
instant,451,54833,instant instants
peiner,452,54819,peine peines peiné peinée peiner
tour,453,54545,tour tours
bientôt,454,54494,bientôt
ii,455,54338,ii
cinq,456,54092,cinq
prison,457,54052,prison prisons
ramener,458,53971,ramener ramène ramené ramenez ramènes ramenée
moyen,459,53913,moyen moyens
retour,460,53813,retour retours
excusez-moi,461,53742,excusez-moi
raconter,462,53687,raconter raconte raconté racontes racontez raconterai
sérieux,463,53668,sérieux sérieuse sérieuses
ainsi,464,53523,ainsi
autant,465,53097,autant
minute,466,53057,minute
carte,467,52971,carte cartes
secret,468,52927,secret secrets secrètes
différent,469,52654,différent différents différentes différente
facile,470,52545,facile faciles
difficile,471,52410,difficile difficiles
détester,472,52289,déteste détestes détester détestent détestais détestait
terminer,473,52178,terminé terminée terminer termine terminées terminés
meurtre,474,52066,meurtre meurtres
apporter,475,52036,apporté apporter apporte apportez apportera apporterai
préparer,476,52008,préparer prépare préparé préparez préparent préparée
sorte,477,51937,sorte sortes
quatre,478,51716,quatre
router,479,51675,route routes
faute,480,51448,faute fautes
pire,481,51042,pire pires
choix,482,51014,choix
pièce,483,50970,pièce pièces
êtes-vous,484,50919,êtes-vous
plaisir,485,50860,plaisir plaisirs
lit,486,50808,lit lits
bas,487,50778,bas basses
parfois,488,50714,parfois
contrôler,489,50700,contrôle contrôler contrôles contrôlé contrôlent contrôlez
esprit,490,50654,esprit esprits
abord,491,50638,abord abords
flic,492,50597,flics flic
sujet,493,50414,sujet sujets sujette
bizarre,494,50412,bizarre bizarres
dollar,495,50389,dollars dollar
verre,496,50125,verre verres
vérifier,497,50052,vérifier vérifié vérifie vérifiez vérifions vérifiais
état,498,50016,état états
drôle,499,49566,drôle drôles
humain,500,49562,humain humains humaine humaines
descendre,501,49506,descendre descends descend descendez descendu descendue
faux,502,49399,faux fausse fausses
marcher,503,49186,marcher marchera marchait marchent marchez marcherait
poser,504,48976,poser posé posez posent posait posera
es-tu,505,48889,es-tu
monter,506,48866,monter monté montez montes montent montés
foutre,507,48797,foutre fout foutez foutent foutais foutait
réussir,508,48787,réussi réussir réussit réussis réussie réussira
ensuite,509,48619,ensuite
battre,510,48447,battre bats battent battait battez battrai
idiot,511,48320,idiot idiote idiots idiotes
doute,512,47950,doute doutes
malade,513,47906,malade malades
allons-y,514,47877,allons-y
joue,515,47839,joue joues
victime,516,47830,victime victimes
erreur,517,47816,erreur erreurs
rapport,518,47790,rapport rapports
dîner,519,47575,dîner dîne dîné dîners dînons dînez
pauvre,520,47466,pauvre pauvres
appel,521,47395,appel appels
ferme,522,47215,ferme fermes
coeur,523,47112,coeur coeurs
noir,524,47038,noir noirs noires
message,525,47006,message messages
preuve,526,46925,preuve preuves
impossible,527,46855,impossible impossibles
avocat,528,46585,avocat avocats avocate
calme,529,46565,calme calmes
pos,530,46544,pos
écrire,531,46372,écrire écris écrite écrivez écrivait écrirai
tel,532,46309,tel telle telles tels
ceci,533,46192,ceci
haut,534,46121,haut hauts hautes
million,535,46108,millions million
simple,536,45697,simple simples
café,537,45583,café cafés
client,538,45465,client clients cliente clientes
hôpital,539,45254,hôpital hôpitaux
tôt,540,44694,tôt
courant,541,44673,courant courants courantes
dès,542,44598,dès
réfléchir,543,44489,réfléchir réfléchi réfléchis réfléchissez réfléchit réfléchissais
visage,544,44352,visage visages
sauf,545,44212,sauf saufs
cherche,546,43990,cherche
président,547,43978,président présidente présidents
salle,548,43977,salle salles
refuser,549,43953,refuse refusé refuser refusez refuses refusent
the,550,43705,the
cœur,551,43691,cœur
musique,552,43689,musique musiques
sûrement,553,43604,sûrement
rue,554,43524,rue rues
chemin,555,43484,chemin chemins
détruire,556,43344,détruire détruit détruite détruits détruis détruira
cher,557,43275,cher chers chères
manque,558,43140,manque manques
balle,559,42962,balle balles
puis-je,560,42958,puis-je
jeter,561,42910,jeter jette jetez jettes jetés jettent
roi,562,42846,roi rois
avis,563,42822,avis
soirée,564,42776,soirée soirées
seconde,565,42558,seconde
seigneur,566,42455,seigneur seigneurs
effet,567,42348,effet effets
long,568,42305,long longues longs
cool,569,42254,cool
mlle,570,42249,mlle
obtenir,571,42180,obtenir obtenu obtient obtiens obtenez obtienne
marché,572,42176,marché
sac,573,42061,sac sacs
laisse-moi,574,42013,laisse-moi
cul,575,41960,cul culs
rire,576,41781,rire rires ri riez rient riait
assurer,577,41670,assurer assure assuré assurée assurerai assures
mien,578,41641,mien mienne miens miennes
disparu,579,41575,disparu disparue disparus disparues
groupe,580,41517,groupe groupes
intéresser,581,41447,intéresse intéressé intéresser intéressée intéressent intéressait
six,582,41391,six
jack,583,41265,jack jacks
john,584,41222,john
vivant,585,41114,vivant vivante vivants vivantes
écrit,586,40947,écrit écrits
sors,587,40866,sors
intérieur,588,40763,intérieur intérieure intérieurs intérieures
clé,589,40501,clé clés clefs
grave,590,40461,grave graves
partout,591,40420,partout
bras,592,40381,bras
face,593,40259,face faces
gamin,594,40049,gamin gamins gamine gamines
risque,595,40041,risque risques
inviter,596,39998,invité invités inviter invites invitez invitent
h,597,39905,h
lettre,598,39873,lettre lettres
retard,599,39856,retard retards
chanter,600,39800,chanter chante chanté chantait chantent chantez
crime,601,39778,crime crimes
bienvenu,602,39579,bienvenue bienvenu bienvenus bienvenues
surtout,603,39488,surtout
amener,604,39363,amené amener amenez amènes amenés amènent
voulez-vous,605,39216,voulez-vous
ouvert,606,39133,ouvert ouverte ouverts ouvertes
pleurer,607,38968,pleurer pleure pleuré pleures pleurait pleurez
plait,608,38693,plait
pareil,609,38689,pareil pareille pareils pareilles
médecin,610,38632,médecin médecins
sort,611,38597,sort sorts
bois,612,38577,bois
sinon,613,38576,sinon
réveiller,614,38569,réveiller réveillé réveille réveillée réveillera réveilles
new,615,38345,new
ecoute,616,38316,ecoute
honneur,617,38264,honneur honneurs
sale,618,38258,sale sales
mr,619,38242,mr
rendez-vous,620,38209,rendez-vous
maître,621,37992,maître maîtres
ancien,622,37971,ancien ancienne anciens anciennes
venue,623,37909,venue venues
s,624,37881,s
apprécier,625,37829,apprécie apprécier apprécié apprécierais appréciez apprécies
réponse,626,37823,réponse réponses
début,627,37759,début débuts
cadeau,628,37697,cadeau cadeaux
visiter,629,37649,visite visiter visites visité visitez visitent
souvent,630,37426,souvent
loi,631,37365,loi lois
mets,632,37355,mets
blanc,633,37280,blanc blancs blanches
bouger,634,37000,bouger bougez bougé bouges bougent bougeait
coucher,635,36977,coucher couches couchée couchait couchez couchais
soeur,636,36929,soeur soeurs
voyage,637,36916,voyage voyages
empêcher,638,36693,empêcher empêche empêché empêchera empêchent empêchait
rouge,639,36689,rouge rouges
accident,640,36635,accident accidents
général,641,36618,général généraux générales
conduire,642,36442,conduire conduis conduisait conduisez conduira conduisais
craindre,643,36429,crains craint craindre crainte craignais craignez
patron,644,36365,patron patrons
remercier,645,36350,remercier remercie remercions remerciez remercié remercieras
envoyé,646,36334,envoyé
scène,647,36209,scène scènes
sam,648,36188,sam
promis,649,36145,promis promise promises
exister,650,36144,existe existent existait exister existé existaient
cheveu,651,36114,cheveux cheveu
offrir,652,36113,offrir offert offerte offrent offrez offrons
laissez-moi,653,36081,laissez-moi
récupérer,654,35999,récupérer récupéré récupère récupérez récupérée récupères
bonsoir,655,35996,bonsoir
bout,656,35977,bout bouts
grâce,657,35904,grâce grâces
permettre,658,35896,permettre permet permettez permets permettra permettent
relation,659,35819,relation relations
incroyable,660,35796,incroyable incroyables
dis-moi,661,35752,dis-moi
dossier,662,35653,dossier dossiers
excuse,663,35607,excuse excuses
stupide,664,35591,stupide stupides
noël,665,35489,noël noëls
âge,666,35455,âge âges
pote,667,35433,pote potes
voix,668,35335,voix
situation,669,35296,situation situations
tourner,670,35286,tourner tourné tournez tournent tournait tournes
remettre,671,35234,remettre remets remet remettra remettez remette
déranger,672,35102,dérange déranger dérangerait dérangez dérangée dérangés
prix,673,35016,prix
système,674,35003,système systèmes
bateau,675,34870,bateau bateaux
lumière,676,34850,lumière lumières
amoureux,677,34770,amoureux amoureuse amoureuses
abandonner,678,34388,abandonner abandonne abandonnée abandonnez abandonnes abandonnés
cru,679,34355,cru crus
patient,680,34241,patient patients patiente patientes
dix,681,34151,dix
probablement,682,34122,probablement
conseil,683,34091,conseil conseils
cheval,684,34074,cheval chevaux
reconnaître,685,33915,reconnais reconnu reconnaître reconnaissez reconnaît reconnue
froid,686,33901,froid froide froides froids
clair,687,33876,clair claires clairs
second,688,33826,secondes second seconds
fermer,689,33690,fermer fermez fermée fermés fermées fermons
tueur,690,33628,tueur tueurs tueuse tueuses
habitude,691,33611,habitude habitudes
règle,692,33542,règles règle
hôtel,693,33499,hôtel hôtels
ailleurs,694,33452,ailleurs
droguer,695,33391,drogue drogues droguée drogués droguer droguait
oublie,696,33375,oublie
surprise,697,33368,surprise surprises
celui-là,698,33319,celui-là celle-là ceux-là celles-là
magnifique,699,33248,magnifique magnifiques
présent,700,33225,présent présents présentes
oncle,701,33109,oncle oncles
table,702,33074,table tables
neuf,703,33051,neuf neuve neufs neuves
découvrir,704,33016,découvrir découvre découvrent découvrira découvrez découverts
anniversaire,705,32991,anniversaire anniversaires
con,706,32920,con cons conne connes
veux-tu,707,32911,veux-tu
réaliser,708,32870,réalisé réaliser réalise réalises réalisez réalisent
simplement,709,32775,simplement
sympa,710,32719,sympa sympas
amuser,711,32599,amuser amuse amuses amusée amusés amusez
ravir,712,32561,ravi ravie ravis ravir ravies ravit
compter,713,32537,compter comptez comptent comptais compté comptait
jurer,714,32510,jure jurés jurer jures jurez jurerais
sœur,715,32449,sœur
connu,716,32401,connu connue connus connues
inspecteur,717,32295,inspecteur inspecteurs inspectrice
éviter,718,32293,éviter évite évité évitez évites évitera
prouver,719,32232,prouver prouve prouvé prouvent prouverai prouvera
liste,720,32199,liste
dangereux,721,32161,dangereux dangereuse dangereuses
baiser,722,32158,baiser baisé baisers baises baisée baisent
arranger,723,32156,arranger arrangé arrange arrangera arrangerai arrangerait
complètement,724,32034,complètement
dos,725,31944,dos
armée,726,31939,armée
espèce,727,31936,espèce espèces
public,728,31929,public publique publiques publics
paix,729,31914,paix
ressentir,730,31893,ressens ressenti ressentir ressent ressentez ressentais
york,731,31805,york
fier,732,31710,fier fière fiers fie fiez fières
i,733,31645,i
impression,734,31640,impression impressions
chanson,735,31583,chanson chansons
libre,736,31568,libre
bouge,737,31554,bouge
rejoindre,738,31541,rejoindre rejoint rejoins rejoignez rejoindrai rejoindra
mener,739,31484,mène mener mené mènera mènent menés
arrêté,740,31461,arrêté
présenter,741,31443,présenter présenté présentée présentés présentent présentez
mission,742,31403,mission missions
décider,743,31332,décider décide décides décidez décidera décident
journal,744,31281,journal journaux
témoin,745,31279,témoin témoins
okay,746,31277,okay
inquiéter,747,31201,inquiétez inquiéter inquiétais inquiétait inquiètent inquiété
censé,748,31135,censé censée censés censées
absolument,749,31103,absolument
normal,750,31038,normal normaux normales
dame,751,31016,dame dames
bordel,752,30995,bordel bordels
obliger,753,30973,obligé obligée oblige obligés obliger obligez
personnel,754,30940,personnel personnelle personnels personnelles
prévenir,755,30936,prévenir prévenu préviens prévenez prévenus prévient
décidé,756,30860,décidé
ennemi,757,30833,ennemi ennemis ennemie ennemies
avion,758,30751,avion
signe,759,30724,signe signes
reprendre,760,30539,reprendre reprend reprends reprenez reprenons reprendra
autour,761,30483,autour autours
prévoir,762,30373,prévu prévoir prévue prévoit prévois prévoyez
faim,763,30350,faim
exact,764,30346,exact exacte exacts exactes
fond,765,30337,fond
promettre,766,30296,promets promettre promet promettez promettant promettes
camp,767,30248,camp camps
excuser,768,30138,excuser excusez excusé excusée excuserez excuserai
sortie,769,30115,sortie sorties
décision,770,30109,décision décisions
arrière,771,30079,arrière arrières
colère,772,30054,colère colères
papier,773,30050,papier papiers
boîte,774,30002,boîte boîtes
ligne,775,29986,ligne
enlever,776,29980,enlever enlevez enlevée enlèves enlevés enlèvent
proche,777,29915,proche proches
chaud,778,29886,chaud chauds chaudes
forme,779,29766,forme formes
coin,780,29758,coin coins
dégager,781,29705,dégage dégagez dégager dégages dégagée dégagent
or,782,29615,or
hors,783,29603,hors
soin,784,29585,soin soins
jambe,785,29546,jambes jambe
durer,786,29519,durant durer duré durera durent durerait
club,787,29350,club clubs
soldat,788,29296,soldats soldat
gauche,789,29287,gauche gauches
tranquille,790,29276,tranquille tranquilles
manquer,791,29271,manquer manquait manquent manquez manquera manquerai
âme,792,29163,âme âmes
professeur,793,29146,professeur professeurs professeure
attraper,794,29116,attraper attrapé attrapez attrapée attrapent attrapes
paraître,795,29027,paraît paraître paru paraissait paraissent paraissez
plusieurs,796,29005,plusieurs
passe-t-il,797,28932,passe-t-il
manière,798,28930,manière manières
arrivée,799,28914,arrivée arrivées
ouvre,800,28901,ouvre
gosse,801,28847,gosse gosses
vaisseau,802,28794,vaisseau vaisseaux
bar,803,28722,bar bars
dedans,804,28714,dedans
information,805,28701,informations information
poste,806,28700,poste postes
chacun,807,28617,chacun chacune
offre,808,28532,offre offres
allez-y,809,28516,allez-y
surveiller,810,28513,surveiller surveille surveillez surveillé surveillent surveilles
juge,811,28471,juge juges
lancer,812,28387,lance lancer lancez lances lancent lançons
intéressant,813,28360,intéressant intéressante intéressantes intéressants
montre,814,28345,montre
signer,815,28225,signer signé signez signée signerai signés
ouvrir,816,28218,ouvrir ouvrira ouvrirai ouvriront ouvrit ouvrirait
soleil,817,28213,soleil soleils
charlie,818,28209,charlie
tombe,819,28185,tombe tombes
mur,820,28167,mur murs
signifier,821,28165,signifie signifiait signifier signifient signifierait signifiera
américain,822,28076,américain américains américaines
blague,823,28071,blague blagues
déjeuner,824,28053,déjeuner déjeune déjeuné déjeuners déjeunons déjeunes
allô,825,27992,allô
ciel,826,27980,ciel cieux
retirer,827,27976,retirer retire retiré retirez retirée retires
pari,828,27955,paris pari
moitié,829,27938,moitié moitiés
intérêt,830,27917,intérêt intérêts
étrange,831,27885,étrange étranges
vas-tu,832,27844,vas-tu
discuter,833,27768,discuter discute discutons discutera discutait discutez
épouser,834,27731,épouser épousé épousée épouserai épousera épouserais
blesser,835,27713,blesser blessée blessés blesse blesses blessez
you,836,27696,you
selon,837,27696,selon
grosse,838,27629,grosse
michael,839,27613,michael
classe,840,27598,classe classes
danger,841,27590,danger dangers
tromper,842,27562,trompé tromper trompez trompée trompés trompait
enquête,843,27481,enquête enquêtes
bleu,844,27426,bleu bleue bleus bleues
sentiment,845,27340,sentiments sentiment
responsable,846,27319,responsable responsables
trou,847,27310,trou trous
régler,848,27309,régler réglé réglée réglez réglons réglera
souffrir,849,27296,souffrir souffre souffert souffrent souffrait souffres
recherche,850,27273,recherche
change,851,27260,change changes
rater,852,27246,raté rater ratée rates ratés ratez
but,853,27202,but buts
animal,854,27184,animaux animal animale animales
souhaiter,855,27168,souhaite souhaitez souhaiter souhaité souhaites souhaiterais
prise,856,27167,prise prises
doucement,857,27137,doucement
avance,858,27109,avance
triste,859,27007,triste tristes
virer,860,26916,viré virer vire virés virez vires
tue,861,26853,tue
don,862,26797,don dons
capable,863,26743,capable capables
aimé,864,26712,aimé
david,865,26710,david
fais-tu,866,26655,fais-tu
tom,867,26651,tom
répéter,868,26611,répète répéter répétez répété répètes répétait
parole,869,26572,parole paroles
combat,870,26526,combat combats
naître,871,26474,né née naître nés naît naissent
donne-moi,872,26466,donne-moi
lorsque,873,26453,lorsque lorsqu'
danser,874,26422,danser dansé dansez dansent dansons dansait
asseoir,875,26414,asseoir assieds assois asseyez assoit assied
opération,876,26408,opération opérations
entier,877,26408,entier entière entières entiers
plaisanter,878,26380,plaisante plaisantes plaisantez plaisantais plaisanter plaisantait
bord,879,26297,bord bords
merveilleux,880,26285,merveilleux merveilleuse merveilleuses
gueule,881,26275,gueule gueules
traverser,882,26265,traverser traversé traverse traverses traversent traversant
rechercher,883,26213,recherches recherché rechercher recherchent recherchons recherchez
folle,884,26212,folle
réunion,885,26203,réunion réunions
tiré,886,26123,tiré
projet,887,25966,projet projets
allez-vous,888,25927,allez-vous
cuisine,889,25920,cuisine cuisines
celui-ci,890,25914,celui-ci celle-ci celles-ci ceux-ci
contact,891,25902,contact contacts
centre,892,25887,centre centres
compagnie,893,25837,compagnie compagnies
crier,894,25805,crier crie crié criez criait cries
joe,895,25803,joe
coupable,896,25746,coupable coupables
lever,897,25680,lever levé levez lèves lèvent levés
test,898,25615,test tests
mike,899,25589,mike
sacrer,900,25503,sacré sacrée sacrés sacrées
télé,901,25490,télé télés
doux,902,25443,doux douce douces
moi-même,903,25359,moi-même
debout,904,25323,debout
parier,905,25303,parie parier parié paries parierais parierai
bière,906,25288,bière bières
deviner,907,25271,devine deviner devinez deviné devineras devines
concerner,908,25197,concerne concernant concerné concernés concernait concernent
doigt,909,25162,doigts doigt
riche,910,25148,riche riches
bête,911,25078,bête bêtes
fiche,912,25010,fiche fiches
excellent,913,25010,excellent excellente excellents excellentes
revenu,914,24982,revenu revenus
faites-vous,915,24953,faites-vous
accuser,916,24909,accusé accuser accuse accusée accusés accusez
appartement,917,24908,appartement appartements
spécial,918,24904,spécial spéciales spéciaux
ll,919,24887,ll
pourtant,920,24861,pourtant
droite,921,24856,droite
respirer,922,24819,respire respirer respirez respires respirait respirent
travers,923,24799,travers
horrible,924,24798,horrible horribles
santé,925,24796,santé
cerveau,926,24788,cerveau cerveaux
course,927,24788,course courses
ie,928,24760,ie
appartenir,929,24721,appartient appartenait appartiennent appartiens appartenir appartenu
enfer,930,24711,enfer enfers
pute,931,24697,pute putes
frank,932,24680,frank
libérer,933,24616,libérer libéré libère libérée libérez libérés
monte,934,24567,monte
pouvez-vous,935,24549,pouvez-vous
intelligent,936,24514,intelligent intelligente intelligents intelligentes
bruit,937,24475,bruit bruits
exemple,938,24439,exemple ex. exemples
george,939,24408,george
dommage,940,24387,dommage dommages
expérience,941,24386,expérience expériences
diriger,942,24358,dirige diriger dirigent dirigeait dirigée dirigez
dingue,943,24344,dingue dingues
courir,944,24338,courir courez courent courait courrez courais
survivre,945,24323,survivre survécu survivra survit survivent survivrai
court,946,24322,court courte courts courtes
foutu,947,24305,foutu foutue foutus foutues
robe,948,24269,robe robes
membre,949,24262,membre membres
remplir,950,24176,rempli remplir remplie remplis remplit remplissez
méchant,951,24134,méchant méchants méchante méchantes
diable,952,24038,diable diables
vol,953,24031,vol vols
bouche,954,24030,bouche bouches
image,955,24016,image images
vidéo,956,23980,vidéo vidéos
vit,957,23971,vit
coincer,958,23969,coincé coincée coincés coincer coince coincées
machine,959,23962,machine machines
couper,960,23926,couper coupez coupés coupées coupent coupera
lieutenant,961,23911,lieutenant lieutenants
caméra,962,23905,caméra caméras
adresse,963,23902,adresse adresses
créer,964,23875,créer crée créée créés créent créant
tire,965,23821,tire
société,966,23788,société sociétés
fleur,967,23744,fleurs fleur
fonctionner,968,23728,fonctionne fonctionner fonctionnent fonctionné fonctionnait fonctionnera
mérite,969,23622,mérite mérites
pardonner,970,23596,pardonner pardonne pardonné pardonnez pardonnera pardonnerai
remarquer,971,23584,remarqué remarquer remarquez remarquée remarquera remarquent
fenêtre,972,23546,fenêtre fenêtres
connerie,973,23534,conneries connerie
monstre,974,23501,monstre monstres
nulle,975,23482,nulle
frapper,976,23463,frapper frappée frappez frappait frappent frappés
tenter,977,23413,tenté tenter tentez tentes tentent tentait
milieu,978,23404,milieu milieux
officier,979,23372,officier officiers
là-dedans,980,23243,là-dedans
l,981,23240,l
vide,982,23175,vide vides
banque,983,23171,banque banques
honte,984,23146,honte
copain,985,23138,copain copains
terrible,986,23120,terrible terribles
supporter,987,23083,supporter supporte supporté supportes supporterai supporterais
étranger,988,23048,étranger étrangers étrangère étrangères
anglais,989,23029,anglais anglaise anglaises
urgence,990,23018,urgence urgences
pousser,991,22996,pousser poussé poussez poussent poussait poussant
époque,992,22965,époque époques
action,993,22949,action actions
brûler,994,22928,brûler brûle brûlée brûlés brûlent brûlez
entrée,995,22914,entrée entrées
environ,996,22889,environ environs
inutile,997,22870,inutile inutiles
convaincre,998,22837,convaincre convaincu convaincue convaincus convainc convaincra
m,999,22801,m
trace,1000,22793,traces trace
mer,1001,22783,mer mers
bain,1002,22774,bain bains
gouvernement,1003,22773,gouvernement gouvernements
rose,1004,22760,rose roses
fuir,1005,22757,fuir fui fuis fuit fuyez fuient
cesser,1006,22736,cesse cessé cessez cesser cessent cessera
enfuir,1007,22721,enfuir enfui enfuie enfuit enfuis enfuient
pierre,1008,22682,pierre pierres
silence,1009,22671,silence silences
voie,1010,22636,voie
commandant,1011,22631,commandant commandants commandante
construire,1012,22581,construire construit construite construis construisent construits
allée,1013,22556,allée
peau,1014,22555,peau peaux
partager,1015,22530,partager partagé partageons partagent partagez partageait
copiner,1016,22507,copine copines
bande,1017,22502,bande bandes
position,1018,22488,position positions
danse,1019,22466,danse danses
ia,1020,22453,ia
niveau,1021,22451,niveau niveaux
habiter,1022,22428,habite habiter habites habitait habitez habitent
retourne,1023,22426,retourne
ennui,1024,22394,ennuis ennui
quartier,1025,22364,quartier quartiers
chat,1026,22301,chat chats chattes
radio,1027,22298,radio radios
toilette,1028,22274,toilettes toilette
peter,1029,22251,peter
sauter,1030,22218,sauter sautez sautes sautent sautant sautait
futur,1031,22195,futur future futurs futures
tort,1032,22144,tort torts
code,1033,22115,code codes
vin,1034,22012,vin vins
paul,1035,21991,paul
magasin,1036,21961,magasin magasins
regretter,1037,21957,regrette regretter regretteras regretterez regrettes regretté
rôle,1038,21955,rôle rôles
grandir,1039,21914,grandi grandir grandit grandis grandissent grandisse
recommencer,1040,21896,recommencer recommence recommencé recommencez recommences recommençons
est-elle,1041,21883,est-elle
félicitation,1042,21877,félicitations félicitation
suspect,1043,21874,suspect suspects
sourire,1044,21856,sourire sourit souriez souri sourires souriait
pose,1045,21835,pose poses
gérer,1046,21817,gérer gère géré gères gérez gérait
remonter,1047,21760,remonte remonter remonté remontez remontent remontera
enceinte,1048,21733,enceinte enceintes
proposer,1049,21733,propose proposé proposer proposes proposez proposent
nettoyer,1050,21726,nettoyer nettoie nettoyé nettoyez nettoyée nettoies
résultat,1051,21714,résultats résultat
base,1052,21713,base
présente,1053,21683,présente
peuple,1054,21655,peuple
espoir,1055,21626,espoir espoirs
max,1056,21608,max
blessé,1057,21552,blessé
c,1058,21528,c
sept,1059,21493,sept
séparer,1060,21467,séparer séparés sépare séparé séparées séparent
héros,1061,21415,héros
match,1062,21415,match matchs matches
charge,1063,21405,charge charges
impliquer,1064,21392,impliqué implique impliquée impliquer impliqués impliquant
zone,1065,21363,zone zones
directeur,1066,21330,directeur directeurs
rencontre,1067,21285,rencontre rencontres
ridicule,1068,21214,ridicule ridicules
approche,1069,21194,approche approches
poursuivre,1070,21164,poursuivre poursuit poursuivi poursuivez poursuis poursuivent
assis,1071,21149,assis
ecoutez,1072,21141,ecoutez
départ,1073,21129,départ départs
douleur,1074,21122,douleur douleurs
connard,1075,21107,connard connards
morceau,1076,21077,morceau morceaux
note,1077,21051,note notes
innocent,1078,21013,innocent innocents innocente innocentes
retenir,1079,20924,retenir retenu retiens retient retenez retiennent
dent,1080,20913,dents dent
réparer,1081,20901,réparer réparé répare réparée réparez répares
dites-moi,1082,20865,dites-moi
mignon,1083,20862,mignon mignons mignonnes
liberté,1084,20857,liberté libertés
ordinateur,1085,20855,ordinateur ordinateurs
camion,1086,20842,camion camions
colonel,1087,20840,colonel
honnête,1088,20832,honnête honnêtes
nez,1089,20807,nez
savon,1090,20805,savons savon
chaussure,1091,20790,chaussures chaussure
respecter,1092,20786,respecte respecter respecté respectent respectez respectes
nul,1093,20783,nul nuls nulles
justice,1094,20765,justice
rapide,1095,20763,rapide rapides
fbi,1096,20727,fbi
découvert,1097,20726,découvert
secours,1098,20663,secours
planète,1099,20660,planète planètes
lune,1100,20659,lune lunes
coûter,1101,20637,coûte coûté coûter coûtera coûtent coûterait
organiser,1102,20597,organiser organisé organise organisée organisés organisent
disparaître,1103,20588,disparaître disparaît disparaissent disparais disparaisse disparaîtra
mise,1104,20571,mise
couleur,1105,20462,couleur couleurs
poisson,1106,20455,poisson poissons
t,1107,20438,t
arbre,1108,20423,arbre arbres
suivant,1109,20419,suivant suivante suivants suivantes
sexe,1110,20412,sexe sexes
apparemment,1111,20336,apparemment
avenir,1112,20307,avenir
lycée,1113,20304,lycée lycées
glace,1114,20286,glace glaces
profiter,1115,20270,profiter profite profitez profité profites profitent
église,1116,20237,église églises
œil,1117,20209,œil
nourriture,1118,20155,nourriture nourritures
sérieusement,1119,20120,sérieusement
bravo,1120,20115,bravo
défense,1121,20110,défense défenses
vêtement,1122,20107,vêtements vêtement
thé,1123,20101,thé thés
détail,1124,20092,détails détail
échapper,1125,20080,échapper échappe échappent échappés échapperas échappera
reine,1126,20071,reine reines
programme,1127,20054,programme programmes
souci,1128,20052,souci soucis
politique,1129,20050,politique politiques
fric,1130,20041,fric
plupart,1131,20040,plupart
tas,1132,20038,tas
longue,1133,20004,longue
énorme,1134,19985,énorme énormes
deuxième,1135,19984,deuxième deuxièmes
casser,1136,19984,casser cassée casses cassés cassées cassez
étudier,1137,19944,étudier étudié étudie étudies étudiez étudiait
pitié,1138,19942,pitié
billet,1139,19906,billets billet
procès,1140,19903,procès
hum,1141,19890,hum
traiter,1142,19832,traiter traitée traites traitez traitent traitait
attirer,1143,19824,attirer attire attiré attirée attirent attirés
asseyez-vous,1144,19778,asseyez-vous
sonner,1145,19777,sonne sonné sonner sonnait sonnez sonnent
nécessaire,1146,19742,nécessaire nécessaires
nord,1147,19732,nord
exploser,1148,19731,exploser explosé explose explosera explosent explosée
mensonge,1149,19730,mensonge mensonges
occasion,1150,19715,occasion occasions
lâche,1151,19713,lâche lâches
produit,1152,19694,produit produits
sol,1153,19688,sol sols
voisin,1154,19655,voisins voisin voisine voisines
henry,1155,19636,henry
terrain,1156,19625,terrain terrains
oreille,1157,19599,oreilles oreille
occupé,1158,19592,occupé
tante,1159,19562,tante tantes
and,1160,19529,and
conversation,1161,19493,conversation conversations
avancer,1162,19424,avancer avancez avances avancent avançons avancés
réel,1163,19418,réel réelle réels réelles
savez-vous,1164,19361,savez-vous
james,1165,19347,james
embrasser,1166,19296,embrasser embrassée embrasses embrassés embrassez embrassent
grand-mère,1167,19294,grand-mère grands-mères grand-mères
portable,1168,19281,portable portables
cour,1169,19270,cour
village,1170,19246,village villages
solution,1171,19199,solution solutions
oiseau,1172,19189,oiseau oiseaux
huit,1173,19144,huit
avions,1174,19144,avions
alex,1175,19035,alex
sud,1176,19019,sud
spectacle,1177,18978,spectacle spectacles
info,1178,18974,infos info
cent,1179,18961,cent cents
bombe,1180,18920,bombe
presse,1181,18916,presse presses
lien,1182,18888,lien liens
couple,1183,18877,couple couples
frais,1184,18821,frais fraîche fraîches
chère,1185,18776,chère
contrat,1186,18746,contrat contrats
piste,1187,18746,piste pistes
annuler,1188,18706,annuler annulé annule annulée annulez annulés
respect,1189,18705,respect respects
rêver,1190,18670,rêvé rêver rêvais rêvent rêvez rêvait
revient,1191,18664,revient
risquer,1192,18661,risqué risquer risquez risquent risquait risquerait
danny,1193,18641,danny
sergent,1194,18625,sergent sergents
cible,1195,18598,cible cibles
reculer,1196,18590,reculez recule reculer reculons recules reculent
h.,1197,18519,h.
amérique,1198,18514,amérique
mademoiselle,1199,18495,mademoiselle mesdemoiselles
débarrasser,1200,18463,débarrasser débarrasse débarrassé débarrassée débarrassés débarrasses
couteau,1201,18440,couteau couteaux
salope,1202,18420,salope salopes
peux-tu,1203,18386,peux-tu
réalité,1204,18365,réalité réalités
certainement,1205,18354,certainement
ange,1206,18344,ange anges
maladie,1207,18318,maladie maladies
français,1208,18308,français française françaises
saint,1209,18305,saint sainte saints saintes
accompagner,1210,18289,accompagner accompagne accompagnes accompagnée accompagnez accompagnera
rendu,1211,18264,rendu
acteur,1212,18256,acteur actrice acteurs actrices
tourne,1213,18249,tourne
bob,1214,18238,bob
cousin,1215,18199,cousin cousine cousins cousines
importance,1216,18188,importance
empreinte,1217,18183,empreintes empreinte
jimmy,1218,18170,jimmy
espace,1219,18094,espace espaces
faible,1220,18092,faible faibles
employer,1221,18080,employés employé employée employer emploie employées
puisque,1222,18027,puisque puisqu'
vent,1223,17981,vent vents
pression,1224,17932,pression pressions
fantôme,1225,17915,fantôme fantômes
fumer,1226,17908,fumer fume fumes fumez fumait fument
énergie,1227,17890,énergie énergies
menace,1228,17873,menace menaces
vacance,1229,17854,vacances vacance
d,1230,17834,d
vis,1231,17786,vis
unité,1232,17738,unité unités
jane,1233,17732,jane
intention,1234,17731,intention intentions
charmant,1235,17723,charmant charmante charmants charmantes
costume,1236,17721,costume costumes
marque,1237,17688,marque marques
série,1238,17658,série séries
restaurant,1239,17655,restaurant restaurants restos
bouteille,1240,17615,bouteille bouteilles
partenaire,1241,17613,partenaire partenaires
sexuel,1242,17608,sexuelle sexuel sexuels sexuelles
bill,1243,17598,bill bills
gâteau,1244,17597,gâteau gâteaux
ha,1245,17590,ha
policier,1246,17529,policier policiers policière policières
nerveux,1247,17512,nerveux nerveuse nerveuses
mémoire,1248,17506,mémoire mémoires
crise,1249,17506,crise crises
île,1250,17502,île îles iles
entraîner,1251,17484,entraîner entraîne entraîné entraînés entraînée entraînes
marrant,1252,17464,marrant marrante marrants marrantes
nature,1253,17445,nature natures
sexy,1254,17397,sexy
blessure,1255,17397,blessure blessures
salaud,1256,17380,salaud salauds
étage,1257,17329,étage étages
champ,1258,17325,champ champs
marié,1259,17230,mariée mariées
sarah,1260,17229,sarah
étudiant,1261,17157,étudiants étudiant étudiante étudiantes
nick,1262,17135,nick
différence,1263,17119,différence différences
paie,1264,17115,paie paies payes
coupe,1265,17113,coupe coupes
renvoyer,1266,17104,renvoyer renvoyé renvoie renvoyée renvoyez renvoyés
will,1267,17084,will
grand-père,1268,17083,grand-père grands-pères
ai-je,1269,17046,ai-je
tony,1270,17044,tony
envers,1271,17043,envers
mary,1272,17022,mary
voleur,1273,17022,voleur voleurs voleuse voleuses
harry,1274,16999,harry
jim,1275,16997,jim
refaire,1276,16986,refaire refait refais referai refaites referais
mille,1277,16975,mille milles
langue,1278,16974,langue langues
immédiatement,1279,16961,immédiatement
finalement,1280,16958,finalement
enfoiré,1281,16952,enfoiré enfoirés enfoirée
richard,1282,16941,richard richards
taille,1283,16937,taille tailles
puissant,1284,16908,puissant puissante puissants puissantes
star,1285,16884,star stars
conseiller,1286,16873,conseiller conseille conseillé conseillère conseillers conseillerais
université,1287,16864,université universités
dépendre,1288,16854,dépend dépendent dépendait dépendra dépendre dépends
carrière,1289,16775,carrière carrières
pensez-vous,1290,16747,pensez-vous
art,1291,16746,art arts
couvrir,1292,16715,couvrir couvre couvrez couvrent couvres couvrira
entreprise,1293,16704,entreprise entreprises
privé,1294,16676,privé privés privées
gay,1295,16666,gay gays
beauté,1296,16630,beauté beautés
épouse,1297,16617,épouse épouses
contacter,1298,16587,contacter contacté contacte contactez contacterai contactée
acte,1299,16554,acte actes
taxi,1300,16541,taxi taxis
stop,1301,16540,stop
contraire,1302,16530,contraire contraires
poche,1303,16515,poche poches
article,1304,16461,article articles
enfermer,1305,16411,enfermé enfermer enfermée enfermés enferme enfermez
repas,1306,16406,repas
prisonnier,1307,16372,prisonnier prisonniers prisonnière prisonnières
représenter,1308,16366,représente représenter représentent représentait représenté représentez
page,1309,16360,page pages
approcher,1310,16347,approcher approchez approchent approchons approchait approchée
week-end,1311,16332,week-end week-ends
joyeux,1312,16301,joyeux joyeuses
pont,1313,16301,pont ponts
bus,1314,16280,bus
to,1315,16279,to
lâcher,1316,16263,lâcher lâchez lâchent lâcherai lâchera lâchée
interdire,1317,16257,interdit interdis interdits interdire interdisent interdisant
malin,1318,16254,malin malins maligne maline malignes
signal,1319,16214,signal signaux
donnez-moi,1320,16213,donnez-moi
prince,1321,16157,prince princes
double,1322,16099,double
dure,1323,16090,dure
utile,1324,16068,utile utiles
goût,1325,16052,goût goûts
excuse-moi,1326,16028,excuse-moi
ray,1327,16001,ray
changement,1328,15981,changement changements
robert,1329,15962,robert roberts
vécu,1330,15937,vécu
courage,1331,15927,courage
confirmer,1332,15924,confirmé confirmer confirme confirmée confirment confirmez
considérer,1333,15920,considère considéré considérer considérez considérée considérés
tais-toi,1334,15883,tais-toi
après-midi,1335,15874,après-midi
imbécile,1336,15869,imbécile imbéciles
adieu,1337,15825,adieu adieux
engager,1338,15804,engager engage engagée engagés engagez engagent
assieds-toi,1339,15798,assieds-toi
date,1340,15793,date dates
parmi,1341,15764,parmi
remplacer,1342,15764,remplacer remplace remplacé remplacée remplacera remplaces
forte,1343,15754,forte
étant,1344,15749,étant
bonheur,1345,15746,bonheur bonheurs
montagne,1346,15739,montagne montagnes
compliqué,1347,15734,compliqué compliquée compliquées compliqués
permis,1348,15716,permis
bosser,1349,15708,bosser bossé bossait bossais bossent bossez
direction,1350,15669,direction directions
objet,1351,15645,objet objets
accès,1352,15642,accès
superbe,1353,15627,superbe superbes
manqué,1354,15597,manqué
appareil,1355,15584,appareil appareils
causer,1356,15539,causé causer causée causés causent causera
source,1357,15530,source sources
steve,1358,15522,steve
chier,1359,15480,chier chie chies chient
valeur,1360,15471,valeur valeurs
admettre,1361,15435,admettre admets admettons admet admettez admettant
infirmier,1362,15428,infirmière infirmières infirmier infirmiers
alcool,1363,15423,alcool alcools
blanche,1364,15337,blanche
nombre,1365,15334,nombre nombres
militaire,1366,15288,militaire militaires
cassé,1367,15229,cassé
lors,1368,15229,lors
dis-lui,1369,15213,dis-lui
regard,1370,15208,regard regards
russe,1371,15206,russe russes
criminel,1372,15203,criminel criminels
rentré,1373,15171,rentré
mark,1374,15166,mark marks
terme,1375,15163,terme termes
ennuyer,1376,15162,ennuie ennuyer ennuies ennuierait ennuyais ennuient
km,1377,15130,km
énerver,1378,15116,énerve énerver énervée énerves énervez énervés
repartir,1379,15094,repartir reparti repart repars repartie repartez
fil,1380,15082,fil
quitte,1381,15070,quitte
couché,1382,15069,couché
défendre,1383,15067,défendre défend défendez défendant défendrai défendent
traîner,1384,15046,traîner traîné traînes traînait traînent traînez
totalement,1385,15039,totalement
vôtre,1386,15038,vôtre vôtres
trahir,1387,15038,trahi trahir trahis trahie trahit trahissent
claire,1388,15030,claire
commande,1389,15025,commande commandes
it,1390,15012,it
arrêt,1391,15010,arrêt arrêts
londres,1392,14996,londres
posséder,1393,14971,possède posséder possédé possédait possèdent possédée
interroger,1394,14934,interroger interrogé interroge interrogée interrogez interrogés
tommy,1395,14931,tommy
suis-je,1396,14890,suis-je
ouvrez,1397,14860,ouvrez
gâcher,1398,14855,gâcher gâché gâches gâchez gâcherait gâchent
démon,1399,14852,démon démons
médicament,1400,14824,médicaments médicament
allier,1401,14809,alliez allions alliés allie alliée allier
taire,1402,14769,taire tais tait taise taisez tut
nourrir,1403,14751,nourrir nourrit nourri nourris nourrissent nourrie
identité,1404,14743,identité identités
suivi,1405,14703,suivi
cellule,1406,14703,cellule cellules
adulte,1407,14672,adulte adultes
chapeau,1408,14671,chapeau chapeaux
nombreux,1409,14666,nombreux nombreuses nombreuse
moindre,1410,14652,moindre moindres
unique,1411,14630,unique uniques
inventer,1412,14604,inventé inventer invente inventée inventes inventez
extérieur,1413,14601,extérieur extérieure extérieurs extérieures
perte,1414,14597,perte pertes
miss,1415,14594,miss
examen,1416,14580,examen examens exams
enregistrer,1417,14558,enregistré enregistrer enregistre enregistrée enregistrés enregistrées
couverture,1418,14557,couverture couvertures
frappé,1419,14549,frappé
médical,1420,14528,médical médicale médicaux médicales
évidemment,1421,14516,évidemment
princesse,1422,14505,princesse princesses
reposer,1423,14505,reposer reposent reposez reposé reposes reposait
avouer,1424,14500,avouer avoue avouez avoues avouera avouerai
poulet,1425,14487,poulet poulets poulettes
chasse,1426,14486,chasse chasses
prudent,1427,14486,prudent prudente prudents prudentes
atteindre,1428,14455,atteindre atteindra atteigne atteignent atteins atteindrons
procureur,1429,14450,procureur procureurs
formidable,1430,14448,formidable formidables
troisième,1431,14405,troisième
tribunal,1432,14391,tribunal tribunaux
johnny,1433,14375,johnny
amy,1434,14372,amy
inconnu,1435,14350,inconnu inconnue inconnus inconnues
jésus,1436,14329,jésus
destin,1437,14320,destin destins
ryan,1438,14316,ryan
installer,1439,14316,installer installe installée installés installez installent
job,1440,14315,job jobs
afin,1441,14300,afin
joie,1442,14292,joie joies
sein,1443,14291,seins sein
shérif,1444,14286,shérif shérifs
élève,1445,14264,élèves élève
failli,1446,14256,failli
étude,1447,14189,études étude
leçon,1448,14188,leçon leçons
faveur,1449,14181,faveur faveurs
campagne,1450,14163,campagne campagnes
regarde-moi,1451,14151,regarde-moi
prier,1452,14141,prier prié prions priez prierai prient
connaissance,1453,14113,connaissance connaissances
jake,1454,14103,jake
billy,1455,14103,billy
lui-même,1456,14094,lui-même
wow,1457,14088,wow
mètre,1458,14052,mètres mètre
direct,1459,14038,direct directe directs directes
assistant,1460,14020,assistant assistante assistants assistantes
sais-tu,1461,14010,sais-tu
rapporter,1462,14008,rapporte rapporter rapporté rapportent rapportera rapporterai
lait,1463,13991,lait
professionnel,1464,13990,professionnel professionnelle professionnels professionnelles
amusant,1465,13975,amusant amusante amusantes amusants
nommer,1466,13970,nommé nomme nommée nommer nommés nommez
joueur,1467,13961,joueur joueurs joueuse joueuses
marre,1468,13958,marre
pain,1469,13953,pain pains
foi,1470,13929,foi
frappe,1471,13928,frappe frappes
vert,1472,13920,vert verts vertes
bref,1473,13896,bref brefs
juger,1474,13894,juger jugé jugée jugez jugés jugent
dois-je,1475,13889,dois-je
talent,1476,13883,talent talents
présence,1477,13878,présence
limite,1478,13877,limite limites
jaloux,1479,13876,jaloux jalouse jalouses
genou,1480,13870,genoux genou
daniel,1481,13854,daniel
supplier,1482,13851,supplie supplier supplié suppliée suppliait supplies
mouvement,1483,13830,mouvement mouvements
calme-toi,1484,13829,calme-toi
assassiner,1485,13816,assassiné assassiner assassinée assassinés assassine assassinées
responsabilité,1486,13800,responsabilité responsabilités
haïr,1487,13793,hais haïr hait haïssent haïssais haï
amène,1488,13732,amène
toit,1489,13724,toit toits
discours,1490,13712,discours
penses-tu,1491,13660,penses-tu
magie,1492,13658,magie
commander,1493,13658,commandé commander commandez commandée commandait commandent
odeur,1494,13649,odeur odeurs
justement,1495,13648,justement
rapidement,1496,13629,rapidement
cou,1497,13613,cou cous
bâtiment,1498,13612,bâtiment bâtiments
juif,1499,13609,juifs juif juive juives
attacher,1500,13609,attaché attacher attachée attachés attachez attaches
menteur,1501,13608,menteur menteuse menteurs menteuses
passée,1502,13604,passée
mince,1503,13586,mince minces
coffre,1504,13575,coffre coffres
pause,1505,13561,pause
éloigner,1506,13561,éloigner éloigne éloignés éloignée éloignez éloignent
piège,1507,13556,piège pièges
chinois,1508,13549,chinois chinoise chinoises
ministre,1509,13541,ministre ministres
condition,1510,13524,conditions condition
lee,1511,13517,lee
résoudre,1512,13516,résoudre résolue résout résolus résoudra résous
soutenir,1513,13512,soutenir soutient soutenu soutiennent soutenue soutenez
menacer,1514,13495,menacé menacer menacée menaçait menacent menacez
parc,1515,13492,parc parcs
condamner,1516,13483,condamné condamner condamnés condamne condamnée condamnez
battu,1517,13481,battu battus
crétin,1518,13468,crétin crétins crétine
os,1519,13437,os
majesté,1520,13430,majesté majestés
jardin,1521,13428,jardin jardins
génie,1522,13398,génie génies
prétendre,1523,13393,prétend prétendre prétends prétendu prétendez prétendent
plage,1524,13391,plage plages
mesure,1525,13365,mesure mesures
of,1526,13362,of
vitesse,1527,13353,vitesse vitesses
conduit,1528,13326,conduit conduits
complet,1529,13324,complet complète complets complètes
saison,1530,13312,saison saisons
cinéma,1531,13309,cinéma cinémas
flingue,1532,13305,flingue flingues
folie,1533,13300,folie folies
joindre,1534,13285,joindre joins joignez jointe joigne joindra
assassin,1535,13281,assassin assassins
malgré,1536,13278,malgré
trésor,1537,13274,trésor trésors
pilote,1538,13265,pilote pilotes
là-haut,1539,13262,là-haut
désirer,1540,13258,désire désirez désirer désires désiré désirent
fan,1541,13256,fan fans
bloquer,1542,13246,bloqué bloque bloquer bloquée bloqués bloquez
plat,1543,13239,plat plats plates
adam,1544,13238,adam
habiller,1545,13214,habiller habillée habille habillés habilles habillent
émission,1546,13166,émission émissions
vendredi,1547,13114,vendredi vendredis
noire,1548,13107,noire
r,1549,13099,re r
allumer,1550,13085,allume allumer allumée allumez allumées allumés
théorie,1551,13079,théorie théories
labo,1552,13078,labo
martin,1553,13076,martin martins
profond,1554,13074,profond profonde profondes profonds
toi-même,1555,13068,toi-même
passage,1556,13054,passage passages
collègue,1557,13051,collègues collègue
malheureusement,1558,13048,malheureusement
soigner,1559,13047,soigner soigné soigne soignée soignez soignés
élever,1560,13000,élever élevée élevés élevées élèvent élèvera
charger,1561,12999,charger chargée chargez chargés chargera chargerai
parfaitement,1562,12985,parfaitement
siècle,1563,12952,siècle siècles
aise,1564,12942,aise aises
pantalon,1565,12919,pantalon pantalons
bataille,1566,12915,bataille batailles
fac,1567,12893,fac facs
écoute-moi,1568,12891,écoute-moi
adn,1569,12870,adn
échange,1570,12856,échange
brillant,1571,12849,brillant brillante brillants brillantes
effort,1572,12846,efforts effort
propriétaire,1573,12808,propriétaire propriétaires
cri,1574,12787,cris cri
fermé,1575,12782,fermé
succès,1576,12779,succès
au-dessus,1577,12779,au-dessus
etre,1578,12778,etre
maire,1579,12770,maire maires
trompe,1580,12752,trompe trompes
mode,1581,12694,mode modes
file,1582,12652,file files
déplacer,1583,12652,déplacer déplace déplacée déplacent déplacez déplacés
échouer,1584,12620,échoué échouer échoue échouent échoues échouez
surpris,1585,12618,surpris
suggérer,1586,12618,suggère suggéré suggérer suggérez suggèrent suggères
fantastique,1587,12609,fantastique fantastiques
jeté,1588,12602,jeté
ombre,1589,12602,ombre ombres
également,1590,12596,également
mine,1591,12594,mine mines
particulier,1592,12585,particulier particulière particuliers particulières
washington,1593,12554,washington
traitement,1594,12554,traitement traitements
samedi,1595,12548,samedi samedis
peut-on,1596,12542,peut-on
scientifique,1597,12527,scientifique scientifiques
van,1598,12523,van vans
in,1599,12520,in
fatiguer,1600,12514,fatiguée fatigués fatiguer fatiguez fatigues fatiguant
pleuvoir,1601,12513,plu pleut pleuvoir pleuvait pleuve pleuvra
laver,1602,12510,laver lavé lavez lavés laverai lavent
miracle,1603,12504,miracle miracles
mériter,1604,12486,méritent méritait méritez mériter méritais méritée
tendre,1605,12485,tendre tendu tend tends tendres tendez
côte,1606,12482,côte côtes
détective,1607,12468,détective détectives
apparaître,1608,12467,apparaît apparu apparaître apparue apparaissent apparus
observer,1609,12458,observer observe observé observez observent observait
hasard,1610,12453,hasard hasards
victoire,1611,12447,victoire victoires
moteur,1612,12443,moteur moteurs
titre,1613,12442,titre titres
gardien,1614,12435,gardien gardiens gardienne
tir,1615,12431,tir tirs
attendu,1616,12407,attendu
briser,1617,12406,briser brisée brisés brisées brises brisera
charles,1618,12401,charles
uh,1619,12397,uh
eddie,1620,12397,eddie
supérieur,1621,12395,supérieur supérieure supérieurs supérieures
chris,1622,12393,chris
plaindre,1623,12388,plaindre plains plaint plaignent plaignait plaignez
célèbre,1624,12386,célèbre célèbres
artiste,1625,12382,artiste artistes
combattre,1626,12370,combattre combattu combattez combattons combattent combattrai
naturel,1627,12343,naturel naturelle naturelles naturels
éliminer,1628,12338,éliminer éliminé élimine éliminée éliminés éliminant
mêler,1629,12337,mêle mêler mêlé mêlez mêles mêlés
accorder,1630,12319,accorder accorde accordé accordée accordez accordent
fesse,1631,12317,fesses fesse
cache,1632,12316,cache
taper,1633,12298,taper tapé tapes tapez tapait tapent
paquet,1634,12289,paquet paquets
bal,1635,12288,bal bals
dimanche,1636,12288,dimanche dimanches
millier,1637,12277,milliers millier
journaliste,1638,12252,journaliste journalistes
agréable,1639,12240,agréable agréables
douche,1640,12210,douche douches
réunir,1641,12196,réunis réunir réuni réunit réunies réunissent
enchanté,1642,12191,enchanté
viande,1643,12189,viande viandes
révéler,1644,12186,révéler révélé révèle révélée révèlent révélés
aveugle,1645,12185,aveugle aveugles
site,1646,12177,site sites
souffler,1647,12176,souffle souffler soufflez souffles soufflait soufflent
immeuble,1648,12143,immeuble immeubles
vache,1649,12107,vache vaches
allemand,1650,12104,allemand allemands allemandes
naissance,1651,12087,naissance naissances
ouest,1652,12079,ouest
pourrir,1653,12078,pourri pourrie pourrir pourris pourries pourrit
va-t',1654,12060,va-t'
poids,1655,12057,poids
débrouiller,1656,12057,débrouiller débrouille débrouilles débrouillerai débrouillé débrouillera
examiner,1657,12033,examiner examiné examine examinée examinez examinons
annoncer,1658,12026,annoncer annoncé annoncent annoncez annonçant annonçait
directement,1659,12025,directement
rat,1660,12023,rat rats
chaise,1661,12016,chaise chaises
france,1662,12002,france
cadavre,1663,11992,cadavre cadavres
violer,1664,11985,violée violé violer viola violées violez
sport,1665,11980,sport sports
retraite,1666,11969,retraite retraites
vente,1667,11968,vente ventes
aidez-moi,1668,11964,aidez-moi
univers,1669,11956,univers
vision,1670,11956,vision visions
louer,1671,11954,loué louer loue louez louait louons
tableau,1672,11945,tableau tableaux
volonté,1673,11927,volonté volontés
o',1674,11917,o'
bobby,1675,11906,bobby
sont-ils,1676,11904,sont-ils
crois-moi,1677,11902,crois-moi
transformer,1678,11902,transformer transforme transforment transformés transformes transformant
nôtre,1679,11901,nôtres nôtre
siège,1680,11896,siège sièges
oser,1681,11878,osé oses osez oserais oser oserait
emploi,1682,11870,emploi emplois
social,1683,11803,sociale social sociaux sociales
kevin,1684,11800,kevin
pur,1685,11794,pur pure purs pures
grace,1686,11784,grace
fais-le,1687,11777,fais-le
dan,1688,11761,dan
cigarette,1689,11761,cigarette cigarettes
assurance,1690,11756,assurance assurances
vampire,1691,11746,vampire vampires
promesse,1692,11737,promesse promesses
franchement,1693,11717,franchement
larry,1694,11716,larry
emporter,1695,11705,emporter emporte emportée emportez emportent emportera
créature,1696,11695,créature créatures
enlève,1697,11681,enlève
principal,1698,11681,principal principaux principales
punir,1699,11681,punir puni punie punis punit punira
insister,1700,11680,insiste insisté insister insistez insistes insistait
vote,1701,11679,vote votes
ajouter,1702,11641,ajouter ajoute ajoutez ajouterai ajoutant ajoutes
nu,1703,11640,nu nus nues
piéger,1704,11629,piégé piéger piégée piégés piégées
a-t-elle,1705,11589,a-t-elle
chaîne,1706,11588,chaîne chaînes
tombée,1707,11575,tombée
informer,1708,11563,informer informé informés informée informez informerai
conscience,1709,11559,conscience consciences
san,1710,11551,san
salon,1711,11535,salon salons
déménager,1712,11532,déménager déménagé déménage déménages déménagez déménagent
commun,1713,11524,commun communs
fatigué,1714,11518,fatigué
navrer,1715,11518,navré navrée navrés
canon,1716,11514,canon canons
heureusement,1717,11511,heureusement
station,1718,11509,station stations
évident,1719,11508,évident évidente évidentes évidents
queue,1720,11507,queue queues
cancer,1721,11500,cancer cancers
chemise,1722,11499,chemise chemises
rachel,1723,11486,rachel
paradis,1724,11483,paradis
bosse,1725,11482,bosse bosses
délicieux,1726,11479,délicieux délicieuse délicieuses
livrer,1727,11471,livrer livré livrés livrent livrez livrerai
suicide,1728,11463,suicide suicides
style,1729,11453,style styles
distance,1730,11451,distance distances
épisode,1731,11446,épisode épisodes
aéroport,1732,11444,aéroport aéroports
fusil,1733,11442,fusil fusils
bague,1734,11440,bague bagues
moquer,1735,11413,moquer moques moquez moquent moqué moquait
tâcher,1736,11403,tâche tâches tâchez tâcher tâcherai tâchons
calmer,1737,11401,calmer calmé calmez calmera calmée calment
chasser,1738,11399,chasser chassé chassés chassent chassez chassée
expert,1739,11390,expert experts experte expertes
chocolat,1740,11370,chocolat chocolats
protection,1741,11361,protection protections
priver,1742,11341,privée priver privez privant
meurtrier,1743,11340,meurtrier meurtriers meurtrières
correspondre,1744,11339,correspond correspondent correspondre correspondait corresponde correspondaient
corde,1745,11335,corde cordes
fais-moi,1746,11310,fais-moi
associé,1747,11293,associé associés
torturer,1748,11286,torture torturer torturé tortures torturée torturés
modèle,1749,11285,modèle modèles
walter,1750,11258,walter
sien,1751,11243,sien sienne siens siennes
abandonné,1752,11239,abandonné
prof,1753,11221,prof profs
provoquer,1754,11220,provoquer provoqué provoque provoquée provoquant provoquent
brian,1755,11216,brian
eric,1756,11211,eric
mordre,1757,11211,mordu mordre mord mords mordent morde
coupé,1758,11190,coupé
disputer,1759,11176,disputer disputés disputes disputent disputait disputaient
douter,1760,11168,douter doutais douté doutez doutait doutent
mandat,1761,11165,mandat mandats
jerry,1762,11163,jerry
cauchemar,1763,11151,cauchemar cauchemars
rare,1764,11143,rare rares
métier,1765,11127,métier métiers
veste,1766,11115,veste vestes
aide-moi,1767,11114,aide-moi
désormais,1768,11107,désormais
gaz,1769,11070,gaz
scott,1770,11050,scott
science,1771,11035,science sciences
centaine,1772,11033,centaines centaine
no,1773,11017,no
sombre,1774,11014,sombre sombres
internet,1775,11010,internet
andy,1776,11009,andy
filmer,1777,11009,filmer filmé filme filmée filmes filmez
adorable,1778,11001,adorable adorables
chèque,1779,11000,chèque chèques
voyager,1780,10986,voyager voyagé voyagent voyagez voyageait voyageant
pete,1781,10982,pete
soutien,1782,10967,soutien soutiens
guérir,1783,10953,guérir guérie guérit guéris guérira guérissent
personnage,1784,10911,personnage personnages
fruit,1785,10900,fruits fruit
semblant,1786,10877,semblant
yeah,1787,10871,yeah
kim,1788,10868,kim
physique,1789,10864,physique physiques
augmenter,1790,10856,augmenter augmente augmenté augmentent augmentez augmentera
surveillance,1791,10839,surveillance surveillances
camarade,1792,10838,camarade camarades
enterrer,1793,10806,enterrer enterrée enterre enterrés enterrées enterrera
kate,1794,10805,kate
soucier,1795,10777,soucie soucier soucies souciez soucient souciait
pluie,1796,10755,pluie pluies
sage,1797,10752,sage sages
autrement,1798,10738,autrement
fédéral,1799,10731,fédéral fédéraux fédérale fédérales
pistolet,1800,10726,pistolet pistolets
créé,1801,10723,créé
lèvre,1802,10722,lèvres lèvre
jason,1803,10721,jason
heu,1804,10695,heu
filer,1805,10687,filer filez filent filait filerai filera
véritable,1806,10680,véritable véritables
indien,1807,10676,indiens indien indiennes
puce,1808,10650,puce puces
forêt,1809,10620,forêt forêts
annonce,1810,10620,annonce annonces
bouton,1811,10615,bouton boutons
neige,1812,10614,neige neiges
casse,1813,10605,casse
épée,1814,10598,épée épées
concert,1815,10589,concert concerts
explosion,1816,10573,explosion explosions
champion,1817,10570,champion champions championne
man,1818,10568,man
réagir,1819,10568,réagir réagi réagit réagis réagissent réagissez
caisse,1820,10562,caisse caisses
boule,1821,10557,boule boules
rivière,1822,10556,rivière rivières
relever,1823,10551,relever relevé relevés relevez relevée relèvent
récemment,1824,10544,récemment
herbe,1825,10522,herbe herbes
qu,1826,10512,qu
léger,1827,10511,léger légère légers légères
épauler,1828,10502,épaule épaules épauler
curieux,1829,10499,curieux curieuse curieuses
ventre,1830,10495,ventre ventres
autorité,1831,10492,autorité autorités
anna,1832,10487,anna
concentrer,1833,10484,concentrer concentre concentres concentrez concentrons concentrent
loup,1834,10483,loup loups
simon,1835,10479,simon
magique,1836,10475,magique magiques
appuyer,1837,10472,appuie appuyer appuyez appuies appuyant appuient
violence,1838,10461,violence violences
al,1839,10459,al
baisser,1840,10457,baisser baissez baissée baisses baissés baissent
éteindre,1841,10432,éteindre éteins éteignez éteignent éteigne éteindra
cloche,1842,10423,cloche cloches
terroriste,1843,10423,terroristes terroriste
zéro,1844,10388,zéro zéros
usine,1845,10376,usine usines
lisa,1846,10370,lisa
lis,1847,10370,lis
thomas,1848,10350,thomas
dépêche-toi,1849,10341,dépêche-toi
amitié,1850,10337,amitié amitiés
tente,1851,10334,tente
fabriquer,1852,10332,fabriquer fabriqué fabriques fabriquée fabriquent fabriquez
civil,1853,10328,civils civil civile civiles
étoiler,1854,10323,étoiles étoilée
carter,1855,10319,carter
haute,1856,10314,haute
rigoler,1857,10310,rigoles rigoler rigolez rigolé rigolais rigolent
puissance,1858,10300,puissance puissances
lourd,1859,10299,lourd lourds lourdes
étonner,1860,10295,étonne étonnerait étonnes étonnée étonner étonnez
emily,1861,10259,emily
hâte,1862,10243,hâte
parlant,1863,10242,parlant parlante
confier,1864,10229,confier confié confie confiée confions confiez
écraser,1865,10225,écraser écrase écrasée écrasés écrases écrasent
cardiaque,1866,10209,cardiaque cardiaques
souris,1867,10206,souris
sauvage,1868,10192,sauvage sauvages
romantique,1869,10185,romantique romantiques
tenu,1870,10164,tenu tenus
identifier,1871,10140,identifier identifiée identifie identifiés identifiez identifiées
singe,1872,10137,singe singes
ies,1873,10126,ies
pizza,1874,10125,pizza pizzas
fuite,1875,10122,fuite fuites
fiston,1876,10113,fiston
pousse,1877,10106,pousse pousses
pomme,1878,10106,pommes pomme
rattraper,1879,10100,rattraper rattrape rattrapé rattraperai rattrapera rattrapée
plainte,1880,10099,plainte plaintes
conclure,1881,10095,conclu conclure conclut conclue conclus concluons
là-dessus,1882,10085,là-dessus
lier,1883,10077,liés liée liées lier liasse lies
tester,1884,10069,tester testé teste testée testez testés
lunette,1885,10064,lunettes lunette
divorce,1886,10064,divorce divorces
luke,1887,10061,luke
sandwich,1888,10060,sandwich sandwiches sandwichs
enlevé,1889,10045,enlevé
égal,1890,10034,égal égale égaux égales
arracher,1891,10027,arracher arrache arrachée arrachés arracherai arrachées
choc,1892,10026,choc chocs
rumeur,1893,10022,rumeurs rumeur
nana,1894,10018,nana nanas
gorge,1895,10016,gorge gorges
rome,1896,10014,rome
geste,1897,10012,geste gestes
démarrer,1898,10006,démarre démarrer démarré démarrez démarres démarrent
lapin,1899,10005,lapin lapins
disque,1900,9998,disque disques
crédit,1901,9992,crédit crédits
valise,1902,9986,valise valises
jury,1903,9976,jury jurys
uniforme,1904,9972,uniforme uniformes
angleterre,1905,9958,angleterre
lundi,1906,9958,lundi lundis
couche,1907,9956,couche
gang,1908,9939,gang gangs
gardé,1909,9937,gardé
ted,1910,9928,ted
attente,1911,9925,attente attentes
subir,1912,9918,subir subi subis subissent subira subies
traduction,1913,9916,traduction traductions
précédemment,1914,9907,précédemment
cabinet,1915,9906,cabinet cabinets
version,1916,9897,version versions
théâtre,1917,9896,théâtre théâtres
endormir,1918,9893,endormir endormie endors endort endormis endorme
accusation,1919,9892,accusation accusations
analyse,1920,9891,analyse analyses
lac,1921,9888,lac lacs
couille,1922,9871,couilles couille
my,1923,9870,my
facilement,1924,9862,facilement
réseau,1925,9857,réseau réseaux
déposer,1926,9854,déposer déposée déposez déposés déposerai déposes
technique,1927,9853,technique techniques
chauffeur,1928,9847,chauffeur chauffeurs
fortune,1929,9838,fortune fortunes
dépasser,1930,9838,dépasse dépasser dépassent dépassée dépassez dépassés
clairement,1931,9827,clairement
major,1932,9825,major majors
activité,1933,9825,activité activités
voter,1934,9821,voter voté votez votent votons votera
sommeil,1935,9808,sommeil
rejeter,1936,9808,rejeté rejetée rejeter rejette rejetés rejetez
poupée,1937,9799,poupée poupées
résister,1938,9795,résister résiste résisté résistez résistent résistera
opinion,1939,9791,opinion opinions
interrompre,1940,9789,interrompre interrompu interromps interrompue interrompez interrompt
logique,1941,9782,logique logiques
prêtre,1942,9781,prêtre prêtres
o,1943,9780,o
planter,1944,9773,planté planter plantée plantés plantez plantées
déconner,1945,9773,déconne déconner déconnes déconné déconnez déconnais
traité,1946,9767,traité traités
affreux,1947,9759,affreux affreuse affreuses
repos,1948,9754,repos
secrétaire,1949,9750,secrétaire secrétaires
alerte,1950,9746,alerte alertes
participer,1951,9743,participer participé participent participes participez participait
débile,1952,9738,débile débiles
frontière,1953,9729,frontière frontières
arrestation,1954,9723,arrestation arrestations
original,1955,9721,original originale originaux originales
venger,1956,9719,venger venge vengé vengerai vengée vengera
engagé,1957,9715,engagé
rayon,1958,9714,rayon rayons
désir,1959,9700,désir désirs
améliorer,1960,9692,améliorer améliore amélioré améliorée améliorent améliorera
échec,1961,9687,échec échecs
matt,1962,9682,matt
spéciale,1963,9679,spéciale
ruiner,1964,9679,ruiné ruiner ruinée ruinés ruinerait ruinent
document,1965,9675,documents document
ours,1966,9668,ours
fer,1967,9644,fer fers
navire,1968,9627,navire navires
peinture,1969,9621,peinture peintures
rapprocher,1970,9608,rapproche rapprocher rapprochent rapproché rapprochés rapprochée
â,1971,9605,â
géant,1972,9604,géant géante géants géantes
aile,1973,9596,ailes aile
paye,1974,9594,paye
rock,1975,9590,rock rocks
horreur,1976,9589,horreur horreurs
allo,1977,9588,allo
poil,1978,9577,poil poils
comportement,1979,9570,comportement comportements
violent,1980,9570,violent violente violents violentes
affronter,1981,9566,affronter affronte affrontent affrontera affrontez affrontes
tenue,1982,9565,tenue tenues
impressionner,1983,9565,impressionné impressionner impressionnée impressionne impressionnés impressionnes
humeur,1984,9554,humeur humeurs
véhicule,1985,9553,véhicule véhicules
produire,1986,9553,produire produisent produise produite produira produisait
officiel,1987,9551,officiel officielle officiels officielles
alice,1988,9548,alice
lève,1989,9537,lève
viser,1990,9534,vise viser visez visant visait vises
obéir,1991,9533,obéir obéis obéissez obéit obéi obéissent
réserve,1992,9532,réserve réserves
gratuit,1993,9526,gratuit gratuite gratuits gratuites
escalier,1994,9526,escalier escaliers
choir,1995,9519,chut chu
chicago,1996,9517,chicago
auprès,1997,9510,auprès
cinglé,1998,9508,cinglé cinglée cinglés cinglées
propriété,1999,9507,propriété propriétés
chute,2000,9505,chute chutes
période,2001,9496,période périodes
bénir,2002,9493,bénisse béni bénis bénie bénir bénissez
discussion,2003,9478,discussion discussions
réserver,2004,9475,réservé réserver réservée réservés réservées réservez
pub,2005,9474,pub pubs
mortel,2006,9473,mortel mortelle mortels mortelles
vive,2007,9470,vive vives
réaction,2008,9448,réaction réactions
ambulance,2009,9447,ambulance ambulances
château,2010,9446,château châteaux
studio,2011,9439,studio studios
avantage,2012,9425,avantage avantages
jean,2013,9423,jean jeans
qualité,2014,9420,qualité qualités
embêter,2015,9418,embête embêter embêté embêtez embêtes embêterait
possibilité,2016,9413,possibilité possibilités
doc,2017,9410,doc
courageux,2018,9408,courageux courageuse courageuses
annie,2019,9388,annie
plaque,2020,9382,plaque plaques
signaler,2021,9376,signaler signalé signale signalée signalent signalez
sain,2022,9372,sain saine sains saines
couloir,2023,9366,couloir couloirs
ordonner,2024,9364,ordonné ordonne ordonner ordonnez ordonnée ordonna
tournée,2025,9361,tournée tournées
normale,2026,9352,normale
essai,2027,9352,essai essais
désert,2028,9345,désert déserte déserts désertes
chiffre,2029,9330,chiffres chiffre
liquide,2030,9324,liquide liquides
whoa,2031,9322,whoa
option,2032,9315,option options
permission,2033,9299,permission permissions
commis,2034,9297,commis
carl,2035,9284,carl
sous-titrage,2036,9282,sous-titrage
idéal,2037,9273,idéal idéale idéaux idéales
malheureux,2038,9272,malheureux malheureuse malheureuses
couvert,2039,9265,couvert couverts couvertes
fromage,2040,9264,fromage fromages
arthur,2041,9256,arthur
top,2042,9256,top tops
serpent,2043,9256,serpent serpents
événement,2044,9255,événements événement
kyle,2045,9251,kyle
esclave,2046,9248,esclave esclaves
ed,2047,9245,ed
louis,2048,9244,louis
1er,2049,9240,1er
dette,2050,9235,dette dettes
dave,2051,9226,dave
ballon,2052,9211,ballon ballons
william,2053,9210,william
copie,2054,9208,copie copies
péter,2055,9196,péter pété pète pètes pètent pétée
brisé,2056,9192,brisé
minuit,2057,9179,minuit
pendre,2058,9176,pendu pendre pend pendus pendent pendait
effacer,2059,9168,effacer efface effacée effacés effacées effacez
los,2060,9160,los
déclaration,2061,9160,déclaration déclarations
placer,2062,9160,placer placée placés placez placées placent
émotion,2063,9152,émotions émotion
ranger,2064,9145,ranger rangé rangez ranges rangés rangeais
go,2065,9143,go
garage,2066,9139,garage garages
accrocher,2067,9135,accrocher accroché accrochée accroches accrochez accrochés
saigner,2068,9133,saigne saigner saignes saigné saignez saignait
rassembler,2069,9131,rassembler rassemble rassemblé rassemblez rassemblés rassemblent
clark,2070,9106,clark
mélanger,2071,9106,mélange mélanger mélangé mélanges mélangés mélangent
voiler,2072,9101,voila voiler voilé voilée
baser,2073,9101,bases basé basée basant basées basés
susan,2074,9093,susan
jeff,2075,9084,jeff
célibataire,2076,9084,célibataire célibataires
correct,2077,9084,correct correcte corrects correctes
foyer,2078,9081,foyer foyers
explication,2079,9080,explication explications
sénateur,2080,9070,sénateur sénateurs
midi,2081,9047,midi
hmm,2082,9029,hmm
city,2083,9029,city
insulter,2084,9025,insulte insulter insultes insulté insultez insultée
dessous,2085,9024,dessous
déçu,2086,9020,déçu déçue déçus déçues
gouverneur,2087,9018,gouverneur gouverneurs
indice,2088,9018,indice indices
smith,2089,9009,smith
illégal,2090,9009,illégal illégale illégales illégaux
piquer,2091,9006,piqué piquer piquent piquez piquait piqués
gare,2092,8995,gare
rentrée,2093,8993,rentrée
crâne,2094,8991,crâne crânes
masque,2095,8988,masque masques
matériel,2096,8984,matériel matériels matérielles matérielle
kelly,2097,8978,kelly
quiconque,2098,8969,quiconque
vole,2099,8965,vole
otage,2100,8965,otage otages
piscine,2101,8963,piscine piscines
cochon,2102,8957,cochon cochons
accueillir,2103,8956,accueillir accueille accueilli accueillons accueillez accueillis
lâche-moi,2104,8946,lâche-moi
témoigner,2105,8940,témoigner témoigne témoigné témoignera témoignez témoignerai
ont-ils,2106,8939,ont-ils
conférence,2107,8938,conférence conférences
sucre,2108,8927,sucre sucres
virus,2109,8923,virus
chanceux,2110,8923,chanceux chanceuse chanceuses
enculer,2111,8922,enculé enculés enculer encule
réellement,2112,8918,réellement
critique,2113,8916,critique critiques
fichu,2114,8914,fichu fichue fichus fichues
dites-lui,2115,8902,dites-lui
boutique,2116,8897,boutique boutiques
exciter,2117,8896,excitée excite excités exciter excites excitait
décrire,2118,8869,décrire décrit décrivez décris décrite décrivent
maudire,2119,8861,maudit maudits maudis maudire maudisse
franc,2120,8858,franc francs franche franches
park,2121,8852,park
épreuve,2122,8847,épreuve épreuves
échanger,2123,8842,échanger échangé échanges échangés échangerais échangent
cependant,2124,8833,cependant
agence,2125,8825,agence
chaleur,2126,8825,chaleur chaleurs
chouette,2127,8819,chouette chouettes
origine,2128,8814,origine origines
manteau,2129,8800,manteau manteaux
larme,2130,8788,larmes larme
bat,2131,8786,bat
raccrocher,2132,8780,raccroche raccrocher raccroché raccrochez raccroches
porc,2133,8778,porc porcs
e,2134,8768,e
croyez-moi,2135,8766,croyez-moi
fouiller,2136,8764,fouiller fouillez fouillent fouillant fouillée fouillait
élément,2137,8764,éléments élément
roman,2138,8761,roman romans romane
mile,2139,8761,miles mile
abri,2140,8756,abri abris
street,2141,8754,street
atterrir,2142,8754,atterri atterrir atterrit atterris atterrissent atterrira
maintenir,2143,8753,maintenir maintient maintenez maintenu maintiennent maintenait
bye,2144,8746,bye
pourriez-vous,2145,8744,pourriez-vous
essence,2146,8741,essence
bite,2147,8740,bite bites
lendemain,2148,8712,lendemain lendemains
coach,2149,8694,coach coachs
champagne,2150,8686,champagne
japonais,2151,8680,japonais japonaise japonaises
ouai,2152,8679,ouai
pratique,2153,8679,pratique pratiques
hésiter,2154,8677,hésite hésitez hésiter hésité hésiterai hésites
contenir,2155,8675,contient contenir contenait contiennent contenaient
europe,2156,8665,europe
ordure,2157,8658,ordures ordure
troupe,2158,8654,troupes troupe
opérer,2159,8652,opérer opère opéré opérée opèrent opérez
magazine,2160,8647,magazine magazines
roger,2161,8635,roger
autoriser,2162,8633,autorise autorisée autoriser autorisés autorisées autorisez
chair,2163,8629,chair chairs
étape,2164,8617,étape étapes
rouler,2165,8605,rouler roulez roulait roules roulent roulés
vague,2166,8599,vague vagues
citoyen,2167,8597,citoyens citoyen citoyenne
interne,2168,8594,interne internes
chasseur,2169,8594,chasseur chasseurs chasseuse
mentionner,2170,8586,mentionné mentionner mentionne mentionnez mentionnée mentionnés
admirer,2171,8577,admire admirer admirez admiré admirais admirait
forcément,2172,8570,forcément
b,2173,8561,b
reconnaissant,2174,8559,reconnaissant reconnaissante reconnaissants reconnaissantes
taylor,2175,8548,taylor
transmettre,2176,8540,transmettre transmis transmet transmets transmettez transmettrai
foule,2177,8535,foule foules
ascenseur,2178,8534,ascenseur ascenseurs
océan,2179,8532,océan océans
volant,2180,8524,volant volante volants volantes
croiser,2181,8503,croisés croiser croise croisent croisez croises
concours,2182,8502,concours
chou,2183,8494,chou choux
soudain,2184,8492,soudain soudaine
vous-même,2185,8491,vous-même
éclater,2186,8487,éclater éclate éclatent éclatée éclatera éclates
étonnant,2187,8478,étonnant étonnante étonnantes étonnants
élevé,2188,8477,élevé
département,2189,8470,département départements
opportunité,2190,8453,opportunité opportunités
enfance,2191,8449,enfance
noyer,2192,8443,noyer noyé noie noyée noyés noient
rompre,2193,8438,rompre rompez romps rompt rompue rompus
prénom,2194,8428,prénom prénoms
bel,2195,8422,bel
écran,2196,8413,écran écrans
revenue,2197,8406,revenue
jaune,2198,8395,jaune jaunes
mac,2199,8389,mac macs
poitrine,2200,8387,poitrine poitrines
ceinture,2201,8378,ceinture ceintures
parer,2202,8377,parait paré parés parez para parer
crème,2203,8368,crème crèmes
repérer,2204,8360,repéré repérer repérés repérée repèrent repérez
écoutez-moi,2205,8356,écoutez-moi
entraînement,2206,8352,entraînement entraînements
exprimer,2207,8350,exprimer exprime exprimé expriment exprimée exprimait
sean,2208,8349,sean
fiancé,2209,8342,fiancé fiancés fiancées
vélo,2210,8332,vélo vélos
incident,2211,8329,incident incidents
attrape,2212,8328,attrape
emma,2213,8327,emma
soupe,2214,8318,soupe soupes
peindre,2215,8318,peindre peint peins peinte peints peintes
bloc,2216,8304,bloc blocs
salaire,2217,8302,salaire salaires
atteint,2218,8301,atteint atteints
phil,2219,8300,phil
impressionnant,2220,8299,impressionnant impressionnante impressionnants impressionnantes
gaffe,2221,8296,gaffe gaffes
influencer,2222,8296,influence influencer influencé influences influencée influencés
italien,2223,8291,italien italiens italienne italiennes
pêcher,2224,8289,péchés pêcher pêché pêchés pêchait pêchez
cia,2225,8283,cia
entretien,2226,8276,entretien entretiens
bonbon,2227,8276,bonbons bonbon
diamant,2228,8276,diamants diamant
réputation,2229,8274,réputation
hiver,2230,8268,hiver hivers
mystère,2231,8267,mystère mystères
jackson,2232,8254,jackson
demi,2233,8251,demi
grand-chose,2234,8238,grand-chose
tim,2235,8238,tim
joey,2236,8234,joey
sorcière,2237,8234,sorcière
technologie,2238,8233,technologie technologies
venant,2239,8227,venant
pile,2240,8226,pile piles
alan,2241,8225,alan
rembourser,2242,8223,rembourser rembourserai remboursé rembourse remboursera remboursée
californie,2243,8222,californie
poubelle,2244,8222,poubelle poubelles
patte,2245,8207,pattes patte
poule,2246,8206,poule poules
dessin,2247,8199,dessin dessins
méthode,2248,8197,méthode méthodes
karen,2249,8194,karen
conséquence,2250,8193,conséquences conséquence
commissaire,2251,8184,commissaire commissaires
angeles,2252,8180,angeles
flipper,2253,8179,flipper flippant flippe flippé flippes flippent
tempête,2254,8175,tempête tempêtes
pot,2255,8162,pot pots
liaison,2256,8161,liaison liaisons
honnêtement,2257,8155,honnêtement
furieux,2258,8154,furieux furieuse
étais-tu,2259,8144,étais-tu
empire,2260,8141,empire
déclarer,2261,8140,déclare déclarer déclarée déclarons déclarés déclarez
classique,2262,8137,classique classiques
y',2263,8132,y'
emprunter,2264,8132,emprunter emprunte empruntée empruntes empruntés empruntez
démissionner,2265,8132,démissionné démissionne démissionner démissionnes démissionnez démissionnerai
jenny,2266,8128,jenny
gagnant,2267,8124,gagnant gagnants gagnante gagnantes
gant,2268,8122,gants gant
communauté,2269,8115,communauté communautés
aventure,2270,8113,aventure
extraordinaire,2271,8102,extraordinaire extraordinaires
abby,2272,8097,abby
cérémonie,2273,8096,cérémonie cérémonies
barre,2274,8095,barre
botte,2275,8095,bottes botte
front,2276,8079,front fronts
jus,2277,8061,jus
dragon,2278,8052,dragon dragons
lily,2279,8045,lily
dépenser,2280,8042,dépensé dépenser dépensent dépensez dépensés dépensait
région,2281,8036,région régions
chuck,2282,8032,chuck
suicider,2283,8026,suicider suicidé suicidée suicidés suicident
sommer,2284,8024,somme
kilométrer,2285,8024,kilomètres kilomètre
saluer,2286,8011,salue saluer saluez salué saluons saluent
séance,2287,8007,séance séances
bijou,2288,8007,bijoux bijou
positif,2289,8005,positif positive positifs positives
red,2290,8003,red
surface,2291,8000,surface surfaces
récompense,2292,7999,récompense récompenses
plante,2293,7997,plante plantes
passion,2294,7996,passion passions
dis-tu,2295,7995,dis-tu
vaincre,2296,7993,vaincre vaincu vaincus vaincue vaincra vaincrons
vierge,2297,7992,vierge vierges
local,2298,7992,local locaux locales
maggie,2299,7990,maggie
bêtise,2300,7990,bêtises bêtise
malheur,2301,7980,malheur malheurs
fêter,2302,7977,fêter fêtons fêté fêtent fêtera fêtait
oeuf,2303,7973,oeufs oeuf
ralentir,2304,7967,ralentir ralentis ralentit ralentissez ralentissent ralentira
effrayer,2305,7958,effrayer effrayée effrayés effrayez effraient effraye
nation,2306,7951,nation nations
fâcher,2307,7948,fâchée fâche fâcher fâchés fâchez fâches
urgent,2308,7940,urgent urgente urgentes urgents
fournir,2309,7940,fournir fournit fournis fournira fournissent fournie
st,2310,7935,st
boisson,2311,7932,boisson boissons
espion,2312,7928,espion espions
laura,2313,7925,laura
user,2314,7924,usa usé user use usées usée
mardi,2315,7919,mardi mardis
parking,2316,7909,parking parkings
procédure,2317,7904,procédure procédures
noter,2318,7896,noté noter notez notée notés
pis,2319,7893,pis
humanité,2320,7870,humanité
renoncer,2321,7870,renoncer renoncé renoncez renonces renoncerai renoncent
show,2322,7869,show shows
enterrement,2323,7865,enterrement enterrements
casier,2324,7865,casier casiers
josh,2325,7862,josh
big,2326,7848,big
alliance,2327,7840,alliance alliances
julie,2328,7839,julie
jouet,2329,7839,jouets jouet
unir,2330,7836,unis unir unies unit unie unissent
fonds,2331,7832,fonds
ménage,2332,7830,ménage ménages
promener,2333,7830,promener promène promenais promenait promènent promené
habituer,2334,7828,habituer habituée habitue habitués habitueras habitues
états-unis,2335,7814,états-unis
enquêter,2336,7811,enquêter enquêté enquêtons enquêtez enquêtent enquêtait
rencard,2337,7809,rencard rencards
sorcier,2338,7805,sorcières sorcier sorciers
enregistrement,2339,7793,enregistrement enregistrements
veiller,2340,7788,veiller veillerai veillez veillé veillera veillent
vegas,2341,7787,vegas
sir,2342,7783,sir
fiancée,2343,7783,fiancée
incendie,2344,7777,incendie
objectif,2345,7769,objectif objectifs objective
absence,2346,7760,absence absences
pêche,2347,7755,pêche pêches
ex,2348,7752,ex
échantillon,2349,7747,échantillon échantillons
circonstance,2350,7730,circonstances circonstance
robot,2351,7730,robot robots
figurer,2352,7728,figure figures figurer figurent figurait
prière,2353,7726,prière prières
sensible,2354,7724,sensible sensibles
avérer,2355,7724,avère avéré avérer avérée avèrent avérait
guerrier,2356,7713,guerrier guerriers guerrière guerrières
lucy,2357,7710,lucy
mars,2358,7704,mars
pilule,2359,7698,pilules pilule
ordinaire,2360,7694,ordinaire ordinaires
traître,2361,7689,traître traîtres traîtresse
miroir,2362,7684,miroir miroirs
goûter,2363,7684,goûter goûte goûtez goûtes
tasse,2364,7678,tasse tasses
dites-vous,2365,7677,dites-vous
amant,2366,7676,amant amants amante amantes
soi,2367,7669,soi
marine,2368,7664,marine
o.k.,2369,7658,o.k.
degré,2370,7658,degrés degré
uniquement,2371,7652,uniquement
renfort,2372,7646,renforts renfort
stan,2373,7638,stan
candidat,2374,7638,candidat candidats candidate candidates
paire,2375,7633,paire paires
pisser,2376,7633,pisser pissé pissent pissait pissais pissant
vider,2377,7630,vider vidé videz vidée vida vidés
morgan,2378,7625,morgan
estomac,2379,7625,estomac estomacs
facture,2380,7618,facture factures
souffrance,2381,7616,souffrance souffrances
américaine,2382,7615,américaine
hank,2383,7615,hank
doué,2384,7611,doué
gloire,2385,7607,gloire
tension,2386,7598,tension tensions
solide,2387,7598,solide solides
lutte,2388,7595,lutte luttes
jones,2389,7594,jones
pointe,2390,7592,pointe pointes
portée,2391,7589,portée portées
décrocher,2392,7587,décroche décrocher décroché décrochez décroches
saute,2393,7585,saute
placard,2394,7585,placard placards
exercice,2395,7581,exercice exercices
suivez-moi,2396,7579,suivez-moi
nager,2397,7579,nager nagé nagent nagez nages nageait
cage,2398,7578,cage cages
creuser,2399,7572,creuser creusé creusez creusent creusant creusait
ho,2400,7560,ho
suffisant,2401,7559,suffisant suffisante suffisantes suffisants
royaume,2402,7558,royaume royaumes
légende,2403,7558,légende légendes
cassette,2404,7558,cassette cassettes
rythme,2405,7551,rythme rythmes
sacrifier,2406,7550,sacrifier sacrifié sacrifie sacrifiée sacrifiés sacrifiant
transférer,2407,7537,transféré transférer transfère transférée transférés transférez
final,2408,7536,final finales finaux
former,2409,7532,former forment formez formés formée formons
clinique,2410,7530,clinique cliniques
patrick,2411,7529,patrick
serviette,2412,7527,serviette serviettes
assister,2413,7526,assister assiste assistera assistez assistée assistent
whisky,2414,7524,whisky whiskys whiskies
capacité,2415,7518,capacité capacités
porté,2416,7514,porté
hurler,2417,7513,hurler hurle hurlé hurlait hurlent hurlez
équipage,2418,7512,équipage équipages
espagnol,2419,7507,espagnol espagnols espagnole espagnoles
panique,2420,7506,panique paniques
dépêchez-vous,2421,7505,dépêchez-vous
emballer,2422,7489,emballe emballer emballé emballée emballez emballés
julia,2423,7487,julia
tuyau,2424,7487,tuyau tuyaux
communication,2425,7485,communication communications
juré,2426,7482,juré
barry,2427,7481,barry
médecine,2428,7481,médecine
serrer,2429,7479,serrer serrez serrés serres serrées serrent
black,2430,7473,black blacks
jeudi,2431,7471,jeudi jeudis
chargé,2432,7469,chargé
au-delà,2433,7467,au-delà
regardez-moi,2434,7451,regardez-moi
baisse,2435,7449,baisse
pomper,2436,7448,pompes pompe pomper pompée pompé
rompu,2437,7446,rompu
veille,2438,7432,veille veilles
emmerde,2439,7428,emmerde
tarer,2440,7421,taré tarés tarée tarées
haine,2441,7414,haine haines
armer,2442,7410,armés armées armer armez
fred,2443,7409,fred
ficher,2444,7397,fichez fichent fichons fichait fichais ficher
milliard,2445,7391,milliards milliard
ferme-la,2446,7389,ferme-la
réveille-toi,2447,7388,réveille-toi
fichier,2448,7387,fichiers fichier
bagage,2449,7378,bagages bagage
etait,2450,7377,etait
tunnel,2451,7367,tunnel tunnels
moto,2452,7362,moto motos
collier,2453,7359,collier colliers
congé,2454,7359,congé congés
gary,2455,7358,gary
effrayant,2456,7358,effrayant effrayante effrayants effrayantes
canapé,2457,7355,canapé canapés
central,2458,7355,central centrales
tapis,2459,7351,tapis
tireur,2460,7350,tireur tireurs
soupir,2461,7348,soupirs soupir
um,2462,7343,um
feuiller,2463,7335,feuilles feuille
négocier,2464,7334,négocier négocie négocié négocions négociez négocient
comité,2465,7331,comité comités
négatif,2466,7329,négatif négatifs négatives
temple,2467,7328,temple temples
dis-le,2468,7327,dis-le
victor,2469,7326,victor
éteint,2470,7326,éteint éteinte éteintes éteints
électrique,2471,7322,électrique électriques
team,2472,7320,team
secteur,2473,7319,secteur secteurs
maîtresse,2474,7317,maîtresse maîtresses
sara,2475,7315,sara
ya,2476,7301,ya
lancé,2477,7301,lancé lancés
fonction,2478,7299,fonction fonctions
va-t-il,2479,7297,va-t-il
port,2480,7297,port ports
calmez-vous,2481,7289,calmez-vous
colle,2482,7288,colle colles
proposition,2483,7285,proposition propositions
légal,2484,7283,légal légale légales légaux
cruel,2485,7272,cruel cruelle cruels cruelles
faites-le,2486,7269,faites-le
incapable,2487,7262,incapable incapables
saisir,2488,7258,saisir saisis saisissez saisit saisissent
renverser,2489,7246,renversé renverser renversée renversés renversez renverses
principe,2490,7236,principe principes
traite,2491,7235,traite
lâchez-moi,2492,7235,lâchez-moi
ca.,2493,7229,ca.
vengeance,2494,7229,vengeance
enchanter,2495,7223,enchantée enchante enchantés enchanter
destiner,2496,7213,destinée destiné destinés destinées
forcé,2497,7211,forcé
2e,2498,7202,2e
boss,2499,7197,boss
allons-nous,2500,7191,allons-nous
voyant,2501,7186,voyant voyante voyants
ticket,2502,7177,ticket tickets
nier,2503,7175,nier nie nié niez nia nies
domaine,2504,7157,domaine domaines
king,2505,7154,king
afrique,2506,7154,afrique
nathan,2507,7147,nathan
jugement,2508,7146,jugement jugements
lion,2509,7141,lion lions lionne
appelle-moi,2510,7135,appelle-moi
mouiller,2511,7122,mouillé mouillée mouiller mouillés mouillées mouilles
assise,2512,7106,assise assises
fidèle,2513,7094,fidèle fidèles
sophie,2514,7089,sophie
piger,2515,7086,pigé pigez piger pigent
génération,2516,7075,génération générations
section,2517,7071,section sections
oeuvre,2518,7066,oeuvre oeuvres
chine,2519,7061,chine
jackie,2520,7046,jackie
âgé,2521,7046,âgé âgée âgées âgés
passager,2522,7043,passagers passager passagère
cercler,2523,7042,cercle cercles
rang,2524,7038,rang rangs
transporter,2525,7038,transporter transporte transporté transportait transportant transportent
roule,2526,7037,roule
palais,2527,7035,palais
orange,2528,7031,orange oranges
lady,2529,7028,lady
abruti,2530,7022,abruti
renseignement,2531,7022,renseignements renseignement
normalement,2532,7019,normalement
appelez-moi,2533,7015,appelez-moi
conduite,2534,7015,conduite conduites
bagarre,2535,7014,bagarre bagarres
fumée,2536,7007,fumée fumées
détendre,2537,7007,détendre détend détends détendez détendra détende
organisation,2538,7004,organisation organisations
exécuter,2539,7004,exécuter exécuté exécute exécutés exécutée exécutez
bibliothèque,2540,7001,bibliothèque bibliothèques
sommes-nous,2541,7000,sommes-nous
est-à-dire,2542,6995,est-à-dire
connait,2543,6992,connait
concevoir,2544,6974,conçu concevoir conçue conçus conçues conçois
douer,2545,6973,douée doués douées
lover,2546,6967,love lover loves
digne,2547,6966,digne dignes
vingt,2548,6960,vingt
gêne,2549,6959,gêne
surprendre,2550,6943,surprendre surprend surprends surprendrait surprenez surprendra
tribu,2551,6942,tribu tribus
noble,2552,6942,noble nobles
brûlé,2553,6937,brûlé
puer,2554,6937,pue pues puent puait puer puez
amanda,2555,6936,amanda
business,2556,6934,business
sauté,2557,6932,sauté
invitation,2558,6932,invitation invitations
ennuyeux,2559,6932,ennuyeux ennuyeuse ennuyeuses
alarme,2560,6925,alarme
courrier,2561,6925,courrier courriers
laisse-le,2562,6924,laisse-le
étoile,2563,6921,étoile
partage,2564,6921,partage partages
monnayer,2565,6916,monnaie monnaies
tarte,2566,6915,tarte tartes
vilain,2567,6915,vilain vilaine vilains vilaines
piano,2568,6912,piano pianos
excitant,2569,6907,excitant excitante excitantes excitants
ooh,2570,6903,ooh
signature,2571,6901,signature signatures
boiter,2572,6900,boite boites boiter boitait
mm,2573,6893,mm
raisonnable,2574,6893,raisonnable raisonnables
nucléaire,2575,6893,nucléaire nucléaires
fixer,2576,6891,fixer fixée fixes fixés fixez fixait
publier,2577,6888,publié publier publie publiée publiés publiées
profil,2578,6882,profil profils
tentative,2579,6877,tentative tentatives
pardonnez-moi,2580,6875,pardonnez-moi
davantage,2581,6867,davantage
matière,2582,6864,matière matières
audience,2583,6862,audience audiences
jesse,2584,6845,jesse
quant,2585,6839,quant
intervenir,2586,6838,intervenir intervenu intervient interviens intervenez intervienne
sacrifice,2587,6837,sacrifice sacrifices
soif,2588,6836,soif
min,2589,6836,min
remis,2590,6835,remis
culture,2591,6835,culture cultures
embarquer,2592,6835,embarquer embarque embarqué embarquez embarquée embarqués
miel,2593,6828,miel
personnellement,2594,6825,personnellement
entièrement,2595,6824,entièrement
mobile,2596,6824,mobile mobiles
howard,2597,6823,howard
sable,2598,6815,sable sables
échappé,2599,6813,échappé
dean,2600,6802,dean
nerf,2601,6800,nerfs nerf
moque,2602,6796,moque
tape,2603,6791,tape
lentement,2604,6785,lentement
large,2605,6783,large larges
accomplir,2606,6782,accomplir accomplie accomplis accomplit accomplissent accomplira
dénoncer,2607,6779,dénoncer dénoncé dénonce dénoncée dénoncerai dénoncés
steven,2608,6776,steven
scénario,2609,6776,scénario scénarios
foncer,2610,6774,fonce foncer foncez fonces foncent fonçant
disparition,2611,6772,disparition disparitions
capturer,2612,6765,capturé capturer capturés capturée capturez capturent
musée,2613,6762,musée musées
existence,2614,6760,existence
hall,2615,6755,hall halls
objection,2616,6752,objection objections
robin,2617,6745,robin robins
nuage,2618,6745,nuages nuage
déchirer,2619,6744,déchire déchirer déchirée déchirés déchirent déchires
nationale,2620,6733,nationale
crever,2621,6733,crever crèvent crèves crevés crevasse crevez
auteur,2622,6725,auteur auteurs
secrète,2623,6723,secrète
diplôme,2624,6722,diplôme diplômes
populaire,2625,6721,populaire populaires
dispute,2626,6718,dispute
couler,2627,6718,couler coulait coulent coulera coulez coulés
généreux,2628,6716,généreux généreuse généreuses
soulager,2629,6710,soulager soulagé soulagée soulage soulagés soulagera
sauce,2630,6709,sauce sauces
bouffe,2631,6707,bouffe
angle,2632,6702,angle angles
bouffer,2633,6683,bouffer bouffé bouffée bouffent bouffes bouffées
coïncidence,2634,6682,coïncidence coïncidences
kilo,2635,6681,kilos kilo
territoire,2636,6680,territoire territoires
moche,2637,6680,moche moches
éternel,2638,6678,éternel éternelle éternels éternelles
anne,2639,6674,anne
rick,2640,6673,rick
lève-toi,2641,6672,lève-toi
boucle,2642,6655,boucle boucles
national,2643,6652,national nationales nationaux
volée,2644,6651,volée volées
girl,2645,6647,girl girls
poison,2646,6645,poison poisons
poussière,2647,6640,poussière poussières
that,2648,6638,that
greg,2649,6638,greg
parfum,2650,6636,parfum parfums
délicat,2651,6635,délicat délicate délicates délicats
pirate,2652,6627,pirate pirates
yo,2653,6623,yo
trouble,2654,6623,trouble troubles
volontaire,2655,6612,volontaire volontaires
charlotte,2656,6602,charlotte
capital,2657,6596,capitale capital capitaux capitales
p,2658,6592,p
instinct,2659,6592,instinct instincts
chffffff,2660,6588,chffffff
témoignage,2661,6577,témoignage témoignages
relier,2662,6576,relié relier relie reliés reliée reliant
chevalier,2663,6575,chevalier chevaliers
psy,2664,6571,psy psys
rouer,2665,6567,roue roues
etat,2666,6565,etat
mondial,2667,6565,mondiale mondial mondiaux mondiales
empoisonner,2668,6557,empoisonné empoisonner empoisonnée empoisonne empoisonnés empoisonnées
salade,2669,6551,salade salades
phrase,2670,6550,phrase phrases
exiger,2671,6550,exige exiger exigent exigeons exigeait exigez
potentiel,2672,6549,potentiel potentiels potentielle potentielles
race,2673,6544,race races
betty,2674,6534,betty
envisager,2675,6526,envisager envisage envisagé envisagez envisages envisageais
laboratoire,2676,6523,laboratoire labos laboratoires
attitude,2677,6519,attitude attitudes
autorisation,2678,6519,autorisation autorisations
élection,2679,6514,élections élection
golf,2680,6504,golf
dealer,2681,6504,dealer dealers deale dealait deales
serveur,2682,6502,serveur serveurs serveuses
empereur,2683,6500,empereur empereurs
catherine,2684,6497,catherine
aube,2685,6494,aube
précis,2686,6491,précis
gêner,2687,6487,gênée gêner gênez gênes gênait gênerait
doug,2688,6486,doug
sommet,2689,6485,sommet sommets
etes-vous,2690,6484,etes-vous
helen,2691,6472,helen
fait-il,2692,6465,fait-il
balancer,2693,6464,balancer balances balancez balancée balancent balancés
tradition,2694,6463,tradition traditions
agression,2695,6462,agression agressions
huile,2696,6459,huile huiles
grimper,2697,6454,grimper grimpe grimpé grimpez grimpent grimpes
télévision,2698,6452,télévision télévisions
invité,2699,6452,invitée invitées
mexique,2700,6446,mexique
poignarder,2701,6441,poignardé poignarder poignardée poignarde poignardés
repose,2702,6433,repose
câble,2703,6426,câble câbles
adopter,2704,6423,adopter adopté adoptée adopte adoptés
carrément,2705,6420,carrément
is,2706,6418,is
producteur,2707,6411,producteur producteurs productrice
appart,2708,6409,appart apparts
tatouage,2709,6409,tatouage tatouages
chaude,2710,6401,chaude
localiser,2711,6400,localiser localisé localise localisée localisez localisés
vendeur,2712,6399,vendeur vendeurs vendeuse vendeuses
outil,2713,6390,outils outil
minable,2714,6386,minable minables
briller,2715,6386,brille briller brillent brillait brillera brillé
pension,2716,6383,pension pensions
marin,2717,6382,marin marins
avertir,2718,6381,avertir avertis avertie avertit avertissez avertirai
johnson,2719,6378,johnson
foot,2720,6378,foot
tordre,2721,6377,tordu tord tordre tordus tordant tords
dégoûtant,2722,6372,dégoûtant dégoûtante dégoûtants dégoûtantes
patience,2723,6362,patience
disponible,2724,6362,disponible disponibles
avaler,2725,6352,avaler avale avalez avales avalée avalent
emménager,2726,6350,emménager emménagé emménage emménages emménagez emménagent
tyler,2727,6341,tyler
œuvre,2728,6335,œuvre
remarque,2729,6322,remarque remarques
texas,2730,6321,texas
étiez-vous,2731,6316,étiez-vous
quoique,2732,6311,quoique quoiqu'
all,2733,6303,all
las,2734,6303,las lasse
expression,2735,6302,expression expressions
cabine,2736,6299,cabine cabines
divin,2737,6287,divine divin divins divines
plateau,2738,6286,plateau plateaux
football,2739,6283,football
your,2740,6276,your
stade,2741,6269,stade stades
maximum,2742,6266,maximum
chirurgie,2743,6266,chirurgie chirurgies
portefeuille,2744,6265,portefeuille portefeuilles
chirurgien,2745,6262,chirurgien chirurgiens chirurgienne
coté,2746,6259,coté cotés
passeport,2747,6258,passeport passeports
pro,2748,6256,pro pros
bourse,2749,6253,bourse bourses
clown,2750,6252,clown clowns
comédie,2751,6239,comédie comédies
alibi,2752,6235,alibi alibis
flamme,2753,6235,flammes flamme
préciser,2754,6231,précise précises préciser précisé précisez
exprès,2755,6228,exprès
cooper,2756,6224,cooper
adjoint,2757,6223,adjoint adjoints adjointe
viol,2758,6220,viol viols
abattu,2759,6219,abattu abattus abattue abattues
thérapie,2760,6215,thérapie thérapies
vincent,2761,6214,vincent
coller,2762,6208,coller collée collés collent collait collez
t-il,2763,6206,t-il
printemps,2764,6206,printemps
rebecca,2765,6206,rebecca
température,2766,6206,température températures
oliver,2767,6205,oliver
profondément,2768,6204,profondément
lamper,2769,6196,lampe lampes
lord,2770,6194,lord lords
danseur,2771,6194,danseuse danseur danseurs danseuses
embrasse,2772,6188,embrasse
suffisamment,2773,6188,suffisamment
déclencher,2774,6186,déclenché déclencher déclenchée déclenchera déclenchez déclenchent
cave,2775,6181,cave caves
éducation,2776,6174,éducation
auparavant,2777,6165,auparavant
peut-il,2778,6161,peut-il
jamie,2779,6161,jamie
elizabeth,2780,6161,elizabeth
gris,2781,6160,gris grise grises
kidnapper,2782,6160,kidnappé kidnapper kidnappée kidnappés kidnappe kidnappées
indiquer,2783,6159,indiquent indiquer indiquant indiquait indiquée indiquez
molly,2784,6157,molly
album,2785,6157,album albums
ouverture,2786,6156,ouverture ouvertures
invite,2787,6153,invite
elle-même,2788,6150,elle-même
complice,2789,6150,complice complices
établir,2790,6150,établir établie établit établis établissez établies
livraison,2791,6142,livraison livraisons
andrew,2792,6135,andrew
mental,2793,6133,mentale mental mentaux mentales
efficace,2794,6125,efficace efficaces
neveu,2795,6124,neveu neveux
mystérieux,2796,6124,mystérieux mystérieuse mystérieuses
loyer,2797,6121,loyer loyers
garer,2798,6118,garer garé garée garés garez garées
balance,2799,6110,balance
micro,2800,6110,micro micros
moral,2801,6108,moral moraux
fièvre,2802,6107,fièvre
perturber,2803,6106,perturbé perturbe perturber perturbée perturbant perturbés
sécuriser,2804,6102,sécurisé sécurisée sécuriser sécurisez sécurise sécurisés
brown,2805,6098,brown
ivre,2806,6096,ivre ivres
tissu,2807,6095,tissu tissus
angela,2808,6092,angela
relâcher,2809,6092,relâcher relâché relâchez relâchée relâchés relâchent
leo,2810,6090,leo
poumon,2811,6088,poumons poumon
actuel,2812,6086,actuelle actuel actuels actuelles
instruction,2813,6076,instructions instruction
ligner,2814,6073,lignes lignées
lucas,2815,6067,lucas
découverte,2816,6063,découverte découvertes
mamie,2817,6060,mamie mamies
imagination,2818,6056,imagination
boy,2819,6055,boy boys
étouffer,2820,6055,étouffer étouffe étouffée étouffés étouffes étouffait
tonne,2821,6050,tonnes tonne
faites-moi,2822,6048,faites-moi
commission,2823,6048,commission commissions
connecter,2824,6044,connecté connecter connectés connecte connectée connectées
conscient,2825,6038,conscient consciente conscients
voyez-vous,2826,6036,voyez-vous
production,2827,6034,production productions
hollywood,2828,6032,hollywood
demi-heure,2829,6031,demi-heure demi-heures
clan,2830,6029,clan clans
apparence,2831,6029,apparence apparences
pourrais-je,2832,6026,pourrais-je
colline,2833,6018,colline collines
ross,2834,6011,ross
jeunesse,2835,6011,jeunesse jeunesses
lié,2836,6009,lié
carolin,2837,6005,caroline
panne,2838,6000,panne pannes
bâtard,2839,6000,bâtard bâtards
extrêmement,2840,5995,extrêmement
bâton,2841,5995,bâton bâtons
remise,2842,5994,remise remises
cirque,2843,5990,cirque
amen,2844,5990,amen
économie,2845,5990,économie économies
carlos,2846,5989,carlos
goutte,2847,5986,goutte gouttes
roy,2848,5985,roy
espionner,2849,5985,espionner espionne espionnes espionnait espionnais espionné
priorité,2850,5979,priorité priorités
boston,2851,5978,boston
beurre,2852,5973,beurre
porno,2853,5967,porno pornos
el,2854,5961,el
poing,2855,5959,poing poings
dessiner,2856,5956,dessiner dessine dessinée dessinées dessines dessinait
reparler,2857,5951,reparlera reparle reparler reparlerons reparlé reparles
blonde,2858,5949,blonde
japon,2859,5945,japon
garce,2860,5940,garce garces
barbara,2861,5938,barbara
était-ce,2862,5937,était-ce
we,2863,5936,we
lls,2864,5932,lls
junior,2865,5932,junior juniors
charme,2866,5932,charme charmes
requin,2867,5930,requin requins
taux,2868,5929,taux
3e,2869,5926,3e
foirer,2870,5926,foiré foirer foirez
terry,2871,5914,terry
injuste,2872,5912,injuste injustes
guide,2873,5910,guide guides
entrepôt,2874,5907,entrepôt entrepôts
sire,2875,5904,sire
mignonne,2876,5903,mignonne
personnalité,2877,5903,personnalité personnalités
doser,2878,5903,dose doses
hauteur,2879,5901,hauteur hauteurs
cap,2880,5896,cap
défi,2881,5895,défi défis
encourager,2882,5894,encourager encourage encouragé encouragée encouragez encouragent
chic,2883,5888,chic chics
absurde,2884,5883,absurde absurdes
croix,2885,5882,croix
wilson,2886,5876,wilson
chanteur,2887,5872,chanteur chanteuse chanteurs chanteuses
trafic,2888,5871,trafic trafics
inspirer,2889,5868,inspire inspirer inspirez inspirée inspirés inspirent
compétition,2890,5867,compétition compétitions
parker,2891,5866,parker
donnée,2892,5866,donnée
sec,2893,5861,sec secs sèches
batterie,2894,5860,batterie batteries
jo,2895,5854,jo
enterré,2896,5853,enterré
adaptation,2897,5853,adaptation
brave,2898,5850,brave
affecter,2899,5850,affecte affecter affectée affectés affectera affectent
toby,2900,5844,toby
réduit,2901,5842,réduit réduite réduits réduites
justin,2902,5841,justin
craquer,2903,5840,craquer craqué craques craquent craquera craquait
investir,2904,5840,investir investi investis investit investie investissez
homicide,2905,5838,homicide homicides
linda,2906,5833,linda
cuisiner,2907,5829,cuisiner cuisinez cuisinait cuisinais cuisinerai cuisinent
commercial,2908,5827,commercial commerciaux commerciales
sally,2909,5824,sally
etes,2910,5813,etes
nate,2911,5813,nate
pompier,2912,5804,pompiers pompier
dégât,2913,5802,dégâts dégât
décès,2914,5800,décès
réception,2915,5798,réception réceptions
t-shirt,2916,5797,t-shirt t-shirts
habitant,2917,5795,habitants habitant
paniquer,2918,5795,paniqué paniquer paniquez paniquée paniquent paniqués
échelle,2919,5794,échelle échelles
fauteuil,2920,5794,fauteuil fauteuils
mercredi,2921,5793,mercredi mercredis
tarder,2922,5785,tarder tarde tardé tardera tardez
récent,2923,5783,récent récente récents récentes
moderne,2924,5781,moderne modernes
pressé,2925,5780,pressé
division,2926,5779,division divisions
frankie,2927,5778,frankie
davis,2928,5776,davis
fée,2929,5775,fée fées
précieux,2930,5774,précieux
progrès,2931,5765,progrès
satisfait,2932,5762,satisfait satisfaite satisfaits satisfaites
cole,2933,5759,cole
bruce,2934,5758,bruce
réduire,2935,5757,réduire réduis réduisez réduira réduisent réduisant
armé,2936,5750,armé
sincère,2937,5748,sincère sincères
officiellement,2938,5747,officiellement
égoïste,2939,5740,égoïste égoïstes
panneau,2940,5740,panneau panneaux
miller,2941,5738,miller
allemagne,2942,5737,allemagne
suer,2943,5737,sue suer suez sué
détenu,2944,5737,détenu détenus détenue détenues
trés,2945,5735,trés
lutter,2946,5735,lutter lutté luttant luttent luttez luttons
mai,2947,5733,mai
humour,2948,5731,humour
marcus,2949,5730,marcus
olivia,2950,5730,olivia
ramasser,2951,5725,ramasser ramassez ramassée ramasses ramassent ramassés
pervers,2952,5719,pervers perverse perverses
habit,2953,5714,habits habit
divorcer,2954,5707,divorcer divorcés divorcée divorcent divorcez divorcées
ongle,2955,5706,ongles ongle
cracher,2956,5705,crache cracher crachez craches crachent crachait
recommander,2957,5700,recommande recommandé recommander recommandée recommandons recommanderai
joseph,2958,5699,joseph
pneu,2959,5697,pneus pneu
libres,2960,5688,libres
jordan,2961,5688,jordan
caractère,2962,5687,caractère caractères
branche,2963,5678,branche branches
gordon,2964,5677,gordon
parvenir,2965,5677,parvenir parvenu parvient parviens parvenus parviennent
drapeau,2966,5676,drapeau drapeaux
absent,2967,5672,absent absente absents
sous-sol,2968,5665,sous-sol sous-sols
do,2969,5664,do
miami,2970,5662,miami
baise,2971,5660,baise
poudre,2972,5660,poudre poudres
élu,2973,5657,élu élue élus
redevenir,2974,5654,redevenir redevenu redevienne redeviendra redevient redeviens
évacuer,2975,5653,évacuer évacuez évacue évacués évacuée évacuent
difficulté,2976,5651,difficultés difficulté
énervé,2977,5649,énervé
e-mail,2978,5647,e-mail e-mails emails
discret,2979,5646,discret discrète discrets discrètes
devrais-je,2980,5640,devrais-je
bible,2981,5640,bible bibles
essentiel,2982,5636,essentiel essentielle essentiels essentielles
jessica,2983,5634,jessica
rond,2984,5634,rond ronds
for,2985,5630,for
placé,2986,5629,placé
manuel,2987,5623,manuel manuels manuelles
ouah,2988,5621,ouah
marquer,2989,5612,marquer marquez marquée marqués marquent marquées
remède,2990,5610,remède remèdes
péché,2991,5609,péché
vomir,2992,5607,vomir vomit vomisse vomissent vomissait vomissais
katie,2993,5604,katie
déterminer,2994,5603,déterminer déterminée détermine déterminés déterminera déterminent
derek,2995,5602,derek
patrouille,2996,5597,patrouille patrouilles
religion,2997,5596,religion religions
basket,2998,5592,basket baskets
promotion,2999,5584,promotion promotions
franchir,3000,5574,franchir franchi franchit franchis franchie franchira
ricky,3001,5573,ricky
symbole,3002,5573,symbole symboles
céder,3003,5573,céder cédé cède cédez céderai cédera
débarquer,3004,5572,débarquer débarque débarquent débarques débarquez débarquant
petit-déjeuner,3005,5569,petit-déjeuner
union,3006,5568,union unions
toast,3007,5567,toast toasts
satellite,3008,5567,satellite satellites
avons-nous,3009,5565,avons-nous
métal,3010,5563,métal métaux
serment,3011,5557,serment serments
criminelle,3012,5557,criminelle criminelles
coucou,3013,5555,coucou
transport,3014,5554,transport transports
bol,3015,5551,bol bols
motif,3016,5548,motif motifs
éternité,3017,5540,éternité
harvey,3018,5539,harvey
enseigner,3019,5539,enseigner enseignait enseignent enseignez enseignais enseignerai
vol.,3020,5538,vol.
phase,3021,5535,phase phases
marty,3022,5531,marty
pouce,3023,5531,pouce pouces
équipement,3024,5528,équipement équipements
leader,3025,5528,leader leaders
pouls,3026,5526,pouls
laissez-le,3027,5525,laissez-le
jay,3028,5523,jay
tache,3029,5521,tache taches
modifier,3030,5519,modifier modifié modifie modifiée modifiés modifiées
précédent,3031,5511,précédent précédente précédents précédentes
provenir,3032,5511,provient provenant proviennent provenir provenait provenaient
ministère,3033,5507,ministère ministères
interview,3034,5503,interview interviews
commettre,3035,5503,commettre commet commise commises commets commettez
écrivain,3036,5502,écrivain écrivains
accueil,3037,5499,accueil
préoccuper,3038,5499,préoccupe préoccuper préoccupée préoccupes préoccupés préoccupez
habituel,3039,5499,habituel habituelle habituels habituelles
autorisé,3040,5497,autorisé
taule,3041,5496,taule
collection,3042,5493,collection collections
allonger,3043,5492,allonger allongée allonge allongés allongez allonges
demi-tour,3044,5487,demi-tour
commerce,3045,5487,commerce commerces
parle-moi,3046,5484,parle-moi
missile,3047,5482,missiles missile
soulever,3048,5482,soulever soulève soulevé soulevez soulèvent soulevée
french,3049,5479,french
stratégie,3050,5471,stratégie stratégies
décéder,3051,5471,décédé décédée décédés décède décédées
matinée,3052,5470,matinée matinées
wayne,3053,5469,wayne
oscar,3054,5469,oscar oscars
meme,3055,5468,meme
frigo,3056,5468,frigo frigos
foie,3057,5466,foie foies
morale,3058,5466,morale morales
défaut,3059,5466,défaut défauts
penny,3060,5465,penny pence pennies
stylo,3061,5463,stylo stylos
plastique,3062,5457,plastique plastiques
bomber,3063,5455,bombes
partant,3064,5455,partant partante partants
lecture,3065,5454,lecture lectures
opposer,3066,5454,opposer oppose opposée opposés opposent opposées
exécution,3067,5451,exécution exécutions
prostituée,3068,5451,prostituée prostituées
survivant,3069,5450,survivants survivant survivante
bah,3070,5447,bah
langage,3071,5447,langage
invisible,3072,5438,invisible invisibles
portrait,3073,5436,portrait portraits
jour-là,3074,5433,jour-là
todd,3075,5431,todd
by,3076,5429,by
zombie,3077,5427,zombie zombies
suspendre,3078,5427,suspendu suspendue suspendre suspendus suspend suspendues
commandement,3079,5426,commandement commandements
mouche,3080,5424,mouche mouches
tres,3081,5418,tres
mineur,3082,5418,mineurs mineur mineures
carol,3083,5414,carol
sensation,3084,5414,sensation sensations
passant,3085,5412,passant passants passante
tube,3086,5412,tube tubes
commentaire,3087,5410,commentaire commentaires
raccompagner,3088,5409,raccompagne raccompagner raccompagnée raccompagné raccompagnez raccompagnes
sous-titre,3089,5408,sous-titres sous-titre
décevoir,3090,5408,décevoir déçois décevez décevrai déçoit déçoivent
finale,3091,5405,finale
délire,3092,5405,délire délires
issue,3093,5401,issue issues
pénis,3094,5399,pénis
crois-tu,3095,5397,crois-tu
décoller,3096,5396,décoller décolle décollé décollez décollent décollera
chrétien,3097,5395,chrétien chrétiens chrétienne chrétiennes
voyou,3098,5392,voyou voyous
révolution,3099,5389,révolution révolutions
casino,3100,5387,casino casinos
beth,3101,5384,beth
nina,3102,5383,nina
pouvons-nous,3103,5381,pouvons-nous
mexicain,3104,5380,mexicain mexicains mexicaine mexicaines
brad,3105,5372,brad
œufs,3106,5370,œufs
comté,3107,5369,comté comtés
diane,3108,5364,diane
barbe,3109,5364,barbe barbes
larguer,3110,5364,largué larguer larguée larguez largues largués
rebelle,3111,5361,rebelles rebelle
oxygéner,3112,5353,oxygène
formation,3113,5353,formation formations
s.,3114,5348,s.
marshall,3115,5347,marshall
west,3116,5346,west
tendance,3117,5343,tendance tendances
verrouiller,3118,5343,verrouillé verrouillée verrouiller verrouille verrouillez verrouillées
souviens-toi,3119,5342,souviens-toi
épargner,3120,5341,épargner épargné épargnée épargnez épargnerai épargnés
francisco,3121,5339,francisco
douzaine,3122,5338,douzaine douzaines
répandre,3123,5338,répandre répand répandu répandue répandent répands
féminin,3124,5336,féminin féminine féminins féminines
régime,3125,5335,régime régimes
indique,3126,5332,indique
flotte,3127,5330,flotte
secouer,3128,5329,secouer secoué secoue secouée secouez secoués
audition,3129,5328,audition auditions
silencieux,3130,5328,silencieux silencieuse silencieuses
cimetière,3131,5327,cimetière cimetières
rage,3132,5326,rage
amiral,3133,5324,amiral
verser,3134,5321,versé verser versa versez versée versés
prime,3135,5319,prime primes
poème,3136,5318,poème poèmes
christ,3137,5317,christ
vince,3138,5313,vince
sachant,3139,5311,sachant
manche,3140,5311,manche manches
développer,3141,5310,développer développe développent développés développez développées
stress,3142,5309,stress
abattre,3143,5307,abattre abattez abattra abatte abattent abattront
garantir,3144,5307,garantis garantir garantit garantira
grant,3145,5306,grant
gentleman,3146,5303,gentleman gentlemen
commissariat,3147,5297,commissariat commissariats
écart,3148,5290,écart écarts
comte,3149,5289,comte
combinaison,3150,5288,combinaison combinaisons
guitare,3151,5283,guitare guitares
canard,3152,5280,canard canards
l.a.,3153,5276,l.a.
conflit,3154,5274,conflit conflits
compliment,3155,5269,compliment compliments
principale,3156,5268,principale
merveille,3157,5265,merveille merveilles
lou,3158,5254,lou
imposer,3159,5250,imposer impose imposé imposent imposait imposées
veine,3160,5249,veine veines
spencer,3161,5247,spencer
teddy,3162,5247,teddy
salopard,3163,5244,salopard salopards
bouleverser,3164,5242,bouleversé bouleversée bouleverser bouleverse bouleversés
ron,3165,5238,ron
repasser,3166,5235,repasser repasse repasserai repassé repassez repassera
conclusion,3167,5230,conclusion conclusions
relax,3168,5218,relax
transfert,3169,5218,transfert transferts
jess,3170,5217,jess
illusion,3171,5217,illusion illusions
ethan,3172,5216,ethan
décharger,3173,5214,décharge décharger déchargé décharges déchargez déchargée
taisez-vous,3174,5209,taisez-vous
dépêche,3175,5206,dépêche dépêches
persuader,3176,5202,persuadé persuader persuadée persuadés persuade
plonger,3177,5200,plonger plongé plongez plonges plongés plongent
bougie,3178,5199,bougies bougie
rigole,3179,5198,rigole
solitaire,3180,5198,solitaire solitaires
interrogatoire,3181,5196,interrogatoire interrogatoires
prêter,3182,5195,prêter prêtez prêterai prêtée prêtent prêtera
lewis,3183,5194,lewis
ouvrier,3184,5193,ouvriers ouvrier ouvrières
conducteur,3185,5192,conducteur conducteurs conductrice
poursuite,3186,5184,poursuite poursuites
naturellement,3187,5182,naturellement
floride,3188,5181,floride
fabuleux,3189,5181,fabuleux fabuleuse fabuleuses
ian,3190,5177,ian
demoiselle,3191,5176,demoiselle demoiselles
aérien,3192,5171,aérienne aérien aériennes aériens
évidence,3193,5164,évidence évidences
quart,3194,5163,quart quarts
communiquer,3195,5160,communiquer communique communiquent communiquez communiquait
visiteur,3196,5159,visiteurs visiteur
électricité,3197,5158,électricité
baby,3198,5154,baby
comporter,3199,5153,comporter comporté comportes comportent comportait comportez
inde,3200,5152,inde indes
guider,3201,5152,guider guidé guidée guidera guidés guiderai
repris,3202,5149,repris
gênant,3203,5149,gênant gênante gênantes gênants
intime,3204,5148,intime intimes
record,3205,5137,record records
industrie,3206,5125,industrie industries
dylan,3207,5122,dylan
protocole,3208,5119,protocole protocoles
bouclier,3209,5117,bouclier boucliers
plomb,3210,5116,plomb plombs
comparer,3211,5116,comparer compare comparée comparez compares comparés
lame,3212,5113,lame lames
assiette,3213,5113,assiette assiettes
accent,3214,5110,accent accents
racheter,3215,5110,racheter racheté rachète rachèterai rachetée
muscle,3216,5110,muscles muscle
michelle,3217,5109,michelle
peser,3218,5109,pèse peser pesait pèsent pesé pèses
tina,3219,5107,tina
raser,3220,5106,raser rasé rasée rases rasés rasent
impôt,3221,5104,impôts impôt
convier,3222,5098,convient
total,3223,5096,total
anonyme,3224,5096,anonyme anonymes
oû,3225,5094,oû
couronne,3226,5093,couronne couronnes
exagérer,3227,5092,exagères exagère exagérer exagérez exagérée exagérons
nancy,3228,5091,nancy
autrefois,3229,5090,autrefois
métro,3230,5086,métro métros
intervention,3231,5084,intervention interventions
caution,3232,5082,caution cautions
actuellement,3233,5081,actuellement
cravate,3234,5078,cravate cravates
faiblesse,3235,5078,faiblesse faiblesses
reproduire,3236,5078,reproduire reproduira reproduit reproduise reproduisent
fascinant,3237,5077,fascinant fascinante fascinants fascinantes
organe,3238,5074,organes organe
diner,3239,5067,diner
rideau,3240,5066,rideau rideaux
casey,3241,5053,casey
veuve,3242,5053,veuve veuves
explosif,3243,5053,explosifs explosif explosives
sœurs,3244,5047,sœurs
ambassadeur,3245,5047,ambassadeur ambassadrice ambassadeurs
edward,3246,5045,edward
one,3247,5043,one
cité,3248,5042,cité
be,3249,5040,be
culpabilité,3250,5038,culpabilité
envoler,3251,5032,envoler envole envolé envolent envolés envolées
russie,3252,5029,russie
mannequin,3253,5025,mannequin mannequins
tandis,3254,5023,tandis
aïe,3255,5017,aïe
stable,3256,5016,stable stables
russell,3257,5012,russell
identifié,3258,5006,identifié
restant,3259,5005,restant restants restantes restante
manipuler,3260,5005,manipuler manipulé manipulée manipulés manipulent manipulait
timide,3261,4998,timide timides
buter,3262,4998,buter bute butes butés
1re,3263,4995,1re
fâché,3264,4995,fâché
evidemment,3265,4992,evidemment
justifier,3266,4989,justifier justifie justifié justifiée justifient justifiés
ingénieur,3267,4988,ingénieur ingénieurs
saut,3268,4985,saut sauts
religieux,3269,4983,religieux religieuse religieuses
bip,3270,4982,bip bips
hannah,3271,4978,hannah
média,3272,4978,médias média
fierté,3273,4977,fierté
désastre,3274,4977,désastre désastres
statue,3275,4976,statue statues
amateur,3276,4973,amateur amateurs amatrice
congrès,3277,4972,congrès
détends-toi,3278,4971,détends-toi
pratiquement,3279,4970,pratiquement
immense,3280,4965,immense immenses
sucer,3281,4965,sucer suce suces sucent suçant sucez
budget,3282,4964,budget budgets
texte,3283,4964,texte textes
raymond,3284,4963,raymond
chant,3285,4963,chant chants
lot,3286,4961,lot lots
processus,3287,4960,processus
menu,3288,4951,menu menus menue
dessert,3289,4950,dessert desserts
net,3290,4950,net nets nettes
chaussette,3291,4949,chaussettes chaussette
affirmer,3292,4949,affirme affirmer affirmé affirment affirmez affirmant
intelligence,3293,4946,intelligence
cabane,3294,4945,cabane cabanes
malédiction,3295,4941,malédiction malédictions
suspecter,3296,4941,suspecte suspecté suspectes suspecter suspectée suspectez
douze,3297,4939,douze
médaille,3298,4939,médaille médailles
gus,3299,4937,gus
gibbs,3300,4935,gibbs
so,3301,4933,so
mourant,3302,4933,mourant mourante mourants
lesbien,3303,4933,lesbienne lesbiennes lesbien
ali,3304,4931,ali
survie,3305,4926,survie
pointer,3306,4926,pointer pointée pointent pointez pointés pointait
appétit,3307,4925,appétit appétits
britannique,3308,4920,britannique britanniques
septembre,3309,4914,septembre
casque,3310,4914,casque casques
câlin,3311,4913,câlin câlins
entourer,3312,4913,entoure entourée entourent entourés entourer entourant
particulièrement,3313,4912,particulièrement
cookie,3314,4911,cookies cookie
dennis,3315,4906,dennis
cicatrice,3316,4906,cicatrice cicatrices
carton,3317,4899,carton cartons
flash,3318,4896,flash flashs flashes
walker,3319,4895,walker
fréquenter,3320,4895,fréquente fréquenter fréquentait fréquentez fréquentais fréquentent
quinn,3321,4894,quinn
envelopper,3322,4894,enveloppe enveloppes envelopper enveloppés
scanner,3323,4894,scanner scanners scanné scanne scannez
nue,3324,4892,nue
engagement,3325,4892,engagement engagements
insecte,3326,4889,insectes insecte
mail,3327,4888,mail mails
randy,3328,4887,randy
planifier,3329,4887,planifié planifier planifie planifiée planifiez planifiait
dépêcher,3330,4885,dépêcher dépêchons dépêchez dépêché
owen,3331,4883,owen
stone,3332,4878,stone stones
autopsie,3333,4877,autopsie autopsies
biscuit,3334,4876,biscuits biscuit
montre-moi,3335,4873,montre-moi
quatrième,3336,4869,quatrième
souvenez-vous,3337,4866,souvenez-vous
rupture,3338,4864,rupture ruptures
parlez-vous,3339,4863,parlez-vous
abuser,3340,4861,abusé abuser abuse abusez abuses abusée
culotte,3341,4857,culotte culottes
cadre,3342,4856,cadre cadres
scandale,3343,4855,scandale scandales
regret,3344,4855,regret regrets
kenny,3345,4854,kenny
ken,3346,4851,ken
centrale,3347,4849,centrale
enseigne,3348,4848,enseigne enseignes
familier,3349,4846,familier familière familiers familières
brigade,3350,4845,brigade brigades
dépassé,3351,4841,dépassé
faut-il,3352,4840,faut-il
homo,3353,4840,homo homos
totale,3354,4837,totale
carrie,3355,4833,carrie
symptôme,3356,4828,symptômes symptôme
analyser,3357,4826,analyser analysé analysez analysons analysée analysent
déclaré,3358,4825,déclaré
choquer,3359,4819,choqué choquée choque choquer choqués
bourré,3360,4815,bourré
mn,3361,4814,mn
écriture,3362,4811,écriture écritures
reconnaissance,3363,4810,reconnaissance
cendre,3364,4809,cendres cendre
embrassé,3365,4805,embrassé
citer,3366,4804,cite citer cités citez citée cites
cavalier,3367,4802,cavalier cavaliers cavalière
excité,3368,4800,excité
manager,3369,4800,manager managers
profit,3370,4791,profit profits
réveil,3371,4787,réveil
déposition,3372,4780,déposition dépositions
julian,3373,4778,julian
exception,3374,4778,exception exceptions
coma,3375,4776,coma
accéder,3376,4774,accéder accède accédé
soupçonner,3377,4774,soupçonne soupçonné soupçonner soupçonnez soupçonnait soupçonnais
badge,3378,4773,badge badges
représentant,3379,4769,représentant représentants représentante
publicité,3380,4761,publicité publicités
voies,3381,4760,voies
accélérer,3382,4760,accélère accélérer accélérez accélérant accélérée accélèrent
dick,3383,4759,dick
vais-je,3384,4753,vais-je
sel,3385,4750,sel sels
chapitrer,3386,4749,chapitre chapitres
jumeau,3387,4748,jumeaux jumeau
dis-leur,3388,4747,dis-leur
blake,3389,4745,blake
martha,3390,4742,martha
regardant,3391,4742,regardant
riz,3392,4741,riz
construction,3393,4740,construction constructions
magicien,3394,4739,magicien magiciens magicienne
règlement,3395,4735,règlement règlements
correctement,3396,4733,correctement
association,3397,4731,association associations
b.,3398,4730,b.
complexe,3399,4721,complexe
zut,3400,4721,zut
référence,3401,4719,référence références
impact,3402,4717,impact impacts
instrument,3403,4716,instrument instruments
tragédie,3404,4713,tragédie tragédies
définitivement,3405,4711,définitivement
bracelet,3406,4707,bracelet bracelets
fréquence,3407,4707,fréquence fréquences
environnement,3408,4704,environnement environnements
jennifer,3409,4703,jennifer
italie,3410,4701,italie
réalisateur,3411,4699,réalisateur réalisateurs réalisatrice
adversaire,3412,4699,adversaire adversaires
laissez-nous,3413,4698,laissez-nous
renseigner,3414,4696,renseigner renseigné renseigne renseignée renseignés renseignerai
connaissez-vous,3415,4694,connaissez-vous
up,3416,4692,up
four,3417,4691,four fours
financier,3418,4689,financier financiers financières
masse,3419,4687,masse
musical,3420,4687,musicale musical musicales musicaux
etats-unis,3421,4686,etats-unis
pardonne-moi,3422,4686,pardonne-moi
anneau,3423,4683,anneau anneaux
traîne,3424,4682,traîne
arrangement,3425,4681,arrangement arrangements
voeu,3426,4680,voeux voeu
croyez-vous,3427,4678,croyez-vous
rappelez-vous,3428,4670,rappelez-vous
hélicoptère,3429,4668,hélicoptère hélicoptères
traquer,3430,4668,traquer traqué traquent traquait traqués traquée
liz,3431,4666,liz
embaucher,3432,4666,embauché embaucher embauchée embauchés embauchent embauchez
noix,3433,4665,noix
trahison,3434,4665,trahison trahisons
célébrer,3435,4665,célébrer célébrons célébré célèbrent célébrait célébrez
cérébral,3436,4665,cérébrale cérébral cérébrales cérébraux
héroïne,3437,4661,héroïne héroïnes
jonathan,3438,4660,jonathan
légiste,3439,4660,légiste légistes
poignée,3440,4659,poignée poignées
adolescent,3441,4656,adolescent adolescents adolescente adolescentes
rocher,3442,4654,rocher rochers
jungle,3443,4653,jungle jungles
collège,3444,4653,collège collèges
connexion,3445,4653,connexion connexions connections
obséder,3446,4650,obsédé obsédés obsède obsédait
keith,3447,4648,keith
domestique,3448,4640,domestique domestiques
eli,3449,4638,eli
rassurer,3450,4638,rassurer rassure rassuré rassurée rassurés rassures
avenue,3451,4637,avenue
possession,3452,4636,possession possessions
détecter,3453,4631,détecté détecte détecter détectée détectés détectent
moyenne,3454,4626,moyenne moyennes
chimique,3455,4622,chimique chimiques
serré,3456,4617,serré
population,3457,4614,population populations
immobilier,3458,4613,immobilier immobilière immobiliers immobilières
sincèrement,3459,4606,sincèrement
ressourcer,3460,4603,ressources
sourd,3461,4603,sourd sourds
révérend,3462,4601,révérend révérende
enfoncer,3463,4601,enfoncer enfonce enfoncée enfoncez enfonces enfoncent
bagnole,3464,4600,bagnole bagnoles
sirène,3465,4600,sirène sirènes
confus,3466,4599,confus confuse confuses
plaie,3467,4598,plaie plaies
motel,3468,4597,motel motels
destruction,3469,4596,destruction destructions
coopérer,3470,4594,coopérer coopère coopérez coopéré coopères coopèrent
can,3471,4593,can
elena,3472,4593,elena
recette,3473,4593,recette recettes
connor,3474,4591,connor
louise,3475,4591,louise
ellen,3476,4590,ellen
nazi,3477,4590,nazis nazi nazie
regarde-toi,3478,4588,regarde-toi
probable,3479,4586,probable probables
virée,3480,4584,virée virées
délit,3481,4584,délit délits
aimable,3482,4581,aimable aimables
répétition,3483,4581,répétition répétitions
fameux,3484,4580,fameux fameuse fameuses
loyal,3485,4580,loyal loyale loyaux
thanksgiving,3486,4578,thanksgiving
bail,3487,4578,bail
énormément,3488,4575,énormément
historique,3489,4572,historique historiques
débat,3490,4570,débat débats
onde,3491,4570,ondes onde
concentré,3492,4569,concentré concentrée concentrés concentrées
williams,3493,4568,williams
jeremy,3494,4568,jeremy
respiration,3495,4567,respiration respirations
barrer,3496,4561,barres barrer barrée barrés barrez barrent
avertissement,3497,4560,avertissement avertissements
gras,3498,4560,gras grasse grasses
couru,3499,4556,couru
exposer,3500,4552,exposer exposée expose exposées exposez exposes
marqué,3501,4549,marqué
sensé,3502,4545,sensé sensée sensés sensées
détecteur,3503,4544,détecteur détecteurs
héritage,3504,4542,héritage
ecoute-moi,3505,4539,ecoute-moi
hitler,3506,4537,hitler
mat,3507,4536,mat mate mates
inconscient,3508,4531,inconscient inconsciente inconscients
voile,3509,4530,voile voiles
tigre,3510,4529,tigre tigres
pige,3511,4527,piges pige
honorer,3512,4526,honorer honore honorés honorez honorons honorent
cercueil,3513,4519,cercueil cercueils
mmm,3514,4514,mmm
jacob,3515,4514,jacob
a-t-on,3516,4512,a-t-on
loyauté,3517,4511,loyauté
techniquement,3518,4510,techniquement
écarter,3519,4509,écarter écarte écartez écartés écartée écartées
pathétique,3520,4505,pathétique pathétiques
quantité,3521,4503,quantité quantités
vallée,3522,4499,vallée vallées
draguer,3523,4497,draguer dragué dragues draguée draguait draguais
cocktail,3524,4496,cocktail cocktails
bisou,3525,4493,bisou bisous
ténèbres,3526,4490,ténèbres
samantha,3527,4488,samantha
autoroute,3528,4488,autoroute autoroutes
oignon,3529,4488,oignons oignon
saloperie,3530,4487,saloperie saloperies
bart,3531,4486,bart
panier,3532,4484,panier paniers
pénétrer,3533,4481,pénétrer pénétré pénètre pénètrent pénétrez
individu,3534,4480,individu individus
poster,3535,4480,poster posté posters postée postés postez
revolver,3536,4479,revolver revolvers
holly,3537,4478,holly
meuble,3538,4478,meubles meuble
spécialiste,3539,4477,spécialiste spécialistes
compagnon,3540,4477,compagnon compagnons
marge,3541,4474,marge marges
charité,3542,4473,charité
séjour,3543,4473,séjour séjours
inquiétude,3544,4473,inquiétude inquiétudes
stresser,3545,4471,stressé stressée stresse stresser stressés stresses
exclure,3546,4471,exclu exclure exclue exclus exclut
surement,3547,4468,surement
bonhomme,3548,4468,bonhomme bonshommes bonhommes
pasteur,3549,4463,pasteur pasteurs
malcolm,3550,4462,malcolm
disposer,3551,4462,disposer dispose disposez disposée disposons disposés
rein,3552,4460,rein reins
résolu,3553,4459,résolu
effondrer,3554,4459,effondre effondrer effondrée effondrent effondrera effondrés
envahir,3555,4458,envahi envahir envahit envahis envahissent envahie
pédé,3556,4457,pédé pédés
pétrole,3557,4456,pétrole
traduire,3558,4448,traduit traduire traduis traduits traduisez
hôte,3559,4445,hôte hôtes
alpha,3560,4444,alpha alphas
misérable,3561,4443,misérable misérables
téléphonique,3562,4443,téléphonique téléphoniques
choper,3563,4441,choper chopé chopes chopée chopent chopez
mickey,3564,4440,mickey
white,3565,4437,white
flèche,3566,4437,flèche flèches
précisément,3567,4430,précisément
drap,3568,4429,draps drap
calcul,3569,4429,calculs calcul
halloween,3570,4428,halloween
musicien,3571,4427,musicien musiciens musicienne
planche,3572,4426,planche planches
international,3573,4424,international internationales internationaux
fragile,3574,4422,fragile fragiles
travis,3575,4421,travis
clay,3576,4420,clay
romain,3577,4418,romains romain romaines
adrian,3578,4414,adrian
supprimer,3579,4406,supprimer supprimé supprime supprimés supprimée supprimez
ashley,3580,4403,ashley
harold,3581,4401,harold
albert,3582,4400,albert
inhabituel,3583,4391,inhabituel inhabituelle inhabituelles inhabituels
circuit,3584,4391,circuit circuits
homer,3585,4390,homer
revue,3586,4389,revue revues
planque,3587,4385,planque planques
nan,3588,4384,nan
présumer,3589,4384,présume présumé présumer présumée présumés
saleté,3590,4383,saleté saletés
enlèvement,3591,4381,enlèvement enlèvements
christine,3592,4380,christine
funérailles,3593,4380,funérailles
assumer,3594,4380,assumer assume assumé assumerai assumez assumes
plume,3595,4380,plume plumes plum
césar,3596,4376,césar
evan,3597,4376,evan
ruine,3598,4375,ruine ruines
chaos,3599,4373,chaos
spatial,3600,4371,spatial spatiale spatiaux spatiales
mm-hmm,3601,4368,mm-hmm
green,3602,4367,green
audrey,3603,4365,audrey
résistance,3604,4365,résistance
perdant,3605,4359,perdant perdants perdante
presser,3606,4358,presser pressés pressez pressons pressent pressées
riley,3607,4357,riley
consulter,3608,4357,consulter consulté consultez
effectivement,3609,4356,effectivement
dernièrement,3610,4354,dernièrement
neil,3611,4350,neil
soda,3612,4350,soda sodas
approuver,3613,4350,approuve approuver approuvée approuvez approuverait approuves
logan,3614,4349,logan
espagne,3615,4346,espagne
légume,3616,4341,légumes légume
passe-moi,3617,4340,passe-moi
altesse,3618,4339,altesse
laisse-la,3619,4336,laisse-la
steak,3620,4336,steak steaks
anéantir,3621,4331,anéantir anéanti anéantie anéantis anéantit anéantira
marchand,3622,4327,marchand marchands marchande
vitre,3623,4325,vitre vitres
secondaire,3624,4323,secondaire secondaires
juillet,3625,4320,juillet
conte,3626,4320,conte contes
va-t-on,3627,4318,va-t-on
mason,3628,4317,mason
douloureux,3629,4315,douloureux douloureuses
glisser,3630,4310,glisser glissent glissait glissez glisses glissée
arabe,3631,4308,arabe arabes
registre,3632,4307,registre registres
infection,3633,4302,infection infections
chagrin,3634,4299,chagrin chagrins
baseball,3635,4297,baseball
nègre,3636,4291,nègre nègres négresse
défier,3637,4290,défier défie défié défient défies défiez
poker,3638,4289,poker
dé,3639,4288,dés dé
littéralement,3640,4287,littéralement
môme,3641,4287,môme mômes
hill,3642,4286,hill
marchandise,3643,4286,marchandise marchandises
tokyo,3644,4284,tokyo
jules,3645,4284,jules
tiroir,3646,4282,tiroir tiroirs
gage,3647,4280,gage gages
supplémentaire,3648,4280,supplémentaires supplémentaire
angel,3649,4278,angel
aaron,3650,4273,aaron
earl,3651,4271,earl
poli,3652,4271,poli polie polis
out,3653,4266,out
discuté,3654,4265,discuté
cheville,3655,4265,cheville chevilles
lécher,3656,4264,lécher lèche léché lèches léchant lèchent
mouton,3657,4262,moutons mouton
joan,3658,4256,joan
botter,3659,4256,botter botté botterai botterais
coordonnée,3660,4254,coordonnées coordonnée
extraterrestre,3661,4253,extraterrestres extraterrestre
introduire,3662,4253,introduit introduire introduite introduis introduits
lincoln,3663,4251,lincoln
retarder,3664,4251,retarder retardé retarde retardée retardés retardez
allison,3665,4247,allison
remarquable,3666,4244,remarquable remarquables
tumeur,3667,4238,tumeur tumeurs
exposé,3668,4235,exposé exposés
dater,3669,4232,data datant datent daté dater datée
royal,3670,4229,royal royaux royales
pique,3671,4228,pique piques
rends-moi,3672,4227,rends-moi
quinze,3673,4227,quinze
art.,3674,4224,art.
chariot,3675,4223,chariot chariots
jet,3676,4219,jet jets
avril,3677,4218,avril
massage,3678,4217,massage massages
boue,3679,4216,boue
aîné,3680,4215,aîné aînée aînés
dépense,3681,4214,dépenses dépense
parcourir,3682,4214,parcouru parcourir parcourt parcourant parcourent parcourue
rita,3683,4213,rita
pipi,3684,4212,pipi
sammy,3685,4210,sammy
tv,3686,4210,tv
cran,3687,4210,cran
exceptionnel,3688,4206,exceptionnel exceptionnelle exceptionnels exceptionnelles
moment-là,3689,4200,moment-là
auto,3690,4195,auto autos
ressortir,3691,4195,ressortir ressorti ressors ressortent ressortira ressorte
gabriel,3692,4194,gabriel
house,3693,4193,house
brise,3694,4193,brise
saucisse,3695,4192,saucisse saucisses
verte,3696,4190,verte
lauren,3697,4187,lauren
canada,3698,4187,canada
reporter,3699,4187,reporter reporters reporte reportée
sécher,3700,4186,sécher séché séchée séchées sèchent séchez
francis,3701,4184,francis
barney,3702,4184,barney
habillé,3703,4183,habillé
ann,3704,4183,ann
endormi,3705,4181,endormi
margaret,3706,4180,margaret
what,3707,4178,what
infiltrer,3708,4178,infiltré infiltrer infiltrés infiltre infiltrée
revanche,3709,4177,revanche
rarement,3710,4176,rarement
préparez-vous,3711,4174,préparez-vous
with,3712,4171,with
pipe,3713,4171,pipe pipes
paige,3714,4168,paige
creux,3715,4167,creuse creux creuses
terrifier,3716,4165,terrifié terrifiée terrifie terrifiés terrifier terrifiait
luxe,3717,4163,luxe
dinde,3718,4161,dinde dindes
effrayé,3719,4158,effrayé
fracture,3720,4157,fracture fractures
désespérer,3721,4154,désespérée désespérés désespérées désespère désespérer désespérez
apercevoir,3722,4150,apercevoir aperçois aperçoit aperçue aperçoive apercevra
éléphant,3723,4143,éléphant éléphants
irlandais,3724,4141,irlandais irlandaise
liam,3725,4138,liam
bonté,3726,4135,bonté
cristal,3727,4135,cristal cristaux
acier,3728,4134,acier
vedette,3729,4134,vedette vedettes
vieillir,3730,4128,vieillir vieilli vieillit vieillis vieillissent
berlin,3731,4125,berlin
kitty,3732,4125,kitty
confortable,3733,4123,confortable confortables
séduire,3734,4119,séduire séduit séduite séduis
catholique,3735,4116,catholique catholiques
relève,3736,4115,relève relèves
évanouir,3737,4112,évanouie évanouir évanouit évanouis évanouisse évanouissent
confidentiel,3738,4108,confidentiel confidentielle confidentiels confidentielles
vodka,3739,4106,vodka vodkas
munition,3740,4106,munitions munition
compétence,3741,4104,compétences compétence
offenser,3742,4098,offenser offensé offensés offensez
shawn,3743,4097,shawn
papillon,3744,4097,papillon papillons
talon,3745,4097,talons talon
cuir,3746,4093,cuir
monica,3747,4093,monica
vomi,3748,4088,vomi vomis
ancêtre,3749,4085,ancêtres ancêtre
megan,3750,4084,megan
balade,3751,4084,balade balades
rate,3752,4082,rate
fillette,3753,4082,fillette fillettes
chloé,3754,4081,chloé
stephen,3755,4080,stephen
maths,3756,4076,maths
ose,3757,4072,ose
vital,3758,4072,vitaux vital vitale vitales
inscrit,3759,4069,inscrit inscrite inscrits inscrites
victoria,3760,4066,victoria
paysan,3761,4066,paysans paysan paysanne paysannes
deuil,3762,4062,deuil
occupe-toi,3763,4062,occupe-toi
huh,3764,4056,huh
malentendu,3765,4054,malentendu malentendus
excellence,3766,4053,excellence
coule,3767,4051,coule
fouille,3768,4051,fouille fouilles
maya,3769,4049,maya mayas
fusillade,3770,4049,fusillade fusillades
eva,3771,4048,eva
quai,3772,4048,quai quais
harris,3773,4046,harris
sous-marin,3774,4045,sous-marin sous-marins sous-marine sous-marines
ô,3775,4044,ô
harceler,3776,4043,harceler harcèle harcelait harcelée harcelez harcèlent
grotte,3777,4041,grotte grottes
x,3778,4039,x
atelier,3779,4039,atelier ateliers
booth,3780,4037,booth
matthew,3781,4037,matthew
accro,3782,4037,accro accros
judiciaire,3783,4036,judiciaire judiciaires
poignet,3784,4035,poignet poignets
mâle,3785,4033,mâle mâles
v,3786,4032,v
merder,3787,4030,merdé merder
navette,3788,4029,navette navettes
héritier,3789,4029,héritier héritière héritiers
jenna,3790,4025,jenna
indépendant,3791,4025,indépendant indépendante indépendants indépendantes
héler,3792,4023,hélas
suisse,3793,4023,suisse suisses
mou,3794,4018,mou molle mous molles mol
testament,3795,4016,testament testaments
serviteur,3796,4016,serviteur serviteurs
asile,3797,4015,asile asiles
insensé,3798,4013,insensé insensée insensées insensés
kg,3799,4009,kg
chatte,3800,4007,chatte
plaider,3801,4006,plaider plaide plaidé plaidez plaidera plaides
stopper,3802,4005,stopper stoppé stoppez stoppe stoppée
gloria,3803,4001,gloria
nelson,3804,4000,nelson
aah,3805,3997,aah
colonne,3806,3992,colonne colonnes
fois-ci,3807,3990,fois-ci
nièce,3808,3988,nièce nièces
légitime,3809,3987,légitime
resto,3810,3983,resto
trente,3811,3983,trente
toile,3812,3982,toile toiles
island,3813,3981,island
blé,3814,3977,blé blés
jersey,3815,3976,jersey
usage,3816,3976,usage usages
entraîneur,3817,3975,entraîneur entraîneurs
serveuse,3818,3974,serveuse
tragique,3819,3971,tragique tragiques
nid,3820,3969,nid nids
biologique,3821,3969,biologique biologiques
cuit,3822,3969,cuit cuits cuites
souhait,3823,3966,souhait souhaits
shane,3824,3965,shane
bidon,3825,3965,bidon bidons
empirer,3826,3965,empirer empiré empires empirent empirait
pensant,3827,3964,pensant
rituel,3828,3963,rituel rituels
épuiser,3829,3963,épuisée épuisés épuise épuiser épuisées épuisent
emmerder,3830,3963,emmerder emmerdes emmerdé emmerdent emmerdez
canal,3831,3962,canal canaux
acide,3832,3960,acide acides
little,3833,3959,little
menotte,3834,3959,menottes menotte
déposé,3835,3956,déposé
routine,3836,3955,routine
crève,3837,3955,crève
repousser,3838,3948,repousser repoussée repoussent repousses repoussez repoussés
favori,3839,3948,favori favoris favorites
machin,3840,3946,machin machins
dalle,3841,3944,dalle dalles
cigare,3842,3943,cigare cigares
know,3843,3942,know
amusez-vous,3844,3942,amusez-vous
résumer,3845,3940,résumé résume résumer résumons
vain,3846,3937,vain vaine vaines vains
filé,3847,3936,filé
rit,3848,3935,rit
tactique,3849,3933,tactique tactiques
photographe,3850,3929,photographe photographes
plaisanterie,3851,3929,plaisanterie plaisanteries
rory,3852,3927,rory
effraction,3853,3927,effraction effractions
wade,3854,3923,wade
cm,3855,3922,cm
défoncer,3856,3922,défoncer défoncée défoncés défonces défoncez
visuel,3857,3921,visuel visuelle visuels visuelles
rétablir,3858,3921,rétablir rétabli rétablie rétablit rétablis rétablira
extrême,3859,3916,extrême extrêmes
trône,3860,3914,trône
doubler,3861,3913,doubler doubles doublez doublée doublés
exposition,3862,3911,exposition expositions expos
craig,3863,3908,craig
frite,3864,3907,frites frite
f,3865,3905,f
administration,3866,3905,administration
bénéfice,3867,3904,bénéfices bénéfice
informatique,3868,3903,informatique informatiques
hop,3869,3902,hop
juin,3870,3900,juin
pape,3871,3900,pape papes
contrairement,3872,3898,contrairement
grossier,3873,3898,grossier grossière grossiers grossières
communiste,3874,3898,communiste communistes
wendy,3875,3896,wendy
applaudir,3876,3896,applaudissez applaudir applaudit applaudi applaudissons applaudis
massacre,3877,3895,massacre massacres
lent,3878,3895,lent lents lentes
racine,3879,3895,racines racine
ford,3880,3894,ford
fabrique,3881,3893,fabrique
mitchell,3882,3893,mitchell
obscurité,3883,3892,obscurité
tournage,3884,3890,tournage tournages
avoué,3885,3888,avoué
fait-on,3886,3884,fait-on
morgue,3887,3884,morgue morgues
puits,3888,3883,puits
octobre,3889,3883,octobre
brute,3890,3883,brute brutes
suis-moi,3891,3880,suis-moi
léo,3892,3878,léo
république,3893,3877,république
orphelin,3894,3876,orphelins orphelin orpheline orphelines
nuit-là,3895,3871,nuit-là
correction,3896,3870,correction corrections
domicile,3897,3869,domicile
basse,3898,3869,basse
sortant,3899,3869,sortant sortants
transformé,3900,3868,transformé
archive,3901,3866,archives archive
surnom,3902,3865,surnom surnoms
joint,3903,3864,joint joints
grec,3904,3863,grec grecs grecques
résidence,3905,3860,résidence résidences
baron,3906,3860,baron barons
banane,3907,3860,banane bananes
familial,3908,3860,familial familiales familiaux
vanessa,3909,3859,vanessa
kong,3910,3858,kong
agiter,3911,3857,agite agitée agiter agités agitent agitez
horloge,3912,3856,horloge horloges
sms,3913,3855,sms
entrain,3914,3855,entrain
structure,3915,3853,structure structures
suprême,3916,3850,suprême
warren,3917,3850,warren
installé,3918,3850,installé
pâte,3919,3847,pâtes pâte
était-il,3920,3846,était-il
rappelle-toi,3921,3843,rappelle-toi
batman,3922,3843,batman
festival,3923,3843,festival festivals
drame,3924,3842,drame drames
foire,3925,3841,foire foires
auquel,3926,3839,auquel
mrs,3927,3839,mrs
compromis,3928,3839,compromis compromises
quelques-uns,3929,3839,quelques-uns quelques-unes
graine,3930,3838,graines graine
sportif,3931,3836,sportif sportifs sportive sportives
maquillage,3932,3835,maquillage
nora,3933,3833,nora
alcoolique,3934,3832,alcoolique alcooliques
circulation,3935,3829,circulation
1ère,3936,3829,1ère
stanley,3937,3827,stanley
fermier,3938,3827,fermier fermiers fermière
gratter,3939,3827,gratte gratter gratté grattes grattent grattait
lancement,3940,3825,lancement
gym,3941,3825,gym
time,3942,3825,time
sieste,3943,3824,sieste siestes
araignée,3944,3824,araignée araignées
éclair,3945,3820,éclair éclairs
pencher,3946,3818,penche pencher penché penchée penchez penches
démolir,3947,3816,démolir démoli démolis démolit démolie
circuler,3948,3816,circuler circule circulez circulent circulé circulait
garantie,3949,3815,garantie garanties
fusée,3950,3814,fusée fusées
anthony,3951,3813,anthony
cambriolage,3952,3813,cambriolage cambriolages
isoler,3953,3813,isoler isolée isolés isole isolées isolez
antenne,3954,3811,antenne antennes
he,3955,3807,he
balader,3956,3806,balader baladent baladais baladait baladé baladant
mettez-vous,3957,3805,mettez-vous
époux,3958,3804,époux
patate,3959,3801,patates patate
punition,3960,3799,punition punitions
lâché,3961,3798,lâché
portant,3962,3798,portant
grossesse,3963,3798,grossesse grossesses
bandit,3964,3797,bandits bandit
syndicat,3965,3796,syndicat syndicats
formule,3966,3791,formule formules
manhattan,3967,3790,manhattan
hémorragie,3968,3790,hémorragie hémorragies
oreiller,3969,3790,oreiller oreillers
kit,3970,3789,kit kits
adapter,3971,3787,adapter adapte adaptée adaptés adaptent adaptées
mérité,3972,3786,mérité
collins,3973,3785,collins
santa,3974,3783,santa
libération,3975,3783,libération
intense,3976,3782,intense intenses
effectuer,3977,3781,effectué effectuer effectue effectuée effectués effectuées
pisse,3978,3779,pisse pisses
création,3979,3776,création créations
obstacle,3980,3776,obstacle obstacles
curiosité,3981,3774,curiosité curiosités
euro,3982,3774,euros euro
pigeon,3983,3770,pigeon pigeons
diffuser,3984,3769,diffusé diffuser diffusée diffusent diffusées diffusez
estime,3985,3768,estime
génétique,3986,3767,génétique génétiques
diana,3987,3766,diana
ravissant,3988,3761,ravissante ravissant ravissantes
destination,3989,3760,destination destinations
jeton,3990,3758,jetons jeton
bonnir,3991,3755,bonnie
promenade,3992,3755,promenade promenades
réjouir,3993,3755,réjouis réjouir réjouit réjoui réjouissent réjouissais
look,3994,3754,look looks
cervelle,3995,3754,cervelle cervelles
abeille,3996,3754,abeilles abeille
atmosphère,3997,3753,atmosphère
this,3998,3751,this
détention,3999,3748,détention
donne-lui,4000,3743,donne-lui
condoléances,4001,3740,condoléances
vexer,4002,3740,vexer vexé vexe vexée vexez
grève,4003,3739,grève grèves
économiser,4004,3739,économiser économise économisé économisez
accoucher,4005,3738,accoucher accouche accouché
nicole,4006,3737,nicole
zoo,4007,3737,zoo zoos
splendide,4008,3732,splendide splendides
disposition,4009,3731,disposition dispositions
marches,4010,3730,marches
fondation,4011,3730,fondation fondations
vulnérable,4012,3729,vulnérable vulnérables
ruth,4013,3728,ruth
immunité,4014,3727,immunité
terriblement,4015,3726,terriblement
serait-ce,4016,3726,serait-ce
minimum,4017,3726,minimum
hong,4018,3723,hong
scotch,4019,3721,scotch
dévorer,4020,3721,dévorer dévore dévoré dévorent dévorée dévorés
tracy,4021,3719,tracy
flatter,4022,3718,flatté flattée flatter flatte flattez flattes
débuter,4023,3716,débuté débute débuter débutera débutent débuta
différemment,4024,3715,différemment
harper,4025,3714,harper
clara,4026,3710,clara
come,4027,3709,come
description,4028,3706,description descriptions
contenu,4029,3706,contenu contenue contenus contenues
soûl,4030,3704,soûl saoule soûls saoules
escroc,4031,3701,escroc escrocs
lave,4032,3700,lave laves
coupure,4033,3694,coupure coupures
sagesse,4034,3692,sagesse
chèvre,4035,3692,chèvre chèvres
spirituel,4036,3691,spirituel spirituelle spirituels spirituelles
seth,4037,3690,seth
ex-femme,4038,3690,ex-femme ex-femmes
fouillé,4039,3689,fouillé
aveu,4040,3689,aveux aveu
janet,4041,3687,janet
présentation,4042,3687,présentation présentations
consacrer,4043,3687,consacrer consacré consacre consacrée consacrés
attends-moi,4044,3686,attends-moi
inclure,4045,3686,inclut inclure incluant inclue incluent incluse
just,4046,3685,just
dépression,4047,3683,dépression dépressions
permettez-moi,4048,3682,permettez-moi
semer,4049,3680,semer semé semés sèment semée semez
quelconque,4050,3679,quelconque quelconques
féliciter,4051,3678,féliciter félicite
moine,4052,3677,moine moines
équilibre,4053,3676,équilibre
plafond,4054,3673,plafond plafonds
investissement,4055,3673,investissement investissements
sydney,4056,3670,sydney
norman,4057,3666,norman
chiant,4058,3666,chiant chiante chiants chiantes
moustache,4059,3664,moustache moustaches
soudainement,4060,3663,soudainement
brooklyn,4061,3662,brooklyn
engin,4062,3661,engin engins
ranch,4063,3658,ranch ranchs
facteur,4064,3657,facteur facteurs
horaire,4065,3657,horaires horaire
parlez-moi,4066,3656,parlez-moi
dentiste,4067,3656,dentiste dentistes
trembler,4068,3656,trembler trembles tremblent tremblait tremblez tremblais
linge,4069,3651,linge
civilisation,4070,3650,civilisation civilisations
ligue,4071,3645,ligue ligues
célébrité,4072,3645,célébrité célébrités
perle,4073,3645,perles perle
détenir,4074,3642,détient détiennent détiens détenir détenez détenait
simpson,4075,3640,simpson
pince,4076,3640,pince pinces
bénédiction,4077,3639,bénédiction bénédictions
judy,4078,3638,judy
écrasé,4079,3638,écrasé
soupçon,4080,3638,soupçons soupçon
intimité,4081,3635,intimité
demeure,4082,3635,demeure
ambiance,4083,3635,ambiance
c.,4084,3635,c.
marteau,4085,3631,marteau marteaux
surmonter,4086,3631,surmonter surmonté surmonte surmontera
baigner,4087,3631,baigner baigne baigné baignait baignée baignant
tara,4088,3630,tara
karl,4089,3629,karl
connaitre,4090,3629,connaitre
solaire,4091,3629,solaire solaires
hector,4092,3628,hector
dimension,4093,3625,dimension dimensions
assassinat,4094,3624,assassinat assassinats
laid,4095,3623,laid laide laids laides
avait-il,4096,3621,avait-il
phoebe,4097,3620,phoebe
soir-là,4098,3620,soir-là
laser,4099,3619,laser lasers
pourrais-tu,4100,3618,pourrais-tu
barrière,4101,3614,barrière barrières
bo,4102,3612,bo
colonie,4103,3612,colonie colonies
deal,4104,3611,deal deals
aperçu,4105,3611,aperçu aperçus
détacher,4106,3610,détacher détache détachées détachée détachez détachés
parles-tu,4107,3608,parles-tu
adresser,4108,3608,adresser adressée adressez adressait adressais adressées
maillot,4109,3607,maillot maillots
achat,4110,3607,achat achats
tabasser,4111,3607,tabasser tabassé tabasse tabassent tabassait
vic,4112,3605,vic
ambassade,4113,3605,ambassade ambassades
conviction,4114,3602,conviction convictions
obligation,4115,3602,obligation obligations
diviser,4116,3598,diviser divisé divise divisés divisée divisent
vif,4117,3597,vif vifs
ralph,4118,3595,ralph
confondre,4119,3595,confondre confondu confonds confond confondez confondent
may,4120,3594,may
réussite,4121,3594,réussite réussites
pull,4122,3594,pull pulls
campus,4123,3593,campus
galerie,4124,3593,galerie galeries
cash,4125,3589,cash
elliot,4126,3589,elliot
fermeture,4127,3589,fermeture fermetures
toc,4128,3588,toc
moscou,4129,3586,moscou
heather,4130,3586,heather
amuse-toi,4131,3583,amuse-toi
enchère,4132,3582,enchères enchère
thème,4133,3581,thème thèmes
élégant,4134,3581,élégant élégante élégants élégantes
poète,4135,3580,poète poètes
mafia,4136,3577,mafia
dépôt,4137,3577,dépôt dépôts
fleuve,4138,3576,fleuve fleuves
finn,4139,3575,finn
galaxie,4140,3575,galaxie galaxies
tricher,4141,3575,triché tricher trichez trichent trichait
estimer,4142,3575,estimé estimer estimée estiment estimez estimons
ronde,4143,3574,ronde rondes
hommage,4144,3572,hommage hommages
refuge,4145,3571,refuge refuges
filet,4146,3568,filet filets
dérouler,4147,3568,déroule dérouler déroulé déroulent déroulée déroulera
par-dessus,4148,3567,par-dessus
recruter,4149,3566,recruté recruter recrute recrutée recrutés recrutent
aspect,4150,3565,aspect aspects
ôter,4151,3565,ôter ôte ôté ôtez ôtes
psychopathe,4152,3564,psychopathe psychopathes
procéder,4153,3564,procéder procède procédez procédons
massacrer,4154,3564,massacrer massacré massacrés massacrée massacrent
nain,4155,3561,nain nains naine
lane,4156,3559,lane
citron,4157,3559,citron citrons
boum,4158,3558,boum
préserver,4159,3555,préserver préserve préservé préservée préservés
générale,4160,3552,générale
travailleur,4161,3552,travailleurs travailleur
déplacé,4162,3551,déplacé
mets-toi,4163,3549,mets-toi
gaspiller,4164,3549,gaspiller gaspille gaspillé gaspillez gaspilles gaspillée
daisy,4165,3548,daisy
surprenant,4166,3548,surprenant surprenante surprenantes surprenants
passez-moi,4167,3547,passez-moi
touchée,4168,3547,touchée
murphy,4169,3546,murphy
profondeur,4170,3546,profondeur profondeurs
formulaire,4171,3545,formulaire formulaires
novembre,4172,3543,novembre
violet,4173,3543,violet violets
archer,4174,3542,archer archers
précieuse,4175,3542,précieuse précieuses
finance,4176,3541,finances finance
young,4177,3540,young
opéra,4178,3540,opéra
combattant,4179,3538,combattant combattants combattante
prends-le,4180,3537,prends-le
chantier,4181,3533,chantier chantiers
longueur,4182,3532,longueur longueurs
locale,4183,3530,locale
juliette,4184,3528,juliette
grain,4185,3526,grain grains
étendre,4186,3526,étendre étend étendent étends étendait
contrarier,4187,3526,contrariée contrarier contrarie contrariés
natalie,4188,3524,natalie
rob,4189,3523,rob
diplômé,4190,3522,diplômé diplômée diplômés
debbie,4191,3519,debbie
comptable,4192,3519,comptable comptables
musulman,4193,3517,musulmans musulman musulmane musulmanes
amical,4194,3517,amical amicale amicaux amicales
fiable,4195,3515,fiable fiables
hello,4196,3514,hello
sobre,4197,3514,sobre sobres
quête,4198,3512,quête
touriste,4199,3511,touristes touriste
chase,4200,3509,chase
impatient,4201,3508,impatient impatients
allant,4202,3507,allant
mater,4203,3507,mater matez mata matons matait matent
fringue,4204,3506,fringues
marco,4205,3506,marco
activer,4206,3505,activer activez activée activés activées activent
batte,4207,3503,batte
clou,4208,3503,clou clous
tennis,4209,3502,tennis
brique,4210,3501,briques brique
dale,4211,3500,dale
collecter,4212,3498,collecte collecter collecté collectes
repenser,4213,3495,repensé repense repenser repensant repensais
coude,4214,3494,coude coudes
alicia,4215,3492,alicia
mitch,4216,3491,mitch
solitude,4217,3490,solitude
carla,4218,3488,carla
aiguille,4219,3487,aiguille
allumé,4220,3486,allumé
sonnerie,4221,3486,sonnerie sonneries
affection,4222,3484,affection affections
trouille,4223,3484,trouille trouilles
baleine,4224,3482,baleine baleines
séduisant,4225,3482,séduisant séduisante séduisants séduisantes
a.,4226,3478,a.
douceur,4227,3478,douceur douceurs
pop,4228,3477,pop pops
juan,4229,3475,juan
diego,4230,3475,diego
sperme,4231,3474,sperme
agit-il,4232,3474,agit-il
fantasme,4233,3473,fantasme fantasmes
explorer,4234,3472,explorer explore exploré explorons
cachet,4235,3470,cachets cachet
réchauffer,4236,3463,réchauffer réchauffe réchauffera réchauffée
willie,4237,3460,willie
orteil,4238,3460,orteils orteil
négociation,4239,3457,négociations négociation
holmes,4240,3455,holmes
tortue,4241,3453,tortue tortues
associer,4242,3448,associée associer associe associées associent
dégueulasse,4243,3447,dégueulasse
cachette,4244,3447,cachette cachettes
blond,4245,3447,blond blondes blonds
arrête-toi,4246,3446,arrête-toi
banc,4247,3445,banc bancs
montrez-moi,4248,3444,montrez-moi
pénible,4249,3444,pénible pénibles
intact,4250,3443,intact intacte intacts intactes
limiter,4251,3443,limitée limiter limitées limités limitent limitez
requête,4252,3441,requête requêtes
sandy,4253,3439,sandy
périmètre,4254,3439,périmètre
dana,4255,3439,dana
argument,4256,3438,argument arguments
endommager,4257,3434,endommagé endommagée endommager endommagés endommagées
kent,4258,3433,kent
walt,4259,3432,walt
bizarrement,4260,3430,bizarrement
météo,4261,3430,météo
char,4262,3428,char chars
hamburger,4263,3425,hamburger hamburgers
cuire,4264,3424,cuire cuis
taupe,4265,3424,taupe taupes
dirigeant,4266,3424,dirigeants dirigeant dirigeante
quasiment,4267,3423,quasiment
concept,4268,3423,concept concepts
percer,4269,3421,percer percé percées percés percent
radar,4270,3420,radar radars
automne,4271,3418,automne
vanter,4272,3417,vanter vante vanté vantait vantes vantent
boucher,4273,3416,boucher bouchers bouchés
aurait-il,4274,3414,aurait-il
duc,4275,3414,duc ducs
désordre,4276,3414,désordre désordres
contenter,4277,3414,contenter contenterai contenté contentent contenterais contentera
renaître,4278,3414,renée rené renaître renaît renaîtra
transmission,4279,3413,transmission transmissions
are,4280,3412,are ares
misère,4281,3412,misère misères
standard,4282,3408,standard standards
évasion,4283,3407,évasion évasions
pyjama,4284,3405,pyjama pyjamas
trophée,4285,3404,trophée trophées
réplique,4286,3403,réplique répliques
achever,4287,3402,achever achève achevée achèvera
pétrin,4288,3400,pétrin
spécialité,4289,3399,spécialité spécialités
immédiat,4290,3399,immédiat immédiate immédiats immédiates
terreur,4291,3398,terreur terreurs
raciste,4292,3398,raciste racistes
ambition,4293,3395,ambition ambitions
étrangler,4294,3394,étrangler étranglée étrangle étrangles étranglait
dépose,4295,3390,dépose
automatique,4296,3389,automatique automatiques
blue,4297,3388,blue
patty,4298,3388,patty
sous-estimer,4299,3387,sous-estimé sous-estime sous-estimez sous-estimer sous-estimes sous-estimée
kirk,4300,3386,kirk
assaut,4301,3386,assaut assauts
constamment,4302,3384,constamment
arnaque,4303,3383,arnaque arnaques
maudit,4304,3383,maudite maudites
acheteur,4305,3383,acheteur acheteurs acheteuse
coco,4306,3381,coco cocos
christian,4307,3380,christian
confession,4308,3379,confession confessions
fixe,4309,3378,fixe
dignité,4310,3377,dignité
maîtriser,4311,3376,maîtriser maîtrisé maîtrisez maîtrisée maîtrisent maîtrisais
renforcer,4312,3373,renforcer renforce renforcé renforcée renforcez renforcent
catastrophe,4313,3371,catastrophe
petit-fils,4314,3371,petit-fils petits-fils
suggestion,4315,3371,suggestion suggestions
faîte,4316,3370,faîtes faîte
g,4317,3368,g
ordonnance,4318,3367,ordonnance ordonnances
cameron,4319,3366,cameron
portail,4320,3366,portail portails
carnet,4321,3366,carnet carnets
rajouter,4322,3366,rajouter rajoute rajouté rajoutez rajoutes
accroche-toi,4323,3365,accroche-toi
volontiers,4324,3365,volontiers
sous-vêtement,4325,3365,sous-vêtements sous-vêtement
grille,4326,3365,grille grilles
orage,4327,3363,orage orages
saisi,4328,3361,saisi
salir,4329,3361,salir sali salis salit salissez salie
ronnie,4330,3360,ronnie
colin,4331,3357,colin
radiation,4332,3357,radiations radiation
grenouiller,4333,3356,grenouille grenouilles
jill,4334,3355,jill
sec.,4335,3355,sec.
serre,4336,3354,serre
montant,4337,3354,montant montante montants
distribuer,4338,3354,distribuer distribue distribuez distribuent distribuait distribués
embarrassant,4339,3351,embarrassant embarrassante embarrassantes
gina,4340,3350,gina
barrage,4341,3350,barrage barrages
cow-boy,4342,3350,cow-boy cow-boys
sanguin,4343,3348,sanguin sanguins sanguines
quotidien,4344,3347,quotidien quotidienne quotidiennes quotidiens
christopher,4345,3346,christopher
va-t-elle,4346,3346,va-t-elle
psychiatre,4347,3345,psychiatre psychiatres
claque,4348,3345,claque claques
écrouler,4349,3345,écroule écrouler écroulé écroulée écroulent écroulera
geler,4350,3343,gèle geler gelés gèlent
baignoire,4351,3341,baignoire baignoires
délai,4352,3341,délai délais
times,4353,3340,times
privilège,4354,3340,privilège privilèges
extra,4355,3339,extra extras
temporaire,4356,3338,temporaire temporaires
réclamer,4357,3336,réclamer réclamé réclament réclamait réclamant réclamée
allen,4358,3334,allen
bond,4359,3334,bond bonds
vice-président,4360,3333,vice-président vice-présidente
défendu,4361,3333,défendu défendue défendus
dizaine,4362,3333,dizaines dizaine
montée,4363,3332,montée
développement,4364,3332,développement développements
philip,4365,3330,philip
got,4366,3329,got
marc,4367,3329,marc
pourboire,4368,3329,pourboire pourboires
jetée,4369,3326,jetée
franklin,4370,3325,franklin
programmer,4371,3323,programmé programmer programmée programmés programmées
damon,4372,3322,damon
loge,4373,3322,loge loges
désespéré,4374,3320,désespéré
burke,4375,3319,burke
tomate,4376,3318,tomates tomate
humilier,4377,3318,humilier humiliée humilie humiliés humilies
cinquième,4378,3317,cinquième
levez-vous,4379,3316,levez-vous
évènement,4380,3316,évènement évènements
ecoutez-moi,4381,3315,ecoutez-moi
serrure,4382,3315,serrure serrures
ellie,4383,3314,ellie
base-ball,4384,3312,base-ball
coke,4385,3312,coke
orbite,4386,3311,orbite orbites
scolaire,4387,3311,scolaire scolaires
éclat,4388,3310,éclat éclats
satan,4389,3309,satan
antoine,4390,3308,antoine
sabre,4391,3308,sabre sabres
déesse,4392,3307,déesse déesses
guère,4393,3306,guère
descente,4394,3304,descente descentes
bouquin,4395,3304,bouquin bouquins
semblable,4396,3304,semblables semblable
brosse,4397,3303,brosse brosses
pirater,4398,3303,piraté pirater piratés piratée
émotionnel,4399,3302,émotionnel émotionnelle émotionnels émotionnelles
leslie,4400,3299,leslie
eve,4401,3299,eve
compassion,4402,3298,compassion
brooke,4403,3298,brooke
blâmer,4404,3297,blâmer blâmez blâmé
curtis,4405,3294,curtis
haricot,4406,3292,haricots haricot
actif,4407,3285,actif actifs
drogué,4408,3283,drogué
champignon,4409,3283,champignons champignon
von,4410,3282,von
statut,4411,3282,statut statuts
poésie,4412,3280,poésie poésies
sauvetage,4413,3277,sauvetage
endurer,4414,3277,endurer enduré endure
madison,4415,3276,madison
pourvoir,4416,3276,pourvu pourvoir
martial,4417,3276,martiale martiaux martial
gentiment,4418,3273,gentiment
lana,4419,3273,lana
orchestre,4420,3272,orchestre orchestres
abîmer,4421,3272,abîme abîmer abîmée abîmés abîmes abîmées
soumettre,4422,3271,soumettre soumise soumets soumet soumises soumettrai
gps,4423,3270,gps
remporter,4424,3269,remporté remporter remporte remportera remportent
april,4425,3268,april
leonard,4426,3266,leonard
fatigue,4427,3266,fatigue
benjamin,4428,3265,benjamin
get,4429,3264,get
like,4430,3262,like
alimentaire,4431,3261,alimentaire alimentaires
palmer,4432,3258,palmer
appliquer,4433,3258,appliquer appliquent appliquée appliquez appliquées appliques
drew,4434,3256,drew
complot,4435,3256,complot complots
reprise,4436,3256,reprises reprise
meg,4437,3254,meg
range,4438,3254,range
chauffer,4439,3254,chauffer chauffé chauffée chauffes chauffent chauffez
griller,4440,3252,griller grillés grillée grillées
dites-le,4441,3250,dites-le
détourner,4442,3250,détourner détourne détournée détournez détournés détournent
écouler,4443,3249,écoulé écoule écouler écoulées écoulés écoulée
embarrasser,4444,3248,embarrassé embarrasser embarrassée embarrasse embarrasses embarrassez
royale,4445,3247,royale
ère,4446,3245,ère
mesurer,4447,3244,mesurer mesuré mesurait mesurez mesurent mesurant
seattle,4448,3241,seattle
marines,4449,3241,marines
infini,4450,3241,infini infinie infinies infinis
barbecue,4451,3239,barbecue barbecues
svp,4452,3237,svp
août,4453,3236,août
verdict,4454,3236,verdict
électronique,4455,3235,électronique électroniques
gai,4456,3231,gai gaie gais gaies
col,4457,3230,col cols
latin,4458,3230,latin latine latins latines
déchet,4459,3226,déchets déchet
défaite,4460,3225,défaite défaites
désigner,4461,3225,désigné désigner désigne désignée désignés désignent
tues,4462,3224,tues
arrêtez-vous,4463,3222,arrêtez-vous
grenade,4464,3220,grenade grenades
synchro,4465,3218,synchro
çà,4466,3217,çà
watson,4467,3214,watson
bingo,4468,3213,bingo
honorable,4469,3213,honorable honorables
clef,4470,3212,clef
nous-mêmes,4471,3211,nous-mêmes
grillé,4472,3210,grillé
relecture,4473,3209,relecture
identique,4474,3209,identiques identique
décembre,4475,3208,décembre
lindsay,4476,3207,lindsay
proie,4477,3206,proie proies
fiançailles,4478,3204,fiançailles
trajet,4479,3202,trajet trajets
fondre,4480,3202,fondre fonde fondent
absolu,4481,3202,absolue absolu
neal,4482,3201,neal
farce,4483,3201,farce farces
convenir,4484,3201,convenir conviendrait convenait conviendra conviens conviennent
ned,4485,3200,ned
bulle,4486,3199,bulle bulles
michel,4487,3198,michel
anderson,4488,3197,anderson
inspiration,4489,3194,inspiration inspirations
familiale,4490,3191,familiale
eux-mêmes,4491,3191,eux-mêmes
nichon,4492,3188,nichons nichon
motiver,4493,3187,motivé motive motiver motivée motivés
meuf,4494,3186,meuf meufs
fun,4495,3185,fun
cocaïne,4496,3180,cocaïne
turner,4497,3178,turner
relais,4498,3177,relais
retenue,4499,3177,retenue
villa,4500,3177,villa villas
vainqueur,4501,3176,vainqueur vainqueurs
kurt,4502,3175,kurt
intuition,4503,3174,intuition intuitions
bousiller,4504,3172,bousillé bousiller bousille bousillée bousilles
monseigneur,4505,3170,monseigneur
capter,4506,3169,capte capté capter captes captent
bien-aimé,4507,3168,bien-aimée bien-aimé bien-aimés
corée,4508,3165,corée
-ooo--,4509,3164,-ooo--
came,4510,3164,came
récolte,4511,3164,récolte récoltes
certes,4512,3163,certes
boucler,4513,3163,boucler bouclée bouclez bouclés
laissez-la,4514,3162,laissez-la
distributeur,4515,3162,distributeur distributeurs
méfier,4516,3162,méfier méfie méfient méfies méfiez
lex,4517,3160,lex
tabac,4518,3159,tabac
performance,4519,3159,performance performances
convoquer,4520,3159,convoqué convoquer convoque convoquée convoqués convoquez
bacon,4521,3156,bacon
apres,4522,3156,apres
freddy,4523,3155,freddy
pacifique,4524,3155,pacifique pacifiques
défoncé,4525,3149,défoncé
observation,4526,3149,observation observations
zach,4527,3147,zach
donald,4528,3147,donald
composé,4529,3147,composé composée composés
classer,4530,3147,classée classer classées classés
éprouver,4531,3147,éprouve éprouver éprouves éprouvez éprouvais éprouvent
règne,4532,3145,règne
antécédent,4533,3143,antécédents antécédent
inverse,4534,3141,inverse
irak,4535,3139,irak
vois-tu,4536,3138,vois-tu
poussée,4537,3138,poussée poussées
tristesse,4538,3137,tristesse
frangin,4539,3137,frangin frangine frangins
aigle,4540,3136,aigle aigles
prononcer,4541,3136,prononcer prononcée prononcez prononces prononcés prononçant
allergique,4542,3134,allergique allergiques
allez-vous-en,4543,3133,allez-vous-en
montres,4544,3131,montres
passionner,4545,3131,passionné passionnée passionne passionnés
terrifiant,4546,3130,terrifiant terrifiante terrifiants terrifiantes
attentat,4547,3128,attentat attentats
baie,4548,3128,baie baies
généralement,4549,3127,généralement
fatal,4550,3127,fatal fatale fatales
barreau,4551,3124,barreaux barreau
pam,4552,3122,pam
now,4553,3121,now
gonfler,4554,3121,gonfle gonfler gonflée gonflés gonfles gonflent
divorcé,4555,3120,divorcé
louche,4556,3119,louche
river,4557,3119,river rivera rivés riva
pratiquer,4558,3119,pratiquer pratiqué pratiquent pratiquez pratiquait pratiquée
traumatisme,4559,3117,traumatisme traumatismes
émettre,4560,3116,émis émet émettre émettent émets émise
duke,4561,3115,duke
bazar,4562,3113,bazar
monder,4563,3113,mondes
antonio,4564,3113,antonio
caporal,4565,3111,caporal
j.,4566,3111,j.
dites-leur,4567,3110,dites-leur
quarantaine,4568,3108,quarantaine
beach,4569,3106,beach
jumelle,4570,3106,jumelles jumelle
enterprise,4571,3104,enterprise
demie,4572,3103,demie
député,4573,3103,député députée
mcgee,4574,3102,mcgee
valentin,4575,3099,valentin valentine
corrompu,4576,3099,corrompu corrompus corrompue corrompues
alison,4577,3098,alison
dresser,4578,3098,dresser dressé dressée dressés dressent dressez
litre,4579,3095,litres litre
brutal,4580,3095,brutal brutale brutaux brutales
han,4581,3094,han
élite,4582,3094,élite élites
maîtrise,4583,3091,maîtrise maîtrises
pâle,4584,3091,pâle pâles
nicky,4585,3090,nicky
artistique,4586,3090,artistique artistiques
shaw,4587,3088,shaw
dramatique,4588,3088,dramatique dramatiques
infirmerie,4589,3085,infirmerie
entretenir,4590,3085,entretenir entretient entretenue entretenait entretiennent entretenez
innocence,4591,3082,innocence
paiement,4592,3082,paiement paiements
virginie,4593,3079,virginie
janvier,4594,3079,janvier
politicien,4595,3078,politiciens politicien politicienne
ais,4596,3077,ais
cuisse,4597,3077,cuisses cuisse
incroyablement,4598,3076,incroyablement
piper,4599,3075,piper
grange,4600,3075,grange granges
promo,4601,3075,promo promos
harvard,4602,3074,harvard
appât,4603,3072,appât appâts
conserver,4604,3072,conserver conserves conservée conservés conservez conservent
enfreindre,4605,3072,enfreint enfreindre enfreins enfreignez
spécialement,4606,3069,spécialement
prêté,4607,3068,prêté
trait,4608,3068,trait traits
marron,4609,3067,marron marrons
prenant,4610,3066,prenant
épuisé,4611,3066,épuisé
benny,4612,3066,benny
levée,4613,3065,levée levées
championnat,4614,3065,championnat championnats
mont,4615,3065,mont monts
heurter,4616,3065,heurté heurter heurte heurtée heurtent
nounou,4617,3063,nounou nounous
agneau,4618,3061,agneau agneaux
gravité,4619,3059,gravité
jupe,4620,3059,jupe jupes
hériter,4621,3058,hérité hériter hérite héritera
bétail,4622,3055,bétail
donneur,4623,3055,donneur donneurs donneuse
distrait,4624,3055,distrait distraite distraits
naomi,4625,3053,naomi
peste,4626,3052,peste pestes
agresser,4627,3052,agressée agresser agresse agressés agresses
casse-toi,4628,3051,casse-toi
souper,4629,3051,souper soupé
majorité,4630,3049,majorité
caravane,4631,3048,caravane caravanes
battue,4632,3048,battue battues
blair,4633,3047,blair
mel,4634,3047,mel
vulgaire,4635,3047,vulgaire vulgaires
primaire,4636,3046,primaire primaires
tolérer,4637,3044,tolérer tolère tolérerai toléré tolérée tolérera
jazz,4638,3043,jazz
kennedy,4639,3042,kennedy
inscrire,4640,3041,inscrire inscris inscrivez
chiot,4641,3041,chiot chiots
naïf,4642,3040,naïf naïve naïfs
psychologique,4643,3039,psychologique psychologiques
peut-etre,4644,3038,peut-etre
précaution,4645,3037,précaution précautions
piqûre,4646,3035,piqûre piqûres
jacques,4647,3034,jacques
certificat,4648,3033,certificat certificats
âne,4649,3031,âne ânes
gangster,4650,3031,gangster gangsters
nettoyage,4651,3029,nettoyage
barman,4652,3029,barman barmans
chienne,4653,3029,chienne chiennes
merdique,4654,3029,merdique merdiques
minuscule,4655,3029,minuscule minuscules
crayon,4656,3029,crayon crayons
bailey,4657,3027,bailey
tournoi,4658,3025,tournoi
hope,4659,3024,hope
graham,4660,3023,graham
buck,4661,3023,buck
boxe,4662,3022,boxe boxes
case,4663,3021,case cases
hanche,4664,3019,hanches hanche
fardeau,4665,3018,fardeau fardeaux
balancé,4666,3017,balancé
ci,4667,3017,ci
concierge,4668,3017,concierge concierges
pat,4669,3016,pat
dérangé,4670,3016,dérangé
district,4671,3016,district districts
coiffure,4672,3015,coiffure coiffures
hypothèse,4673,3015,hypothèse hypothèses
jalousie,4674,3013,jalousie
carmen,4675,3012,carmen
cat,4676,3010,cat
correspondance,4677,3010,correspondance correspondances
aventurer,4678,3010,aventures aventurer
voyageur,4679,3010,voyageur voyageurs voyageuse
licence,4680,3009,licence licences
flirter,4681,3008,flirter flirte flirté flirtait flirtais flirtes
cacahuète,4682,3007,cacahuètes cacahuète
réfugier,4683,3007,réfugiés réfugier réfugié réfugie
arrivant,4684,3005,arrivant arrivants
braquer,4685,3004,braquer braqué braqués braquée braques braquez
promets-moi,4686,3003,promets-moi
fox,4687,3002,fox
stock,4688,2999,stock stocks
troy,4689,2998,troy
identification,4690,2997,identification
commune,4691,2996,commune communes
saviez-vous,4692,2993,saviez-vous
baker,4693,2993,baker
décor,4694,2993,décor décors
ultime,4695,2991,ultime
têtu,4696,2991,têtu têtue têtus
maïs,4697,2988,maïs
bay,4698,2987,bay
stark,4699,2986,stark
nécessiter,4700,2985,nécessité nécessite nécessitent nécessitait nécessitant
3ème,4701,2984,3ème
frauder,4702,2984,fraude fraudes
taureau,4703,2984,taureau taureaux
substance,4704,2984,substance substances
toxique,4705,2984,toxique toxiques
arraché,4706,2983,arraché
manny,4707,2983,manny
stuart,4708,2982,stuart
réparation,4709,2982,réparation réparations
y.,4710,2980,y.
afghanistan,4711,2978,afghanistan
wallace,4712,2978,wallace
erica,4713,2976,erica
invention,4714,2975,invention inventions
pharmacie,4715,2973,pharmacie pharmacies
croisé,4716,2971,croisé
sataner,4717,2971,satané satanée satanés satanées
bang,4718,2970,bang
afficher,4719,2970,affiches afficher affiché affichez affichée affichent
habitué,4720,2969,habitué
chauve,4721,2969,chauve chauves
sueur,4722,2968,sueur sueurs
tonnerre,4723,2967,tonnerre
réservoir,4724,2967,réservoir réservoirs
road,4725,2966,road
zoe,4726,2965,zoe
parrain,4727,2965,parrain parrains
melle,4728,2963,melle
donnez-lui,4729,2962,donnez-lui
script,4730,2962,script scripts
duncan,4731,2959,duncan
sentez-vous,4732,2959,sentez-vous
définir,4733,2959,définir définit définis définie définissez définissent
solo,4734,2958,solo solos
traînée,4735,2956,traînée
ressort,4736,2956,ressort ressorts
gène,4737,2956,gènes gène
katherine,4738,2955,katherine
jen,4739,2953,jen
vertu,4740,2952,vertu vertus
garcia,4741,2951,garcia
phénomène,4742,2951,phénomène phénomènes
chantage,4743,2950,chantage
haley,4744,2949,haley
yang,4745,2949,yang
amber,4746,2948,amber
selle,4747,2948,selle selles
engueuler,4748,2948,engueuler engueule engueulé engueulés engueules engueulait
happy,4749,2945,happy
troubler,4750,2945,troublé troublée troubler troublés troublent
miranda,4751,2943,miranda
créateur,4752,2943,créateur créateurs créatrice
meredith,4753,2942,meredith
comparé,4754,2942,comparé
refroidir,4755,2942,refroidir refroidit refroidi refroidisse refroidis refroidissent
roux,4756,2941,rousse roux rousses
amenée,4757,2939,amenée
joy,4758,2939,joy
castle,4759,2936,castle
vagin,4760,2936,vagin vagins
renard,4761,2936,renard renards renarde
masculin,4762,2936,masculin masculine masculins masculines
down,4763,2935,down
dominer,4764,2934,dominer domine dominé dominent dominée
loser,4765,2933,loser losers
denise,4766,2932,denise
trottoir,4767,2931,trottoir trottoirs
académie,4768,2930,académie
vendu,4769,2930,vendue vendues
emparer,4770,2929,emparer empare emparé emparent emparés emparée
avancé,4771,2928,avancé
trevor,4772,2928,trevor
réaliste,4773,2928,réaliste réalistes
augmentation,4774,2925,augmentation
intriguer,4775,2925,intrigue intrigué intrigues intriguée intriguant
emmenez-le,4776,2924,emmenez-le
inférieur,4777,2921,inférieur inférieure inférieurs inférieures
vice,4778,2919,vice vices
détendez-vous,4779,2918,détendez-vous
physiquement,4780,2918,physiquement
reed,4781,2918,reed
world,4782,2917,world
étiquette,4783,2917,étiquette étiquettes
prédire,4784,2917,prédit prédire prédis prédisent
mia,4785,2916,mia
veronica,4786,2915,veronica
gene,4787,2915,gene
évolution,4788,2914,évolution
grippe,4789,2910,grippe
satisfaire,4790,2910,satisfaire satisfera satisfais
crochet,4791,2910,crochet crochets
détresse,4792,2909,détresse
effacé,4793,2909,effacé
canne,4794,2909,canne cannes
messager,4795,2908,messager messagers messagère
exemplaire,4796,2908,exemplaire exemplaires
guéri,4797,2907,guéri
applaudissement,4798,2907,applaudissements applaudissement
générateur,4799,2906,générateur générateurs
when,4800,2904,when
xena,4801,2903,xena
atout,4802,2903,atout atouts
fumier,4803,2902,fumier fumiers
soi-disant,4804,2901,soi-disant
aurais-je,4805,2899,aurais-je
déchiré,4806,2899,déchiré
arrogant,4807,2899,arrogant arrogante arrogants
assommer,4808,2899,assommé assommer assomme assommée
pousse-toi,4809,2898,pousse-toi
maigre,4810,2896,maigre maigres
multiple,4811,2895,multiples multiple
mario,4812,2893,mario
guy,4813,2893,guy
typique,4814,2892,typique typiques
agresseur,4815,2892,agresseur agresseurs
crevé,4816,2891,crevé
corner,4817,2891,cornes corne corner corners
accompli,4818,2889,accompli
diriez-vous,4819,2887,diriez-vous
migraine,4820,2887,migraine migraines
parasite,4821,2887,parasite parasites
sèche,4822,2886,sèche
serena,4823,2885,serena
républicain,4824,2884,républicain républicains républicaine
grognement,4825,2883,grognements grognement
rosir,4826,2882,rosie
u,4827,2880,u
philadelphie,4828,2879,philadelphie
harrison,4829,2879,harrison
fugitif,4830,2879,fugitif fugitifs fugitive
mairie,4831,2878,mairie
établi,4832,2878,établi
vaisselle,4833,2877,vaisselle
calculer,4834,2877,calculé calculer calcule calculée calculez
hélico,4835,2876,hélico
hockey,4836,2875,hockey
progresser,4837,2875,progresse progresser progressé progressent progresses
supermarché,4838,2874,supermarché supermarchés
richesse,4839,2874,richesse richesses
ris,4840,2873,ris
borne,4841,2873,bornes borne
colocataire,4842,2871,colocataire colocataires
évoquer,4843,2871,évoque évoqué évoquer évoquent évoquant évoquait
doyle,4844,2870,doyle
d.,4845,2870,d.
noce,4846,2870,noces noce
contaminer,4847,2870,contaminé contaminée contaminer contaminés contamine contaminées
score,4848,2869,score scores
ivan,4849,2868,ivan
désagréable,4850,2867,désagréable désagréables
premièrement,4851,2865,premièrement
enfiler,4852,2865,enfiler enfile enfilez enfilé enfiles
diabolique,4853,2864,diabolique diaboliques
kira,4854,2862,kira
monk,4855,2861,monk
cheminée,4856,2860,cheminée cheminées
sauveur,4857,2860,sauveur sauveurs sauveuse
déshabiller,4858,2859,déshabiller déshabille déshabillé déshabillée déshabilles
gilet,4859,2858,gilet gilets
frein,4860,2856,freins frein
paperasse,4861,2855,paperasse paperasses
calibre,4862,2855,calibre calibres
glissé,4863,2854,glissé
rentrant,4864,2853,rentrant
aprés,4865,2852,aprés
jouir,4866,2852,jouir joui jouis jouit
institut,4867,2850,institut
temporel,4868,2850,temporelle temporel temporels temporelles
grey,4869,2849,grey
demande-lui,4870,2848,demande-lui
similaire,4871,2848,similaire similaires
concentre-toi,4872,2847,concentre-toi
sévère,4873,2847,sévère sévères
fine,4874,2846,fine
dvd,4875,2846,dvd
emplacement,4876,2846,emplacement emplacements
déborder,4877,2845,déborde débordée débordés déborder débordent débordait
wyatt,4878,2844,wyatt
chips,4879,2841,chips
rappelle-moi,4880,2840,rappelle-moi
atterrissage,4881,2839,atterrissage
édition,4882,2839,édition éditions
hache,4883,2837,hache haches
connie,4884,2835,connie
houston,4885,2835,houston
imiter,4886,2832,imiter imite imitant imites imitent
jusque-là,4887,2831,jusque-là
camionnette,4888,2830,camionnette camionnettes
stefan,4889,2828,stefan
patronne,4890,2828,patronne
stand,4891,2827,stand stands
pelle,4892,2827,pelle pelles
soie,4893,2824,soie soies
atroce,4894,2824,atroce atroces
fusion,4895,2823,fusion fusions
évader,4896,2823,évader évadés évade évadée
tucker,4897,2822,tucker
remplaçant,4898,2822,remplaçant remplaçante remplaçants
glacer,4899,2822,glacée glacés glacées glacer
distraire,4900,2821,distraire distrais
emporté,4901,2820,emporté
accroche,4902,2819,accroche
ras,4903,2819,ras
superman,4904,2819,superman
majeur,4905,2819,majeur majeurs majeures
injection,4906,2817,injection injections
tranquillement,4907,2814,tranquillement
tenez-vous,4908,2814,tenez-vous
sharon,4909,2813,sharon
ivrogne,4910,2813,ivrogne ivrognes
halte,4911,2812,halte
deux-là,4912,2810,deux-là
foudre,4913,2809,foudre foudres
modeste,4914,2809,modeste modestes
visiblement,4915,2807,visiblement
instable,4916,2806,instable instables
peintre,4917,2806,peintre peintres
donnant,4918,2805,donnant
ciao,4919,2804,ciao
brenda,4920,2803,brenda
reproche,4921,2801,reproche reproches
bancaire,4922,2801,bancaire bancaires
chan,4923,2798,chan
évoluer,4924,2798,évoluer évolue évoluent évoluée évolués
admis,4925,2797,admis
emprunté,4926,2797,emprunté
femelle,4927,2797,femelle femelles
round,4928,2796,round rounds
attentivement,4929,2795,attentivement
passerelle,4930,2794,passerelle
melissa,4931,2793,melissa
drake,4932,2792,drake
centime,4933,2792,centime centimes
gré,4934,2791,gré
beau-père,4935,2788,beau-père
lydia,4936,2788,lydia
humide,4937,2786,humide humides
hunter,4938,2785,hunter
braquage,4939,2784,braquage braquages
cycle,4940,2783,cycle cycles
épais,4941,2783,épais épaisse épaisses
drone,4942,2783,drone drones
aussitôt,4943,2782,aussitôt
pere,4944,2782,pere
graisse,4945,2782,graisse graisses
east,4946,2781,east
chloe,4947,2781,chloe
henri,4948,2781,henri
brandon,4949,2780,brandon
onze,4950,2780,onze
claudia,4951,2779,claudia
évaluation,4952,2778,évaluation évaluations
turc,4953,2776,turc turcs turque turques
pére,4954,2774,pére
casquette,4955,2773,casquette casquettes
facebook,4956,2772,facebook
bud,4957,2772,bud
brûlure,4958,2771,brûlures brûlure
paula,4959,2770,paula
valable,4960,2770,valable valables
brun,4961,2770,brun bruns
dispositif,4962,2769,dispositif dispositifs
anomalie,4963,2769,anomalie anomalies
day,4964,2768,day
shopping,4965,2767,shopping
directrice,4966,2766,directrice
yankee,4967,2764,yankees yankee
sympathique,4968,2763,sympathique sympathiques
précipiter,4969,2762,précipiter précipite précipitée précipités précipitent précipitez
pâté,4970,2759,pâté pâtés
désactiver,4971,2759,désactiver désactivé désactive désactivez désactivée désactivés
da,4972,2755,da
photographie,4973,2755,photographie photographies
cliché,4974,2754,cliché clichés
allumette,4975,2752,allumettes allumette
sentimental,4976,2752,sentimental sentimentale sentimentaux sentimentales
défilé,4977,2751,défilé
ramasse,4978,2751,ramasse
torche,4979,2751,torche torches
raisin,4980,2750,raisin raisins
européen,4981,2750,européen européenne européens européennes
intégrer,4982,2749,intégrer intégrée intégrés
hétéro,4983,2749,hétéro hétéros
inattendu,4984,2749,inattendu inattendue inattendus inattendues
avery,4985,2748,avery
rançon,4986,2748,rançon
grayson,4987,2748,grayson
miguel,4988,2748,miguel
bauer,4989,2746,bauer
clandestin,4990,2746,clandestin clandestins clandestine clandestines
lawrence,4991,2743,lawrence
affamer,4992,2741,affamés affamée affamer affamées
adams,4993,2740,adams
prétexte,4994,2740,prétexte prétextes
crevette,4995,2739,crevettes crevette
authentique,4996,2738,authentique authentiques
financer,4997,2737,financer financé financée financent financés
bowling,4998,2736,bowling
confronter,4999,2736,confronté confronter confrontés confrontée confronte
us,5000,2735,us
cindy,5001,2734,cindy
sebastian,5002,2734,sebastian
éditeur,5003,2734,éditeur éditeurs éditrice
technicien,5004,2734,techniciens technicien technicienne
maurice,5005,2732,maurice
discipline,5006,2732,discipline
prophète,5007,2732,prophète prophètes prophétesse
fonder,5008,2731,fonder fondée fondées fonda fondés
bernard,5009,2730,bernard
lointain,5010,2730,lointain lointaine lointains lointaines
auberge,5011,2729,auberge auberges
affiche,5012,2725,affiche
défunt,5013,2725,défunt défunte défunts
exercer,5014,2725,exercer exerce exercée exercez exercent
dallas,5015,2724,dallas
épicerie,5016,2724,épicerie épiceries
troupeau,5017,2724,troupeau troupeaux
logiciel,5018,2724,logiciel logiciels
good,5019,2722,good
fisher,5020,2722,fisher
violon,5021,2721,violon violons
sénat,5022,2718,sénat
foutaise,5023,2718,foutaises foutaise
croyant,5024,2718,croyant croyants croyante
polly,5025,2717,polly
diagnostic,5026,2717,diagnostic diagnostics
dites-nous,5027,2716,dites-nous
protecteur,5028,2713,protecteur protectrice protecteurs
ado,5029,2712,ado
crane,5030,2711,crane
angie,5031,2711,angie
fontaine,5032,2711,fontaine fontaines
juridique,5033,2711,juridique juridiques
pierce,5034,2710,pierce
comtesse,5035,2709,comtesse
vapeur,5036,2709,vapeur vapeurs
auriez-vous,5037,2708,auriez-vous
khan,5038,2707,khan
œuf,5039,2705,œuf
exploiter,5040,2705,exploiter exploite exploitent exploités exploitée exploitez
roser,5041,2704,rosa
messe,5042,2703,messe messes
roulé,5043,2702,roulé
reprocher,5044,2702,reprocher reproché reprochez reprochait
morris,5045,2701,morris
andré,5046,2699,andré
arc,5047,2699,arc arcs
éveiller,5048,2699,éveillée éveiller éveille éveillés
agressif,5049,2698,agressif agressifs agressives
beignet,5050,2698,beignets beignet
céréale,5051,2696,céréales
braver,5052,2696,braves braver brava bravé
naze,5053,2696,naze nazes
tit,5054,2695,tit
interdit,5055,2695,interdite interdites
expédition,5056,2694,expédition expéditions
georges,5057,2690,georges
lloyd,5058,2689,lloyd
coréen,5059,2689,coréen coréens coréenne coréennes
brouillard,5060,2687,brouillard
corriger,5061,2687,corriger corrige corrigée corrigez
oses-tu,5062,2685,oses-tu
caleb,5063,2685,caleb
occupez-vous,5064,2685,occupez-vous
cinquante,5065,2683,cinquante
home,5066,2683,home homes
obscur,5067,2682,obscur obscure obscures obscurs
phare,5068,2681,phare phares
voire,5069,2680,voire
humble,5070,2680,humble humbles
encre,5071,2679,encre
obsession,5072,2679,obsession obsessions
flou,5073,2678,flou floue floues flous
légèrement,5074,2677,légèrement
loupé,5075,2676,loupé
not,5076,2676,not
télégramme,5077,2676,télégramme télégrammes
manquant,5078,2676,manquant manquante manquants manquantes
décorer,5079,2675,décoré décorer décorée décore décorés
shirley,5080,2674,shirley
urine,5081,2674,urine urines
démocratie,5082,2673,démocratie
li,5083,2670,li
berger,5084,2670,berger bergers
reagan,5085,2666,reagan
hanna,5086,2662,hanna
coupée,5087,2661,coupée
strict,5088,2660,strict stricte strictes stricts
psychiatrique,5089,2657,psychiatrique psychiatriques
faille,5090,2656,faille
alfred,5091,2656,alfred
allure,5092,2656,allure
thérapeute,5093,2654,thérapeute thérapeutes
insinuer,5094,2653,insinuez insinues insinuer insinue insinué
lecteur,5095,2651,lecteur lecteurs
e.,5096,2649,e.
raide,5097,2649,raide raides
puzzle,5098,2649,puzzle puzzles
vaste,5099,2649,vaste vastes
encaisser,5100,2649,encaisser encaissé encaissez encaisses
déguiser,5101,2649,déguiser déguisée déguisés déguise déguisent
web,5102,2648,web
attirant,5103,2648,attirant attirante attirants attirantes
cd,5104,2646,cd
pa,5105,2646,pa
imaginaire,5106,2646,imaginaire imaginaires
honnêteté,5107,2643,honnêteté
compliquer,5108,2643,complique compliquer compliquez compliquent compliques
voudriez-vous,5109,2642,voudriez-vous
sid,5110,2641,sid
costaud,5111,2641,costaud costauds
perruque,5112,2640,perruque perruques
thompson,5113,2639,thompson
grenier,5114,2639,grenier greniers
violation,5115,2639,violation violations
approprié,5116,2638,approprié
patrie,5117,2638,patrie
égout,5118,2638,égouts égout
traditionnel,5119,2637,traditionnel traditionnelle traditionnels traditionnelles
yen,5120,2636,yens yen
concurrent,5121,2635,concurrents concurrent concurrente concurrentes
philippe,5122,2633,philippe
monroe,5123,2632,monroe
artère,5124,2631,artère artères
ciseau,5125,2626,ciseaux ciseau
amende,5126,2625,amende
impasse,5127,2625,impasse impasses
rasoir,5128,2625,rasoir rasoirs
pan,5129,2624,pan
ana,5130,2624,ana
zack,5131,2623,zack
séparation,5132,2623,séparation
songer,5133,2623,songé songer songez songeais
jeffrey,5134,2622,jeffrey
beverly,5135,2622,beverly
apprêter,5136,2621,apprête apprêtait apprêtais apprêtent apprêtes
caca,5137,2620,caca
désespoir,5138,2620,désespoir
moore,5139,2619,moore
bishop,5140,2619,bishop
enseignant,5141,2619,enseignant enseignants enseignante
boyd,5142,2618,boyd
pré,5143,2618,prés pré
scout,5144,2618,scout scouts
stella,5145,2615,stella
fibre,5146,2615,fibres fibre
olive,5147,2613,olive olives
banal,5148,2612,banal banale banales banals
rime,5149,2611,rime rimes
winston,5150,2610,winston
porteur,5151,2610,porteur porteurs porteuses
éthique,5152,2609,éthique éthiques
baraque,5153,2609,baraque baraques
perry,5154,2608,perry
patienter,5155,2608,patienter patientez patienté
hot,5156,2607,hot
loger,5157,2607,loger logé logée logés logeait logez
mallette,5158,2606,mallette mallettes
rude,5159,2606,rude rudes
alternative,5160,2606,alternative alternatives
enquêteur,5161,2606,enquêteur enquêteurs
kid,5162,2605,kid kids
griffe,5163,2605,griffes griffe
carburant,5164,2604,carburant
ve,5165,2604,ve
comique,5166,2604,comique comiques
dévoiler,5167,2604,dévoiler dévoilé dévoile dévoilée
ç,5168,2603,ç
vaccin,5169,2603,vaccin vaccins
astronaute,5170,2602,astronaute astronautes
alien,5171,2601,alien
location,5172,2601,location locations
australie,5173,2599,australie
mèche,5174,2599,mèche mèches
installation,5175,2599,installation installations
nuire,5176,2598,nuire nui nuirait nuira
anormal,5177,2597,anormal anormale anormaux anormales
brûlant,5178,2597,brûlant brûlante brûlants brûlantes
noah,5179,2595,noah
établissement,5180,2595,établissement établissements
réflexion,5181,2594,réflexion réflexions
cortex,5182,2593,cortex
escorte,5183,2593,escorte escortes
réacteur,5184,2593,réacteur réacteurs
réponds-moi,5185,2592,réponds-moi
mouchoir,5186,2592,mouchoir mouchoirs
organisme,5187,2592,organisme organismes
hal,5188,2591,hal
logement,5189,2591,logement logements
lt,5190,2590,lt
scotty,5191,2590,scotty
corruption,5192,2590,corruption
tripe,5193,2589,tripes tripe
who,5194,2588,who
reese,5195,2587,reese
entouré,5196,2587,entouré
pacte,5197,2587,pacte pactes
fumé,5198,2585,fumé
seau,5199,2584,seau seaux
coquin,5200,2584,coquin coquine coquins coquines
silver,5201,2582,silver
grouiller,5202,2580,grouille grouiller grouillez grouillent grouillait
bennett,5203,2579,bennett
clyde,5204,2577,clyde
invasion,5205,2576,invasion invasions
gratuitement,5206,2575,gratuitement
haver,5207,2574,have
pleur,5208,2574,pleurs
compromettre,5209,2573,compromettre compromise compromet compromets compromettrait
février,5210,2572,février
mises,5211,2572,mises
marshal,5212,2572,marshal marshals
démonstration,5213,2571,démonstration démonstrations
égard,5214,2571,égard égards
inévitable,5215,2570,inévitable inévitables
cœurs,5216,2569,cœurs
préparation,5217,2569,préparation préparations
catégorie,5218,2569,catégorie catégories
siffler,5219,2568,siffle siffler sifflent sifflé sifflez
ruby,5220,2567,ruby
noeud,5221,2566,noeud noeuds
syndrome,5222,2565,syndrome
mama,5223,2565,mama
ruban,5224,2565,ruban rubans
pédale,5225,2565,pédale pédales
canadien,5226,2565,canadien canadiens canadienne canadiennes
armoire,5227,2564,armoire armoires
avancée,5228,2563,avancée avancées
parcours,5229,2562,parcours
horizon,5230,2562,horizon horizons
jesus,5231,2561,jesus
becky,5232,2561,becky
grossir,5233,2561,grossir grossi grossit grossis grossissent
hanté,5234,2560,hantée hanté hantés hantées
dis-le-moi,5235,2559,dis-le-moi
faciliter,5236,2559,faciliter facilite facilitera faciliterait facilites facilitez
profession,5237,2558,profession professions
crack,5238,2555,crack cracks
cargaison,5239,2554,cargaison cargaisons
saoul,5240,2553,saoul
bell,5241,2553,bell
plancher,5242,2553,plancher planchers
sont-elles,5243,2552,sont-elles
pressentiment,5244,2552,pressentiment pressentiments
refermer,5245,2552,referme refermer refermé refermée refermez referment
sun,5246,2551,sun
cape,5247,2548,cape capes
distinguer,5248,2548,distinguer distingue distinguée distingués
armure,5249,2547,armure armures
résident,5250,2546,résidents résident résidente
caillou,5251,2546,cailloux caillou
clean,5252,2545,clean
carotte,5253,2545,carottes carotte
reid,5254,2544,reid
cartel,5255,2544,cartel cartels
massif,5256,2544,massive massif massives massifs
interpréter,5257,2543,interpréter interprété interprétée
sullivan,5258,2542,sullivan
excepté,5259,2541,excepté
évaluer,5260,2540,évaluer évalué évalue évaluée
divers,5261,2540,divers diverses
papy,5262,2539,papy
4e,5263,2539,4e
condamnation,5264,2539,condamnation condamnations
randall,5265,2538,randall
ruse,5266,2538,ruse ruses
insupportable,5267,2536,insupportable insupportables
triple,5268,2535,triple
mulder,5269,2534,mulder
dégoûter,5270,2529,dégoûte dégoûtes dégoûtée dégoûtez dégoûter dégoûtent
culot,5271,2528,culot culots
intellectuel,5272,2528,intellectuel intellectuelle intellectuels intellos intellectuelles
tire-toi,5273,2527,tire-toi
richie,5274,2524,richie
collé,5275,2524,collé
attendez-moi,5276,2524,attendez-moi
infiniment,5277,2524,infiniment
baby-sitter,5278,2524,baby-sitter baby-sitters
violeur,5279,2524,violeur violeurs
cafard,5280,2524,cafard cafards
fondateur,5281,2522,fondateur fondateurs fondatrice
matelas,5282,2521,matelas
poussez-vous,5283,2520,poussez-vous
vocal,5284,2520,vocale vocal vocales vocaux
angoisse,5285,2519,angoisse
énigme,5286,2518,énigme énigmes
mick,5287,2517,mick
vachement,5288,2517,vachement
chewing-gum,5289,2517,chewing-gum chewing-gums
lessive,5290,2515,lessive lessives
éternellement,5291,2514,éternellement
sens-tu,5292,2513,sens-tu
buddy,5293,2513,buddy
austin,5294,2513,austin
fraise,5295,2513,fraises fraise
marcel,5296,2512,marcel
durée,5297,2512,durée
gémissement,5298,2512,gémissements gémissement
hallucination,5299,2512,hallucinations hallucination
wells,5300,2511,wells
apparition,5301,2511,apparition apparitions
amer,5302,2511,amer amère amères amers
défiler,5303,2511,défiler défile défilés défilent défiles
sheila,5304,2510,sheila
conditionnel,5305,2510,conditionnelle conditionnel
vietnam,5306,2509,vietnam
peggy,5307,2509,peggy
rappel,5308,2509,rappel rappels
hypocrite,5309,2509,hypocrite hypocrites
perspective,5310,2509,perspective perspectives
piloter,5311,2508,piloter piloté pilotait pilotez
broadway,5312,2507,broadway
crash,5313,2507,crash
flynn,5314,2506,flynn
texto,5315,2506,texto
harcèlement,5316,2506,harcèlement
reggie,5317,2504,reggie
cassie,5318,2503,cassie
barnes,5319,2503,barnes
arnold,5320,2502,arnold
emprisonner,5321,2502,emprisonné emprisonner emprisonnés emprisonnée emprisonne
coiffeur,5322,2501,coiffeur coiffeurs
cogner,5323,2501,cogner cognes cognait cognent cognant
pêcheur,5324,2501,pêcheur pêcheurs
économique,5325,2499,économique économiques
samouraï,5326,2499,samouraï samouraïs
elvis,5327,2498,elvis
faillite,5328,2497,faillite
cuillère,5329,2497,cuillère cuillères
promouvoir,5330,2497,promu promouvoir promus
pognon,5331,2496,pognon
égalité,5332,2496,égalité
group,5333,2496,group
bruyant,5334,2496,bruyant bruyante bruyants bruyantes
gérant,5335,2493,gérant gérante gérants
répugnant,5336,2492,répugnant répugnante répugnants répugnantes
transpirer,5337,2492,transpire transpirer transpires transpirez transpiré transpirant
graver,5338,2491,gravé graver gravée gravés gravées
boom,5339,2490,boom
jon,5340,2490,jon
vœux,5341,2490,vœux
françois,5342,2490,françois
israël,5343,2488,israël
brésil,5344,2487,brésil
denny,5345,2487,denny
assurez-vous,5346,2485,assurez-vous
jambon,5347,2485,jambon jambons
honoré,5348,2484,honoré
griffin,5349,2483,griffin
isabelle,5350,2483,isabelle
sacrément,5351,2483,sacrément
gonzesse,5352,2482,gonzesse gonzesses
agressé,5353,2481,agressé
honteux,5354,2481,honteux honteuse
colis,5355,2480,colis
aire,5356,2480,aire aires
ampoule,5357,2480,ampoule ampoules
asiatique,5358,2479,asiatique asiatiques
industriel,5359,2479,industriel industrielle industriels industrielles
éclairer,5360,2478,éclairer éclairée éclairés éclairera éclairez éclairent
intrus,5361,2474,intrus intruse
coéquipier,5362,2474,coéquipier coéquipiers coéquipière
paille,5363,2473,paille pailles
maladroit,5364,2473,maladroit maladroite maladroits
purée,5365,2472,purée
was,5366,2472,was
visible,5367,2472,visible visibles
cleveland,5368,2469,cleveland
dentaire,5369,2469,dentaire dentaires
revoilà,5370,2468,revoilà
convention,5371,2467,convention conventions
mona,5372,2466,mona
concentration,5373,2466,concentration concentrations
plier,5374,2466,plier pliez pliée pliés plies plient
éloigné,5375,2465,éloigné
motivation,5376,2465,motivation motivations
déja,5377,2463,déja
artificiel,5378,2463,artificielle artificiel artificiels artificielles
centimètre,5379,2462,centimètres centimètre
vestiaire,5380,2462,vestiaire vestiaires
right,5381,2461,right
vœu,5382,2461,vœu
chiotte,5383,2461,chiottes chiotte
kansas,5384,2460,kansas
hunt,5385,2460,hunt
opposé,5386,2460,opposé
mécanique,5387,2460,mécanique mécaniques
ski,5388,2458,ski skis
gentillesse,5389,2456,gentillesse
arrete,5390,2455,arrete
na,5391,2454,na
postal,5392,2454,postale postales postal postaux
inverser,5393,2454,inverser inversé inversée inversés inversez
inspiré,5394,2453,inspiré
autographe,5395,2453,autographe autographes
limousine,5396,2452,limousine limousines
athlète,5397,2452,athlète athlètes
trajectoire,5398,2451,trajectoire trajectoires
t.,5399,2448,t.
fédération,5400,2448,fédération
créatif,5401,2447,créatif créative créatifs créatives
reynolds,5402,2446,reynolds
récompenser,5403,2446,récompensé récompenser récompensée récompensés récompensera
repose-toi,5404,2443,repose-toi
balcon,5405,2443,balcon balcons
falaise,5406,2442,falaise falaises
claquer,5407,2442,claquer claqué claquent claquée claquez
matty,5408,2441,matty
bonnet,5409,2441,bonnet bonnets
acquis,5410,2441,acquis acquise acquises
confesser,5411,2439,confesser confessé confessez
réservation,5412,2438,réservation réservations
lourde,5413,2437,lourde
buffy,5414,2436,buffy
raclée,5415,2436,raclée raclées
duel,5416,2435,duel duels
trousse,5417,2434,trousses trousse
homosexuel,5418,2434,homosexuel homosexuels homosexuelle
qualifier,5419,2434,qualifiée qualifiés qualifier qualifie qualifiées
glenn,5420,2433,glenn
cal,5421,2432,cal
artifice,5422,2432,artifice artifices
señor,5423,2431,señor
timing,5424,2431,timing
media,5425,2431,media medias
charbon,5426,2431,charbon charbons
futé,5427,2431,futé futés
south,5428,2428,south
chômage,5429,2427,chômage
handicapé,5430,2427,handicapé handicapés handicapée
dixon,5431,2426,dixon
calendrier,5432,2426,calendrier calendriers
slip,5433,2425,slip slips
2ème,5434,2424,2ème
balai,5435,2424,balai
paysage,5436,2422,paysage paysages
hanter,5437,2422,hante hanter hantent hantera hantait
tiens-toi,5438,2419,tiens-toi
florence,5439,2418,florence
belle-mère,5440,2417,belle-mère
isolé,5441,2417,isolé
if,5442,2416,if
bâtir,5443,2416,bâtir bâtie bâtit bâtis
coutume,5444,2415,coutume coutumes
addition,5445,2413,addition additions
émeute,5446,2413,émeute émeutes
coca,5447,2412,coca
béton,5448,2412,béton
tess,5449,2412,tess
particule,5450,2411,particules particule
bouchée,5451,2411,bouchée bouchées
douglas,5452,2410,douglas
croisière,5453,2410,croisière croisières
sonde,5454,2410,sonde sondes
recouvrir,5455,2410,recouvert recouvrir recouverte recouverts recouvertes
croyance,5456,2409,croyances croyance
isaac,5457,2408,isaac
tronche,5458,2407,tronche tronches
nage,5459,2405,nage
pic,5460,2405,pic pics
expulser,5461,2404,expulser expulsés expulsée expulse
gâche,5462,2403,gâche
gâter,5463,2403,gâtée gâter gâte gâtés gâtes gâtez
glisse,5464,2401,glisse
soviétique,5465,2401,soviétique soviétiques
pourrait-il,5466,2400,pourrait-il
informateur,5467,2400,informateur informateurs informatrice
tremblement,5468,2398,tremblement tremblements
aborder,5469,2398,aborder aborde abordée abordés
overdose,5470,2397,overdose overdoses
inoffensif,5471,2397,inoffensif inoffensive inoffensifs inoffensives
valet,5472,2395,valet valets
dorénavant,5473,2394,dorénavant
fiona,5474,2394,fiona
cardinal,5475,2393,cardinal cardinaux
rayer,5476,2392,rayé rayer raye rayée rayés rayez
outre,5477,2391,outre
rhume,5478,2391,rhume rhumes
écho,5479,2391,écho échos
sapin,5480,2390,sapin sapins
loup-garou,5481,2390,loup-garou loups-garous
neutraliser,5482,2390,neutraliser neutralisé neutralise neutralisée neutralisés
trauma,5483,2387,trauma traumas
confirmation,5484,2386,confirmation
hostile,5485,2386,hostile hostiles
ronger,5486,2385,ronge ronger rongé rongée rongeait rongés
constater,5487,2384,constater constaté constate constatez
inspection,5488,2383,inspection inspections
banquier,5489,2383,banquier banquiers
ficelle,5490,2383,ficelles ficelle
chen,5491,2381,chen
tracasser,5492,2381,tracasse tracasser tracassez tracassait
répondeur,5493,2380,répondeur
active,5494,2380,active
confusion,5495,2379,confusion
alimentation,5496,2379,alimentation
évacuation,5497,2377,évacuation
attache,5498,2377,attache
clore,5499,2376,close clore clôt
dirais-tu,5500,2375,dirais-tu
dawson,5501,2375,dawson
décoration,5502,2375,décoration décorations
séquence,5503,2374,séquence
comptoir,5504,2373,comptoir comptoirs
remuer,5505,2373,remuer remué remuez remues remuent
brennan,5506,2372,brennan
capsule,5507,2372,capsule capsules
marina,5508,2371,marina
soulagement,5509,2370,soulagement
yoga,5510,2369,yoga
assure-toi,5511,2368,assure-toi
manifestation,5512,2368,manifestation manifestations manifs
fermez-la,5513,2367,fermez-la
rocky,5514,2366,rocky
rex,5515,2366,rex
marionnette,5516,2366,marionnette marionnettes
minus,5517,2365,minus
mythe,5518,2365,mythe mythes
hotel,5519,2364,hotel
cam,5520,2364,cam
ados,5521,2364,ados
combler,5522,2364,combler comblé comblée comblés combles
rédiger,5523,2364,rédiger rédigé rédige rédigez rédigée
vont-ils,5524,2363,vont-ils
gin,5525,2363,gin
manoir,5526,2360,manoir
contrarié,5527,2359,contrarié
brody,5528,2359,brody
papi,5529,2357,papi
architecte,5530,2357,architecte architectes
procurer,5531,2357,procurer procuré procurent
assistance,5532,2356,assistance
brett,5533,2356,brett
avalé,5534,2354,avalé
pétasse,5535,2353,pétasse
see,5536,2353,see
fourmi,5537,2353,fourmis fourmi
trafiquant,5538,2353,trafiquant trafiquants
lci,5539,2352,lci
lester,5540,2352,lester
stage,5541,2352,stage stages
chaton,5542,2352,chaton chatons
tiers,5543,2351,tiers
légalement,5544,2351,légalement
planning,5545,2351,planning plannings
locataire,5546,2351,locataire locataires
aliens,5547,2350,aliens
disciple,5548,2350,disciples disciple
dwight,5549,2348,dwight
révélation,5550,2348,révélation révélations
mets-le,5551,2347,mets-le
gonna,5552,2347,gonna
volume,5553,2347,volume volumes
écureuil,5554,2346,écureuil écureuils
qg,5555,2345,qg
mikey,5556,2343,mikey
dégueu,5557,2343,dégueu
recueillir,5558,2343,recueillir recueilli recueille recueillie recueillis recueillies
billard,5559,2342,billard
allah,5560,2342,allah
rival,5561,2342,rival rivaux rivale rivales
roche,5562,2341,roche roches
marais,5563,2340,marais
conrad,5564,2340,conrad
maléfique,5565,2339,maléfique maléfiques
frotter,5566,2339,frotter frotté frottez frottes frottent
tranche,5567,2338,tranche tranches
elaine,5568,2337,elaine
klaus,5569,2336,klaus
blâme,5570,2336,blâme blâmes
transaction,5571,2336,transaction transactions
imprimer,5572,2335,imprimer imprime imprimés imprimée imprimées imprimez
fraternité,5573,2334,fraternité fraternités
campbell,5574,2333,campbell
episode,5575,2332,episode
cuba,5576,2331,cuba
sonny,5577,2331,sonny
nikki,5578,2330,nikki
sheldon,5579,2330,sheldon
marian,5580,2328,marianne marian
darrin,5581,2327,darrin
confiant,5582,2327,confiant confiante confiants
chandler,5583,2326,chandler
éveillé,5584,2325,éveillé
lola,5585,2325,lola
agenda,5586,2325,agenda agendas
intimider,5587,2325,intimider intimidé intimide intimidée intimidés
cathy,5588,2324,cathy
freddie,5589,2324,freddie
artie,5590,2324,artie
inculper,5591,2323,inculper inculpée inculpe inculpés inculpez
kathy,5592,2320,kathy
christina,5593,2320,christina
sandra,5594,2318,sandra
coût,5595,2318,coût coûts
burger,5596,2317,burger burgers
investisseur,5597,2317,investisseurs investisseur
vera,5598,2316,vera
convaincant,5599,2316,convaincant convaincante convaincants convaincantes
joyeuse,5600,2314,joyeuse
deb,5601,2314,deb
omar,5602,2314,omar
brick,5603,2312,brick
office,5604,2312,office
coopération,5605,2311,coopération
miser,5606,2310,misé miser misa misez
mi,5607,2309,mi
hayes,5608,2309,hayes
ouragan,5609,2309,ouragan ouragans
coq,5610,2309,coq coqs
bruno,5611,2308,bruno
pique-nique,5612,2307,pique-nique pique-niques
terrien,5613,2307,terriens terrien terrienne terriennes
anton,5614,2305,anton
carson,5615,2305,carson
africain,5616,2305,africain africains africaine africaines
age,5617,2304,age
boeuf,5618,2304,boeuf boeufs
développé,5619,2303,développé
attraction,5620,2303,attraction attractions
dee,5621,2302,dee
bones,5622,2301,bones
continent,5623,2301,continent continents
diminuer,5624,2301,diminue diminuer diminuent diminuée diminuera
samuel,5625,2300,samuel
teresa,5626,2300,teresa
mettez-le,5627,2299,mettez-le
initiative,5628,2299,initiative initiatives
gratitude,5629,2298,gratitude
hôtesse,5630,2297,hôtesse hôtesses
encercler,5631,2297,encerclé encerclés encercler encerclent encercle encerclée
nouille,5632,2296,nouilles nouille
prépare-toi,5633,2294,prépare-toi
waouh,5634,2294,waouh
venez-vous,5635,2293,venez-vous
camille,5636,2292,camille
burt,5637,2290,burt
vieillard,5638,2290,vieillard vieillards
bouchon,5639,2290,bouchon bouchons
indic,5640,2289,indic indics
branché,5641,2288,branché
hudson,5642,2287,hudson
jessie,5643,2286,jessie
5e,5644,2286,5e
démission,5645,2286,démission démissions
taco,5646,2286,tacos taco
ncis,5647,2283,ncis
via,5648,2283,via
spock,5649,2282,spock
schmidt,5650,2282,schmidt
arizona,5651,2281,arizona
craché,5652,2281,craché
muet,5653,2281,muet muets
aimant,5654,2281,aimant aimants
taxe,5655,2281,taxes taxe
navy,5656,2280,navy
fauché,5657,2280,fauché
inscription,5658,2280,inscription inscriptions
joel,5659,2279,joel
représentation,5660,2279,représentation représentations
murray,5661,2278,murray
foster,5662,2278,foster
philosophie,5663,2277,philosophie
er,5664,2276,er
kidnapping,5665,2276,kidnapping kidnappings
descendant,5666,2273,descendant descendants descendante
impulsion,5667,2270,impulsion impulsions
initiale,5668,2270,initiales initiale
altitude,5669,2269,altitude
foncé,5670,2269,foncé foncés foncée
morphine,5671,2268,morphine
laisse-nous,5672,2267,laisse-nous
montage,5673,2267,montage
andrea,5674,2267,andrea
hot-dog,5675,2265,hot-dog hot-dogs
gabrielle,5676,2264,gabrielle
doit-on,5677,2264,doit-on
shakespeare,5678,2264,shakespeare
pablo,5679,2263,pablo
arrive-t-il,5680,2263,arrive-t-il
ruelle,5681,2263,ruelle ruelles
embrasse-moi,5682,2262,embrasse-moi
claude,5683,2262,claude
sublime,5684,2262,sublime sublimes
nausée,5685,2262,nausée nausées
gâchis,5686,2261,gâchis
baguette,5687,2261,baguette baguettes
regarde-le,5688,2260,regarde-le
night,5689,2260,night
queen,5690,2260,queen
gwen,5691,2258,gwen
gorille,5692,2258,gorille gorilles
g.,5693,2257,g.
ver,5694,2257,ver
excusez-nous,5695,2256,excusez-nous
aspirer,5696,2256,aspire aspirer aspirent aspirez aspirés
morsure,5697,2255,morsure morsures
régulier,5698,2255,régulier réguliers régulières
alexander,5699,2254,alexander
donovan,5700,2253,donovan
aviser,5701,2252,avise avisez avisera aviser avisés avisée
beau-frère,5702,2251,beau-frère
ohio,5703,2251,ohio
karma,5704,2251,karma
municipal,5705,2251,municipal municipaux municipales
stevens,5706,2250,stevens
jeanne,5707,2250,jeanne
ego,5708,2250,ego
abus,5709,2250,abus
distraction,5710,2249,distraction distractions
recrue,5711,2249,recrues recrue
réduction,5712,2248,réduction réductions
passionnant,5713,2248,passionnant passionnante passionnantes passionnants
hills,5714,2247,hills
dirigé,5715,2247,dirigé
wes,5716,2247,wes
oz,5717,2246,oz
cerise,5718,2246,cerise cerises
rio,5719,2244,rio
régulièrement,5720,2244,régulièrement
square,5721,2244,square
alentours,5722,2244,alentours
voisinage,5723,2244,voisinage
subtil,5724,2244,subtil subtile subtiles subtils
delta,5725,2243,delta
dawn,5726,2243,dawn
cuisinier,5727,2243,cuisinier cuisiniers
guérison,5728,2242,guérison
gêné,5729,2241,gêné
optimiste,5730,2241,optimiste optimistes
clope,5731,2241,clope clopes
distorsion,5732,2240,distorsion
vérification,5733,2240,vérification vérifications
fragment,5734,2240,fragments fragment
réclame,5735,2239,réclame
consister,5736,2239,consiste consistait
tailler,5737,2239,tailler taillé taillée taillés
ring,5738,2238,ring
proximité,5739,2238,proximité
déplacement,5740,2238,déplacement déplacements
préliminaire,5741,2238,préliminaires préliminaire
scan,5742,2237,scan
cambrioler,5743,2237,cambriolé cambrioler cambriolée cambriole cambriolés
épidémie,5744,2236,épidémie épidémies
assemblée,5745,2236,assemblée assemblées
certitude,5746,2236,certitude certitudes
fourrure,5747,2236,fourrure fourrures
assisté,5748,2235,assisté
vase,5749,2235,vase vases
ressusciter,5750,2234,ressuscité ressusciter ressuscite ressuscitée ressuscitera
bac,5751,2233,bac bacs
peyton,5752,2232,peyton
mule,5753,2232,mule mules
rigolo,5754,2231,rigolo rigolos rigolote
talentueux,5755,2231,talentueux talentueuse
dinosaure,5756,2230,dinosaures dinosaure
damien,5757,2229,damien
inspecter,5758,2229,inspecter inspecté inspecte inspectez
marilyn,5759,2228,marilyn
dis-nous,5760,2228,dis-nous
chimie,5761,2228,chimie
fourni,5762,2228,fourni
enthousiasmer,5763,2228,enthousiasme enthousiasmé
fourgon,5764,2228,fourgon fourgons
osez-vous,5765,2227,osez-vous
détente,5766,2226,détente
reconstruire,5767,2226,reconstruire reconstruit reconstruite
imposteur,5768,2225,imposteur imposteurs
serait-il,5769,2224,serait-il
nolan,5770,2223,nolan
at,5771,2222,at
retrait,5772,2221,retrait retraits
lake,5773,2220,lake
spécifique,5774,2219,spécifique spécifiques
paralyser,5775,2219,paralysé paralyser paralyse paralysés
régiment,5776,2217,régiment régiments
délivrer,5777,2217,délivrer délivré délivrée délivrés délivrera
questionner,5778,2217,questionner questionné questionne questionnée questionnez
idole,5779,2215,idole idoles
néanmoins,5780,2213,néanmoins
sixième,5781,2213,sixième
viens-tu,5782,2213,viens-tu
carré,5783,2213,carré
iris,5784,2213,iris
alec,5785,2213,alec
impoli,5786,2213,impoli impolie impolis
roméo,5787,2212,roméo
cellulaire,5788,2212,cellulaire cellulaires
hangar,5789,2210,hangar hangars
recours,5790,2209,recours
composer,5791,2209,composer compose composez composent composait
hamilton,5792,2207,hamilton
régner,5793,2206,régner régnait règnent régnera régné
impuissant,5794,2205,impuissant impuissante impuissants
aggraver,5795,2205,aggraver aggrave aggravé aggravée aggravez
ex-mari,5796,2204,ex-mari
temps-ci,5797,2204,temps-ci
amusé,5798,2203,amusé
calvin,5799,2203,calvin
ohh,5800,2200,ohh
finissons-en,5801,2200,finissons-en
bulletin,5802,2200,bulletin bulletins
masquer,5803,2200,masqué masquer masqués masquée
expirer,5804,2200,expire expiré expirez expirer
abrutir,5805,2199,abrutis abrutie
jonas,5806,2198,jonas
laurie,5807,2196,laurie
affamé,5808,2195,affamé
pointé,5809,2195,pointé
ballet,5810,2195,ballet ballets
sniper,5811,2194,sniper snipers
critiquer,5812,2194,critiquer critiqué critiquez critiquent
bonus,5813,2193,bonus
préservatif,5814,2193,préservatifs préservatif
gray,5815,2191,gray
accrochez-vous,5816,2190,accrochez-vous
ete,5817,2190,ete
fosse,5818,2190,fosse fosses
révolutionnaire,5819,2189,révolutionnaire révolutionnaires
crucial,5820,2188,crucial cruciale cruciales cruciaux
assigner,5821,2188,assigné assignée assigner assignés assigne
crabe,5822,2186,crabe crabes
life,5823,2185,life
gil,5824,2184,gil
manifestement,5825,2184,manifestement
refus,5826,2184,refus
rodney,5827,2184,rodney
aspirine,5828,2184,aspirine aspirines
rampe,5829,2183,rampe rampes
paisible,5830,2183,paisible paisibles
mousse,5831,2182,mousse
nocturne,5832,2181,nocturne nocturnes
remords,5833,2180,remords
revivre,5834,2178,revivre
hart,5835,2178,hart
conspiration,5836,2177,conspiration conspirations
constante,5837,2177,constante constantes
break,5838,2176,break
réveillez-vous,5839,2176,réveillez-vous
martini,5840,2176,martini martinis
petit-ami,5841,2175,petit-ami
saboter,5842,2175,saboter saboté sabote
va-t-en,5843,2174,va-t-en
tonton,5844,2174,tonton
gelée,5845,2174,gelée
vicieux,5846,2174,vicieux vicieuse vicieuses
reportage,5847,2172,reportage reportages
extrait,5848,2172,extrait extraits
annuel,5849,2172,annuel annuelle annuels
ironie,5850,2171,ironie
way,5851,2171,way
potion,5852,2171,potion potions
terrestre,5853,2171,terrestre terrestres
gracier,5854,2171,gracie gracias gracié gracier
rogers,5855,2168,rogers
brancher,5856,2168,brancher branchés branchez branchées
chad,5857,2167,chad
erin,5858,2166,erin
ella,5859,2166,ella
k,5860,2166,k
ouvres,5861,2166,ouvres
roulant,5862,2166,roulant roulants
habituellement,5863,2165,habituellement
permanence,5864,2165,permanence
touchant,5865,2165,touchant touchante
sceller,5866,2165,scellés sceller scellée scellées scelle scellez
starfleet,5867,2164,starfleet
coulé,5868,2164,coulé
edgar,5869,2163,edgar
dorothy,5870,2162,dorothy
province,5871,2162,province provinces
mâchoire,5872,2162,mâchoire mâchoires
ecoutes,5873,2161,ecoutes
insigne,5874,2161,insigne insignes
bluffer,5875,2161,bluffe bluffer bluffes bluffez bluffé bluffais
chili,5876,2160,chili
redire,5877,2160,redire redis redit redirai
rafraîchir,5878,2158,rafraîchir rafraîchit rafraîchi rafraîchis rafraîchira
adoption,5879,2157,adoption
pressée,5880,2157,pressée
formé,5881,2156,formé
peut-elle,5882,2155,peut-elle
veut-il,5883,2155,veut-il
arbitre,5884,2155,arbitre arbitres
guise,5885,2153,guise
déterminé,5886,2153,déterminé
del,5887,2152,del
confort,5888,2152,confort
etais,5889,2151,etais
evans,5890,2149,evans
redescendre,5891,2149,redescendre redescends redescend redescendez redescendu
démontrer,5892,2148,démontrer démontré démontre démontrent
voudrais-tu,5893,2147,voudrais-tu
phoenix,5894,2147,phoenix
médium,5895,2147,médium médiums
application,5896,2147,application applications
retomber,5897,2147,retomber retombe retombera retombent
fouet,5898,2146,fouet fouets
visa,5899,2146,visa visas
am,5900,2145,am
want,5901,2145,want
convoi,5902,2145,convoi convois
miette,5903,2145,miettes miette
there,5904,2144,there
greffe,5905,2143,greffe greffes
repère,5906,2143,repère repères
est-on,5907,2142,est-on
attribuer,5908,2142,attribué attribuer attribue attribuée attribués
lenny,5909,2141,lenny
boris,5910,2140,boris
doyen,5911,2139,doyen doyenne
wc,5912,2139,wc waters
dauphin,5913,2139,dauphin dauphins dauphine
stewart,5914,2138,stewart
em,5915,2138,em
diversion,5916,2138,diversion
glaçon,5917,2138,glaçons glaçon
ignorant,5918,2137,ignorant ignorants ignorante
tourne-toi,5919,2136,tourne-toi
bec,5920,2135,bec becs
contribuer,5921,2135,contribué contribuer contribue contribuent
parano,5922,2134,parano paranos
épouvantable,5923,2134,épouvantable épouvantables
rail,5924,2131,rails rail
gars-là,5925,2130,gars-là
otto,5926,2130,otto
cote,5927,2130,cote cotes
tank,5928,2130,tank tanks
hugo,5929,2129,hugo
whoo,5930,2129,whoo
consultant,5931,2129,consultant consultants consultante
internationale,5932,2128,internationale
bilan,5933,2128,bilan bilans
conquérir,5934,2125,conquérir conquise conquiert
trancher,5935,2125,trancher tranché
tue-le,5936,2124,tue-le
cogné,5937,2124,cogné
etc.,5938,2122,etc.
let,5939,2121,let
accouchement,5940,2121,accouchement accouchements
caserne,5941,2121,caserne casernes
torse,5942,2120,torse
embuscade,5943,2120,embuscade embuscades
fournisseur,5944,2120,fournisseur fournisseurs
rendez-moi,5945,2119,rendez-moi
rusty,5946,2119,rusty
documentaire,5947,2119,documentaire documentaires
réconforter,5948,2117,réconforter réconforte réconforté réconfortée
improviser,5949,2117,improviser improvise improvisé improvisée
baltimore,5950,2116,baltimore
cody,5951,2116,cody
hans,5952,2116,hans
autel,5953,2115,autel
indépendance,5954,2114,indépendance
équipier,5955,2114,équipier équipiers équipière
eglise,5956,2113,eglise
vertige,5957,2113,vertige vertiges
ow,5958,2112,ow
alias,5959,2112,alias
chargement,5960,2112,chargement chargements
lena,5961,2110,lena
recommandation,5962,2110,recommandation recommandations
cyrus,5963,2109,cyrus
suture,5964,2109,suture sutures
martyr,5965,2109,martyr martyre martyrs
jared,5966,2107,jared
sync,5967,2106,sync
définition,5968,2106,définition définitions
avatar,5969,2106,avatar avatars
radical,5970,2106,radical radicale radicaux radicales
sida,5971,2105,sida
raconte-moi,5972,2105,raconte-moi
réglo,5973,2105,réglo réglos
précision,5974,2105,précision précisions
péril,5975,2105,péril périls
wagon,5976,2105,wagon wagons
planquer,5977,2105,planquer planqués planquée planquent planquez planquait
littérature,5978,2104,littérature
relâche,5979,2104,relâche relâches
provision,5980,2104,provisions provision
poney,5981,2104,poney poneys
sasha,5982,2103,sasha
bouquet,5983,2102,bouquet bouquets
boxeur,5984,2102,boxeur boxeurs
sonnette,5985,2101,sonnette sonnettes
servante,5986,2101,servante servantes
ellis,5987,2100,ellis
baissé,5988,2100,baissé
sermon,5989,2100,sermon sermons
regagner,5990,2100,regagner regagnez regagné regagne
bavard,5991,2100,bavard bavarde bavards
caverne,5992,2099,caverne cavernes
décennie,5993,2098,décennies décennie
express,5994,2097,express
banlieue,5995,2097,banlieue banlieues
sanctuaire,5996,2096,sanctuaire sanctuaires
corbeau,5997,2096,corbeau corbeaux
surgir,5998,2096,surgi surgit surgir surgissent
ajouté,5999,2095,ajouté
bousculer,6000,2095,bousculer bouscule bousculé bousculent bousculée bousculez
rassemblement,6001,2094,rassemblement rassemblements
robbie,6002,2093,robbie
light,6003,2093,light
parade,6004,2093,parade parades
immigration,6005,2092,immigration
they,6006,2092,they
tanner,6007,2092,tanner
fonctionnaire,6008,2091,fonctionnaire fonctionnaires
déplaire,6009,2091,déplaît déplu déplaire déplairait déplaise déplaisent
fixé,6010,2090,fixé
grandeur,6011,2089,grandeur grandeurs
prophétie,6012,2089,prophétie prophéties
convertir,6013,2089,convertir converti convertis convertie convertit
coton,6014,2088,coton
solde,6015,2088,solde soldes
mandy,6016,2086,mandy
fletcher,6017,2086,fletcher
virginia,6018,2085,virginia
angelo,6019,2085,angelo
perfection,6020,2085,perfection
requérir,6021,2085,requiert requise requises requièrent
yes,6022,2084,yes
infecter,6023,2084,infectée infecter infecte infectées
regina,6024,2083,regina
abraham,6025,2083,abraham
éponge,6026,2083,éponge éponges
lésion,6027,2083,lésions lésion
réviser,6028,2082,réviser révise révisé
opérationnel,6029,2082,opérationnel opérationnelle opérationnels opérationnelles
balayer,6030,2082,balayer balayé balaie balaye balayez balayés
percevoir,6031,2082,perçu perçois percevoir perçoit perçue perçoivent
soi-même,6032,2080,soi-même
défaire,6033,2079,défaire défais
tracer,6034,2078,tracer tracée tracés tracez
duper,6035,2078,duper dupé dupés dupée
raj,6036,2077,raj
comporte,6037,2076,comporte
hélène,6038,2076,hélène
beckett,6039,2076,beckett
tambour,6040,2076,tambour tambours
clôture,6041,2075,clôture
ari,6042,2075,ari
intégrité,6043,2075,intégrité
parage,6044,2075,parages
maddie,6045,2075,maddie
battement,6046,2075,battement battements
cliff,6047,2074,cliff
attendez-vous,6048,2074,attendez-vous
déception,6049,2074,déception déceptions
marvin,6050,2073,marvin
shelby,6051,2073,shelby
penses-y,6052,2073,penses-y
lumineux,6053,2073,lumineux lumineuse lumineuses
sourcil,6054,2072,sourcils sourcil
triche,6055,2072,triche triches
maternelle,6056,2071,maternelle maternelles
curé,6057,2071,curé curés
institution,6058,2071,institution institutions
crotte,6059,2071,crotte crottes
macgyver,6060,2070,macgyver
ridiculiser,6061,2070,ridiculiser ridiculisé ridiculise ridiculisée ridiculises
ingrat,6062,2069,ingrat ingrate ingrats
frisson,6063,2068,frissons frisson
respectable,6064,2067,respectable respectables
situé,6065,2067,situé située situés situées
ch00ffff,6066,2066,ch00ffff
exploit,6067,2066,exploits exploit
wally,6068,2065,wally
pelouse,6069,2065,pelouse pelouses
vitamine,6070,2065,vitamines vitamine
pourchasser,6071,2065,pourchasser pourchassé pourchasse pourchassent pourchassés pourchassait
enseigné,6072,2064,enseigné
gestion,6073,2064,gestion
yacht,6074,2064,yacht yachts
stupéfiant,6075,2064,stupéfiant stupéfiants stupéfiante
approprier,6076,2064,appropriée approprier appropriés appropriées approprie
keller,6077,2063,keller
arrêtez-le,6078,2063,arrêtez-le
défends,6079,2063,défends
utilisation,6080,2063,utilisation
menton,6081,2063,menton
marée,6082,2063,marée marées
collant,6083,2063,collants collant
glacé,6084,2062,glacé
hormone,6085,2062,hormones hormone
ambitieux,6086,2062,ambitieux ambitieuse
prudence,6087,2061,prudence
rancune,6088,2061,rancune rancunes
spectateur,6089,2061,spectateurs spectateur
prévenu,6090,2060,prévenue
bla,6091,2059,bla
muffin,6092,2059,muffin muffins
dessiné,6093,2058,dessiné
bassin,6094,2058,bassin bassins
citation,6095,2057,citation citations
négro,6096,2057,négro négros
éclaircir,6097,2057,éclaircir éclaircit éclairci éclaircira
mére,6098,2056,mére
pedro,6099,2056,pedro
débris,6100,2055,débris
chang,6101,2055,chang
summer,6102,2055,summer
gala,6103,2055,gala galas
hyper,6104,2054,hyper
kane,6105,2054,kane
flûte,6106,2052,flûte flûtes
buzz,6107,2051,buzz
entrainement,6108,2051,entrainement
flux,6109,2051,flux
je-je,6110,2050,je-je
sûreté,6111,2048,sûreté
averti,6112,2048,averti
june,6113,2048,june
branler,6114,2048,branler branlée branles branlé
schéma,6115,2047,schéma schémas
infliger,6116,2047,infliger infligé inflige infligée infligées
bœuf,6117,2046,bœuf
font-ils,6118,2044,font-ils
nadia,6119,2044,nadia
baptiser,6120,2044,baptisé baptiser baptise baptisée baptisés
stevie,6121,2043,stevie
kara,6122,2043,kara
noel,6123,2042,noel
mimi,6124,2042,mimi
pdg,6125,2042,pdg
burns,6126,2042,burns
télécharger,6127,2041,téléchargé télécharger télécharge téléchargée
vétéran,6128,2040,vétérans vétéran
impatiente,6129,2038,impatiente
indispensable,6130,2037,indispensable indispensables
délinquant,6131,2037,délinquants délinquant délinquante
regardez-vous,6132,2036,regardez-vous
mere,6133,2035,mere
entrepreneur,6134,2035,entrepreneur entrepreneurs
livreur,6135,2034,livreur livreurs
cure,6136,2033,cure cures
glorieux,6137,2033,glorieux glorieuse glorieuses
bush,6138,2032,bush
magnétique,6139,2031,magnétique magnétiques
proprio,6140,2030,proprio proprios
appelez-vous,6141,2029,appelez-vous
session,6142,2029,session sessions
superficiel,6143,2028,superficiel superficielle superficielles superficiels
sinistre,6144,2027,sinistre sinistres
barbare,6145,2027,barbare barbares
rouleau,6146,2026,rouleau rouleaux
qualifié,6147,2025,qualifié
intermédiaire,6148,2025,intermédiaire intermédiaires
accompagné,6149,2023,accompagné
allergie,6150,2023,allergie allergies
brune,6151,2022,brune brunes
vivian,6152,2021,vivian
lister,6153,2021,listes lister listé
lemon,6154,2020,lemon
bunker,6155,2020,bunker bunkers
épave,6156,2020,épave épaves
dog,6157,2019,dog
sanglant,6158,2019,sanglant sanglante sanglants sanglantes
trip,6159,2016,trip
hourra,6160,2016,hourra
spike,6161,2015,spike
haleine,6162,2015,haleine
chercheur,6163,2015,chercheur chercheurs chercheuse
buisson,6164,2014,buissons buisson
allongé,6165,2013,allongé
abigail,6166,2013,abigail
dodo,6167,2012,dodo
kay,6168,2012,kay
pancake,6169,2012,pancakes pancake
buffet,6170,2009,buffet
gavin,6171,2008,gavin
mo,6172,2007,mo
sondage,6173,2007,sondages sondage
três,6174,2006,três
dégagé,6175,2006,dégagé
trafiquer,6176,2006,trafiqué trafiquer trafique trafiquée trafiquait trafiques
kang,6177,2005,kang
rudy,6178,2005,rudy
homard,6179,2004,homard homards
felix,6180,2003,felix
déprimé,6181,2003,déprimé
hilarant,6182,2002,hilarant hilarante
biper,6183,2002,bipé bipe biper bipez bipée
drôlement,6184,2001,drôlement
terrorisme,6185,2001,terrorisme
métaphore,6186,2001,métaphore métaphores
faculté,6187,2001,faculté facultés
val,6188,2000,val
prédateur,6189,2000,prédateur prédateurs
fluide,6190,1998,fluide fluides
sur-le-champ,6191,1997,sur-le-champ
faisons-le,6192,1997,faisons-le
tournant,6193,1997,tournant tournante
remerciement,6194,1996,remerciements remerciement
franck,6195,1995,franck
battant,6196,1995,battant battante battants
attentif,6197,1994,attentif attentive attentifs
rico,6198,1993,rico
sherlock,6199,1993,sherlock
ingrédient,6200,1993,ingrédients ingrédient
isolement,6201,1992,isolement
liv,6202,1992,liv
tequila,6203,1992,tequila tequilas
marquis,6204,1992,marquis marquise
seringue,6205,1992,seringue seringues
dynamite,6206,1991,dynamite
atomique,6207,1991,atomique atomiques
immortel,6208,1991,immortel immortels
coussin,6209,1991,coussin coussins
gain,6210,1991,gains gain
dj,6211,1990,dj
allemande,6212,1989,allemande
fiction,6213,1989,fiction fictions
global,6214,1989,global globale
miner,6215,1989,mina minerai miné miner minas
country,6216,1988,country
prescrire,6217,1988,prescrit prescrire prescris prescrits
sylvia,6218,1987,sylvia
accidentellement,6219,1986,accidentellement
stabiliser,6220,1985,stabiliser stabilisé stabilise stabilisée stabilisez
était-elle,6221,1984,était-elle
séminaire,6222,1984,séminaire séminaires
naviguer,6223,1984,naviguer navigue navigué
blanchir,6224,1984,blanchir blanchi blanchit blanchis blanchie
imprévisible,6225,1983,imprévisible imprévisibles
squelette,6226,1983,squelette squelettes
convenu,6227,1982,convenu
photographier,6228,1982,photographier photographié photographiée photographiez
relaxer,6229,1979,relaxer relaxant relaxé relaxez
disperser,6230,1979,disperser dispersés disperse dispersées dispersez dispersée
regardez-le,6231,1978,regardez-le
simuler,6232,1978,simuler simulé simule
étincelle,6233,1977,étincelle étincelles
price,6234,1976,price
démocrate,6235,1975,démocrate démocrates
soupirer,6236,1974,soupire soupirer
pertinent,6237,1974,pertinent pertinente pertinentes pertinents
dante,6238,1973,dante
mini,6239,1973,mini
sexuellement,6240,1972,sexuellement
pope,6241,1971,pope
constitution,6242,1970,constitution
gold,6243,1970,gold
correspondant,6244,1970,correspondant correspondants correspondante
apocalypse,6245,1969,apocalypse
mercedes,6246,1968,mercedes
redevable,6247,1968,redevable redevables
accessoire,6248,1968,accessoires accessoire
chapelle,6249,1967,chapelle
jan,6250,1967,jan
débutant,6251,1967,débutant débutants débutantes
merlin,6252,1966,merlin
tapette,6253,1966,tapette tapettes
ciné,6254,1965,ciné
short,6255,1965,short shorts
affecté,6256,1964,affecté
jin,6257,1961,jin
antidote,6258,1959,antidote
clarke,6259,1959,clarke
moulin,6260,1959,moulin moulins
yard,6261,1959,yard yards
souterrain,6262,1958,souterrain souterraine souterrains souterraines
brouiller,6263,1957,brouillés brouiller brouillée brouillent brouillées
bernie,6264,1956,bernie
semestre,6265,1956,semestre semestres
denver,6266,1955,denver
prenez-le,6267,1955,prenez-le
stacy,6268,1955,stacy
judith,6269,1954,judith
leon,6270,1954,leon
brook,6271,1954,brooks brook
q,6272,1953,q
réessayer,6273,1953,réessayer réessaie réessayez réessaye
hugh,6274,1952,hugh
entrant,6275,1951,entrant entrants
laurel,6276,1950,laurel
ivy,6277,1949,ivy
doris,6278,1948,doris
bridget,6279,1948,bridget
nicholas,6280,1948,nicholas
caleçon,6281,1948,caleçon caleçons
fourchette,6282,1947,fourchette fourchettes
back,6283,1946,back
fût,6284,1946,fût fûts
cadet,6285,1946,cadet cadets
employeur,6286,1944,employeur employeurs
saignement,6287,1943,saignement saignements
cv,6288,1942,cv
chi,6289,1942,chi
stagiaire,6290,1941,stagiaire stagiaires
débattre,6291,1940,débattre débattu débattue débattait
vagabond,6292,1940,vagabond vagabonds vagabonde
apaiser,6293,1939,apaiser apaise apaisé apaisera apaisée
tremble,6294,1938,tremble
murmure,6295,1938,murmure murmures
redonner,6296,1938,redonner redonne redonné
scully,6297,1936,scully
sirop,6298,1936,sirop
thon,6299,1936,thon thons
polonais,6300,1936,polonais polonaise
end,6301,1935,end
renonce,6302,1934,renonce
secte,6303,1934,secte sectes
envoi,6304,1934,envoi envois
alerter,6305,1934,alerter alerté alertez alertés
conséquent,6306,1933,conséquent
récolter,6307,1933,récolter récolté récoltent
faufiler,6308,1933,faufiler faufilé faufile faufilée
coureur,6309,1931,coureur coureurs coureuse
pansement,6310,1931,pansement pansements
collectif,6311,1930,collectif collective
tousser,6312,1930,tousse tousser toussez toussé
projeter,6313,1930,projette projeter projettent projetait projetée projetés
marijuana,6314,1928,marijuana
evelyn,6315,1928,evelyn
définitif,6316,1928,définitif définitive
largement,6317,1927,largement
chauve-souris,6318,1927,chauve-souris chauves-souris
conception,6319,1925,conception conceptions
étagère,6320,1925,étagère étagères
bataillon,6321,1924,bataillon bataillons
raccourci,6322,1924,raccourci raccourcis
boulette,6323,1924,boulettes boulette
universitaire,6324,1923,universitaire universitaires
hippie,6325,1923,hippie hippies
nuque,6326,1922,nuque
complication,6327,1922,complications complication
here,6328,1921,here
jefferson,6329,1921,jefferson
triomphe,6330,1921,triomphe triomphes
tuteur,6331,1920,tuteur tutrice tuteurs
opérateur,6332,1920,opérateur opératrice opérateurs
préfèrerais,6333,1919,préfèrerais
fortement,6334,1919,fortement
aligner,6335,1919,aligner alignés aligne aligné alignées alignent
gravement,6336,1918,gravement
trad,6337,1918,trad
enseignement,6338,1918,enseignement enseignements
découper,6339,1918,découper découpée découpés
déguisement,6340,1918,déguisement déguisements
ringard,6341,1918,ringard ringards ringarde
masser,6342,1918,masses masser
coque,6343,1917,coque coques
master,6344,1917,masters master
devrions-nous,6345,1916,devrions-nous
mexico,6346,1915,mexico
cruz,6347,1914,cruz
gâchette,6348,1913,gâchette
brèche,6349,1913,brèche brèches
détonateur,6350,1913,détonateur détonateurs
enjeu,6351,1913,enjeu enjeux
minou,6352,1912,minou minous
lucky,6353,1911,lucky
ramassé,6354,1911,ramassé
mouchard,6355,1911,mouchard mouchards moucharde
occupation,6356,1911,occupation occupations
lin,6357,1910,lin
petit-enfant,6358,1910,petits-enfants petit-enfant
sang-froid,6359,1909,sang-froid
dance,6360,1909,dance
crédible,6361,1909,crédible crédibles
apollo,6362,1907,apollo
dexter,6363,1907,dexter
notion,6364,1907,notion notions
escorter,6365,1907,escorter escorté escortez escortera escortée
compétent,6366,1907,compétent compétente compétents compétentes
phillip,6367,1906,phillip
milo,6368,1906,milo
donnez-nous,6369,1906,donnez-nous
végétarien,6370,1906,végétarien végétarienne végétariens
weekend,6371,1905,weekend
attrapez-le,6372,1905,attrapez-le
wall,6373,1905,wall
virage,6374,1905,virage virages
paresseux,6375,1905,paresseux paresseuse
statistique,6376,1905,statistiques statistique
récit,6377,1904,récit récits
coloc,6378,1903,coloc
bavarder,6379,1903,bavarder bavardé
pou,6380,1901,poux pou
éclaté,6381,1900,éclaté
beurk,6382,1900,beurk
millionnaire,6383,1900,millionnaire millionnaires
oie,6384,1900,oie oies
carlton,6385,1899,carlton
sofia,6386,1899,sofia
humiliation,6387,1899,humiliation humiliations
commencement,6388,1898,commencement
callie,6389,1898,callie
lynn,6390,1897,lynn
effraie,6391,1897,effraie
pitoyable,6392,1897,pitoyable pitoyables
cerf,6393,1897,cerf cerfs
surpasser,6394,1897,surpasser surpasse surpassé surpassée surpassent
petite-fille,6395,1896,petite-fille
roulette,6396,1896,roulettes roulette
sophia,6397,1895,sophia
discrètement,6398,1895,discrètement
aidez-nous,6399,1894,aidez-nous
soutien-gorge,6400,1894,soutien-gorge soutiens-gorge soutifs
puisqu,6401,1891,puisqu
ward,6402,1891,ward
laissez-les,6403,1891,laissez-les
suédois,6404,1891,suédois suédoise suédoises
écurie,6405,1891,écurie écuries
erik,6406,1889,erik
camping,6407,1888,camping
simone,6408,1888,simone
crue,6409,1887,crue crues
camper,6410,1887,camper campe campent campait
contexte,6411,1886,contexte
moon,6412,1885,moon
cynthia,6413,1885,cynthia
faucon,6414,1885,faucon faucons
sadie,6415,1884,sadie
milan,6416,1884,milan
sucrer,6417,1884,sucré sucrée sucrés sucrées
ruser,6418,1884,rusé rusée rusés ruser
nicolas,6419,1883,nicolas
alimenter,6420,1883,alimenter alimente alimenté alimentée alimentent
immatriculation,6421,1882,immatriculation immatriculations
consultation,6422,1882,consultation consultations
primitif,6423,1882,primitif primitive primitifs primitives
revenant,6424,1881,revenant revenants
tampon,6425,1881,tampon tampons
devons-nous,6426,1880,devons-nous
willy,6427,1880,willy
pair,6428,1878,pair pairs
puant,6429,1878,puant puante puants puantes
jedi,6430,1877,jedi
truquer,6431,1877,truqué truquer truquée truquées truqués
lizzie,6432,1876,lizzie
pet,6433,1876,pet pets
implant,6434,1876,implants implant
indienne,6435,1875,indienne
décent,6436,1875,décent décente décents
suzanne,6437,1873,suzanne
reflet,6438,1873,reflet reflets
sente,6439,1872,sente
percy,6440,1872,percy
excès,6441,1872,excès
perturbation,6442,1872,perturbation perturbations
lézard,6443,1871,lézard lézards
high,6444,1870,high
orphelinat,6445,1870,orphelinat
pois,6446,1870,pois
dédier,6447,1870,dédié dédiée dédier dédie
infecté,6448,1869,infecté
aboyer,6449,1869,aboie aboyer aboient aboyé aboyait
contribution,6450,1868,contribution contributions
copier,6451,1868,copier copié copiez
susie,6452,1867,susie
croissance,6453,1867,croissance
évanoui,6454,1867,évanoui
quelquefois,6455,1867,quelquefois
saisie,6456,1867,saisie saisies
pearl,6457,1866,pearl
laisse-les,6458,1865,laisse-les
rédacteur,6459,1865,rédacteur rédactrice rédacteurs
pâques,6460,1864,pâques
canyon,6461,1864,canyon canyons
querelle,6462,1864,querelle querelles
baver,6463,1864,baver bavé bavent
servez-vous,6464,1863,servez-vous
inquiétant,6465,1863,inquiétant inquiétante inquiétantes
invincible,6466,1862,invincible invincibles
parapluie,6467,1861,parapluie parapluies
résistant,6468,1861,résistant résistants résistante résistantes
confisquer,6469,1861,confisqué confisquer confisque confisqués confisquée
écharpe,6470,1860,écharpe écharpes
globe,6471,1860,globe globes
crêpe,6472,1860,crêpes crêpe
est-ce-que,6473,1859,est-ce-que
trinquer,6474,1859,trinquons trinquer trinque
josé,6475,1858,josé
extraire,6476,1858,extraire extraite
pétard,6477,1858,pétard pétards
projecteur,6478,1858,projecteurs projecteur
tournez-vous,6479,1857,tournez-vous
infidèle,6480,1857,infidèle infidèles
déprimer,6481,1857,déprimée déprimer déprimés déprimes
yale,6482,1856,yale
men,6483,1856,men
psychologie,6484,1855,psychologie
martiner,6485,1855,martinez martine
flotter,6486,1855,flotter flottent flottait flottes flottaient
compréhension,6487,1854,compréhension
nsa,6488,1854,nsa
di,6489,1854,di
embauche,6490,1854,embauche embauches
aiguiller,6491,1853,aiguilles
prétentieux,6492,1853,prétentieux prétentieuse
joyce,6493,1852,joyce
éduquer,6494,1852,éduquer éduqué éduquée éduqués éduque
becca,6495,1850,becca
contourner,6496,1850,contourner contourne
antiquité,6497,1850,antiquités antiquité
discrétion,6498,1849,discrétion
verrou,6499,1849,verrou verrous
rive,6500,1848,rive rives
arroser,6501,1848,arroser arrose arrosée arrosez
insignifiant,6502,1848,insignifiant insignifiante insignifiants insignifiantes
cognac,6503,1847,cognac
étonné,6504,1847,étonné
gaber,6505,1847,gabe
sédatif,6506,1847,sédatif sédatifs
prétendant,6507,1846,prétendant prétendants
post,6508,1845,post
percuter,6509,1845,percuté percuter percute percutée
cultiver,6510,1845,cultiver cultive cultivée cultivés cultivent
connasse,6511,1844,connasse connasses
luther,6512,1843,luther
tentant,6513,1843,tentant tentante
foin,6514,1842,foin foins
blues,6515,1841,blues
lavage,6516,1841,lavage
vicki,6517,1841,vicki
clone,6518,1841,clone clones
hi,6519,1840,hi
culturel,6520,1840,culturel culturelle culturelles culturels
robinson,6521,1839,robinson
malik,6522,1839,malik
parachuter,6523,1839,parachute parachutes
secourir,6524,1839,secourir secouru secourue secourus
adrénaline,6525,1838,adrénaline
ironique,6526,1838,ironique
communiqué,6527,1838,communiqué communiqués
plonge,6528,1837,plonge
climat,6529,1836,climat climats
harmonie,6530,1836,harmonie harmonies
isabel,6531,1834,isabel
vortex,6532,1834,vortex
chorale,6533,1834,chorale chorales
protester,6534,1834,protester proteste protesté protestent
culte,6535,1833,culte cultes
marrer,6536,1833,marrer marré marres marrés
enthousiaste,6537,1832,enthousiaste enthousiastes
carreau,6538,1832,carreau carreaux
scoop,6539,1831,scoop scoops
convenable,6540,1831,convenable convenables
tirée,6541,1829,tirée
fais-toi,6542,1829,fais-toi
goûté,6543,1829,goûté
side,6544,1829,side
ouf,6545,1829,ouf
toutefois,6546,1828,toutefois
localisation,6547,1828,localisation
garrett,6548,1828,garrett
rôti,6549,1827,rôti rôtis
rhum,6550,1826,rhum
débarqué,6551,1825,débarqué
wesley,6552,1825,wesley
sentence,6553,1825,sentence sentences
sers-toi,6554,1824,sers-toi
salutation,6555,1824,salutations salutation
itinéraire,6556,1824,itinéraire itinéraires
mauviette,6557,1824,mauviette mauviettes
flot,6558,1824,flot flots
après-demain,6559,1823,après-demain
rouiller,6560,1823,rouillé rouillée rouiller rouillés rouillées
cheryl,6561,1822,cheryl
égarer,6562,1822,égarée égare égarer égarés égarées
potter,6563,1821,potter
merdier,6564,1821,merdier
occidental,6565,1821,occidentale occidental occidentaux occidentales
brady,6566,1820,brady
gilbert,6567,1820,gilbert
tailleur,6568,1820,tailleur tailleurs
nouvelle-orléans,6569,1819,nouvelle-orléans
distribution,6570,1818,distribution
librairie,6571,1817,librairie librairies
plombier,6572,1817,plombier plombiers
poussin,6573,1817,poussin poussins
intestin,6574,1817,intestins intestin
weaver,6575,1816,weaver
plongée,6576,1816,plongée
téton,6577,1816,tétons téton
meurtrière,6578,1815,meurtrière
orgasme,6579,1815,orgasme orgasmes
vaurien,6580,1815,vaurien vauriens
dorer,6581,1815,dora dorés dorées dorer
pr,6582,1814,pr
sdf,6583,1814,sdf
deuxièmement,6584,1812,deuxièmement
alexis,6585,1812,alexis
fitz,6586,1812,fitz
mercenaire,6587,1812,mercenaires mercenaire
carbone,6588,1811,carbone
dit-il,6589,1811,dit-il
fi,6590,1811,fi
rush,6591,1811,rush rushes
clinton,6592,1810,clinton
chelsea,6593,1810,chelsea
shepherd,6594,1809,shepherd
einstein,6595,1809,einstein
barb,6596,1809,barb
module,6597,1809,module modules
ava,6598,1808,ava
fidélité,6599,1808,fidélité
gamme,6600,1808,gamme gammes
cordon,6601,1808,cordon cordons
permanent,6602,1807,permanent permanents
bourreau,6603,1807,bourreau bourreaux
comédien,6604,1807,comédien comédiens comédienne
zoé,6605,1806,zoé
audacieux,6606,1806,audacieux audacieuse
pingouin,6607,1806,pingouin pingouins
gail,6608,1805,gail
réconfort,6609,1805,réconfort
satisfaction,6610,1803,satisfaction
connais-tu,6611,1802,connais-tu
appui,6612,1802,appui appuis
projection,6613,1801,projection projections
olympique,6614,1801,olympique olympiques
butin,6615,1800,butin
maniaque,6616,1800,maniaque maniaques
bouffon,6617,1800,bouffon bouffons
détendu,6618,1800,détendu détendue détendus
tatouer,6619,1800,tatoué tatouer tatouée tatoués
concurrence,6620,1799,concurrence
céleste,6621,1799,céleste célestes
titan,6622,1799,titan titans
atlanta,6623,1798,atlanta
signification,6624,1798,signification
fait-elle,6625,1798,fait-elle
réflexe,6626,1798,réflexe réflexes
dépit,6627,1797,dépit
from,6628,1797,from
nonne,6629,1797,nonne nonnes
timbre,6630,1797,timbres timbre
douane,6631,1797,douane douanes
spa,6632,1796,spa
immobile,6633,1796,immobile immobiles
burton,6634,1795,burton
déguisé,6635,1795,déguisé
news,6636,1793,news
volcan,6637,1793,volcan volcans
spaghetti,6638,1793,spaghettis spaghetti
pentagone,6639,1792,pentagone
ninja,6640,1792,ninja
forteresse,6641,1791,forteresse
tentation,6642,1791,tentation tentations
prononce,6643,1790,prononce
mentor,6644,1790,mentor mentors
moniteur,6645,1790,moniteur moniteurs
pyramide,6646,1790,pyramide pyramides
cartouche,6647,1790,cartouches cartouche
more,6648,1789,more
saumon,6649,1789,saumon saumons
cargo,6650,1789,cargo cargos
infraction,6651,1785,infraction infractions
baxter,6652,1784,baxter
pion,6653,1784,pion pions
gelé,6654,1783,gelé
librement,6655,1782,librement
chaleureux,6656,1780,chaleureux chaleureuse
confiture,6657,1779,confiture confitures
addison,6658,1778,addison
prometteur,6659,1778,prometteur prometteuse prometteurs
propager,6660,1778,propage propager propagé propagent propagée
mijoter,6661,1778,mijote mijotes mijoter mijotez mijotent mijoté
american,6662,1777,american
demandez-lui,6663,1777,demandez-lui
sanchez,6664,1777,sanchez
jardinier,6665,1777,jardinier jardiniers
nasa,6666,1776,nasa
peluche,6667,1776,peluche peluches
démasquer,6668,1775,démasqué démasquer démasquée démasqués démasque
déployer,6669,1775,déployer déploie déployez déployés déployée déployées
commode,6670,1774,commode
tammy,6671,1774,tammy
crystal,6672,1773,crystal
make,6673,1773,make
chauffage,6674,1773,chauffage
merdeux,6675,1773,merdeux
couvent,6676,1773,couvent
irresponsable,6677,1772,irresponsable irresponsables
neutre,6678,1772,neutre neutres
diffusion,6679,1771,diffusion
cross,6680,1771,cross
whitney,6681,1771,whitney
filtre,6682,1771,filtre filtres
exagéré,6683,1770,exagéré
nœud,6684,1770,nœud
hm,6685,1769,hm
permanente,6686,1769,permanente permanentes
sélection,6687,1769,sélection sélections
culpabiliser,6688,1769,culpabiliser culpabilise culpabilises culpabilisez
prends-en,6689,1768,prends-en
lâche-le,6690,1768,lâche-le
consoler,6691,1768,consoler consolé
atteinte,6692,1768,atteinte atteintes
méprendre,6693,1768,méprenez méprends méprendre
carlo,6694,1767,carlo
étroit,6695,1767,étroit étroits étroites
caser,6696,1767,caser casa casé
applique,6697,1766,applique
conjugal,6698,1766,conjugale conjugal conjugales conjugaux
ouaip,6699,1765,ouaip
patricia,6700,1765,patricia
ià,6701,1765,ià
psychologue,6702,1765,psychologue psychologues
coulisse,6703,1765,coulisses coulisse
imminent,6704,1765,imminente imminent
won,6705,1764,won
f.b.i.,6706,1764,f.b.i.
bourrée,6707,1764,bourrée
impatience,6708,1763,impatience
alexandre,6709,1762,alexandre
scie,6710,1762,scie scies
candidature,6711,1762,candidature candidatures
espionnage,6712,1761,espionnage
calmement,6713,1760,calmement
mécanisme,6714,1760,mécanisme mécanismes
sentier,6715,1760,sentier sentiers
hacker,6716,1759,hacker hackers
jai,6717,1758,jai
aviez-vous,6718,1758,aviez-vous
terminale,6719,1758,terminale terminales
étendue,6720,1757,étendue étendues
lori,6721,1756,lori
loterie,6722,1756,loterie
probabilité,6723,1756,probabilité probabilités
gates,6724,1755,gates
intensif,6725,1755,intensifs intensif intensive
toux,6726,1754,toux
portland,6727,1754,portland
par-là,6728,1754,par-là
finch,6729,1754,finch
jasper,6730,1754,jasper
fourrer,6731,1754,fourrer fourrés fourres
savant,6732,1754,savant savants
take,6733,1753,take
majeure,6734,1753,majeure
recul,6735,1753,recul
teint,6736,1753,teint teints
veau,6737,1753,veau veaux
monstrueux,6738,1752,monstrueux monstrueuse monstrueuses
archie,6739,1751,archie
inacceptable,6740,1751,inacceptable inacceptables
antibiotique,6741,1751,antibiotiques antibiotique
dortoir,6742,1751,dortoir dortoirs
kidnappeur,6743,1751,kidnappeur kidnappeurs
stu,6744,1750,stu
trêve,6745,1750,trêve
sympathie,6746,1750,sympathie sympathies
contagieux,6747,1750,contagieux contagieuse
tate,6748,1749,tate
cubain,6749,1749,cubains cubain cubaine
lignée,6750,1747,lignée
féroce,6751,1747,féroce féroces
odieux,6752,1745,odieux odieuse
rich,6753,1744,rich
générosité,6754,1744,générosité
sifflet,6755,1744,sifflet sifflets
désobéir,6756,1744,désobéi désobéir désobéis désobéit
führer,6757,1743,führer
détour,6758,1743,détour détours
manifester,6759,1743,manifester manifesté manifestent manifestes
cahier,6760,1742,cahier cahiers
briggs,6761,1740,briggs
principalement,6762,1740,principalement
amelia,6763,1740,amelia
sherman,6764,1739,sherman
ordi,6765,1738,ordi
sal,6766,1738,sal
déprimant,6767,1738,déprimant déprimante
meute,6768,1737,meute
colorado,6769,1737,colorado
obligatoire,6770,1737,obligatoire obligatoires
toubib,6771,1736,toubib toubibs
pin,6772,1736,pin pins
œuvres,6773,1735,œuvres
rangée,6774,1735,rangée rangées
ému,6775,1735,ému émue émus
lycéen,6776,1735,lycéens lycéen lycéenne lycéennes
debra,6777,1734,debra
dong,6778,1732,dong
mélodie,6779,1732,mélodie mélodies
how,6780,1731,how
légendaire,6781,1731,légendaire légendaires
naval,6782,1731,navale naval navales navals
terrasse,6783,1730,terrasse
cavalerie,6784,1730,cavalerie
indigne,6785,1730,indigne indignes
restaurer,6786,1730,restaurer restauré restaure restaurée
menthe,6787,1729,menthe
préfet,6788,1729,préfet
holt,6789,1728,holt
vermine,6790,1728,vermine vermines
corvée,6791,1728,corvée corvées
terroriser,6792,1728,terrorisé terrorisée terroriser terrorise terrorisés
absorber,6793,1727,absorber absorbe absorbée absorbent absorbés
bradley,6794,1725,bradley
capture,6795,1725,capture
bourrer,6796,1725,bourrés bourrer bourrées
lacey,6797,1724,lacey
bates,6798,1724,bates
franchise,6799,1723,franchise franchises
vitrine,6800,1723,vitrine vitrines
matos,6801,1722,matos
injustice,6802,1721,injustice injustices
arnaquer,6803,1721,arnaquer arnaqué arnaqués
faisons-nous,6804,1719,faisons-nous
new-york,6805,1719,new-york
appelles-tu,6806,1719,appelles-tu
peigne,6807,1719,peigne peignes
désaccord,6808,1719,désaccord désaccords
résolution,6809,1718,résolution résolutions
dialogue,6810,1718,dialogue dialogues
revendre,6811,1718,revendre revendu revend revends
bella,6812,1717,bella
pauvreté,6813,1717,pauvreté
harriet,6814,1717,harriet
shannon,6815,1717,shannon
injecter,6816,1717,injecter injecte injectée injectés injectez
bourbon,6817,1716,bourbon
entrevue,6818,1716,entrevue entrevues
cuisinière,6819,1714,cuisinière
bien-être,6820,1714,bien-être
say,6821,1713,say
préférable,6822,1713,préférable
épargne,6823,1713,épargne épargnes
wong,6824,1712,wong
là-dessous,6825,1712,là-dessous
bouc,6826,1712,bouc boucs
désintox,6827,1711,désintox
clin,6828,1711,clin clins
poteau,6829,1711,poteau poteaux
pincer,6830,1711,pincer pincé pinçait
débrancher,6831,1711,débrancher débranché débranche débranchez débranchée
héro,6832,1710,héro
tuez-le,6833,1710,tuez-le
arche,6834,1710,arche arches
parallèle,6835,1709,parallèle parallèles
trempé,6836,1708,trempé
woody,6837,1708,woody
tete,6838,1708,tete
diplomatique,6839,1707,diplomatique diplomatiques
activé,6840,1706,activé
utilité,6841,1706,utilité
jeep,6842,1706,jeep jeeps
spectaculaire,6843,1706,spectaculaire spectaculaires
tornade,6844,1706,tornade tornades
ally,6845,1704,ally
saul,6846,1704,saul
pavillon,6847,1704,pavillon pavillons
maltraiter,6848,1704,maltraité maltraiter maltraitée maltraite maltraités maltraitait
essuyer,6849,1703,essuyer essuyé essuyez
excitation,6850,1702,excitation
fondu,6851,1702,fondu fondus
décollage,6852,1701,décollage
valley,6853,1701,valley
exotique,6854,1701,exotique exotiques
asie,6855,1700,asie
dot,6856,1700,dot
montréal,6857,1700,montréal
strip-teaseuse,6858,1700,strip-teaseuse strip-teaseuses
respiratoire,6859,1700,respiratoire respiratoires
quarante,6860,1699,quarante
vicky,6861,1699,vicky
froc,6862,1698,froc
implication,6863,1698,implication implications
bombarder,6864,1698,bombarder bombardé bombardée bombardés bombardent
berceau,6865,1697,berceau
powell,6866,1696,powell
gregory,6867,1696,gregory
glen,6868,1696,glen
chalet,6869,1696,chalet
manuscrit,6870,1696,manuscrit manuscrits
heart,6871,1695,heart
rainer,6872,1695,raines raina rainer raine
danielle,6873,1694,danielle
bert,6874,1694,bert
k.,6875,1693,k.
francine,6876,1693,francine
bander,6877,1693,bander bandés
vaughn,6878,1692,vaughn
réconcilier,6879,1692,réconcilier réconciliés réconcilie réconcilié
napoléon,6880,1691,napoléon
cohen,6881,1691,cohen
z,6882,1691,z
gramme,6883,1691,grammes gramme
roland,6884,1689,roland
ernie,6885,1688,ernie
décapiter,6886,1688,décapité décapiter décapitée décapités décapite
jadis,6887,1687,jadis
reposez-vous,6888,1687,reposez-vous
élan,6889,1687,élan élans
chronique,6890,1687,chronique chroniques
vétérinaire,6891,1686,vétérinaire vétérinaires
malle,6892,1686,malle malles
visé,6893,1686,visé visés visées
mathématique,6894,1686,mathématiques mathématique
couverte,6895,1685,couverte
écartez-vous,6896,1685,écartez-vous
désespérément,6897,1685,désespérément
impeccable,6898,1685,impeccable impeccables
implorer,6899,1685,implore implorer implorons imploré
wang,6900,1684,wang
tue-moi,6901,1684,tue-moi
dément,6902,1684,dément déments
crawford,6903,1682,crawford
volontairement,6904,1682,volontairement
contraindre,6905,1682,contraint contraindre contraints
gotham,6906,1681,gotham
faisiez-vous,6907,1681,faisiez-vous
galère,6908,1681,galère galères
cascade,6909,1681,cascade cascades
morveux,6910,1680,morveux morveuse
insensible,6911,1679,insensible insensibles
montgomery,6912,1678,montgomery
party,6913,1678,party
scorpion,6914,1678,scorpion scorpions
design,6915,1677,design designs
embrouiller,6916,1677,embrouiller embrouilles embrouillée
corporel,6917,1677,corporelle corporel corporels corporelles
interprète,6918,1676,interprète interprètes
égratignure,6919,1676,égratignure égratignures
24h,6920,1675,24h
irlande,6921,1675,irlande
bd,6922,1675,bd
esclavage,6923,1674,esclavage
cire,6924,1674,cire
yep,6925,1674,yep
batteur,6926,1674,batteur batteurs
zero,6927,1673,zero
humiliant,6928,1673,humiliant humiliante
stup,6929,1671,stups stup
klaxon,6930,1671,klaxon klaxons
jours-ci,6931,1669,jours-ci
coquille,6932,1669,coquille coquilles
banks,6933,1667,banks
venise,6934,1667,venise
bouddha,6935,1666,bouddha
canot,6936,1666,canot canots
mépris,6937,1665,mépris
peterson,6938,1665,peterson
gideon,6939,1664,gideon
grade,6940,1664,grade grades
coffre-fort,6941,1664,coffre-fort coffres-forts
dissimuler,6942,1664,dissimuler dissimule dissimulée dissimulés
concret,6943,1664,concret concrète concrètes concrets
agrandir,6944,1664,agrandir agrandit agrandis agrandissez agrandie
licencier,6945,1664,licencié licencier licenciée licenciés
lionel,6946,1663,lionel
emmène-moi,6947,1663,emmène-moi
lueur,6948,1663,lueur lueurs
conservateur,6949,1663,conservateur conservateurs conservatrice
pécheur,6950,1663,pécheurs pécheur pécheresse
intrusion,6951,1661,intrusion
goa',6952,1661,goa'
ahh,6953,1661,ahh
reçu,6954,1661,reçue reçues
scandaleux,6955,1660,scandaleux scandaleuse scandaleuses
évier,6956,1658,évier
county,6957,1658,county
helena,6958,1658,helena
ménager,6959,1658,ménager ménagère ménagères ménagers
expédier,6960,1658,expédier expédié expédie expédiés expédiée
daniels,6961,1657,daniels
mills,6962,1657,mills
rabbin,6963,1657,rabbin rabbins
triangle,6964,1657,triangle triangles
négliger,6965,1657,négliger négligée néglige négligeant négligez négligés
tenant,6966,1656,tenant
médoc,6967,1656,médocs médoc
norme,6968,1656,normes norme
tranchée,6969,1656,tranchée tranchées
herr,6970,1655,herr
tiens-moi,6971,1655,tiens-moi
maquiller,6972,1655,maquiller maquillé maquillée
sonia,6973,1654,sonia
millie,6974,1654,millie
résidu,6975,1654,résidus résidu
observateur,6976,1654,observateur observateurs observatrice
indiqué,6977,1653,indiqué
allusion,6978,1653,allusion allusions
numérique,6979,1650,numérique numériques
patriote,6980,1650,patriote patriotes
stp,6981,1649,stp
procédé,6982,1649,procédé procédés
trish,6983,1648,trish
lard,6984,1648,lard
sidney,6985,1647,sidney
brien,6986,1646,brien
opposition,6987,1645,opposition
brendan,6988,1645,brendan
springfield,6989,1644,springfield
bio,6990,1644,bio bios
raisonner,6991,1644,raisonner raisonne raisonné
approché,6992,1643,approché
riposter,6993,1643,riposter riposte riposté ripostez
sherry,6994,1642,sherry
vega,6995,1642,vega
fanny,6996,1641,fanny
ignoble,6997,1641,ignoble ignobles
surnommer,6998,1641,surnommé surnomme surnommée surnommait
joshua,6999,1639,joshua
fréquent,7000,1639,fréquent fréquentes fréquents
tout-puissant,7001,1638,tout-puissant
châtiment,7002,1638,châtiment châtiments
barbie,7003,1637,barbie
caresse,7004,1637,caresse caresses
mack,7005,1636,mack
bull,7006,1636,bull bulls
attentionné,7007,1636,attentionné attentionnée attentionnés
moelle,7008,1635,moelle
anxieux,7009,1635,anxieux anxieuse
somnifère,7010,1635,somnifères somnifère
traque,7011,1634,traque
bactérie,7012,1634,bactéries bactérie
affaiblir,7013,1634,affaiblit affaiblir affaiblis affaiblie affaiblissent
allié,7014,1633,allié
never,7015,1633,never
lancée,7016,1633,lancée lancées
susceptible,7017,1633,susceptible susceptibles
surnaturel,7018,1633,surnaturel surnaturelle surnaturels surnaturelles
dinozzo,7019,1632,dinozzo
shh,7020,1632,shh
veinard,7021,1632,veinard veinarde veinards
ramper,7022,1631,ramper rampé rampent
craque,7023,1630,craque
tendue,7024,1630,tendue
comble,7025,1630,comble
formalité,7026,1630,formalité formalités
excessif,7027,1630,excessive excessif
sceau,7028,1629,sceau sceaux
courtoisie,7029,1628,courtoisie
queens,7030,1626,queens
planer,7031,1626,planer planes planait plané planant planais
sutton,7032,1625,sutton
vibration,7033,1625,vibrations vibration
andouille,7034,1624,andouille andouilles
concession,7035,1624,concession concessions
oups,7036,1623,oups
briquet,7037,1623,briquet
timmy,7038,1623,timmy
dormant,7039,1623,dormant dormants
kenneth,7040,1622,kenneth
songe,7041,1622,songe songes
gémir,7042,1622,gémit gémir gémis
old,7043,1621,old
acceptable,7044,1621,acceptable acceptables
esther,7045,1620,esther
blog,7046,1620,blog
ouh,7047,1620,ouh
mi-temps,7048,1619,mi-temps
paranoïaque,7049,1619,paranoïaque paranoïaques
quentin,7050,1618,quentin
p',7051,1618,p'
gibson,7052,1618,gibson
centre-ville,7053,1618,centre-ville
préférence,7054,1618,préférence préférences
sérum,7055,1617,sérum
financière,7056,1616,financière
tyran,7057,1613,tyran tyrans
béguin,7058,1611,béguin
clos,7059,1611,clos closes
a2,7060,1610,a2
hystérique,7061,1610,hystérique hystériques
avorter,7062,1610,avorter avorté avorte
menaçant,7063,1610,menaçant menaçante menaçants
aurais-tu,7064,1609,aurais-tu
tarif,7065,1609,tarif tarifs
blouse,7066,1608,blouse blouses
loisir,7067,1608,loisirs loisir
télécommande,7068,1607,télécommande
spectre,7069,1607,spectre spectres
branleur,7070,1607,branleur branleurs
supposition,7071,1607,supposition suppositions
approuvé,7072,1605,approuvé
impitoyable,7073,1605,impitoyable impitoyables
trébucher,7074,1605,trébuché trébucher trébuche
admirateur,7075,1605,admirateur admirateurs admiratrice
pom-pom,7076,1604,pom-pom
équitable,7077,1604,équitable
pôle,7078,1604,pôle pôles
raid,7079,1604,raid raids
haut-parleur,7080,1604,haut-parleur haut-parleurs
jade,7081,1603,jade
avortement,7082,1603,avortement avortements
flacon,7083,1603,flacon flacons
offense,7084,1603,offense offenses
admission,7085,1603,admission admissions
refiler,7086,1603,refilé refiler refile
hyde,7087,1601,hyde
inventaire,7088,1600,inventaire
affirmatif,7089,1599,affirmatif
janice,7090,1599,janice
junkie,7091,1598,junkie junkies
animer,7092,1598,animés animer animée animées
orgueil,7093,1597,orgueil
stellaire,7094,1597,stellaire stellaires
évêque,7095,1597,évêque évêques
robinet,7096,1597,robinet robinets
automobile,7097,1597,automobile automobiles
artillerie,7098,1596,artillerie
gymnase,7099,1596,gymnase
trainer,7100,1595,trainer
épice,7101,1595,épices épice
douteux,7102,1595,douteux douteuse douteuses
chuter,7103,1595,chuté chuter chutent
constituer,7104,1595,constitue constituer constituent constituée
amendement,7105,1594,amendement
salive,7106,1593,salive
kat,7107,1593,kat
simmons,7108,1593,simmons
suicidaire,7109,1593,suicidaire suicidaires
cuivre,7110,1592,cuivre
hughes,7111,1592,hughes
villageois,7112,1590,villageois
noyau,7113,1590,noyau noyaux
maintien,7114,1590,maintiens maintien
invoquer,7115,1590,invoquer invoque invoqué
ralenti,7116,1589,ralenti
couture,7117,1589,couture coutures
ouvrent,7118,1588,ouvrent
poignard,7119,1588,poignard poignards
simulation,7120,1588,simulation simulations
légion,7121,1588,légion légions
lentille,7122,1588,lentilles lentille
eleanor,7123,1587,eleanor
song,7124,1586,song
non.,7125,1585,non.
prélever,7126,1585,prélever prélevé prélève prélevés
ugh,7127,1584,ugh
duchesse,7128,1584,duchesse
choi,7129,1584,choi
clouer,7130,1584,cloué clouer cloue clouée cloués
gigantesque,7131,1583,gigantesque gigantesques
tablette,7132,1583,tablette tablettes
funèbre,7133,1583,funèbres funèbre
scénariste,7134,1582,scénariste scénaristes
niquer,7135,1582,niquer niqué niquée
collaborer,7136,1582,collaborer collabore collaboré collaborez
barré,7137,1581,barré
limité,7138,1581,limité
torres,7139,1581,torres
interprétation,7140,1581,interprétation interprétations
participe,7141,1580,participe
sdi,7142,1580,sdi
ail,7143,1580,ail
jr,7144,1580,jr
prononcé,7145,1580,prononcé
soulier,7146,1580,souliers soulier
ravisseur,7147,1580,ravisseurs ravisseur
considération,7148,1579,considération considérations
facial,7149,1579,faciale facial faciales
régional,7150,1579,régional régionales régionale régionaux
chauffe,7151,1578,chauffe
baissez-vous,7152,1578,baissez-vous
gardon,7153,1578,gardons
monty,7154,1577,monty
instituteur,7155,1577,institutrice instituteur
chuchoter,7156,1577,chuchote chuchoter chuchotant chuchoté chuchotes
soumis,7157,1576,soumis
q2,7158,1576,q2
malaise,7159,1576,malaise malaises
haler,7160,1575,hale hales
compteur,7161,1575,compteur compteurs
frit,7162,1574,frit frits
p.,7163,1572,p.
dom,7164,1572,dom
équation,7165,1572,équation équations
devise,7166,1571,devise
manifeste,7167,1571,manifeste
justicier,7168,1571,justicier justiciers
humilié,7169,1570,humilié
javier,7170,1570,javier
fais-lui,7171,1570,fais-lui
informe,7172,1570,informe
pagaille,7173,1569,pagaille
moutarde,7174,1569,moutarde
bridge,7175,1569,bridge
slogan,7176,1569,slogan slogans
natal,7177,1569,natale natal
freiner,7178,1569,freine freiner freiné freinez
donnie,7179,1568,donnie
she,7180,1568,she
vénérer,7181,1568,vénère vénérer vénéré vénèrent vénérait
woo,7182,1567,woo
dévoué,7183,1567,dévoué
cafétéria,7184,1567,cafétéria
arc-en-ciel,7185,1567,arc-en-ciel arcs-en-ciel
gorgée,7186,1567,gorgée gorgées
éloignez-vous,7187,1566,éloignez-vous
toutou,7188,1566,toutou toutous
conquête,7189,1566,conquête conquêtes
lente,7190,1565,lente
deja,7191,1565,deja
antique,7192,1565,antique antiques
é,7193,1564,é
jenkins,7194,1562,jenkins
tango,7195,1561,tango
transition,7196,1561,transition
ignorance,7197,1561,ignorance
poisse,7198,1561,poisse
cogne,7199,1560,cogne
inapproprié,7200,1560,inapproprié inappropriée inappropriées
huer,7201,1560,hue hua huer
madrid,7202,1559,madrid
omelette,7203,1559,omelette omelettes
ding,7204,1558,ding
sainteté,7205,1558,sainteté
alaska,7206,1556,alaska
trent,7207,1556,trent
grèce,7208,1556,grèce
yu,7209,1556,yu
prends-moi,7210,1555,prends-moi
parle-lui,7211,1555,parle-lui
hospitalité,7212,1555,hospitalité
électeur,7213,1555,électeurs électeur
melinda,7214,1554,melinda
detroit,7215,1554,detroit
divertissement,7216,1554,divertissement divertissements
émetteur,7217,1554,émetteur émetteurs
punk,7218,1554,punk punks
appuyé,7219,1553,appuyé
filon,7220,1553,filons filon
utérus,7221,1552,utérus
maitre,7222,1551,maitre
croyable,7223,1551,croyable
colon,7224,1551,colons colon
marion,7225,1550,marion
contrebande,7226,1550,contrebande
dôme,7227,1549,dôme
pratt,7228,1548,pratt
frérot,7229,1547,frérot
chameau,7230,1547,chameau chameaux
pointu,7231,1547,pointu pointues pointus pointue
probleme,7232,1546,probleme
gifler,7233,1546,gifler giflé giflée
prends-la,7234,1545,prends-la
admirable,7235,1545,admirable admirables
prolonger,7236,1545,prolonger prolongée prolongé
renifler,7237,1545,renifle renifler reniflé reniflant
porte-bonheur,7238,1544,porte-bonheur
greene,7239,1544,greene
grincheux,7240,1544,grincheux grincheuse
limonade,7241,1543,limonade
baisse-toi,7242,1543,baisse-toi
feriez-vous,7243,1543,feriez-vous
gitan,7244,1543,gitans gitan gitane
darren,7245,1542,darren
thèse,7246,1541,thèse
farine,7247,1541,farine
frankenstein,7248,1540,frankenstein
wolf,7249,1540,wolf
prototype,7250,1540,prototype prototypes
tremper,7251,1540,tremper trempés trempées trempes trempait
r.,7252,1539,r.
tenez-moi,7253,1539,tenez-moi
troll,7254,1539,troll trolls
désarmer,7255,1539,désarmé désarmer désarmés désarmée
rôder,7256,1539,rôde rôder rôdent rôdait
sorcellerie,7257,1538,sorcellerie
hawaï,7258,1537,hawaï
mutation,7259,1537,mutation mutations
labyrinthe,7260,1536,labyrinthe
cueillir,7261,1536,cueillir cueilli cueillies
capteur,7262,1536,capteurs capteur
irm,7263,1535,irm
f.,7264,1534,f.
bâti,7265,1533,bâti
kai,7266,1533,kai
amène-toi,7267,1533,amène-toi
consentement,7268,1531,consentement
falls,7269,1531,falls
enchaîner,7270,1531,enchaîne enchaîner enchaînés enchaînée
vingtaine,7271,1530,vingtaine
transformation,7272,1530,transformation transformations
aliment,7273,1530,aliments aliment
incendier,7274,1530,incendies incendier incendiée
criant,7275,1529,criant
incontrôlable,7276,1529,incontrôlable incontrôlables
stocker,7277,1529,stocker stocké stocke stockés stockées stockée
lucifer,7278,1528,lucifer
onu,7279,1528,onu
meneur,7280,1528,meneur meneuse meneurs
moe,7281,1527,moe
etje,7282,1527,etje
ra,7283,1527,ra
cube,7284,1527,cube cubes
vigilant,7285,1527,vigilant vigilants vigilante
mollo,7286,1526,mollo
léon,7287,1526,léon
hopital,7288,1525,hopital
ragot,7289,1525,ragots ragot
support,7290,1525,support supports
punaise,7291,1525,punaise punaises
lilly,7292,1524,lilly
routier,7293,1523,routier routiers routières
file-moi,7294,1522,file-moi
malchance,7295,1522,malchance
jeannie,7296,1522,jeannie
exquis,7297,1522,exquis exquise exquises
drague,7298,1521,drague
redoutable,7299,1521,redoutable redoutables
situer,7300,1521,situe situer situent
digérer,7301,1521,digérer digère digéré
neill,7302,1520,neill
cambrioleur,7303,1520,cambrioleur cambrioleurs
monument,7304,1519,monument monuments
wu,7305,1518,wu
armstrong,7306,1518,armstrong
buté,7307,1516,buté
pondre,7308,1516,pondre pond pondu pondent
sas,7309,1515,sas
moustique,7310,1515,moustiques moustique
septième,7311,1514,septième
abandon,7312,1514,abandon
composition,7313,1514,composition compositions
flanc,7314,1514,flanc flancs
hammond,7315,1513,hammond
uh-huh,7316,1513,uh-huh
north,7317,1513,north
edwards,7318,1513,edwards
walsh,7319,1512,walsh
roosevelt,7320,1512,roosevelt
doublé,7321,1511,doublé
approbation,7322,1511,approbation
preston,7323,1511,preston
google,7324,1511,google
aspiration,7325,1511,aspiration aspirations
muscler,7326,1511,musclé musclés musclée muscler musclées
aigu,7327,1511,aiguë aigu aigus
fiscal,7328,1511,fiscale fiscal fiscaux fiscales
michigan,7329,1510,michigan
sloan,7330,1510,sloan
présidence,7331,1510,présidence
armement,7332,1510,armement armements
érotique,7333,1510,érotique érotiques
démarcher,7334,1509,démarche démarches
yaourt,7335,1508,yaourt yaourts
people,7336,1507,people
holden,7337,1507,holden
ruisseau,7338,1507,ruisseau ruisseaux
introuvable,7339,1507,introuvable introuvables
fouetter,7340,1507,fouetter fouettée fouette
bad,7341,1506,bad
souffrant,7342,1506,souffrant souffrante
c.m.c.,7343,1505,c.m.c.
coriace,7344,1504,coriace coriaces
fasciste,7345,1504,fasciste fascistes
coudre,7346,1503,coudre couds coud
capote,7347,1502,capote
cruauté,7348,1502,cruauté
caramel,7349,1502,caramel caramels
vêtir,7350,1502,vêtu vêtue vêtus vêtir
dégénéré,7351,1501,dégénéré dégénérés
comparaison,7352,1500,comparaison comparaisons
peuvent-ils,7353,1499,peuvent-ils
envoye,7354,1499,envoye
sieur,7355,1499,sieur
pamela,7356,1499,pamela
souche,7357,1499,souche souches
cramer,7358,1499,cramer cramé crame
egypte,7359,1498,egypte
surf,7360,1498,surf
montana,7361,1497,montana
ketchup,7362,1497,ketchup
pâtisserie,7363,1497,pâtisserie pâtisseries
iv,7364,1496,iv
ramon,7365,1496,ramon
trouvez-vous,7366,1496,trouvez-vous
probation,7367,1496,probation
ghetto,7368,1496,ghetto ghettos
clochard,7369,1495,clochard clochards clocharde
franco,7370,1494,franco
compagne,7371,1494,compagne compagnes
partisan,7372,1494,partisans partisan
urbain,7373,1494,urbaine urbain urbaines urbains
marta,7374,1493,marta
viril,7375,1493,viril virile virils
gardner,7376,1492,gardner
4x4,7377,1492,4x4
dewey,7378,1492,dewey
warner,7379,1492,warner
stérile,7380,1492,stérile stériles
boulet,7381,1491,boulet boulets
sournois,7382,1491,sournois sournoise
live,7383,1490,live
interdiction,7384,1490,interdiction
elderman,7385,1490,elderman
louper,7386,1490,louper loupée
terminal,7387,1490,terminal terminaux
messire,7388,1489,messire messires
éjecter,7389,1489,éjecter éjecté éjecte éjectée
fondé,7390,1486,fondé
darryl,7391,1485,darryl
julien,7392,1485,julien
testicule,7393,1485,testicules testicule
palm,7394,1483,palm
clayton,7395,1483,clayton
bug,7396,1483,bug bugs
ronald,7397,1482,ronald
interférer,7398,1482,interférer interfère interféré
over,7399,1480,over
fossé,7400,1480,fossé fossés
clip,7401,1480,clip clips
violette,7402,1480,violette violettes
vautour,7403,1480,vautours vautour
ty,7404,1478,ty
bree,7405,1478,bree
laine,7406,1478,laine
tanya,7407,1477,tanya
citrouille,7408,1477,citrouille citrouilles
matinal,7409,1477,matinale matinal matinales
anita,7410,1476,anita
sourde,7411,1476,sourde
fessée,7412,1476,fessée fessées
démoniaque,7413,1476,démoniaque démoniaques
remarier,7414,1476,remarier remariée remarié remarie
mindy,7415,1475,mindy
suspension,7416,1475,suspension
refléter,7417,1474,reflète reflètent refléter reflétait
palace,7418,1473,palace
contrôleur,7419,1473,contrôleur contrôleurs
externe,7420,1473,externe externes
tricheur,7421,1473,tricheur tricheurs tricheuse
habile,7422,1472,habile habiles
imitation,7423,1472,imitation imitations
matériau,7424,1472,matériaux matériau
pensez-y,7425,1471,pensez-y
pieu,7426,1471,pieu
banquet,7427,1471,banquet banquets
fabricant,7428,1471,fabricant fabricants
lorelai,7429,1469,lorelai
barque,7430,1469,barque barques
hybride,7431,1469,hybride hybrides
fuck,7432,1468,fuck
consigne,7433,1467,consignes consigne
seize,7434,1466,seize
cynique,7435,1466,cynique cyniques
souverain,7436,1466,souverain souveraine souverains
épingle,7437,1466,épingle épingles
zoey,7438,1465,zoey
compenser,7439,1465,compenser compense
donne-nous,7440,1464,donne-nous
devon,7441,1464,devon
axe,7442,1464,axe axes
nikita,7443,1463,nikita
prostitution,7444,1463,prostitution
strictement,7445,1463,strictement
stephanie,7446,1463,stephanie
dark,7447,1463,dark
explique-moi,7448,1463,explique-moi
jacuzzi,7449,1462,jacuzzi
amélioration,7450,1462,amélioration améliorations
habille-toi,7451,1461,habille-toi
elfe,7452,1461,elfe elfes
lila,7453,1460,lila
rangers,7454,1460,rangers
cha,7455,1460,cha
v.,7456,1460,v.
caresser,7457,1460,caresser caressé caressait
sonore,7458,1460,sonore sonores
pakistan,7459,1459,pakistan
déconnecter,7460,1459,déconnecté déconnecter déconnectée déconnectés déconnecte
sugar,7461,1458,sugar
errer,7462,1458,errer erré errent errait
engendrer,7463,1458,engendre engendré engendrer
pennsylvanie,7464,1457,pennsylvanie
tombeau,7465,1457,tombeau tombeaux
chargeur,7466,1457,chargeur chargeurs
bille,7467,1457,billes bille
henderson,7468,1456,henderson
choses-là,7469,1456,choses-là
lie,7470,1456,lie
caoutchouc,7471,1456,caoutchouc
indiana,7472,1455,indiana
ezra,7473,1455,ezra
jérusalem,7474,1455,jérusalem
politesse,7475,1455,politesse politesses
perroquet,7476,1455,perroquet perroquets
muter,7477,1455,muté muter mutée mute
orientation,7478,1454,orientation
cornichon,7479,1453,cornichons cornichon
poilu,7480,1453,poilu poilus poilue poilues
smoking,7481,1452,smoking smokings
annuaire,7482,1452,annuaire annuaires
console,7483,1452,console consoles
éruption,7484,1452,éruption éruptions
stephens,7485,1451,stephens
provisoire,7486,1451,provisoire
vulcain,7487,1451,vulcain vulcains
mâcher,7488,1450,mâcher mâché mâches mâchez
general,7489,1449,general
pauline,7490,1449,pauline
contusion,7491,1449,contusions contusion
imprévu,7492,1449,imprévu imprévus imprévue imprévues
elsa,7493,1448,elsa
savais-tu,7494,1448,savais-tu
emprunt,7495,1448,emprunt emprunts
emballage,7496,1448,emballage emballages
trompette,7497,1448,trompette trompettes
saoûl,7498,1448,soûle saouls saoûl
inciter,7499,1448,inciter incite incité
gerald,7500,1447,gerald
abe,7501,1447,abe
critère,7502,1446,critères critère
duo,7503,1445,duo
sterling,7504,1445,sterling
compréhensible,7505,1445,compréhensible
mêlée,7506,1445,mêlée mêlées
commando,7507,1445,commando commandos
compatible,7508,1445,compatible compatibles
sierra,7509,1444,sierra
hayley,7510,1443,hayley
hollandais,7511,1443,hollandais hollandaise
moule,7512,1443,moule moules
rationnel,7513,1443,rationnel rationnelle rationnels
cavale,7514,1442,cavale
georgie,7515,1442,georgie
participation,7516,1442,participation
pologne,7517,1441,pologne
concentrez-vous,7518,1441,concentrez-vous
nécessairement,7519,1441,nécessairement
garde-le,7520,1440,garde-le
creek,7521,1440,creek
louie,7522,1440,louie
imprudent,7523,1440,imprudent imprudente imprudents
collaboration,7524,1439,collaboration
parlement,7525,1438,parlement
subit,7526,1438,subit subite
pédophile,7527,1438,pédophile pédophiles
crapaud,7528,1437,crapaud crapauds
mutant,7529,1437,mutants mutant mutante
nash,7530,1436,nash
exigence,7531,1436,exigences exigence
bestiole,7532,1436,bestioles bestiole
conserve,7533,1435,conserve
méprise,7534,1435,méprise
plasma,7535,1435,plasma
ivresse,7536,1435,ivresse
croissant,7537,1435,croissant croissants croissante
météorite,7538,1435,météorite météorites
elisabeth,7539,1434,elisabeth
jarod,7540,1434,jarod
choquant,7541,1434,choquant choquante choquantes
cassidy,7542,1433,cassidy
dynamique,7543,1433,dynamique dynamiques
escadron,7544,1433,escadron escadrons
rebours,7545,1432,rebours
mature,7546,1432,mature matures
héroïque,7547,1432,héroïque héroïques
prenez-vous,7548,1431,prenez-vous
wheeler,7549,1431,wheeler
hui,7550,1431,hui
5ème,7551,1431,5ème
relaxe,7552,1429,relaxe
courtney,7553,1429,courtney
franz,7554,1428,franz
errant,7555,1428,errant errants
poire,7556,1428,poire poires
navigation,7557,1427,navigation
cho,7558,1427,cho
levier,7559,1427,levier leviers
actionnaire,7560,1427,actionnaires actionnaire
israélien,7561,1427,israéliens israélien israélienne
biologie,7562,1426,biologie
défenseur,7563,1426,défenseur défenseurs
baril,7564,1426,baril barils
iran,7565,1425,iran
réalisation,7566,1425,réalisation réalisations
coursier,7567,1425,coursier coursiers
sculpture,7568,1425,sculpture sculptures
caractéristique,7569,1425,caractéristiques caractéristique
rite,7570,1425,rite rites
edie,7571,1424,edie
tessa,7572,1424,tessa
consommation,7573,1424,consommation consommations
motard,7574,1424,motards motard
marketing,7575,1423,marketing
roberto,7576,1422,roberto
box,7577,1422,box
léguer,7578,1422,légué lègue léguer léguée
marissa,7579,1421,marissa
pourcentage,7580,1421,pourcentage pourcentages
préoccupé,7581,1420,préoccupé
ducon,7582,1420,ducon
trappe,7583,1420,trappe trappes
érection,7584,1420,érection érections
chandelle,7585,1420,chandelle chandelles
faith,7586,1419,faith
désirez-vous,7587,1419,désirez-vous
mécanicien,7588,1419,mécanicien mécaniciens
pellicule,7589,1419,pellicule pellicules
inconvénient,7590,1419,inconvénient inconvénients
diagnostiquer,7591,1419,diagnostiqué diagnostiquer diagnostiquée
dope,7592,1418,dope
inclus,7593,1418,inclus
secrètement,7594,1418,secrètement
crocodile,7595,1418,crocodile crocodiles
bavardage,7596,1418,bavardage bavardages
clarence,7597,1417,clarence
pourrait-on,7598,1417,pourrait-on
shelly,7599,1417,shelly
aimez-vous,7600,1417,aimez-vous
balistique,7601,1417,balistique balistiques
tracteur,7602,1417,tracteur tracteurs
superviser,7603,1417,superviser supervise supervisé
éclairage,7604,1416,éclairage éclairages
kramer,7605,1415,kramer
radin,7606,1415,radin radins radine
milice,7607,1414,milice milices
coyote,7608,1414,coyote coyotes
vance,7609,1413,vance
transcript,7610,1413,transcript
bronze,7611,1413,bronze
diplomate,7612,1413,diplomate diplomates
montre-lui,7613,1412,montre-lui
dévouer,7614,1412,dévouée dévoués dévoue dévouer
crichton,7615,1411,crichton
crampe,7616,1411,crampes crampe
organique,7617,1410,organique organiques
sachet,7618,1410,sachet sachets
l.,7619,1409,l.
entendez-vous,7620,1409,entendez-vous
manoeuvre,7621,1409,manoeuvre manoeuvres
chimio,7622,1408,chimio
pourrions-nous,7623,1408,pourrions-nous
trouvez-moi,7624,1408,trouvez-moi
grands-parents,7625,1408,grands-parents
courbe,7626,1408,courbe courbes
parceque,7627,1407,parceque
agité,7628,1406,agité
abdomen,7629,1406,abdomen
révolte,7630,1404,révolte
pleinement,7631,1404,pleinement
couvre-feu,7632,1404,couvre-feu
virtuel,7633,1404,virtuel virtuelle virtuels
initier,7634,1404,initié initier initiés initiée
dalton,7635,1403,dalton
dã,7636,1402,dã
effondré,7637,1402,effondré
tic,7638,1402,tic tics
douille,7639,1402,douilles douille
caprice,7640,1402,caprices caprice
catalogue,7641,1401,catalogue catalogues
générer,7642,1401,générer génère généré générée génèrent
opératoire,7643,1400,opératoire
submerger,7644,1400,submergé submergée submerger submergés submerge
punch,7645,1399,punch
chip,7646,1399,chip
dani,7647,1399,dani
melon,7648,1399,melon melons
brochure,7649,1399,brochure brochures
sinclair,7650,1398,sinclair
amsterdam,7651,1398,amsterdam
apprenti,7652,1398,apprenti apprentie apprentis
prélèvement,7653,1398,prélèvement prélèvements
rame,7654,1397,rame rames
don',7655,1396,don'
délibérément,7656,1395,délibérément
pop-corn,7657,1395,pop-corn
prévisible,7658,1395,prévisible prévisibles
game,7659,1394,game
worf,7660,1393,worf
clientèle,7661,1393,clientèle
tracé,7662,1393,tracé
off,7663,1392,off
mystique,7664,1391,mystique mystiques
souriant,7665,1391,souriant souriante souriants
bandage,7666,1391,bandage bandages
theo,7667,1390,theo
étendu,7668,1390,étendu étendus
comète,7669,1390,comète comètes
martien,7670,1389,martiens martien martienne
néant,7671,1388,néant
ferais-tu,7672,1387,ferais-tu
complétement,7673,1387,complétement
embarras,7674,1387,embarras
croûte,7675,1387,croûte croûtes
colombe,7676,1387,colombe colombes
mara,7677,1386,mara
surfer,7678,1386,surfer surfe surfé
investigation,7679,1386,investigation investigations
nevada,7680,1385,nevada
wright,7681,1385,wright
poivre,7682,1385,poivre
traiteur,7683,1385,traiteur traiteurs
fouiner,7684,1385,fouiner fouiné
halluciner,7685,1385,hallucine halluciner hallucines
enflammer,7686,1385,enflammer enflamme enflammée enflammés enflammées
cest,7687,1383,cest
santiago,7688,1383,santiago
déclenche,7689,1382,déclenche
négative,7690,1382,négative
classé,7691,1381,classé
stéroïde,7692,1381,stéroïdes
agencer,7693,1381,agences
insolent,7694,1381,insolent insolente
gouvernemental,7695,1381,gouvernemental gouvernementale gouvernementales gouvernementaux
lopez,7696,1380,lopez
faites-les,7697,1380,faites-les
bougez-vous,7698,1380,bougez-vous
ride,7699,1380,rides ride
repoussé,7700,1379,repoussé
bryan,7701,1378,bryan
exigeant,7702,1378,exigeant exigeante exigeants
sélectionner,7703,1378,sélectionné sélectionner sélectionnés sélectionne sélectionnée
anxiété,7704,1377,anxiété
clarifier,7705,1377,clarifier clarifié clarifie
partiel,7706,1377,partiel partiels partielles
calmant,7707,1377,calmants calmant
adoptif,7708,1377,adoptif adoptive adoptifs
sex,7709,1376,sex
encontre,7710,1376,encontre
oswald,7711,1376,oswald
émissaire,7712,1376,émissaire émissaires
chirurgical,7713,1376,chirurgicale chirurgical chirurgicales chirurgicaux
piller,7714,1376,piller pillé pille pillent
regarde-la,7715,1375,regarde-la
aspirateur,7716,1375,aspirateur aspirateurs
gonflé,7717,1374,gonflé
ling,7718,1374,ling
patterson,7719,1373,patterson
mccoy,7720,1373,mccoy
maureen,7721,1373,maureen
seriez-vous,7722,1373,seriez-vous
russ,7723,1373,russ
kung-fu,7724,1372,kung-fu
town,7725,1371,town
vip,7726,1371,vip
hurlement,7727,1371,hurlements hurlement
rougir,7728,1371,rougir rougis rougit rougi
etant,7729,1370,etant
karaté,7730,1370,karaté
frost,7731,1370,frost
pente,7732,1370,pente pentes
spécimen,7733,1370,spécimen spécimens
stater,7734,1369,state
autobus,7735,1368,autobus
apporte-moi,7736,1368,apporte-moi
dicter,7737,1368,dicter dicte dicté
individuel,7738,1368,individuelle individuelles individuel individuels
sexualité,7739,1367,sexualité
rébellion,7740,1367,rébellion
yakuza,7741,1367,yakuza yakuzas
building,7742,1366,building buildings
épicé,7743,1366,épicé épicée épicés épicées
apache,7744,1366,apaches apache
picoler,7745,1366,picoler picole picolé
sabrina,7746,1364,sabrina
bi,7747,1364,bi
ji,7748,1364,ji
évolué,7749,1364,évolué
sky,7750,1363,sky
ragoût,7751,1363,ragoût
paumé,7752,1363,paumé
soufflé,7753,1363,soufflé soufflés
téléportation,7754,1362,téléportation
juliet,7755,1362,juliet
romancer,7756,1362,romance
lorenzo,7757,1362,lorenzo
fondamental,7758,1362,fondamentale fondamental fondamentaux fondamentales
aiden,7759,1361,aiden
digital,7760,1361,digitales digital
teal',7761,1360,teal'
katrina,7762,1360,katrina
x.,7763,1360,x.
estimation,7764,1360,estimation estimations
fran,7765,1359,fran
gaufre,7766,1359,gaufres gaufre
interférence,7767,1359,interférences interférence
stanford,7768,1358,stanford
lanceur,7769,1358,lanceur lanceurs
crapule,7770,1358,crapule crapules
tonneau,7771,1358,tonneau tonneaux
marathon,7772,1357,marathon
twitter,7773,1356,twitter
florrick,7774,1356,florrick
agitation,7775,1355,agitation
escalade,7776,1355,escalade
sot,7777,1355,sotte sot sots
sans-abri,7778,1354,sans-abri
dites-le-moi,7779,1354,dites-le-moi
mineure,7780,1354,mineure
jonah,7781,1354,jonah
auxquelles,7782,1354,auxquelles
colt,7783,1354,colt colts
amigo,7784,1354,amigo amigos
toxine,7785,1354,toxines toxine
juridiction,7786,1353,juridiction
cary,7787,1353,cary
virginité,7788,1353,virginité
golden,7789,1353,golden
racaille,7790,1353,racaille racailles
nixon,7791,1352,nixon
involontaire,7792,1352,involontaire involontaires
gun,7793,1351,gun
tiffany,7794,1351,tiffany
hassan,7795,1351,hassan
pc,7796,1350,pc
ohé,7797,1350,ohé
sait-on,7798,1350,sait-on
geoffrey,7799,1350,geoffrey
momie,7800,1350,momie momies
luc,7801,1349,luc
milliardaire,7802,1349,milliardaire milliardaires
épatant,7803,1349,épatant épatante
aveugler,7804,1349,aveuglé aveugler aveuglée aveuglés
benson,7805,1348,benson
la-bas,7806,1348,la-bas
mépriser,7807,1348,mépriser méprisé méprisent méprisez méprisée méprisait
bunny,7808,1347,bunny
6e,7809,1347,6e
coffrer,7810,1346,coffrer coffré
cowboy,7811,1345,cowboy
pick-up,7812,1345,pick-up
treize,7813,1344,treize
pupille,7814,1344,pupilles pupille
portière,7815,1343,portière portières
contrainte,7816,1343,contrainte contraintes
bénévole,7817,1343,bénévole bénévoles
bombardement,7818,1343,bombardement bombardements
verse,7819,1342,verse
radioactif,7820,1342,radioactif radioactive radioactifs radioactives
gel,7821,1341,gel
danois,7822,1341,danois danoise
bikini,7823,1341,bikini bikinis
pot-de-vin,7824,1341,pot-de-vin pots-de-vin
delà,7825,1340,delà
brent,7826,1340,brent
fritz,7827,1340,fritz
melanie,7828,1340,melanie
allons-nous-en,7829,1340,allons-nous-en
extinction,7830,1340,extinction
esthétique,7831,1340,esthétique esthétiques
emmerdeur,7832,1340,emmerdeur emmerdeuse emmerdeurs
consommer,7833,1340,consommer consomme consomment
déformer,7834,1340,déformé déformée déforme déformer déformés
atlantic,7835,1339,atlantic
edith,7836,1339,edith
exil,7837,1339,exil
compréhensif,7838,1339,compréhensif compréhensive compréhensifs
trouve-moi,7839,1338,trouve-moi
purement,7840,1338,purement
sensibilité,7841,1338,sensibilité
expérimenter,7842,1338,expérimenter expérimentés expérimentée expérimente
tribord,7843,1337,tribord
ascension,7844,1337,ascension
fléau,7845,1337,fléau fléaux
mendiant,7846,1337,mendiant mendiants mendiante
faites-la,7847,1336,faites-la
chatouille,7848,1336,chatouille chatouilles
préoccupation,7849,1336,préoccupation préoccupations
drive,7850,1335,drive
jude,7851,1335,jude
ariel,7852,1335,ariel
relire,7853,1335,relire relu relis relisez
débordé,7854,1334,débordé
vanille,7855,1334,vanille
andre,7856,1334,andre
menotter,7857,1334,menotté menotter menottée menottés
roll,7858,1333,roll
chester,7859,1333,chester
échappée,7860,1333,échappée échappées
astuce,7861,1333,astuce astuces
animé,7862,1332,animé
julio,7863,1331,julio
rupert,7864,1331,rupert
majordome,7865,1331,majordome
cobra,7866,1331,cobra cobras
castor,7867,1331,castor castors
spot,7868,1331,spot spots
oculaire,7869,1331,oculaire oculaires
exaucer,7870,1331,exaucé exaucer exauce exaucées exaucés
vocation,7871,1330,vocation
mallory,7872,1329,mallory
brothers,7873,1329,brothers
balise,7874,1329,balise balises
sortez-le,7875,1328,sortez-le
chantant,7876,1328,chantant
malsain,7877,1328,malsain malsaine
formel,7878,1328,formel formelle formels formelles
madeleine,7879,1327,madeleine
motion,7880,1327,motion motions
inculpé,7881,1326,inculpé
singh,7882,1326,singh
prescription,7883,1326,prescription prescriptions
heure-ci,7884,1325,heure-ci
animation,7885,1325,animation animations
superviseur,7886,1325,superviseur superviseurs
financement,7887,1325,financement financements
ziva,7888,1324,ziva
ming,7889,1324,ming
assoir,7890,1324,assoir
picard,7891,1324,picard
psychotique,7892,1324,psychotique psychotiques
défensive,7893,1324,défensive défensives
ravager,7894,1324,ravages ravagé ravagée ravager
obama,7895,1323,obama
temps-là,7896,1323,temps-là
hold-up,7897,1323,hold-up
huître,7898,1323,huîtres huître
déraper,7899,1323,dérapé dérape déraper
anticiper,7900,1323,anticiper anticipée anticipe
georgia,7901,1322,georgia
extraction,7902,1322,extraction
clause,7903,1322,clause clauses
publicitaire,7904,1322,publicitaire publicitaires
réciter,7905,1322,réciter récite récité
fous-moi,7906,1321,fous-moi
fax,7907,1321,fax
manigancer,7908,1321,manigances manigancé manigancez manigancer
comptant,7909,1320,comptant
ajuster,7910,1320,ajuster ajuste ajustez
composant,7911,1320,composants composant
polo,7912,1319,polo
phillips,7913,1319,phillips
wanda,7914,1319,wanda
ostie,7915,1318,ostie
equipe,7916,1318,equipe
sottise,7917,1318,sottises sottise
iui,7918,1317,iui
fabrication,7919,1316,fabrication
darcy,7920,1316,darcy
you',7921,1316,you'
seuil,7922,1316,seuil
1ch00ffff,7923,1316,1ch00ffff
précéder,7924,1316,précède précédant précédé
rap,7925,1315,rap
cyril,7926,1314,cyril
christy,7927,1313,christy
éloigne-toi,7928,1313,éloigne-toi
benne,7929,1313,benne bennes
aw,7930,1312,aw
tuez-moi,7931,1312,tuez-moi
postuler,7932,1312,postulé postuler postule
j.j.,7933,1311,j.j.
étalon,7934,1311,étalon étalons
sensationnel,7935,1311,sensationnel sensationnelle
tripoter,7936,1311,tripoter tripote tripoté
capoter,7937,1310,capotes capoter capoté
sponsor,7938,1310,sponsor sponsors
textos,7939,1309,textos
once,7940,1309,once onces
exterminer,7941,1309,exterminer exterminés exterminé
bannir,7942,1309,bannir bannis bannie
mississippi,7943,1308,mississippi
actualité,7944,1308,actualité actualités
indication,7945,1308,indications indication
élargir,7946,1308,élargir élargi élargit élargis élargie
indistinct,7947,1308,indistinctes indistinct indistincts indistincte
chet,7948,1307,chet
sookie,7949,1307,sookie
clément,7950,1307,clément clémente cléments
dissoudre,7951,1307,dissoudre dissous dissout dissoute
baptême,7952,1306,baptême
norma,7953,1306,norma
trey,7954,1306,trey
4ème,7955,1305,4ème
sanglot,7956,1305,sanglots sanglot
oubli,7957,1305,oubli oublis
peignoir,7958,1305,peignoir peignoirs
épine,7959,1305,épine épines
graal,7960,1304,graal
brin,7961,1304,brin brins
passe-temps,7962,1303,passe-temps
nathalie,7963,1303,nathalie
équivalent,7964,1303,équivalent équivalente
peg,7965,1302,peg
gretchen,7966,1302,gretchen
sheriff,7967,1302,sheriff
firme,7968,1302,firme firmes
obsédé,7969,1301,obsédée
emmenez-moi,7970,1301,emmenez-moi
prairie,7971,1301,prairie prairies
cadillac,7972,1300,cadillac
kerry,7973,1299,kerry
mentalement,7974,1299,mentalement
bender,7975,1299,bender
commotion,7976,1299,commotion commotions
grandiose,7977,1299,grandiose grandioses
déchiffrer,7978,1299,déchiffrer déchiffré
démonter,7979,1299,démonter démonte démontée
casserole,7980,1299,casserole casseroles
interpol,7981,1298,interpol
exploitation,7982,1298,exploitation
manège,7983,1298,manège manèges
petite-amie,7984,1297,petite-amie
ressemblance,7985,1297,ressemblance ressemblances
cass,7986,1296,cass
chancelier,7987,1296,chancelier
western,7988,1296,western westerns
cygne,7989,1296,cygne cygnes
assembler,7990,1296,assembler assemble assemblés assemblent
éclaireur,7991,1296,éclaireur éclaireurs
springs,7992,1295,springs
donne-le-moi,7993,1295,donne-le-moi
maquette,7994,1295,maquette maquettes
brouhaha,7995,1294,brouhaha
costa,7996,1294,costa
ovni,7997,1294,ovni ovnis
pilier,7998,1294,pilier piliers
camer,7999,1294,camera camés cameras
naples,8000,1293,naples
sordide,8001,1293,sordide sordides
efficacité,8002,1292,efficacité
connecticut,8003,1291,connecticut
jamal,8004,1291,jamal
ginger,8005,1290,ginger
supplément,8006,1290,supplément suppléments
savourer,8007,1290,savourer savoure savourez
abriter,8008,1290,abriter abrite abritait abritent
santos,8009,1289,santos
comptez-vous,8010,1289,comptez-vous
sing,8011,1289,sing
modification,8012,1289,modifications modification
callen,8013,1288,callen
luthor,8014,1288,luthor
avant-hier,8015,1288,avant-hier
infarctus,8016,1288,infarctus
doctorat,8017,1288,doctorat doctorats
collaborateur,8018,1288,collaborateurs collaborateur collaboratrice
langley,8019,1287,langley
aléatoire,8020,1287,aléatoire aléatoires
apportez-moi,8021,1286,apportez-moi
loto,8022,1286,loto
sauve-toi,8023,1286,sauve-toi
sanders,8024,1286,sanders
défonce,8025,1285,défonce
ancre,8026,1285,ancre
planqué,8027,1285,planqué
pancarte,8028,1285,pancarte pancartes
jj,8029,1283,jj
comprenez-vous,8030,1283,comprenez-vous
marbre,8031,1283,marbre
embarquement,8032,1282,embarquement
trimestre,8033,1282,trimestre
mûr,8034,1282,mûr mûrs
brevet,8035,1282,brevet brevets
entente,8036,1281,entente
détourné,8037,1281,détourné
boxer,8038,1281,boxer boxers boxé
encouragement,8039,1281,encouragement encouragements
piétiner,8040,1281,piétiner piétiné piétine piétinée
willow,8041,1280,willow
kelso,8042,1280,kelso
scalpel,8043,1280,scalpel scalpels
poêle,8044,1280,poêle poêles
tordu,8045,1280,tordue tordues
pétrolier,8046,1280,pétrolière pétrolier pétrolières pétroliers
phyllis,8047,1279,phyllis
suède,8048,1278,suède
appelle-le,8049,1278,appelle-le
ferais-je,8050,1278,ferais-je
moyen-orient,8051,1278,moyen-orient
blouson,8052,1278,blouson blousons
hameçon,8053,1278,hameçon hameçons
compartiment,8054,1278,compartiment compartiments
ferry,8055,1277,ferry
haven,8056,1277,haven
silas,8057,1277,silas
trac,8058,1277,trac
bobo,8059,1277,bobo bobos
hara,8060,1276,hara
queje,8061,1275,queje
atlantis,8062,1275,atlantis
diaz,8063,1275,diaz
deeks,8064,1275,deeks
oxford,8065,1275,oxford
enrichir,8066,1275,enrichir enrichit enrichissent enrichis
bea,8067,1273,bea
agnes,8068,1273,agnes
lutin,8069,1273,lutin lutins
contraction,8070,1272,contractions contraction
cricket,8071,1271,cricket
grotesque,8072,1271,grotesque grotesques
fantaisie,8073,1271,fantaisie fantaisies
rafael,8074,1270,rafael
malone,8075,1270,malone
perception,8076,1270,perception perceptions
déballer,8077,1270,déballer déballe déballé
australien,8078,1270,australien australiens australienne
beck,8079,1269,beck
aimeriez-vous,8080,1269,aimeriez-vous
primo,8081,1269,primo
emprise,8082,1269,emprise
mosquée,8083,1269,mosquée mosquées
improbable,8084,1269,improbable improbables
bocal,8085,1269,bocal bocaux
pudding,8086,1268,pudding
dominic,8087,1268,dominic
mc,8088,1268,mc
négligence,8089,1268,négligence
aquarium,8090,1268,aquarium
maximale,8091,1267,maximale
nickel,8092,1267,nickel
dépendance,8093,1267,dépendance dépendances
tsar,8094,1267,tsar tsarine
hercule,8095,1267,hercule hercules
stratégique,8096,1267,stratégique stratégiques
entrailles,8097,1266,entrailles
flinguer,8098,1266,flinguer flingué
theresa,8099,1265,theresa
fourré,8100,1265,fourré
well,8101,1265,well
ur,8102,1265,ur
beatles,8103,1265,beatles
billie,8104,1265,billie
coiffer,8105,1265,coiffer coiffée coiffés
expo,8106,1264,expo
servant,8107,1264,servant servants
analyste,8108,1264,analyste analystes
ritchie,8109,1263,ritchie
quasi,8110,1263,quasi
chêne,8111,1263,chêne chênes
oriental,8112,1263,orientale oriental orientales orientaux
turk,8113,1262,turk
aviation,8114,1262,aviation
cale,8115,1262,cale
plouc,8116,1261,plouc ploucs
enfouir,8117,1261,enfoui enfouis enfouie enfouir enfouies
bryce,8118,1260,bryce
2h,8119,1259,2h
brume,8120,1259,brume brumes
canaille,8121,1259,canaille canailles
sabot,8122,1259,sabots sabot
étang,8123,1258,étang
peloton,8124,1258,peloton
hastings,8125,1258,hastings
hautement,8126,1257,hautement
garanti,8127,1257,garanti
eddy,8128,1257,eddy
plaignant,8129,1257,plaignant plaignante plaignants
brésilien,8130,1257,brésilien brésilienne brésiliens
alligator,8131,1256,alligator alligators
festin,8132,1255,festin
prue,8133,1255,prue
eun,8134,1255,eun
vibrer,8135,1255,vibre vibrer
entourage,8136,1254,entourage
maison-blanche,8137,1254,maison-blanche
cook,8138,1254,cook
tardis,8139,1254,tardis
sadique,8140,1254,sadique sadiques
tyson,8141,1253,tyson
otis,8142,1253,otis
pittsburgh,8143,1253,pittsburgh
nico,8144,1253,nico
débloquer,8145,1253,débloquer débloque débloques débloqué
gaze,8146,1252,gaze
rancard,8147,1252,rancard rancards
cantine,8148,1251,cantine
divulguer,8149,1251,divulguer divulgué divulgue
étrangement,8150,1250,étrangement
jogging,8151,1250,jogging
bronx,8152,1250,bronx
quatorze,8153,1250,quatorze
manier,8154,1250,manier manies
gloussement,8155,1250,gloussements gloussement
libéral,8156,1250,libéral libéraux libérale
lindsey,8157,1249,lindsey
maintenance,8158,1249,maintenance
email,8159,1249,email
détermination,8160,1249,détermination
escalader,8161,1249,escalader escaladé
favorite,8162,1248,favorite
déduire,8163,1248,déduis déduire
déchaîner,8164,1248,déchaînée déchaîne déchaîner déchaînés déchaînent
candy,8165,1247,candy
darling,8166,1247,darling
shanghai,8167,1247,shanghai
bouclé,8168,1247,bouclé
médiocre,8169,1247,médiocre médiocres
expliquez-moi,8170,1246,expliquez-moi
thoracique,8171,1246,thoracique thoraciques
favorable,8172,1246,favorable favorables
illinois,8173,1245,illinois
moïse,8174,1245,moïse
optique,8175,1245,optique optiques
atome,8176,1245,atomes atome
audace,8177,1244,audace
dit-on,8178,1244,dit-on
fais-la,8179,1244,fais-la
dolly,8180,1244,dolly
il-te-plaît,8181,1244,il-te-plaît
spontané,8182,1244,spontanée spontané spontanés
combiner,8183,1244,combines combiner combinés combinées
iii,8184,1243,iii
perquisition,8185,1243,perquisition
columbia,8186,1243,columbia
plâtre,8187,1243,plâtre
been,8188,1243,been
viking,8189,1243,viking vikings
évadé,8190,1242,évadé
vargas,8191,1242,vargas
ash,8192,1242,ash
réveillon,8193,1242,réveillon réveillons
fat,8194,1242,fat fate fats
inhumain,8195,1242,inhumain inhumains inhumaine
arrogance,8196,1241,arrogance
baratin,8197,1241,baratin
two,8198,1241,two
dubois,8199,1241,dubois
costard,8200,1241,costard costards
destructeur,8201,1241,destructeur destructrice destructeurs
aptitude,8202,1241,aptitude aptitudes
rends-toi,8203,1240,rends-toi
complicité,8204,1240,complicité
autrui,8205,1240,autrui
boulevard,8206,1240,boulevard
mémo,8207,1240,mémo mémos
titulaire,8208,1240,titulaire titulaires
distant,8209,1240,distant distante
entraider,8210,1240,entraider entraide entraident
durement,8211,1238,durement
grue,8212,1238,grue grues
souple,8213,1238,souple souples
der,8214,1238,der ders
a-t',8215,1237,a-t'
abel,8216,1237,abel
mets-la,8217,1237,mets-la
sawyer,8218,1237,sawyer
buster,8219,1236,buster
embrouille,8220,1236,embrouille
caitlin,8221,1236,caitlin
menée,8222,1236,menée
rassurant,8223,1236,rassurant rassurante
pack,8224,1236,pack packs
contredire,8225,1236,contredire contredis contredisent
troublant,8226,1236,troublant troublante troublantes
frances,8227,1235,frances
julius,8228,1235,julius
vénus,8229,1235,vénus
interrupteur,8230,1235,interrupteur interrupteurs
licorne,8231,1235,licorne licornes
volet,8232,1235,volets volet
renaissance,8233,1234,renaissance
métallique,8234,1234,métallique métalliques
hisser,8235,1234,hisse hisser hissez hissé
lyle,8236,1233,lyle
about,8237,1233,about
magnus,8238,1233,magnus
wraith,8239,1233,wraith
interviewer,8240,1233,interviewer interviewe
mangeur,8241,1233,mangeur mangeurs mangeuse
doré,8242,1232,doré
shelley,8243,1232,shelley
tarzan,8244,1232,tarzan
crèche,8245,1232,crèche crèches
hymne,8246,1232,hymne hymnes
senior,8247,1232,senior seniors
extrémité,8248,1232,extrémité extrémités
tendresse,8249,1231,tendresse
betsy,8250,1231,betsy
étais-je,8251,1231,étais-je
mutuellement,8252,1231,mutuellement
séoul,8253,1231,séoul
reste-t-il,8254,1230,reste-t-il
timothy,8255,1230,timothy
trentaine,8256,1230,trentaine
wo,8257,1230,wo
adapté,8258,1230,adapté
jt,8259,1229,jt
excentrique,8260,1229,excentrique excentriques
crisser,8261,1229,crisse crissent crisser
cece,8262,1228,cece
boone,8263,1227,boone
ciment,8264,1227,ciment
demeurer,8265,1227,demeurer demeurent demeures demeurés demeurée demeurera
traversée,8266,1226,traversée traversées
plaine,8267,1226,plaines plaine
tropical,8268,1226,tropicale tropical tropicales tropicaux
vernon,8269,1225,vernon
piment,8270,1225,piment piments
furax,8271,1224,furax
nicki,8272,1224,nicki
allonge-toi,8273,1224,allonge-toi
dutch,8274,1223,dutch
algorithme,8275,1223,algorithme algorithmes
répondez-moi,8276,1222,répondez-moi
ja,8277,1222,ja
o.,8278,1222,o.
feel,8279,1222,feel
philosophe,8280,1222,philosophe philosophes
cerner,8281,1222,cerner cernés cernée
benton,8282,1221,benton
difficilement,8283,1221,difficilement
tasha,8284,1221,tasha
valérie,8285,1221,valérie
flatteur,8286,1221,flatteur flatteuse
plantation,8287,1221,plantation plantations
lacet,8288,1221,lacets lacet
mutiler,8289,1221,mutilé mutiler mutilés mutilée
annulation,8290,1220,annulation
gouvernant,8291,1220,gouvernante
foulard,8292,1220,foulard foulards
intercepter,8293,1220,intercepter intercepte interceptés
alarmer,8294,1220,alarmes alarmer
fissure,8295,1220,fissure fissures
millénaire,8296,1220,millénaire millénaires
gallagher,8297,1219,gallagher
hausse,8298,1219,hausse
harbor,8299,1219,harbor
dissuader,8300,1219,dissuader dissuadé
blaireau,8301,1219,blaireau blaireaux
frappe-moi,8302,1218,frappe-moi
hou,8303,1218,hou
réciproque,8304,1218,réciproque
chiffon,8305,1218,chiffon chiffons
protéiner,8306,1217,protéines
purifier,8307,1217,purifier purifie purifié purifiée
comptes-tu,8308,1216,comptes-tu
mae,8309,1216,mae
matelot,8310,1216,matelot matelots
provenance,8311,1215,provenance
donny,8312,1215,donny
éloge,8313,1215,éloge éloges
hodgins,8314,1214,hodgins
butler,8315,1214,butler
repousse,8316,1214,repousse
raffiné,8317,1214,raffiné raffinée raffinés
petit-déj,8318,1213,petit-déj
casting,8319,1213,casting
luca,8320,1213,luca
dérangement,8321,1213,dérangement
nice,8322,1213,nice
gemma,8323,1213,gemma
snob,8324,1213,snob snobs
antérieur,8325,1213,antérieure antérieur antérieures
horatio,8326,1212,horatio
confidentialité,8327,1212,confidentialité
ration,8328,1212,rations ration
run,8329,1211,run
disparaitre,8330,1211,disparaitre
serais-je,8331,1211,serais-je
amusement,8332,1211,amusement
infâme,8333,1211,infâme infâmes
fanatique,8334,1210,fanatique fanatiques
racontez-moi,8335,1209,racontez-moi
expliquez-vous,8336,1209,expliquez-vous
grady,8337,1209,grady
meeting,8338,1209,meeting meetings
indigène,8339,1209,indigènes indigène
dérailler,8340,1209,déraille dérailler déraillé dérailles
oprah,8341,1208,oprah
collision,8342,1208,collision
maternité,8343,1208,maternité
give,8344,1208,give
sarcasme,8345,1208,sarcasme sarcasmes
survenir,8346,1208,survient survenu survenir survint survenus surviennent
infect,8347,1207,infectés infect
pharmaceutique,8348,1207,pharmaceutique pharmaceutiques
color,8349,1206,color
dock,8350,1206,docks dock
éventuel,8351,1206,éventuelle éventuel éventuels éventuelles
lang,8352,1205,lang
sait-il,8353,1205,sait-il
valve,8354,1205,valve valves
multiplier,8355,1205,multiplier multiplient multiplie multiplié
ball,8356,1204,ball
ike,8357,1204,ike
plate,8358,1204,plate
générique,8359,1204,générique
bouillir,8360,1204,bouillir
doucher,8361,1204,doucher douché
frustration,8362,1204,frustration frustrations
traumatiser,8363,1204,traumatisé traumatisée traumatisés traumatiser
anesthésie,8364,1203,anesthésie
émotionnellement,8365,1203,émotionnellement
monastère,8366,1203,monastère
aidan,8367,1202,aidan
fureur,8368,1202,fureur
trek,8369,1201,trek
edna,8370,1201,edna
soja,8371,1201,soja
latino,8372,1201,latino latinos
tell,8373,1200,tell
jupiter,8374,1200,jupiter
dégonfler,8375,1200,dégonfle dégonfler dégonfles dégonflée dégonflés
dakota,8376,1199,dakota
echo,8377,1199,echo
rivage,8378,1199,rivage rivages
plaquer,8379,1199,plaquer plaquée
expérimental,8380,1199,expérimental expérimentale expérimentaux
mention,8381,1198,mention
plaqué,8382,1197,plaqué
hygiène,8383,1197,hygiène
médaillon,8384,1197,médaillon médaillons
webster,8385,1196,webster
oregon,8386,1195,oregon
rappelez-moi,8387,1195,rappelez-moi
where,8388,1195,where
cendrillon,8389,1195,cendrillon
commençant,8390,1195,commençant
ballade,8391,1195,ballade ballades
truand,8392,1194,truand truands
thor,8393,1192,thor
temporairement,8394,1192,temporairement
obstruction,8395,1192,obstruction
paulie,8396,1192,paulie
morty,8397,1191,morty
architecture,8398,1191,architecture
deacon,8399,1191,deacon
etats,8400,1191,etats
garant,8401,1191,garant garante
nell,8402,1190,nell
marcy,8403,1190,marcy
brandy,8404,1189,brandy
herman,8405,1189,herman
escroquerie,8406,1189,escroquerie escroqueries
hobby,8407,1189,hobby hobbies
room,8408,1188,room
daphné,8409,1188,daphné
gens-là,8410,1188,gens-là
aimes-tu,8411,1188,aimes-tu
sweet,8412,1188,sweet
olivier,8413,1188,olivier oliviers
blinder,8414,1188,blindée blindés blindées
elijah,8415,1187,elijah
taverne,8416,1186,taverne
leah,8417,1186,leah
mckay,8418,1186,mckay
chope,8419,1186,chope
porche,8420,1186,porche
publiquement,8421,1185,publiquement
babylon,8422,1185,babylon
lustre,8423,1185,lustres lustre
brandir,8424,1185,brandi brandir brandissant brandit
abat,8425,1185,abat abats
prêcher,8426,1185,prêcher prêche prêches prêchez
adultère,8427,1184,adultère
lancelot,8428,1184,lancelot
corrected,8429,1183,corrected
belle-fille,8430,1183,belle-fille
herbert,8431,1183,herbert
dillon,8432,1183,dillon
rejet,8433,1183,rejet rejets
contempler,8434,1183,contempler contemple contemplez
transformée,8435,1182,transformée
harley,8436,1182,harley
agonie,8437,1182,agonie
tronc,8438,1182,tronc troncs
microbe,8439,1182,microbes microbe
épeler,8440,1182,épeler épelle épelé
espérance,8441,1182,espérance espérances
immonde,8442,1181,immonde immondes
cobaye,8443,1181,cobaye cobayes
flagrant,8444,1180,flagrant flagrante
superstition,8445,1180,superstition superstitions
shin,8446,1179,shin
participant,8447,1179,participants participant
stimuler,8448,1179,stimuler stimule stimulé
arreter,8449,1178,arreter
amenez-le,8450,1178,amenez-le
nat,8451,1178,nat
ecole,8452,1177,ecole
marchés,8453,1177,marchés
peuplé,8454,1176,peuples
déprime,8455,1176,déprime
barrett,8456,1176,barrett
soo,8457,1175,soo
hawaii,8458,1175,hawaii
lo,8459,1175,lo
tobias,8460,1175,tobias
skinner,8461,1175,skinner
ruche,8462,1175,ruche ruches
lâchez-le,8463,1174,lâchez-le
axl,8464,1174,axl
cobb,8465,1174,cobb
venin,8466,1174,venin
capot,8467,1174,capot
maréchal,8468,1174,maréchal
pseudo,8469,1174,pseudo pseudos
dévier,8470,1174,dévié dévier dévie
contenant,8471,1173,contenant
cherchez-vous,8472,1172,cherchez-vous
consulat,8473,1172,consulat
pressing,8474,1172,pressing
atlantique,8475,1172,atlantique
lmpossible,8476,1172,lmpossible
brosser,8477,1172,brosser brossé
miséricorde,8478,1171,miséricorde
paume,8479,1171,paume paumes
cassandra,8480,1170,cassandra
bam,8481,1170,bam
parlons-en,8482,1169,parlons-en
coop,8483,1169,coop
hawkins,8484,1169,hawkins
milton,8485,1169,milton
honoraire,8486,1169,honoraires honoraire
shilling,8487,1169,shillings shilling
gadget,8488,1169,gadgets gadget
crépuscule,8489,1168,crépuscule
indiscret,8490,1168,indiscret indiscrète indiscrets
décliner,8491,1168,décliner décline décliné déclinez
séparément,8492,1167,séparément
proviseur,8493,1167,proviseur
scellé,8494,1167,scellé
transplantation,8495,1167,transplantation transplantations
gifle,8496,1167,gifle gifles
prioritaire,8497,1167,prioritaire prioritaires
halètement,8498,1167,halètements halètement
codé,8499,1167,codé codés codée codées
stanton,8500,1166,stanton
pureté,8501,1166,pureté
viole,8502,1165,viole violes
manipulation,8503,1165,manipulation manipulations
nomination,8504,1165,nomination nominations
ko,8505,1164,ko
assurément,8506,1163,assurément
compatriote,8507,1163,compatriotes compatriote
directive,8508,1163,directives directive
impulsif,8509,1163,impulsif impulsive impulsifs
égorger,8510,1163,égorger égorge égorgé égorgée
her,8511,1162,her
gaby,8512,1161,gaby
ferment,8513,1161,ferment
gamma,8514,1161,gamma
croc,8515,1161,crocs croc
acquitter,8516,1161,acquitté acquitter acquittée
fonctionnement,8517,1160,fonctionnement
away,8518,1160,away
illégalement,8519,1160,illégalement
offensive,8520,1160,offensive offensives
pulsion,8521,1159,pulsions pulsion
auxquels,8522,1158,auxquels
br,8523,1158,br
taudis,8524,1158,taudis
hardy,8525,1158,hardy
tee-shirt,8526,1158,tee-shirt tee-shirts
saler,8527,1158,salée salés salées
psychique,8528,1158,psychique psychiques
miam,8529,1157,miam
felicity,8530,1157,felicity
10h,8531,1157,10h
newton,8532,1157,newton
hamlet,8533,1156,hamlet
allan,8534,1156,allan
cuisiné,8535,1155,cuisiné
revers,8536,1155,revers
diamond,8537,1155,diamond
divan,8538,1155,divan
joanna,8539,1155,joanna
crête,8540,1155,crête crêtes
dériver,8541,1155,dérivé dériver dérivés
ferez-vous,8542,1154,ferez-vous
donuts,8543,1154,donuts
gendre,8544,1153,gendre
lawson,8545,1153,lawson
donjon,8546,1153,donjon donjons
clochette,8547,1153,clochette clochettes
entretuer,8548,1153,entretuer entretuent entretués
spence,8549,1152,spence
lulu,8550,1152,lulu
bave,8551,1152,bave baves
pépin,8552,1152,pépin pépins
eden,8553,1151,eden
déménagement,8554,1151,déménagement
youtube,8555,1150,youtube
curry,8556,1150,curry
woods,8557,1150,woods
rouvrir,8558,1150,rouvrir rouvert
sifflement,8559,1150,sifflement sifflements
entité,8560,1150,entité entités
incompétent,8561,1150,incompétent incompétents incompétente
rebondir,8562,1150,rebondir rebondit rebondi
affoler,8563,1150,affole affoler affolée affolez affolés
irene,8564,1149,irene
bouillie,8565,1149,bouillie
torpiller,8566,1149,torpilles torpiller
jésus-christ,8567,1148,jésus-christ
zoom,8568,1148,zoom
rechange,8569,1148,rechange
hillary,8570,1148,hillary
label,8571,1148,label labels
interruption,8572,1148,interruption interruptions
sceptique,8573,1148,sceptique sceptiques
stéphanie,8574,1147,stéphanie
ghost,8575,1147,ghost
magne-toi,8576,1146,magne-toi
moralité,8577,1146,moralité
équipé,8578,1146,équipé
sloane,8579,1146,sloane
hosto,8580,1146,hosto
buffalo,8581,1146,buffalo
comptabilité,8582,1146,comptabilité
carnaval,8583,1146,carnaval
émouvant,8584,1146,émouvant émouvante
diabète,8585,1145,diabète
tata,8586,1145,tata
mémé,8587,1145,mémé
faisais-tu,8588,1145,faisais-tu
posée,8589,1145,posée
gerber,8590,1145,gerber gerbé
clic,8591,1145,clic clics
retraiter,8592,1145,retraité retraités
rufus,8593,1144,rufus
ollie,8594,1144,ollie
mascotte,8595,1144,mascotte mascottes
ligoter,8596,1144,ligoté ligotée ligoter ligotés
renier,8597,1144,renier renié renie
daleks,8598,1143,daleks
scarlett,8599,1143,scarlett
velours,8600,1143,velours
caviar,8601,1143,caviar
demandez-vous,8602,1142,demandez-vous
mois-ci,8603,1142,mois-ci
moya,8604,1142,moya
terrence,8605,1142,terrence
y-a-t-il,8606,1142,y-a-t-il
arsenal,8607,1142,arsenal
réforme,8608,1142,réforme réformes
hanson,8609,1141,hanson
broche,8610,1141,broche
incision,8611,1141,incision incisions
saouler,8612,1141,saouler saoulé saoulée
banni,8613,1140,banni
trouduc,8614,1140,trouduc
parce-que,8615,1140,parce-que
pneumonie,8616,1140,pneumonie
ba,8617,1140,ba
tirons-nous,8618,1140,tirons-nous
lanterner,8619,1140,lanterne lanternes
cliver,8620,1139,clive
charley,8621,1139,charley
crédibilité,8622,1139,crédibilité
galant,8623,1139,galant galants
prodige,8624,1139,prodige prodiges
lobe,8625,1139,lobe lobes
rodriguez,8626,1138,rodriguez
disputé,8627,1138,disputé
saké,8628,1138,saké
illuminer,8629,1138,illumine illuminer illuminée illuminés illuminent
ultra,8630,1137,ultra
bats-toi,8631,1137,bats-toi
sanguine,8632,1137,sanguine
hurlant,8633,1137,hurlant
need,8634,1137,need
éventuellement,8635,1137,éventuellement
vatican,8636,1137,vatican
t-elle,8637,1137,t-elle
crânien,8638,1137,crânien crânienne
partenariat,8639,1136,partenariat
klingon,8640,1136,klingon
emmett,8641,1136,emmett
carnage,8642,1136,carnage
flint,8643,1136,flint
diligence,8644,1136,diligence
sphère,8645,1136,sphère sphères
commerçant,8646,1136,commerçants commerçant
godzilla,8647,1135,godzilla
vaudou,8648,1135,vaudou
floyd,8649,1135,floyd
libby,8650,1135,libby
bandeau,8651,1135,bandeau bandeaux
recréer,8652,1135,recréer recréé recrée
avide,8653,1135,avide avides
richmond,8654,1134,richmond
isabella,8655,1134,isabella
matthews,8656,1134,matthews
noblesse,8657,1134,noblesse
mélanie,8658,1134,mélanie
inondation,8659,1134,inondation inondations
patin,8660,1134,patins patin
vivement,8661,1133,vivement
judas,8662,1133,judas
arène,8663,1133,arène
mustang,8664,1133,mustang mustangs
fainéant,8665,1133,fainéant fainéants
recharger,8666,1132,recharger rechargez rechargé
strip-tease,8667,1131,strip-tease
8h,8668,1131,8h
défait,8669,1131,défait défaits
infernal,8670,1131,infernal infernale
logo,8671,1130,logo
call,8672,1130,call
hard,8673,1130,hard
plate-forme,8674,1130,plate-forme plates-formes
sucette,8675,1130,sucette sucettes
music,8676,1129,music
expertise,8677,1129,expertise
oklahoma,8678,1129,oklahoma
survivor,8679,1129,survivor
bennet,8680,1129,bennet
new-yorkais,8681,1129,new-yorkais new-yorkaise
liquider,8682,1129,liquider liquidé
purger,8683,1129,purger purgé
administratif,8684,1129,administratif administrative administratives administratifs
devancer,8685,1129,devancé devancer devance devancés
refouler,8686,1129,refoulé refouler refoulée refoulés refoule
chef-d',8687,1128,chef-d'
combine,8688,1128,combine
challenge,8689,1128,challenge challenges
malhonnête,8690,1128,malhonnête malhonnêtes
stressant,8691,1128,stressant stressante
défectueux,8692,1128,défectueux défectueuse
fu,8693,1127,fu
totalité,8694,1127,totalité
sketch,8695,1127,sketch sketches sketchs
prématuré,8696,1127,prématuré prématurée
passif,8697,1127,passif passive passifs
knight,8698,1126,knight
quelquechose,8699,1126,quelquechose
vient-il,8700,1126,vient-il
our,8701,1126,our
proverbe,8702,1126,proverbe proverbes
vernis,8703,1125,vernis
tuez-les,8704,1125,tuez-les
stimulant,8705,1125,stimulant stimulants stimulante
argentine,8706,1124,argentine
remue,8707,1124,remue
willis,8708,1124,willis
ferguson,8709,1124,ferguson
gronder,8710,1124,gronde gronder grondé
holà,8711,1123,holà
repaire,8712,1123,repaire
oui.,8713,1123,oui.
célébration,8714,1123,célébration célébrations
scrupule,8715,1123,scrupules scrupule
envoie-moi,8716,1122,envoie-moi
aurait-elle,8717,1122,aurait-elle
baba,8718,1122,baba
heidi,8719,1122,heidi
vanne,8720,1122,vannes vanne
forge,8721,1121,forge
babe,8722,1121,babe
fa,8723,1121,fa
dominique,8724,1121,dominique
renouveler,8725,1121,renouveler renouvelé renouvelle
barre-toi,8726,1120,barre-toi
andrews,8727,1120,andrews
camelot,8728,1120,camelot
messagerie,8729,1120,messagerie
jung,8730,1120,jung
portier,8731,1120,portier
magistrat,8732,1120,magistrat magistrats
effectif,8733,1120,effectifs effectif effective
souligner,8734,1120,souligner souligné souligne
varier,8735,1120,varie varier variées variés varié varient
propagande,8736,1119,propagande
malibu,8737,1119,malibu
envoyez-moi,8738,1119,envoyez-moi
saint-valentin,8739,1119,saint-valentin
malley,8740,1119,malley
irrésistible,8741,1119,irrésistible
différend,8742,1118,différends différend
toronto,8743,1117,toronto
rogner,8744,1117,rogne
orgie,8745,1117,orgie orgies
influent,8746,1117,influent influents influente influentes
grill,8747,1116,grill
voulais-tu,8748,1116,voulais-tu
ingénierie,8749,1116,ingénierie
trudy,8750,1116,trudy
hésitation,8751,1116,hésitation hésitations
chialer,8752,1116,chialer chiale chiales
dénicher,8753,1116,dénicher déniché déniche
sonya,8754,1115,sonya
gladys,8755,1115,gladys
think,8756,1115,think
bette,8757,1115,bette
maine,8758,1114,maine
blaine,8759,1114,blaine
étouffé,8760,1114,étouffé
trouvez-le,8761,1114,trouvez-le
moisir,8762,1114,moisi moisir moisie moisis
réapparaître,8763,1114,réapparu réapparaître réapparaît réapparaîtra
q.g.,8764,1113,q.g.
daphne,8765,1113,daphne
dansant,8766,1113,dansant dansante
boche,8767,1113,boches boche
bianca,8768,1112,bianca
sortez-moi,8769,1112,sortez-moi
placement,8770,1112,placement placements
ardent,8771,1112,ardent ardente ardents
bouge-toi,8772,1111,bouge-toi
jun,8773,1111,jun
tirez-vous,8774,1111,tirez-vous
bird,8775,1111,bird
complexé,8776,1110,complexes
perpétuité,8777,1110,perpétuité
bravoure,8778,1110,bravoure
kiki,8779,1110,kiki
pharaon,8780,1110,pharaon pharaons
fasciner,8781,1110,fasciné fascinée fascinés
attarder,8782,1110,attarder attardés attarde attardée
douloureuse,8783,1109,douloureuse
appartenant,8784,1109,appartenant
grandissant,8785,1109,grandissant grandissante
thermique,8786,1109,thermique thermiques
cox,8787,1108,cox
i.,8788,1108,i.
mg,8789,1108,mg
aria,8790,1108,aria
let',8791,1108,let'
rase,8792,1108,rase
lamentable,8793,1108,lamentable lamentables
couillon,8794,1108,couillon couillons
ambulancier,8795,1108,ambulanciers ambulancier
colleen,8796,1107,colleen
topo,8797,1107,topo
croquis,8798,1107,croquis
frere,8799,1107,frere
paroi,8800,1107,paroi parois
bénéficier,8801,1107,bénéficier bénéficie bénéficié
raoul,8802,1106,raoul
stockage,8803,1106,stockage
captain,8804,1106,captain
premiere,8805,1106,premiere
exécutif,8806,1106,exécutif exécutifs
transparent,8807,1106,transparent transparente transparents
semelle,8808,1106,semelle semelles
mi-chemin,8809,1105,mi-chemin
maestro,8810,1105,maestro
offrant,8811,1105,offrant
ampleur,8812,1105,ampleur
trier,8813,1105,trier trie trié triés
déshonorer,8814,1105,déshonoré déshonorer déshonorée déshonore
9h,8815,1104,9h
recoudre,8816,1104,recoudre recousu
molécule,8817,1104,molécules molécule
vil,8818,1104,vil vile vils
blaguer,8819,1104,blaguais blaguer blaguez blaguait
tac,8820,1103,tac
tae,8821,1103,tae
dépêchons-nous,8822,1103,dépêchons-nous
écosser,8823,1102,écosse
pike,8824,1102,pike
cylons,8825,1102,cylons
divertir,8826,1102,divertir
saveur,8827,1102,saveur saveurs
raton,8828,1102,raton ratons
décisif,8829,1102,décisif décisive
jax,8830,1101,jax
kirby,8831,1101,kirby
iowa,8832,1101,iowa
lasagne,8833,1101,lasagnes lasagne
pénal,8834,1101,pénal pénale
obèse,8835,1101,obèse obèses
manning,8836,1100,manning
facilité,8837,1100,facilité
façade,8838,1100,façade
golfe,8839,1100,golfe
remédier,8840,1100,remédier
considérable,8841,1100,considérable considérables
collectionner,8842,1100,collectionne collectionner collectionnait
mutuelle,8843,1099,mutuelle
boo,8844,1098,boo
samson,8845,1098,samson
vous-mêmes,8846,1098,vous-mêmes
randonner,8847,1098,randonnée randonnées
laveur,8848,1098,laveur laveurs
rod,8849,1097,rod
rêveur,8850,1097,rêveur rêveurs rêveuse
porte-parole,8851,1096,porte-parole
aurore,8852,1096,aurore aurores
mécontent,8853,1096,mécontent mécontents
soul,8854,1095,soul
résurrection,8855,1095,résurrection
yuan,8856,1095,yuan yuans
ace,8857,1094,ace
lucille,8858,1094,lucille
josie,8859,1094,josie
coleman,8860,1094,coleman
vaguement,8861,1094,vaguement
lynette,8862,1094,lynette
kentucky,8863,1093,kentucky
écossais,8864,1093,écossais
knox,8865,1093,knox
montre-toi,8866,1093,montre-toi
fais-les,8867,1093,fais-les
klein,8868,1093,klein
gardez-le,8869,1093,gardez-le
expulsé,8870,1093,expulsé
frustrant,8871,1093,frustrant
marqueur,8872,1093,marqueur marqueurs
glee,8873,1092,glee
dévouement,8874,1092,dévouement
sultan,8875,1092,sultan
pétition,8876,1092,pétition pétitions
indifférent,8877,1092,indifférent indifférente indifférents
émotif,8878,1092,émotif émotive émotifs
gazon,8879,1091,gazon
lem,8880,1091,lem
spécialisé,8881,1091,spécialisé
mercure,8882,1091,mercure
vipère,8883,1091,vipère vipères
souder,8884,1091,soudés souder soudée soudé
liu,8885,1090,liu
rendant,8886,1090,rendant
vertébral,8887,1090,vertébrale
lingerie,8888,1090,lingerie
glacial,8889,1090,glacial glaciale
qi,8890,1089,qi
audio,8891,1089,audio
pulmonaire,8892,1089,pulmonaire pulmonaires
laisse-toi,8893,1088,laisse-toi
doctor,8894,1088,doctor
sanglier,8895,1088,sanglier sangliers
auditionner,8896,1088,auditionner auditionné auditionne
implanter,8897,1088,implanté implanter implantée
joker,8898,1087,joker
newman,8899,1087,newman
ip,8900,1087,ip
schtroumpf,8901,1087,schtroumpf schtroumpfs
coupon,8902,1087,coupons coupon
tuerie,8903,1087,tuerie tueries
advenir,8904,1087,advienne advenu advenir adviendra advient
colby,8905,1086,colby
sud-est,8906,1086,sud-est
fish,8907,1085,fish
acquérir,8908,1085,acquérir acquiert
cochonnerie,8909,1085,cochonneries cochonnerie
hors-la-loi,8910,1084,hors-la-loi
bombardier,8911,1084,bombardiers bombardier
silhouette,8912,1083,silhouette silhouettes
renvoi,8913,1083,renvoi renvois
décevant,8914,1083,décevant décevante
jennings,8915,1082,jennings
disco,8916,1082,disco
subitement,8917,1082,subitement
ms,8918,1082,ms
plaza,8919,1082,plaza
panda,8920,1082,panda pandas
macho,8921,1082,macho machos
artefact,8922,1082,artefact artefacts
philippin,8923,1082,philippines philippin philippine philippins
maura,8924,1081,maura
carrer,8925,1081,carrés carrer carrées
thune,8926,1081,thune thunes
charlatan,8927,1080,charlatan charlatans
il-vous-plaît,8928,1079,il-vous-plaît
giles,8929,1079,giles
athéna,8930,1079,athéna
clavier,8931,1079,clavier
gomme,8932,1079,gomme gommes
extension,8933,1079,extension extensions
nouveauté,8934,1079,nouveauté nouveautés
félix,8935,1078,félix
thorax,8936,1078,thorax
pascal,8937,1078,pascal pascale
pleurnicher,8938,1078,pleurnicher pleurniche
insérer,8939,1078,insérer inséré insère insérez
cligner,8940,1078,cligne cligner cligné clignez
ferrailler,8941,1077,ferraille
détroit,8942,1077,détroit
maryland,8943,1077,maryland
déterrer,8944,1077,déterrer déterre
administrateur,8945,1077,administrateur administrateurs
restriction,8946,1077,restrictions restriction
excursion,8947,1076,excursion excursions
comploter,8948,1076,comploter comploté complote complotent complotez
yuri,8949,1075,yuri
paroisse,8950,1075,paroisse
obsèques,8951,1075,obsèques
saint-esprit,8952,1074,saint-esprit
remontant,8953,1074,remontant
set,8954,1074,set sets
cathédrale,8955,1074,cathédrale cathédrales
fumeur,8956,1074,fumeur fumeurs
replier,8957,1074,replie replier replient replié
apprentissage,8958,1073,apprentissage
wagner,8959,1073,wagner
restau,8960,1073,restau
beethoven,8961,1073,beethoven
mitrailleuse,8962,1073,mitrailleuse mitrailleuses
lorrain,8963,1072,lorraine
attends-tu,8964,1072,attends-tu
tranchant,8965,1072,tranchant tranchants tranchante
déléguer,8966,1072,délégués déléguée déléguer
équiper,8967,1072,équipés équiper équipées
conquis,8968,1071,conquis
dracula,8969,1071,dracula
enragé,8970,1071,enragé
préjuger,8971,1071,préjugés
campement,8972,1071,campement
expérimenté,8973,1071,expérimenté
justine,8974,1071,justine
plateforme,8975,1071,plateforme plateformes
gentilhomme,8976,1071,gentilhomme gentilshommes
croisade,8977,1071,croisade croisades
extra-terrestre,8978,1071,extra-terrestre extra-terrestres
humidité,8979,1070,humidité
trouve-toi,8980,1070,trouve-toi
argo,8981,1070,argo
power,8982,1070,power
cousu,8983,1070,cousu cousue cousus
dévaliser,8984,1070,dévalisé dévaliser dévalise
est-tu,8985,1069,est-tu
alléluia,8986,1069,alléluia
loft,8987,1069,loft
outrage,8988,1069,outrage
intègre,8989,1069,intègre intègres
ingénieux,8990,1069,ingénieux ingénieuse
énergétique,8991,1069,énergétique énergétiques
absenter,8992,1069,absenter absenté absentée
berner,8993,1068,berner berné bernés
hospitaliser,8994,1068,hospitalisé hospitalisée hospitaliser
asthme,8995,1067,asthme
mountain,8996,1067,mountain
famine,8997,1067,famine
valerie,8998,1067,valerie
chin,8999,1067,chin
donne-le,9000,1067,donne-le
hetty,9001,1066,hetty
lockhart,9002,1066,lockhart
détournement,9003,1066,détournement détournements
forfait,9004,1066,forfait forfaits
crosse,9005,1066,crosse crosses
disposé,9006,1065,disposé
were,9007,1065,were
vouliez-vous,9008,1065,vouliez-vous
3h,9009,1065,3h
miriam,9010,1064,miriam
abîmé,9011,1064,abîmé
manchester,9012,1064,manchester
annexe,9013,1064,annexe annexes
plongeur,9014,1064,plongeur plongeurs
dea,9015,1063,dea
jorge,9016,1063,jorge
faites-lui,9017,1063,faites-lui
défaillance,9018,1063,défaillance défaillances
astéroïde,9019,1063,astéroïde astéroïdes
incinérer,9020,1063,incinéré incinérer incinérée incinérés
mackenzie,9021,1062,mackenzie
olga,9022,1062,olga
engloutir,9023,1062,englouti engloutir engloutie engloutis engloutit
étranglé,9024,1061,étranglé
nigel,9025,1061,nigel
exploration,9026,1061,exploration
compositeur,9027,1061,compositeur compositeurs
tiens-le,9028,1060,tiens-le
micro-ondes,9029,1060,micro-ondes
tiger,9030,1060,tiger
quantique,9031,1060,quantique quantiques
appréhender,9032,1060,appréhender appréhendé appréhende
obus,9033,1059,obus
chambers,9034,1059,chambers
succession,9035,1059,succession
perkins,9036,1059,perkins
diarrhée,9037,1059,diarrhée diarrhées
fouine,9038,1059,fouine fouines
derniere,9039,1058,derniere
enfoncé,9040,1058,enfoncé
rotation,9041,1058,rotation rotations
compensation,9042,1058,compensation compensations
télescope,9043,1058,télescope télescopes
surveillant,9044,1058,surveillant surveillante surveillants
décourager,9045,1058,décourager découragé décourage
nord-est,9046,1057,nord-est
mathieu,9047,1057,mathieu
cake,9048,1057,cake cakes
tombant,9049,1056,tombant
madeline,9050,1056,madeline
geek,9051,1056,geek
kgb,9052,1056,kgb
morse,9053,1056,morse
entre-temps,9054,1056,entre-temps
facon,9055,1056,facon
sheridan,9056,1056,sheridan
littéraire,9057,1056,littéraire littéraires
privilégier,9058,1056,privilégié privilégiés privilégier privilégie
cristina,9059,1055,cristina
chié,9060,1055,chié
affiler,9061,1055,affilée
cora,9062,1055,cora
regrettable,9063,1055,regrettable
abominable,9064,1055,abominable abominables
appelant,9065,1054,appelant
regarde-les,9066,1054,regarde-les
lã,9067,1054,lã
fermement,9068,1054,fermement
izzy,9069,1053,izzy
bien-sûr,9070,1053,bien-sûr
jasmine,9071,1053,jasmine
hectare,9072,1053,hectares hectare
enrager,9073,1053,enragés enragée enrager enrage
sophistiqué,9074,1052,sophistiqué
nord-ouest,9075,1052,nord-ouest
handicap,9076,1052,handicap
insultant,9077,1052,insultant insultante
portugais,9078,1052,portugais portugaise
vielle,9079,1052,vielle vielles
prague,9080,1051,prague
feras-tu,9081,1051,feras-tu
cachez-vous,9082,1051,cachez-vous
natation,9083,1051,natation
marseille,9084,1051,marseille
inculpation,9085,1051,inculpation inculpations
forum,9086,1051,forum forums
ouvrage,9087,1051,ouvrage ouvrages
griffith,9088,1050,griffith
ramène-moi,9089,1050,ramène-moi
empoisonnement,9090,1050,empoisonnement
shit,9091,1049,shit
bowl,9092,1049,bowl
jensen,9093,1049,jensen
radieux,9094,1049,radieuse radieux
polaire,9095,1048,polaire polaires
esquiver,9096,1048,esquiver esquivé esquives
gerry,9097,1047,gerry
doublure,9098,1047,doublure
savage,9099,1047,savage
négligé,9100,1047,négligé
fry,9101,1047,fry
licenciement,9102,1047,licenciement licenciements
obscène,9103,1047,obscène obscènes
fez,9104,1046,fez
pendaison,9105,1046,pendaison
rossi,9106,1046,rossi
prudemment,9107,1046,prudemment
violemment,9108,1046,violemment
shore,9109,1046,shore
accélérateur,9110,1046,accélérateur
pourriture,9111,1046,pourriture pourritures
civiliser,9112,1046,civilisés civilisée
ronfler,9113,1046,ronfle ronfler ronfles
tranquillité,9114,1045,tranquillité
ingrid,9115,1045,ingrid
guillaume,9116,1045,guillaume
fuguer,9117,1045,fugue fuguer fugues
variété,9118,1045,variété variétés
lâ,9119,1044,lâ
ginny,9120,1044,ginny
leurre,9121,1044,leurre
moquetter,9122,1044,moquette
rassurez-vous,9123,1044,rassurez-vous
entamer,9124,1044,entamer entamé
grand-papa,9125,1044,grand-maman grand-papa
pare-brise,9126,1043,pare-brise
castro,9127,1043,castro
cosmique,9128,1043,cosmique cosmiques
dessein,9129,1043,dessein desseins
regrouper,9130,1043,regrouper regroupe regroupés regroupent
margot,9131,1042,margot
ouïe,9132,1042,ouïe
woman,9133,1042,woman
toni,9134,1042,toni
hypothèque,9135,1042,hypothèque hypothèques
ennuyant,9136,1042,ennuyant ennuyante
auxiliaire,9137,1042,auxiliaire auxiliaires
incliner,9138,1042,incline incliner
mémoriser,9139,1042,mémoriser mémorisé mémorise
tantôt,9140,1041,tantôt
roxy,9141,1041,roxy
natasha,9142,1041,natasha
marguerite,9143,1041,marguerite marguerites
cochonne,9144,1041,cochonne cochonnes
offrande,9145,1041,offrande offrandes
froisser,9146,1041,froisser froissé froissée froisse
dérive,9147,1040,dérive
minorité,9148,1040,minorité minorités
brigand,9149,1040,brigands brigand
rabaisser,9150,1040,rabaisser rabaisse rabaissé
escargot,9151,1040,escargot escargots
louisiane,9152,1039,louisiane
etrange,9153,1039,etrange
dilemme,9154,1039,dilemme
crowley,9155,1039,crowley
strip,9156,1039,strip
stupidité,9157,1039,stupidité stupidités
conteneur,9158,1039,conteneur conteneurs
inaperçu,9159,1039,inaperçu inaperçue inaperçus
kirsten,9160,1038,kirsten
genève,9161,1038,genève
jackpot,9162,1038,jackpot
vigile,9163,1038,vigile vigiles
indulgent,9164,1038,indulgent indulgente indulgents
ramer,9165,1038,ramer rama ramez
succomber,9166,1038,succombé succomber succombe
clémence,9167,1037,clémence
nette,9168,1037,nette
dépendant,9169,1037,dépendant dépendante dépendants
acompte,9170,1036,acompte
sursis,9171,1036,sursis
collectionneur,9172,1036,collectionneur collectionneurs
satisfaisant,9173,1036,satisfaisant satisfaisante
joo,9174,1035,joo
vinnie,9175,1035,vinnie
greta,9176,1035,greta
titus,9177,1035,titus
lâche-la,9178,1035,lâche-la
truman,9179,1035,truman
imprimé,9180,1034,imprimé
ram,9181,1034,ram
rédemption,9182,1034,rédemption
harlem,9183,1034,harlem
hiérarchie,9184,1034,hiérarchie
proprement,9185,1034,proprement
soûler,9186,1034,soûler soûlé
hibou,9187,1034,hibou hiboux
embouteillage,9188,1034,embouteillages embouteillage
zeus,9189,1033,zeus
playboy,9190,1033,playboy
admiration,9191,1033,admiration
too,9192,1033,too
scooter,9193,1033,scooter
reconduire,9194,1033,reconduire reconduis reconduit
abdominal,9195,1033,abdominale abdominales abdominal abdominaux
eugene,9196,1032,eugene
cuite,9197,1032,cuite
algue,9198,1032,algues algue
courtier,9199,1032,courtier courtiers
accidentel,9200,1032,accidentelle accidentel
hannibal,9201,1031,hannibal
seymour,9202,1031,seymour
catch,9203,1031,catch
god,9204,1031,god
dre,9205,1031,dre
faisable,9206,1031,faisable
rayure,9207,1031,rayures rayure
maquereau,9208,1031,maquereau maquereaux
présentateur,9209,1031,présentateur présentatrice
mesquin,9210,1031,mesquin mesquine mesquins
géorgie,9211,1030,géorgie
usb,9212,1030,usb
lucien,9213,1030,lucien
center,9214,1030,center
rhonda,9215,1029,rhonda
watt,9216,1029,watts watt
hypnotiser,9217,1029,hypnotisé hypnotiser hypnotisée hypnotise
bye-bye,9218,1028,bye-bye
yoon,9219,1028,yoon
tirage,9220,1028,tirage tirages
compléter,9221,1028,compléter complété
robbins,9222,1027,robbins
ventilation,9223,1027,ventilation
fiasco,9224,1027,fiasco
égaré,9225,1027,égaré
délirant,9226,1027,délirant délirante délirantes délirants
pinceau,9227,1027,pinceau pinceaux
sud-ouest,9228,1026,sud-ouest
zane,9229,1026,zane
dead,9230,1026,dead
frére,9231,1026,frére
mmh,9232,1025,mmh
ice,9233,1025,ice
saurais-je,9234,1025,saurais-je
pepper,9235,1025,pepper
lara,9236,1025,lara
alzheimer,9237,1024,alzheimer
dimitri,9238,1024,dimitri
tolérance,9239,1024,tolérance
hostilité,9240,1024,hostilité hostilités
égyptien,9241,1024,égyptien égyptiens
clocher,9242,1024,clochait clocher
stacey,9243,1023,stacey
pleurant,9244,1023,pleurant
week,9245,1023,week
orient,9246,1023,orient
confrontation,9247,1023,confrontation confrontations
puceau,9248,1023,puceau pucelle puceaux
repentir,9249,1023,repentir repenti repens
cracker,9250,1023,crackers cracker
ferrari,9251,1022,ferrari
kappa,9252,1022,kappa
emmenez-la,9253,1022,emmenez-la
butch,9254,1022,butch
amnésie,9255,1022,amnésie
skip,9256,1022,skip
ga,9257,1022,ga
présage,9258,1022,présage présages
redresser,9259,1022,redresser redressez redressé
fernando,9260,1021,fernando
écoutant,9261,1021,écoutant
reno,9262,1021,reno
pépé,9263,1021,pépé
hypnose,9264,1021,hypnose
caine,9265,1021,caine
bison,9266,1021,bison bisons
sanitaire,9267,1021,sanitaire sanitaires
katy,9268,1020,katy
karaoké,9269,1020,karaoké
duck,9270,1020,duck
pianiste,9271,1020,pianiste
prévision,9272,1020,prévisions prévision
bobine,9273,1020,bobine bobines
organisateur,9274,1020,organisateur organisatrice organisateurs
prostituer,9275,1020,prostitué prostituer prostitués prostitue
marsh,9276,1019,marsh
boussole,9277,1019,boussole
suspense,9278,1019,suspense
canette,9279,1019,canette canettes
boyle,9280,1018,boyle
francesca,9281,1018,francesca
constant,9282,1018,constant constants
maigrir,9283,1018,maigri maigrir
païen,9284,1018,païens païen païenne
jody,9285,1017,jody
abattoir,9286,1017,abattoir abattoirs
fusionner,9287,1017,fusionner fusionné fusionne fusionnent
chun,9288,1016,chun
pret,9289,1016,pret
carole,9290,1016,carole
inoubliable,9291,1016,inoubliable inoubliables
urne,9292,1016,urne urnes
morton,9293,1015,morton
fuller,9294,1015,fuller
hologramme,9295,1015,hologramme hologrammes
agaçant,9296,1015,agaçant agaçante
paranoïa,9297,1014,paranoïa
super-héros,9298,1014,super-héros
élastique,9299,1014,élastique élastiques
contente-toi,9300,1013,contente-toi
rhodes,9301,1013,rhodes
chopper,9302,1013,chopper choppé choppe
pionnier,9303,1013,pionniers pionnier
kev,9304,1012,kev
paolo,9305,1012,paolo
vinaigre,9306,1012,vinaigre
speed,9307,1011,speed
agressive,9308,1011,agressive
intello,9309,1011,intello
mêre,9310,1011,mêre
tempérament,9311,1011,tempérament
immortalité,9312,1011,immortalité
cabot,9313,1011,cabot cabots
flottant,9314,1011,flottant flottante
synthétique,9315,1011,synthétique synthétiques
adéquat,9316,1011,adéquat adéquate adéquates
consentir,9317,1011,consenti consens consent consentir
trompeur,9318,1011,trompeuses trompeur trompeuse trompeurs
survoler,9319,1011,survole survoler survolé survolent
steed,9320,1010,steed
dague,9321,1010,dague
appelle-t-il,9322,1010,appelle-t-il
briefing,9323,1010,briefing
ouste,9324,1009,ouste
morrison,9325,1009,morrison
aide-nous,9326,1009,aide-nous
rdv,9327,1008,rdv
lunaire,9328,1008,lunaire lunaires
souiller,9329,1008,souillé souiller souillée
gille,9330,1007,gilles
picasso,9331,1007,picasso
représaille,9332,1007,représailles
string,9333,1007,string strings
apte,9334,1007,apte aptes
indemne,9335,1007,indemne indemnes
cosmos,9336,1006,cosmos
marjorie,9337,1006,marjorie
prenez-en,9338,1006,prenez-en
bloom,9339,1006,bloom
lucide,9340,1006,lucide lucides
orchidée,9341,1006,orchidée orchidées
higgins,9342,1005,higgins
dénommé,9343,1005,dénommé
confrérie,9344,1005,confrérie
hyun,9345,1004,hyun
strike,9346,1004,strike
jeeves,9347,1003,jeeves
hip,9348,1003,hip
brève,9349,1003,brève
brut,9350,1003,brut bruts
persister,9351,1003,persiste persistez persistes persister
glander,9352,1003,glandes glander
trouer,9353,1003,troué trouer troue trouée
carver,9354,1002,carver
rembrandt,9355,1002,rembrandt
couchez-vous,9356,1002,couchez-vous
dc,9357,1002,dc
roc,9358,1002,roc
lisse,9359,1002,lisse lisses
absurdité,9360,1002,absurdité absurdités
plomberie,9361,1001,plomberie
espere,9362,1001,espere
ulds,9363,1001,ulds
could,9364,1001,could
râler,9365,1001,râler râles
relique,9366,1001,relique reliques
porsche,9367,1000,porsche
ouvre-le,9368,1000,ouvre-le
bluff,9369,1000,bluff
priya,9370,1000,priya
rejoins-moi,9371,1000,rejoins-moi
tanaka,9372,1000,tanaka
6h,9373,1000,6h
tong,9374,1000,tong tongs
phoque,9375,1000,phoque phoques
joyau,9376,1000,joyau joyaux
moran,9377,999,moran
devin,9378,999,devin devins
écolier,9379,999,écolière écoliers écolier écolières
notaire,9380,998,notaire
courante,9381,998,courante
congélateur,9382,998,congélateur
remboursement,9383,998,remboursement remboursements
luna,9384,997,luna
égypte,9385,997,égypte
publication,9386,997,publication publications
abbott,9387,996,abbott
entends-tu,9388,996,entends-tu
station-service,9389,996,station-service
hormis,9390,996,hormis
probléme,9391,996,probléme
bêta,9392,996,bêta
sangsue,9393,996,sangsues sangsue
doter,9394,996,doté dotée dotés
minéral,9395,996,minéraux minérale minéral
plaisant,9396,995,plaisant
tenez-le,9397,995,tenez-le
nourrice,9398,994,nourrice
brusquement,9399,994,brusquement
pass,9400,994,pass
jose,9401,994,jose
été,9402,994,étés
essentiellement,9403,994,essentiellement
brebis,9404,994,brebis
grouille-toi,9405,994,grouille-toi
corporation,9406,994,corporation corporations
friandise,9407,994,friandises friandise
fourrière,9408,993,fourrière
princeton,9409,993,princeton
horace,9410,993,horace
che,9411,993,che
death,9412,993,death
veulent-ils,9413,993,veulent-ils
akira,9414,993,akira
prospérité,9415,993,prospérité
rigueur,9416,993,rigueur
sortilège,9417,993,sortilège sortilèges
gueuler,9418,993,gueuler gueulé gueulait
clodo,9419,993,clodo clodos
paternel,9420,993,paternel paternelle
porto,9421,992,porto
soigneusement,9422,992,soigneusement
éric,9423,992,éric
immature,9424,992,immature immatures
portion,9425,992,portion portions
bouder,9426,992,bouder boude boudes
wisconsin,9427,991,wisconsin
jeremiah,9428,991,jeremiah
téléporter,9429,991,téléporter
nounours,9430,991,nounours
perso,9431,991,perso
plutot,9432,991,plutot
boulangerie,9433,991,boulangerie
agricole,9434,991,agricole agricoles
conventionnel,9435,991,conventionnel conventionnelle conventionnelles conventionnels
kitt,9436,990,kitt
valide,9437,990,valide valides
sabotage,9438,989,sabotage
chaine,9439,989,chaine
exclusivité,9440,989,exclusivité
impériale,9441,989,impériale
co,9442,989,co
rayna,9443,989,rayna
constance,9444,989,constance
hideux,9445,989,hideux hideuse
soudoyer,9446,989,soudoyer soudoyé
estelle,9447,988,estelle
beuh,9448,988,beuh
tempe,9449,988,tempe tempes
fusiller,9450,988,fusiller fusillé fusillés
steph,9451,987,steph
doe,9452,987,doe
vanité,9453,987,vanité
agriculture,9454,987,agriculture
tang,9455,987,tang
ouvertement,9456,987,ouvertement
théo,9457,987,théo
séisme,9458,987,séisme séismes
recoin,9459,987,recoins recoin
aeryn,9460,986,aeryn
état-major,9461,986,état-major
reich,9462,986,reich
hee,9463,986,hee
indéfiniment,9464,986,indéfiniment
brunch,9465,986,brunch
dwayne,9466,986,dwayne
mare,9467,985,mare
révision,9468,985,révision révisions
insuffisant,9469,985,insuffisant insuffisante insuffisantes insuffisants
biche,9470,984,biche
gouverner,9471,984,gouverner gouvernent
aller-retour,9472,984,aller-retour allers-retours
fléchette,9473,984,fléchettes fléchette
redemander,9474,984,redemande redemander redemanderai
cain,9475,983,cain
mozart,9476,983,mozart
churchill,9477,983,churchill
tennessee,9478,983,tennessee
spéculation,9479,983,spéculation spéculations
léonard,9480,982,léonard
humphrey,9481,982,humphrey
restauration,9482,982,restauration
lisbon,9483,982,lisbon
consul,9484,982,consul
sombrer,9485,982,sombrer sombré
renne,9486,982,rennes renne
irrégulier,9487,982,irrégulier irrégulière irréguliers irrégulières
rétablissement,9488,981,rétablissement
orlando,9489,981,orlando
rabat-joie,9490,981,rabat-joie
dupe,9491,981,dupe dupes
belge,9492,981,belge belges
tourment,9493,981,tourments tourment
bank,9494,980,bank
disney,9495,980,disney
bear,9496,980,bear
providence,9497,980,providence
allégation,9498,980,allégations allégation
guet,9499,979,guet
manœuvre,9500,979,manœuvre
tirant,9501,979,tirant
islam,9502,979,islam
alvarez,9503,979,alvarez
blindé,9504,979,blindé
bass,9505,979,bass
déni,9506,978,déni
gaucher,9507,978,gaucher gauchère
guérisseur,9508,978,guérisseur guérisseuse guérisseurs
parental,9509,978,parentale parental parentaux
accumuler,9510,978,accumule accumuler accumulent
caféine,9511,977,caféine
memphis,9512,977,memphis
fourniture,9513,977,fournitures
instructeur,9514,977,instructeur instructeurs
rénovation,9515,977,rénovation rénovations
eyes,9516,976,eyes
réer,9517,976,réa
sully,9518,976,sully
said,9519,976,said
faucher,9520,976,fauchés faucher
poutre,9521,976,poutre poutres
garde-côte,9522,976,garde-côtes gardes-côtes garde-côte
freud,9523,975,freud
puanteur,9524,975,puanteur
est-ce-pas,9525,975,est-ce-pas
foreman,9526,975,foreman
dixième,9527,975,dixième dixièmes
chaperon,9528,975,chaperon chaperons
sociopathe,9529,975,sociopathe sociopathes
électoral,9530,975,électorale électoral électorales
transpercer,9531,975,transpercé transpercer transperce
opium,9532,974,opium
avait-elle,9533,974,avait-elle
parlez-nous,9534,974,parlez-nous
savannah,9535,974,savannah
fisc,9536,974,fisc
hawk,9537,974,hawk
caillot,9538,974,caillot caillots
tourmenter,9539,974,tourmenter tourmentée tourmentez
liza,9540,973,liza
yuki,9541,973,yuki
cache-cache,9542,973,cache-cache
avais-je,9543,973,avais-je
tournure,9544,973,tournure
choeur,9545,973,choeur choeurs
immoral,9546,973,immoral immorale
saloon,9547,972,saloon
préparatif,9548,972,préparatifs
snow,9549,972,snow
nœuds,9550,972,nœuds
fad,9551,972,fad
occupant,9552,972,occupant occupants
sincérité,9553,971,sincérité
sheppard,9554,971,sheppard
biopsie,9555,971,biopsie
ecartez-vous,9556,971,ecartez-vous
corey,9557,971,corey
précipité,9558,970,précipité
lyon,9559,970,lyon
fanfare,9560,970,fanfare
intensité,9561,970,intensité
délice,9562,970,délice délices
saccager,9563,970,saccagé saccager saccagée
pèlerin,9564,970,pèlerins pèlerin
tardif,9565,970,tardive tardif tardives
colombie,9566,969,colombie
bénéfique,9567,969,bénéfique bénéfiques
confidence,9568,969,confidence confidences
utilisateur,9569,969,utilisateur utilisateurs
nadine,9570,968,nadine
drama,9571,968,drama
étui,9572,968,étui étuis
garden,9573,967,garden
paragraphe,9574,967,paragraphe paragraphes
chambouler,9575,967,chamboulé chambouler chamboulée chamboule
hmmm,9576,966,hmmm
recrutement,9577,966,recrutement
cocher,9578,966,cocher coché
musculaire,9579,966,musculaire musculaires
nageur,9580,966,nageur nageurs nageuse
remballer,9581,966,remballe remballer remballez
serge,9582,965,serge
gland,9583,965,gland glands
anecdote,9584,965,anecdote anecdotes
veillée,9585,964,veillée
injonction,9586,964,injonction
jérôme,9587,964,jérôme
giovanni,9588,964,giovanni
grimm,9589,964,grimm
tribune,9590,964,tribune tribunes
novice,9591,964,novice novices
vaillant,9592,964,vaillant vaillants vaillante
retracer,9593,964,retracer retracé retrace
ananas,9594,963,ananas
alain,9595,963,alain
tourisme,9596,963,tourisme
20h,9597,963,20h
orson,9598,963,orson
mettez-les,9599,963,mettez-les
manie,9600,963,manie
souviens-tu,9601,963,souviens-tu
rivaliser,9602,963,rivaliser rivalise
léopard,9603,963,léopard léopards
élire,9604,963,élire élise
noisette,9605,963,noisettes noisette
graffiti,9606,963,graffiti graffitis
certifier,9607,963,certifié certifier certifie certifiée
wonder,9608,962,wonder
w.,9609,962,w.
keep,9610,962,keep
pantoufler,9611,962,pantoufles pantoufle
tao,9612,961,tao
alabama,9613,961,alabama
first,9614,961,first
cannelle,9615,961,cannelle
affectation,9616,961,affectation affectations
prune,9617,961,prunes prune
bethany,9618,960,bethany
paralysie,9619,960,paralysie
moss,9620,960,moss
osseux,9621,960,osseuse osseux
croquer,9622,960,croquer croque
revendiquer,9623,960,revendique revendiquer revendiqué
lars,9624,959,lars
spring,9625,959,spring
arrow,9626,959,arrow
galactica,9627,959,galactica
ferait-il,9628,959,ferait-il
turquie,9629,959,turquie
impardonnable,9630,959,impardonnable impardonnables
méditer,9631,959,méditer médite
cheeseburger,9632,959,cheeseburger cheeseburgers
graphique,9633,959,graphique graphiques
raven,9634,958,raven
écarté,9635,958,écarté
chinatown,9636,958,chinatown
originaire,9637,958,originaire originaires
pendule,9638,958,pendule pendules
accessible,9639,958,accessible accessibles
mets-les,9640,957,mets-les
épuisant,9641,957,épuisant épuisante
ramoner,9642,957,ramona ramone ramones
fréquenté,9643,956,fréquenté
profites-en,9644,956,profites-en
reilly,9645,956,reilly
automatiquement,9646,956,automatiquement
continu,9647,956,continu continus
changeant,9648,956,changeant changeante
salé,9649,955,salé
cate,9650,955,cate
coup-là,9651,955,coup-là
etc,9652,955,etc
dépourvu,9653,955,dépourvu dépourvue
protestation,9654,955,protestation protestations
masturber,9655,955,masturber masturbe masturbé
rallumer,9656,955,rallumer rallume rallumez rallumé
hilary,9657,954,hilary
t.j.,9658,954,t.j.
nobel,9659,954,nobel
minnesota,9660,953,minnesota
serais-tu,9661,953,serais-tu
ethel,9662,953,ethel
amocher,9663,953,amoché amochée
bruxelles,9664,952,bruxelles
dicton,9665,952,dicton
eteins,9666,952,eteins
peso,9667,952,pesos
horriblement,9668,952,horriblement
militant,9669,952,militants militant militante
thaïlande,9670,951,thaïlande
reproduction,9671,951,reproduction
gale,9672,951,gale
hoffman,9673,951,hoffman
artériel,9674,951,artérielle artériel
pantin,9675,951,pantin pantins
réécrire,9676,951,réécrire réécrit
garde-robe,9677,950,garde-robe
gilmore,9678,950,gilmore
buenos,9679,950,buenos
tige,9680,950,tige tiges
mouette,9681,950,mouettes mouette
crypter,9682,950,crypté cryptés cryptée cryptées
congeler,9683,950,congeler congelés congelée congèle
munich,9684,949,munich
inauguration,9685,949,inauguration
réfrigérateur,9686,949,réfrigérateur
protestant,9687,949,protestants protestant protestante
why,9688,948,why
perez,9689,948,perez
dorée,9690,948,dorée
démence,9691,948,démence
relancer,9692,948,relancer relancé
périr,9693,948,périr périra périront périt
inonder,9694,948,inondée inonder inonde inondés
bourre,9695,947,bourre
vermont,9696,947,vermont
utah,9697,947,utah
eliot,9698,947,eliot
promettez-moi,9699,947,promettez-moi
crazy,9700,947,crazy
déserter,9701,947,déserté déserter
éplucher,9702,947,éplucher épluché épluche
vocabulaire,9703,946,vocabulaire
syd,9704,946,syd
bourgeois,9705,946,bourgeois
ames,9706,946,ames
pieux,9707,946,pieux pieuse
côtelette,9708,946,côtelettes côtelette
millimètre,9709,946,millimètres millimètre
pli,9710,946,pli plis
étions-nous,9711,945,étions-nous
igor,9712,945,igor
riker,9713,945,riker
gomez,9714,945,gomez
reddington,9715,945,reddington
daryl,9716,945,daryl
expulsion,9717,944,expulsion
cheese,9718,944,cheese
considérant,9719,944,considérant
paulo,9720,943,paulo
rubrique,9721,943,rubrique
scotland,9722,943,scotland
rodéo,9723,943,rodéo
dev,9724,943,dev
fang,9725,943,fang
cabaret,9726,943,cabaret cabarets
paupière,9727,943,paupières paupière
container,9728,943,container containers
fracasser,9729,943,fracassé fracasser fracasse
illimité,9730,943,illimité illimitée illimitées illimités
intercepté,9731,942,intercepté
intégré,9732,942,intégré
agnès,9733,942,agnès
hollis,9734,942,hollis
climatique,9735,942,climatique climatiques
glacier,9736,942,glacier glaciers
cannibale,9737,942,cannibales cannibale
seo,9738,941,seo
apprenant,9739,941,apprenant
ulcère,9740,941,ulcère ulcères
feindre,9741,941,feindre feint feins
travaillez-vous,9742,940,travaillez-vous
berkeley,9743,940,berkeley
adressé,9744,940,adressé
dentifrice,9745,940,dentifrice
capuche,9746,940,capuche
déclencheur,9747,940,déclencheur déclencheurs
frappant,9748,940,frappant frappante
caïd,9749,940,caïd caïds
shooter,9750,940,shooter shoote shootée
comparaître,9751,939,comparaître
rédaction,9752,939,rédaction
anévrisme,9753,939,anévrisme
malpoli,9754,939,malpoli malpolie
caissier,9755,939,caissier caissière
barton,9756,938,barton
kensi,9757,938,kensi
laurent,9758,938,laurent
mabel,9759,938,mabel
sushi,9760,938,sushi
pêre,9761,938,pêre
appeller,9762,938,appeller
fondement,9763,938,fondement fondements
larbin,9764,938,larbin larbins
falsifier,9765,938,falsifié falsifier
ferrer,9766,938,ferrée ferrer ferrées
piquant,9767,938,piquant piquante
branle,9768,937,branle
4h,9769,937,4h
décence,9770,937,décence
zen,9771,937,zen
acclamation,9772,937,acclamations acclamation
hit,9773,937,hit hits
sanction,9774,937,sanction sanctions
orienter,9775,937,orienter orienté oriente orientée
walden,9776,936,walden
roupie,9777,936,roupies
land,9778,936,land
réceptionniste,9779,936,réceptionniste
eileen,9780,936,eileen
déco,9781,936,déco
infanterie,9782,936,infanterie
incertain,9783,936,incertain incertaine incertains
jaffer,9784,936,jaffas jaffa
gratos,9785,935,gratos
byron,9786,935,byron
basique,9787,935,basique basiques
parquet,9788,934,parquet
tablier,9789,934,tablier
réchauffement,9790,934,réchauffement
killer,9791,934,killer
compatir,9792,934,compatis compatir
colombien,9793,934,colombiens colombien colombienne
popularité,9794,933,popularité
bide,9795,933,bide
crevée,9796,933,crevée
reyes,9797,933,reyes
sauvegarde,9798,933,sauvegarde sauvegardes
méfiant,9799,933,méfiant méfiante méfiants
restreindre,9800,933,restreint restreindre restreinte
slade,9801,932,slade
only,9802,932,only
négligent,9803,932,négligent négligente négligents
civique,9804,932,civiques civique
tournevis,9805,931,tournevis
philly,9806,931,philly
gibier,9807,931,gibier
paillette,9808,931,paillettes
spartacus,9809,931,spartacus
affectueux,9810,931,affectueux affectueuse
autocollant,9811,931,autocollant autocollants
adepte,9812,931,adeptes adepte
éclipse,9813,930,éclipse
hicks,9814,930,hicks
inestimable,9815,930,inestimable inestimables
guichet,9816,930,guichet guichets
emmène-le,9817,929,emmène-le
asseyons-nous,9818,929,asseyons-nous
lennox,9819,929,lennox
jean-pierre,9820,929,jean-pierre
substitut,9821,929,substitut substituts
androïde,9822,929,androïde androïdes
ressemblant,9823,928,ressemblant
fargo,9824,928,fargo
tai,9825,928,tai
dobbs,9826,928,dobbs
arnaqueur,9827,928,arnaqueur arnaqueurs arnaqueuse
enrouler,9828,928,enroulé enrouler enroule enroulée
récupération,9829,927,récupération
dix-huit,9830,927,dix-huit
prévenez-moi,9831,927,prévenez-moi
électromagnétique,9832,927,électromagnétique électromagnétiques
sophistiquer,9833,927,sophistiquée sophistiqués sophistiquées
danemark,9834,926,danemark
vinci,9835,926,vinci
margo,9836,926,margo
méchanceté,9837,926,méchanceté méchancetés
repeindre,9838,926,repeindre repeint
hopkins,9839,925,hopkins
bagdad,9840,925,bagdad
amenez-moi,9841,925,amenez-moi
couche-toi,9842,925,couche-toi
thea,9843,925,thea
inventeur,9844,925,inventeur inventeurs
mémorable,9845,925,mémorable mémorables
blood,9846,924,blood
norris,9847,924,norris
ny,9848,924,ny
sauna,9849,924,sauna
vessie,9850,924,vessie
stabilité,9851,924,stabilité
7e,9852,924,7e
trouillard,9853,924,trouillard trouillards
toxico,9854,924,toxico toxicos
voulait-il,9855,923,voulait-il
tan,9856,923,tan
éventreur,9857,923,éventreur
répit,9858,923,répit
lucia,9859,922,lucia
pie,9860,922,pie
zeke,9861,922,zeke
frotte,9862,922,frotte
labeur,9863,922,labeur
injecté,9864,922,injecté
installez-vous,9865,922,installez-vous
décomposition,9866,922,décomposition
cache-toi,9867,922,cache-toi
charrette,9868,922,charrette charrettes
donation,9869,922,donation donations
idiotie,9870,922,idioties idiotie
signor,9871,922,signor signora
dissiper,9872,922,dissiper dissipe dissipée
wanna,9873,921,wanna
best,9874,921,best
reprends-toi,9875,921,reprends-toi
head,9876,921,head
irène,9877,921,irène
porcelaine,9878,921,porcelaine
sosie,9879,921,sosie sosies
ridge,9880,920,ridge
admets-le,9881,920,admets-le
leroy,9882,920,leroy
com,9883,920,com
huissier,9884,920,huissier huissiers
dictateur,9885,920,dictateur dictateurs
tribal,9886,920,tribal tribale tribales
celia,9887,919,celia
internat,9888,919,internat
habité,9889,919,habité
cara,9890,919,cara
massachusetts,9891,919,massachusetts
samaritain,9892,919,samaritain samaritains
masseur,9893,919,masseur masseuse
chapman,9894,918,chapman
virgil,9895,918,virgil
avais-tu,9896,918,avais-tu
denis,9897,918,denis
jed,9898,918,jed
impérial,9899,918,impérial impériaux
hématome,9900,918,hématome hématomes
flocon,9901,918,flocons flocon
winter,9902,917,winter
charleston,9903,917,charleston
karev,9904,917,karev
ressaisis-toi,9905,917,ressaisis-toi
boucherie,9906,917,boucherie
bertie,9907,917,bertie
carly,9908,917,carly
fade,9909,917,fade fades
barge,9910,917,barge barges
robuste,9911,917,robuste robustes
coûteux,9912,917,coûteux coûteuse
gourmand,9913,917,gourmand gourmande gourmands
attrape-le,9914,916,attrape-le
chemisier,9915,916,chemisier
vis-à-vis,9916,916,vis-à-vis
serrée,9917,916,serrée
résider,9918,916,réside
payant,9919,916,payant payante
retourne-toi,9920,915,retourne-toi
en-dessous,9921,915,en-dessous
eliza,9922,915,eliza
strauss,9923,915,strauss
bizut,9924,915,bizut bizuts
damner,9925,915,damnés damnée damner
parfumer,9926,915,parfumé parfumée parfumées parfumés
ambulant,9927,914,ambulant ambulante
braqueur,9928,914,braqueurs braqueur
dépressif,9929,914,dépressif dépressive dépressifs
es-ce,9930,913,es-ce
america,9931,913,america
piaule,9932,913,piaule
maint,9933,913,maintes
réconfortant,9934,913,réconfortant réconfortante
devinette,9935,913,devinettes devinette
indemnité,9936,913,indemnités indemnité
sentinelle,9937,913,sentinelle sentinelles
serbe,9938,913,serbe serbes
weston,9939,912,weston
veilleur,9940,912,veilleuse veilleur
gouffre,9941,911,gouffre
notamment,9942,911,notamment
bombay,9943,911,bombay
garde-à-vous,9944,911,garde-à-vous
ducky,9945,911,ducky
matrice,9946,910,matrice
slim,9947,910,slim
fracturer,9948,910,fracturé fracturée fracturer
irruption,9949,909,irruption
meth,9950,909,meth
meyer,9951,909,meyer
meade,9952,909,meade
gossip,9953,908,gossip
talbot,9954,908,talbot
argile,9955,908,argile
impératrice,9956,908,impératrice
bâbord,9957,908,bâbord
revaloir,9958,908,revaudrai revaudras
animateur,9959,908,animateur animateurs animatrice
missouri,9960,907,missouri
stargate,9961,907,stargate
inconfortable,9962,907,inconfortable inconfortables
piner,9963,907,pine pina
taliban,9964,907,talibans taliban
addiction,9965,906,addiction
manucure,9966,906,manucure
sitôt,9967,906,sitôt
subconscient,9968,906,subconscient
mao,9969,906,mao
sucrerie,9970,906,sucreries sucrerie
hilton,9971,905,hilton
carrefour,9972,905,carrefour
heights,9973,905,heights
insomnie,9974,905,insomnie insomnies
maxwell,9975,904,maxwell
par-derrière,9976,904,par-derrière
iron,9977,904,iron
mercy,9978,904,mercy
chouchou,9979,904,chouchou chouchous
ventilateur,9980,904,ventilateur ventilateurs
entaille,9981,904,entaille entailles
bretzel,9982,904,bretzels bretzel
variable,9983,904,variables variable
murmurer,9984,904,murmurer murmuré murmurent murmurait
journalisme,9985,903,journalisme
méditation,9986,903,méditation
infirme,9987,903,infirme
stiles,9988,903,stiles
sébastien,9989,903,sébastien
démocratique,9990,903,démocratique démocratiques
subvention,9991,903,subventions subvention
loupe,9992,902,loupe
fleuriste,9993,902,fleuriste
différencier,9994,902,différencier différencie
nuance,9995,902,nuances nuance
criminalité,9996,901,criminalité
baliverne,9997,901,balivernes
ernest,9998,901,ernest
chausson,9999,901,chaussons chausson
desmond,10000,900,desmond
etait-ce,10001,900,etait-ce
gmt,10002,900,gmt
3d,10003,900,3d
decker,10004,900,decker
acolyte,10005,900,acolyte acolytes
dodge,10006,899,dodge
humilité,10007,899,humilité
jag,10008,899,jag
melvin,10009,898,melvin
fitzgerald,10010,898,fitzgerald
soixante,10011,898,soixante
cupcakes,10012,898,cupcakes
forain,10013,898,foraine forains forain
pékin,10014,897,pékin
plausible,10015,897,plausible
gobelet,10016,897,gobelet gobelets
incarner,10017,897,incarne incarner incarnée
grogne,10018,896,grogne
space,10019,896,space
pres,10020,896,pres
élégance,10021,896,élégance
chanel,10022,895,chanel
frustré,10023,895,frustré
mettons-nous,10024,895,mettons-nous
poulette,10025,895,poulette
harlan,10026,895,harlan
étalage,10027,895,étalage
webb,10028,895,webb
grimace,10029,895,grimace grimaces
chevaucher,10030,895,chevaucher chevauche chevauché
regardez-la,10031,894,regardez-la
yvonne,10032,894,yvonne
cartman,10033,894,cartman
skye,10034,894,skye
leela,10035,894,leela
platine,10036,894,platine platines
jap,10037,894,japs jap
déplaisant,10038,894,déplaisant déplaisante déplaisantes
manipulateur,10039,894,manipulateur manipulatrice
amande,10040,894,amandes amande
demande-moi,10041,893,demande-moi
again,10042,893,again
hollande,10043,893,hollande
lambert,10044,893,lambert
sera-t-il,10045,893,sera-t-il
plane,10046,893,plane
effondrement,10047,893,effondrement
herb,10048,893,herb
délirer,10049,893,délirer délirez délirait
conjoint,10050,893,conjoint conjointe conjoints
dunn,10051,892,dunn
détachement,10052,892,détachement
comprimer,10053,892,comprimés comprime
intouchable,10054,892,intouchable intouchables
angoisser,10055,892,angoisses angoissée angoisser
orléans,10056,891,orléans
aubrey,10057,891,aubrey
frederick,10058,891,frederick
bibliothécaire,10059,891,bibliothécaire bibliothécaires
tromperie,10060,891,tromperie tromperies
carcasse,10061,891,carcasse carcasses
infrarouge,10062,891,infrarouge infrarouges
relance,10063,890,relance
ramirez,10064,890,ramirez
mettez-la,10065,890,mettez-la
klingons,10066,890,klingons
semence,10067,890,semence semences
grecque,10068,889,grecque
stewie,10069,889,stewie
ryder,10070,889,ryder
demi-million,10071,889,demi-million
oppa,10072,889,oppa
méfie-toi,10073,889,méfie-toi
oracle,10074,889,oracle oracles
superstar,10075,889,superstar superstars
book,10076,889,book books
stationnement,10077,888,stationnement
honey,10078,888,honey
open,10079,888,open
bret,10080,888,bret
stein,10081,888,stein
montre-nous,10082,888,montre-nous
penchant,10083,888,penchant penchants
bookmaker,10084,888,bookmaker bookmakers
missy,10085,887,missy
devrait-on,10086,887,devrait-on
united,10087,887,united
sin,10088,886,sin
ahmed,10089,886,ahmed
bûcher,10090,886,bûcher
jang,10091,886,jang
dynastie,10092,886,dynastie
remplacement,10093,886,remplacement
ricardo,10094,886,ricardo
po,10095,886,po
durable,10096,886,durable durables
télévisé,10097,886,télévisé télévisée télévisés
follement,10098,885,follement
carolyn,10099,885,carolyn
prospère,10100,885,prospère
morning,10101,885,morning
elias,10102,885,elias
d.c.,10103,885,d.c.
humanitaire,10104,885,humanitaire humanitaires
intervalle,10105,885,intervalle intervalles
chérir,10106,885,chérir chérirai chérit
missionnaire,10107,885,missionnaire missionnaires
belgique,10108,884,belgique
poétique,10109,884,poétique
fiole,10110,884,fiole fioles
relève-toi,10111,883,relève-toi
autriche,10112,883,autriche
dégonflé,10113,883,dégonflé
reconstruction,10114,883,reconstruction
futée,10115,883,futée
gâté,10116,883,gâté
vogue,10117,883,vogue
bretagne,10118,883,bretagne
dingo,10119,883,dingo dingos
parchemin,10120,883,parchemin parchemins
élémentaire,10121,883,élémentaire élémentaires
j.d.,10122,882,j.d.
pilotage,10123,882,pilotage
socialiste,10124,882,socialiste socialistes
croisement,10125,881,croisement
irina,10126,881,irina
aidant,10127,881,aidant
hamster,10128,881,hamster hamsters
cibler,10129,881,cibler ciblée ciblés ciblent
bullock,10130,880,bullock
going,10131,880,going
valse,10132,880,valse
patch,10133,880,patch patchs
tabouret,10134,880,tabouret tabourets
catastrophique,10135,880,catastrophique catastrophiques
istanbul,10136,879,istanbul
contrer,10137,879,contrer contreras
gandhi,10138,878,gandhi
kenji,10139,878,kenji
grove,10140,878,grove
québec,10141,878,québec
problême,10142,878,problême
saunders,10143,878,saunders
tre,10144,878,tre
rosemary,10145,878,rosemary
gracieux,10146,878,gracieux gracieuse
saga,10147,877,saga
daddy,10148,877,daddy
lux,10149,877,lux
nombril,10150,877,nombril
achevé,10151,877,achevé
jerome,10152,877,jerome
myrtille,10153,877,myrtilles myrtille
iranien,10154,877,iranien iraniens iranienne
calorie,10155,876,calories
financièrement,10156,876,financièrement
attaquant,10157,876,attaquant attaquants
laissez-passer,10158,875,laissez-passer
hubert,10159,875,hubert
improviste,10160,875,improviste
angus,10161,875,angus
jethro,10162,875,jethro
maritime,10163,875,maritime maritimes
germain,10164,875,germain germaine germains
afro-américain,10165,875,afro-américain afro-américains afro-américaine
adolescence,10166,874,adolescence
brigitte,10167,874,brigitte
entrainer,10168,874,entrainer
brièvement,10169,874,brièvement
fais-nous,10170,874,fais-nous
égocentrique,10171,874,égocentrique égocentriques
résonner,10172,874,résonne résonnent résonner
rajeunir,10173,874,rajeunit rajeunir rajeunis rajeuni
prends-les,10174,873,prends-les
sofa,10175,873,sofa
manipule,10176,873,manipule
kayla,10177,873,kayla
leland,10178,873,leland
anatomie,10179,873,anatomie
muse,10180,873,muse muses
rafer,10181,873,rafe rafa
bondir,10182,873,bondir bondi bondit
achille,10183,872,achille
gratis,10184,872,gratis
ac,10185,872,ac
neurologique,10186,872,neurologique neurologiques
gober,10187,872,gober gobé
fendre,10188,872,fend fendre fends
rivers,10189,871,rivers
découpé,10190,871,découpé
miniature,10191,871,miniature miniatures
exclusif,10192,871,exclusif exclusifs exclusives
palestinien,10193,871,palestiniens palestinien palestinienne
troie,10194,870,troie
jarvis,10195,870,jarvis
rubis,10196,870,rubis
faisait-il,10197,870,faisait-il
canular,10198,870,canular canulars
figurine,10199,870,figurines figurine
activation,10200,869,activation
sors-moi,10201,869,sors-moi
becker,10202,869,becker
significatif,10203,869,significatif significative
larve,10204,869,larves larve
tacher,10205,869,taché tachée tacher tachés
petra,10206,868,petra
hold,10207,868,hold
cherry,10208,868,cherry
kathryn,10209,868,kathryn
doit-il,10210,868,doit-il
héberger,10211,868,héberger hébergé
déconseiller,10212,868,déconseille déconseillé
prestigieux,10213,868,prestigieux prestigieuse
hoover,10214,867,hoover
garderie,10215,867,garderie
cendrier,10216,867,cendrier cendriers
explorateur,10217,867,explorateur explorateurs
abdos,10218,866,abdos
perche,10219,866,perche perches
lil,10220,865,lil
dictionnaire,10221,865,dictionnaire
radiateur,10222,865,radiateur radiateurs
tri,10223,865,tri tris
promoteur,10224,865,promoteur promoteurs
solliciter,10225,865,sollicité solliciter sollicite
eagle,10226,864,eagle
virilité,10227,864,virilité
méfiez-vous,10228,864,méfiez-vous
renverse,10229,864,renverse
astucieux,10230,864,astucieux astucieuse
agenouiller,10231,864,agenouiller agenouille agenouillé
innocenter,10232,864,innocenter innocenté
hydrogène,10233,863,hydrogène
successeur,10234,863,successeur
comprends-tu,10235,863,comprends-tu
huitième,10236,863,huitième
romaine,10237,863,romaine
prestation,10238,863,prestation prestations
aventurier,10239,863,aventurier aventuriers aventurière
souhaitez-vous,10240,862,souhaitez-vous
messie,10241,862,messie
wars,10242,862,wars
chœur,10243,862,chœur
commerciale,10244,862,commerciale
expansion,10245,862,expansion
chico,10246,862,chico
barbu,10247,862,barbu barbus
bobard,10248,862,bobards bobard
store,10249,862,stores store
éternuer,10250,862,éternuer éternue éternué
alma,10251,861,alma
soit-il,10252,861,soit-il
balayage,10253,861,balayage balayages
manifestant,10254,861,manifestants manifestant
élaborer,10255,861,élaborer élaborée élabore
opposant,10256,861,opposants opposant
kathleen,10257,860,kathleen
respectueux,10258,860,respectueux
mobiliser,10259,860,mobiliser mobilisé mobilise mobilisés
daily,10260,859,daily
kimmy,10261,859,kimmy
ecstasy,10262,859,ecstasy
sénatrice,10263,859,sénatrice
rand,10264,859,rand
biberon,10265,859,biberon biberons
communautaire,10266,859,communautaire communautaires
accueillant,10267,859,accueillant accueillante accueillants
riggs,10268,858,riggs
wild,10269,858,wild
clint,10270,858,clint
skate,10271,858,skate
derrick,10272,858,derrick
money,10273,858,money
couvercle,10274,858,couvercle
channel,10275,858,channel
interrogation,10276,858,interrogation interrogations
perplexe,10277,858,perplexe perplexes
puéril,10278,858,puéril puérile
incarcérer,10279,858,incarcéré incarcérer incarcérée incarcérés
farcir,10280,858,farcir farcis farcie farcies
redouter,10281,858,redoutais redouté redouter redoutent redoutait
grissom,10282,857,grissom
jamaïque,10283,857,jamaïque
everett,10284,857,everett
relativement,10285,857,relativement
fields,10286,857,fields
hip-hop,10287,857,hip-hop
irving,10288,857,irving
infiltration,10289,857,infiltration
russel,10290,857,russel
demi-frère,10291,857,demi-frère demi-frères
miraculeux,10292,857,miraculeux miraculeuse
entreprendre,10293,857,entrepris entreprendre
lost,10294,856,lost
je-,10295,856,je-
amazone,10296,856,amazone amazones
barcelone,10297,855,barcelone
clim,10298,855,clim
fleming,10299,855,fleming
hilda,10300,855,hilda
rosen,10301,855,rosen
féministe,10302,855,féministe féministes
always,10303,854,always
foutez-moi,10304,854,foutez-moi
ont-elles,10305,854,ont-elles
viktor,10306,854,viktor
enchaîné,10307,854,enchaîné
tito,10308,854,tito
rice,10309,854,rice
ida,10310,854,ida
liqueur,10311,854,liqueur liqueurs
qualification,10312,854,qualifications qualification
jupon,10313,854,jupons jupon
vertueux,10314,854,vertueux vertueuse
fiche-moi,10315,853,fiche-moi
ichi,10316,853,ichi
desole,10317,853,desole
dickie,10318,853,dickie
netflix,10319,853,netflix
affronté,10320,853,affronté
sushis,10321,853,sushis
tristan,10322,853,tristan
brutus,10323,853,brutus
sardine,10324,853,sardines sardine
spécialiser,10325,853,spécialisée spécialisés
immuniser,10326,853,immunisé immunisés immunisée
swat,10327,852,swat
étonnamment,10328,852,étonnamment
granger,10329,852,granger
jument,10330,852,jument juments
pointure,10331,852,pointure pointures
caille,10332,852,caille cailles
auditeur,10333,852,auditeurs auditeur
étaler,10334,852,étaler étalé
détailler,10335,852,détaillée détaillées détaillés détailler
posture,10336,851,posture
préviens-moi,10337,851,préviens-moi
pride,10338,851,pride
some,10339,851,some
russo,10340,851,russo
hobbs,10341,851,hobbs
detective,10342,851,detective
butters,10343,851,butters
u.s.,10344,851,u.s.
bong,10345,851,bong
décidément,10346,851,décidément
lavabo,10347,851,lavabo lavabos
arrivera-t-il,10348,850,arrivera-t-il
elliott,10349,850,elliott
slater,10350,850,slater
assignation,10351,850,assignation assignations
truite,10352,850,truite truites
ecosse,10353,849,ecosse
apple,10354,849,apple
bernadette,10355,849,bernadette
spiraler,10356,849,spirale
rae,10357,849,rae
cor,10358,849,cor cors
dépouiller,10359,849,dépouiller dépouilles dépouillés dépouillée
cas-là,10360,848,cas-là
arretez,10361,848,arretez
essayez-vous,10362,848,essayez-vous
winnie,10363,848,winnie
powers,10364,848,powers
vigueur,10365,848,vigueur
consolation,10366,848,consolation
nypd,10367,848,nypd
osaka,10368,847,osaka
dex,10369,847,dex
check,10370,847,check
christophe,10371,847,christophe
orthographe,10372,847,orthographe
épique,10373,847,épique épiques
hongrois,10374,847,hongrois hongroise
reconstituer,10375,847,reconstituer reconstitué
mire,10376,846,mire
soutif,10377,846,soutif
viens-là,10378,846,viens-là
tonight,10379,846,tonight
sévèrement,10380,846,sévèrement
vrille,10381,846,vrille
dunham,10382,846,dunham
désastreux,10383,846,désastreux désastreuse désastreuses
tranquillisant,10384,846,tranquillisant tranquillisants
bbc,10385,845,bbc
introduction,10386,845,introduction
aimerais-tu,10387,845,aimerais-tu
gouverne,10388,845,gouverne
dream,10389,845,dream
baldwin,10390,845,baldwin
lasser,10391,845,lasser lassé lassée
peler,10392,845,pelant peler pelé pèle
refrain,10393,844,refrain
potentiellement,10394,844,potentiellement
trame,10395,844,trame
maturité,10396,844,maturité
xavier,10397,844,xavier
retrouvaille,10398,844,retrouvailles
delhi,10399,844,delhi
tourbillon,10400,844,tourbillon tourbillons
cohérent,10401,844,cohérent cohérente
fâcheux,10402,844,fâcheux fâcheuse
anders,10403,843,anders
kono,10404,843,kono
emerson,10405,843,emerson
bright,10406,843,bright
blocage,10407,843,blocage
capitole,10408,843,capitole
basculer,10409,843,basculer basculé
contribuable,10410,843,contribuables contribuable
charmer,10411,843,charmer charmé charmée
caritatif,10412,843,caritative caritatif caritatives
chung,10413,842,chung
lillian,10414,842,lillian
pi,10415,841,pi
tamara,10416,841,tamara
baronne,10417,841,baronne
trempe,10418,841,trempe
maternel,10419,841,maternel
fire,10420,841,fire
distingué,10421,841,distingué
inimaginable,10422,841,inimaginable inimaginables
extorsion,10423,840,extorsion
sylvester,10424,840,sylvester
uranium,10425,840,uranium
pioche,10426,840,pioche pioches
abaisser,10427,840,abaisser abaissez abaissé
gestapo,10428,839,gestapo
abbé,10429,839,abbé
kristen,10430,839,kristen
redémarrer,10431,839,redémarrer redémarre
seven,10432,838,seven
randolph,10433,838,randolph
éclaire,10434,838,éclaire
london,10435,838,london
rabb,10436,838,rabb
flora,10437,838,flora
abed,10438,838,abed
real,10439,838,real
déduction,10440,838,déduction déductions
ourson,10441,838,ourson oursons
réintégrer,10442,838,réintégrer réintégré réintègre
webber,10443,837,webber
len,10444,836,len
purge,10445,836,purge
yan,10446,836,yan
décalage,10447,836,décalage
longuement,10448,836,longuement
brittany,10449,836,brittany
madonna,10450,836,madonna
narcotique,10451,836,narcotiques narcotique
dax,10452,835,dax
roberta,10453,835,roberta
alvin,10454,835,alvin
plie,10455,835,plie
edo,10456,835,edo
ardoise,10457,835,ardoise
interminable,10458,835,interminable interminables
instantané,10459,835,instantané instantanée
pendu,10460,834,pendue
paramètre,10461,834,paramètres
rez-de-chaussée,10462,834,rez-de-chaussée
pitt,10463,834,pitt
prêteur,10464,834,prêteur prêteurs
paternité,10465,833,paternité
aluminium,10466,833,aluminium
psychiatrie,10467,833,psychiatrie
conditionné,10468,833,conditionné
cachot,10469,833,cachot cachots
paco,10470,832,paco
glamour,10471,832,glamour
racisme,10472,832,racisme
solidarité,10473,832,solidarité
bouillon,10474,832,bouillon
mousquetaire,10475,832,mousquetaires mousquetaire
soucoupe,10476,832,soucoupe soucoupes
rincer,10477,832,rincer rince rincé
intuber,10478,832,intuber intubé intube
truffe,10479,832,truffes truffe
anya,10480,831,anya
supervision,10481,831,supervision
alberto,10482,831,alberto
noyade,10483,831,noyade
éventualité,10484,831,éventualité éventualités
jetable,10485,831,jetable jetables
acharner,10486,831,acharne acharnée acharner acharnés
classement,10487,830,classement
aaah,10488,830,aaah
would,10489,830,would
regardez-les,10490,830,regardez-les
bêtement,10491,830,bêtement
allégeance,10492,830,allégeance
ovule,10493,830,ovules ovule
racial,10494,830,raciale racial raciales
d.j.,10495,829,d.j.
peters,10496,829,peters
buckley,10497,829,buckley
sunny,10498,829,sunny
insuline,10499,829,insuline
latte,10500,829,latte lattes
metteur,10501,828,metteur
confinement,10502,828,confinement
serre-moi,10503,828,serre-moi
delia,10504,828,delia
bicyclette,10505,828,bicyclette bicyclettes
quota,10506,828,quota quotas
wood,10507,827,wood
cmdt,10508,827,cmdt
mercer,10509,827,mercer
locke,10510,827,locke
axel,10511,827,axel
assis-toi,10512,827,assis-toi
carrosse,10513,827,carrosse
jaguar,10514,827,jaguar jaguars
échelon,10515,827,échelons échelon
déserteur,10516,827,déserteur déserteurs
piratage,10517,826,piratage
joanne,10518,826,joanne
attardé,10519,826,attardé
futile,10520,826,futile futiles
bouillant,10521,826,bouillante bouillant
frôler,10522,826,frôlé frôle frôler
productif,10523,826,productif productive productifs
flirt,10524,825,flirt
dix-sept,10525,825,dix-sept
b',10526,825,b'
then,10527,825,then
disneyland,10528,825,disneyland
branlette,10529,825,branlette branlettes
nominer,10530,825,nominé nominée nominés nomine
battez-vous,10531,824,battez-vous
mateo,10532,824,mateo
edison,10533,824,edison
poliment,10534,824,poliment
pastèque,10535,824,pastèque pastèques
fowler,10536,823,fowler
insu,10537,823,insu
pensiez-vous,10538,823,pensiez-vous
die,10539,823,die
diabétique,10540,823,diabétique diabétiques
rentable,10541,823,rentable rentables
énervant,10542,823,énervant énervante
aboiement,10543,823,aboiements aboiement
rejouer,10544,823,rejouer rejoue
propulseur,10545,823,propulseurs propulseur
ravitaillement,10546,822,ravitaillement
panama,10547,822,panama
tic-tac,10548,822,tic-tac
déguerpir,10549,822,déguerpir déguerpissez déguerpis
enlacer,10550,822,enlacer enlace enlacés enlacé
enfler,10551,822,enfler enfle enflée enflées enflés
coulson,10552,821,coulson
dit-elle,10553,821,dit-elle
radeau,10554,821,radeau
boiteux,10555,821,boiteux boiteuse
horde,10556,821,horde hordes
gringo,10557,821,gringo gringos
élevage,10558,820,élevage
roxanne,10559,820,roxanne
discrimination,10560,820,discrimination
mister,10561,820,mister
marraine,10562,820,marraine
chimpanzé,10563,820,chimpanzé chimpanzés
fusible,10564,820,fusible fusibles
belle-soeur,10565,819,belle-soeur
whitey,10566,819,whitey
clarté,10567,819,clarté
bougre,10568,819,bougre bougres
provocation,10569,819,provocation provocations
proportion,10570,819,proportions proportion
sculpter,10571,819,sculpté sculpter sculpte sculptée
civilisé,10572,818,civilisé
marley,10573,818,marley
n.,10574,818,n.
cologne,10575,818,cologne
pinte,10576,818,pinte pintes
méduse,10577,818,méduse méduses
panthère,10578,818,panthère panthères
paumer,10579,818,paumée paumés
prédiction,10580,818,prédictions prédiction
assortir,10581,818,assortis assorties assortie
saddam,10582,817,saddam
oú,10583,817,oú
viable,10584,817,viable viables
girafe,10585,817,girafe girafes
immigrant,10586,817,immigrants immigrant
dégoter,10587,817,dégoté dégoter
pensais-tu,10588,816,pensais-tu
arrêtez-les,10589,816,arrêtez-les
prends-tu,10590,816,prends-tu
allongez-vous,10591,816,allongez-vous
nover,10592,816,nova
alchimie,10593,816,alchimie
cambridge,10594,816,cambridge
corrompre,10595,816,corrompre corrompt
technologique,10596,816,technologique technologiques
quadrant,10597,815,quadrant
aidez-le,10598,815,aidez-le
sarcastique,10599,815,sarcastique
tech,10600,815,tech
pister,10601,815,pister pisté
autonome,10602,815,autonome autonomes
havane,10603,814,havane
béatrice,10604,814,béatrice
bouché,10605,814,bouché
layla,10606,814,layla
gaston,10607,814,gaston
ulysse,10608,813,ulysse
démanger,10609,813,démange
winters,10610,813,winters
0n,10611,813,0n
kendall,10612,813,kendall
yoko,10613,813,yoko
blessant,10614,813,blessant blessantes
incruster,10615,813,incruster incruste incrustée
enclencher,10616,813,enclenché enclenchée enclencher enclenchez
ébranler,10617,813,ébranlé ébranler ébranlée ébranle
créativité,10618,812,créativité
paddy,10619,812,paddy
hamptons,10620,812,hamptons
tripp,10621,812,tripp
ballard,10622,812,ballard
mei,10623,812,mei
instruit,10624,812,instruit instruite instruits
répartir,10625,812,répartie répartir répartis réparti
grande-bretagne,10626,811,grande-bretagne
celà,10627,811,celà
zhang,10628,811,zhang
adèle,10629,811,adèle
autoritaire,10630,811,autoritaire
through,10631,811,through
dalek,10632,811,dalek
cyanure,10633,811,cyanure
épanouir,10634,811,épanouir épanouie épanouit
7h,10635,810,7h
derriere,10636,810,derriere
hola,10637,810,hola
kaylie,10638,810,kaylie
éclairé,10639,810,éclairé
acquisition,10640,810,acquisition acquisitions
sous-entendre,10641,810,sous-entends sous-entendus sous-entend sous-entendez
ada,10642,809,ada
mariana,10643,809,mariana
lotus,10644,809,lotus
vladimir,10645,809,vladimir
sos,10646,809,sos
diva,10647,809,diva divas
iceberg,10648,809,iceberg icebergs
pakistanais,10649,809,pakistanais pakistanaise
rêne,10650,808,rênes
feeling,10651,808,feeling
salomon,10652,808,salomon
huck,10653,807,huck
brutalement,10654,807,brutalement
rahul,10655,807,rahul
spray,10656,807,spray
gigolo,10657,807,gigolo gigolos
croiseur,10658,807,croiseur croiseurs
raylan,10659,806,raylan
yeong,10660,806,yeong
chevet,10661,806,chevet
merveilleusement,10662,806,merveilleusement
gino,10663,806,gino
présidentielle,10664,806,présidentielle
télépathe,10665,806,télépathe télépathes
macaroni,10666,806,macaronis macaroni
débarras,10667,805,débarras
cactus,10668,805,cactus
dévotion,10669,805,dévotion
hébreu,10670,805,hébreu hébreux
cil,10671,805,cils cil
anguille,10672,805,anguille anguilles
bronzage,10673,804,bronzage
échographie,10674,804,échographie
romano,10675,804,romano
retrouve-moi,10676,803,retrouve-moi
his,10677,803,his
had,10678,803,had
monique,10679,803,monique
brutalité,10680,803,brutalité
charabia,10681,803,charabia
priori,10682,803,priori
étable,10683,803,étable étables
combustible,10684,803,combustible combustibles
prothèse,10685,803,prothèse prothèses
around,10686,802,around
eduardo,10687,802,eduardo
ernesto,10688,802,ernesto
gerard,10689,802,gerard
cisco,10690,802,cisco
dégoutant,10691,802,dégoutant
contrefaçon,10692,802,contrefaçon contrefaçons
skier,10693,802,skier skies
bambou,10694,802,bambou bambous
hotch,10695,801,hotch
bronzer,10696,801,bronzer bronzée bronzés
distinct,10697,801,distinctes distincts distincte distinct
accabler,10698,801,accablé accabler accable accablée
partielle,10699,800,partielle
gaius,10700,800,gaius
furie,10701,800,furie furies
chow,10702,799,chow
dino,10703,799,dino
astrid,10704,799,astrid
alfredo,10705,799,alfredo
appelle-la,10706,799,appelle-la
britney,10707,799,britney
5h,10708,799,5h
excuse-toi,10709,799,excuse-toi
nino,10710,799,nino
edmund,10711,799,edmund
baptiste,10712,799,baptiste
cherie,10713,799,cherie
incapacité,10714,799,incapacité
foireux,10715,799,foireux foireuse
dégénérer,10716,799,dégénère dégénérer
patsy,10717,798,patsy
newport,10718,798,newport
cdc,10719,798,cdc
prenez-la,10720,798,prenez-la
pare-balles,10721,798,pare-balles
symbolique,10722,798,symbolique
bienveillant,10723,798,bienveillant bienveillante bienveillants
c.j.,10724,797,c.j.
étaient-ils,10725,797,étaient-ils
columbo,10726,797,columbo
communion,10727,797,communion
full,10728,797,full
perspicace,10729,797,perspicace
raisonnement,10730,797,raisonnement
brancard,10731,797,brancard brancards
funéraire,10732,797,funéraire funéraires
nappe,10733,797,nappe nappes
fossile,10734,797,fossiles fossile
consommateur,10735,797,consommateurs consommateur
jaillir,10736,797,jaillir jaillit jailli
swing,10737,796,swing
blah,10738,796,blah
courtois,10739,796,courtois courtoise
tenace,10740,796,tenace tenaces
récepteur,10741,796,récepteur récepteurs
transporteur,10742,795,transporteur transporteurs
corail,10743,795,corail coraux
délégué,10744,794,délégué
farrell,10745,794,farrell
faites-nous,10746,794,faites-nous
sacoche,10747,794,sacoche sacoches
germe,10748,794,germes germe
épater,10749,794,épater épates épatée
alphabet,10750,793,alphabet
magic,10751,793,magic
bundy,10752,793,bundy
emmenez-vous,10753,793,emmenez-vous
sea,10754,793,sea
élimination,10755,793,élimination
much,10756,793,much
bondé,10757,793,bondé
coming,10758,793,coming
hodges,10759,793,hodges
dentelle,10760,793,dentelle dentelles
moineau,10761,793,moineau moineaux
gladiateur,10762,793,gladiateurs gladiateur
enrôler,10763,793,enrôlé enrôler
appelez-le,10764,792,appelez-le
renommée,10765,792,renommée
illico,10766,792,illico
tabatha,10767,792,tabatha
yun,10768,792,yun
ramsey,10769,792,ramsey
régulière,10770,792,régulière
narcissique,10771,792,narcissique narcissiques
louange,10772,792,louanges louange
fictif,10773,792,fictif fictifs fictive
hollow,10774,791,hollow
declan,10775,791,declan
débrouille-toi,10776,791,débrouille-toi
ouvre-moi,10777,791,ouvre-moi
damné,10778,790,damné
sweets,10779,790,sweets
freeman,10780,790,freeman
sat,10781,790,sat
phaseurs,10782,790,phaseurs
immunitaire,10783,790,immunitaire
swan,10784,790,swan
réfléchis-y,10785,790,réfléchis-y
salem,10786,790,salem
distinction,10787,790,distinction
brioche,10788,790,brioche brioches
mourrir,10789,789,mourrir
forrest,10790,789,forrest
roscoe,10791,789,roscoe
couchant,10792,789,couchant
titanic,10793,789,titanic
sup,10794,789,sup
cerf-volant,10795,789,cerf-volant cerfs-volants
moisissure,10796,789,moisissure moisissures
morganer,10797,789,morgane morgana
hood,10798,788,hood
sweat,10799,788,sweat
odin,10800,788,odin
camouflage,10801,788,camouflage
ile,10802,788,ile
uni,10803,788,uni
parsons,10804,788,parsons
balançoire,10805,788,balançoire balançoires
cratère,10806,788,cratère cratères
incompréhensible,10807,788,incompréhensible incompréhensibles
please,10808,787,please
jacqueline,10809,787,jacqueline
bienfaiteur,10810,787,bienfaiteur bienfaiteurs bienfaitrice
donateur,10811,787,donateurs donateur
crasse,10812,786,crasse
plié,10813,786,plié
escouade,10814,786,escouade
domination,10815,786,domination
harmon,10816,786,harmon
impénétrable,10817,786,impénétrable impénétrables
allocation,10818,786,allocation allocations allocs
made,10819,785,made
hulk,10820,785,hulk
alexandra,10821,785,alexandra
seal,10822,785,seal
caraïbe,10823,784,caraïbes
darius,10824,784,darius
brownies,10825,784,brownies
fae,10826,784,fae
vieillesse,10827,784,vieillesse
morbide,10828,784,morbide morbides
chimiste,10829,784,chimiste chimistes
cuve,10830,784,cuve cuves
persécuter,10831,784,persécuté persécuter persécutés persécute
cabe,10832,783,cabe
landry,10833,783,landry
alf,10834,783,alf
6ème,10835,783,6ème
belle-sœur,10836,783,belle-sœur
claquement,10837,783,claquement claquements
orthodoxe,10838,783,orthodoxe orthodoxes
thornton,10839,782,thornton
keen,10840,782,keen
winchester,10841,782,winchester
reconnaissez-vous,10842,782,reconnaissez-vous
aération,10843,782,aération
w,10844,782,w
inaccessible,10845,782,inaccessible inaccessibles
emilio,10846,781,emilio
norvège,10847,781,norvège
kiosque,10848,781,kiosque kiosques
frire,10849,780,frire
horn,10850,780,horn
montre-leur,10851,780,montre-leur
dorian,10852,780,dorian
evie,10853,780,evie
hell,10854,780,hell
traducteur,10855,780,traducteur traducteurs
bannière,10856,780,bannière bannières
ouvrons,10857,779,ouvrons
microscope,10858,779,microscope
détaché,10859,779,détaché
laverie,10860,779,laverie
wendell,10861,779,wendell
politiquement,10862,779,politiquement
ramenez-le,10863,779,ramenez-le
parcelle,10864,779,parcelle parcelles
fertile,10865,779,fertile fertiles
présidentiel,10866,779,présidentiel présidentielles
secousse,10867,779,secousse secousses
far,10868,778,far
norm,10869,778,norm
leila,10870,778,leila
z.,10871,778,z.
partition,10872,778,partition partitions
hâtif,10873,778,hâtives hâtive hâtif
insouciant,10874,778,insouciant insouciante insouciants
gérard,10875,777,gérard
mcdonald,10876,777,mcdonald
mûre,10877,777,mûre
concentrons-nous,10878,777,concentrons-nous
rip,10879,777,rip
cholestérol,10880,777,cholestérol
jae,10881,777,jae
intendant,10882,777,intendant intendante
roller,10883,777,roller rollers
dois-tu,10884,776,dois-tu
8e,10885,776,8e
visiontext,10886,776,visiontext
ouvrant,10887,776,ouvrant
débarrasse-toi,10888,776,débarrasse-toi
roulement,10889,776,roulement roulements
lacération,10890,776,lacérations lacération
paranormal,10891,776,paranormal paranormale paranormaux
arabie,10892,775,arabie
a.j.,10893,774,a.j.
field,10894,774,field
loretta,10895,774,loretta
salvatore,10896,774,salvatore
déshabille-toi,10897,774,déshabille-toi
muette,10898,774,muette
receveur,10899,774,receveur receveurs
apéritif,10900,774,apéritif apéritifs
atrocité,10901,774,atrocités atrocité
figurant,10902,774,figurants figurant figurante
laitier,10903,774,laitier laitiers laitière
éblouir,10904,774,ébloui éblouir éblouit éblouie éblouis
dell,10905,773,dell
csi,10906,773,csi
savons-nous,10907,773,savons-nous
athènes,10908,773,athènes
pacific,10909,773,pacific
physicien,10910,773,physicien physiciens
clique,10911,772,clique
dyson,10912,772,dyson
bijouterie,10913,772,bijouterie
barker,10914,772,barker
intrépide,10915,772,intrépide intrépides
juvénile,10916,772,juvénile juvéniles
pétale,10917,772,pétales pétale
faillir,10918,772,failles faillit
rénal,10919,772,rénale rénal rénaux
sniffer,10920,772,sniffer sniffé sniffe
homosexualité,10921,771,homosexualité
nostalgie,10922,771,nostalgie
christie,10923,771,christie
vito,10924,771,vito
mad,10925,771,mad
échappatoire,10926,771,échappatoire
démo,10927,771,démo
tatie,10928,771,tatie
quantico,10929,771,quantico
croustillant,10930,771,croustillant croustillants croustillante
church,10931,770,church
nah,10932,770,nah
pouvais-je,10933,770,pouvais-je
aurora,10934,770,aurora
parlez-lui,10935,770,parlez-lui
rencart,10936,770,rencart
innombrable,10937,770,innombrables
thorne,10938,770,thorne
ajustement,10939,770,ajustement ajustements
staline,10940,769,staline
abonnement,10941,769,abonnement abonnements
génital,10942,769,génitales génitaux génital
garde-la,10943,768,garde-la
fais-en,10944,768,fais-en
ffea2f,10945,768,ffea2f
stern,10946,768,stern
gouine,10947,768,gouine gouines
enclin,10948,768,enclin enclins encline
vigne,10949,768,vigne vignes
irriter,10950,768,irrite irritée irriter
turtle,10951,767,turtle
psycho,10952,767,psycho
judicieux,10953,767,judicieux
efforcer,10954,767,efforce efforcer
interner,10955,767,interner internée
effronté,10956,767,effronté effrontée
pollution,10957,766,pollution
omega,10958,766,omega
ruiz,10959,766,ruiz
divya,10960,766,divya
portez-vous,10961,766,portez-vous
cc,10962,766,cc
frappe-le,10963,766,frappe-le
quelque-chose,10964,766,quelque-chose
joujou,10965,766,joujou joujoux
défouler,10966,766,défouler défoule
décoder,10967,766,décoder décodé
primordial,10968,766,primordial primordiale
coquillage,10969,766,coquillages coquillage
montrez-vous,10970,765,montrez-vous
wing,10971,765,wing
fertilité,10972,765,fertilité
trio,10973,765,trio
amulette,10974,765,amulette
hazel,10975,765,hazel
catin,10976,765,catin catins
snack,10977,765,snack snacks
ogive,10978,765,ogive ogives
quarterback,10979,764,quarterback
wouah,10980,764,wouah
emmène-la,10981,764,emmène-la
spécifiquement,10982,764,spécifiquement
pose-le,10983,764,pose-le
mcnally,10984,764,mcnally
lina,10985,764,lina
flaque,10986,764,flaque flaques
tricoter,10987,764,tricoter tricote tricoté
rouquin,10988,764,rouquine rouquin
décamper,10989,764,décampe décamper décampez décampé
lizzy,10990,763,lizzy
cadenas,10991,763,cadenas
oleg,10992,763,oleg
jojo,10993,762,jojo
sybil,10994,762,sybil
diminué,10995,762,diminué
tree,10996,762,tree
jacobs,10997,762,jacobs
paraît-il,10998,762,paraît-il
pérou,10999,762,pérou
frontal,11000,762,frontal frontale
asperger,11001,762,asperger aspergé
béquille,11002,762,béquilles béquille
tondre,11003,762,tondre tondu tond
déstabiliser,11004,762,déstabiliser déstabilisé déstabilise
basque,11005,762,basques basque
verrouillage,11006,761,verrouillage
hic,11007,761,hic
insuffisance,11008,761,insuffisance
marnie,11009,761,marnie
tête-à-tête,11010,761,tête-à-tête
bing,11011,761,bing
dash,11012,761,dash
wons,11013,761,wons
créneau,11014,761,créneau
contester,11015,761,contester contesté
dévaster,11016,761,dévastée dévaster dévastés
furtif,11017,761,furtif furtive furtifs
médico-légal,11018,761,médico-légal médico-légale médico-légales
sicile,11019,760,sicile
scolarité,11020,760,scolarité
ruben,11021,760,ruben
cutler,11022,760,cutler
teri,11023,760,teri
marécage,11024,760,marécage marécages
simplifier,11025,760,simplifier simplifie simplifié
reptile,11026,760,reptiles reptile
flanquer,11027,760,flanquer flanqué flanque
video,11028,759,video
hydra,11029,759,hydra
last,11030,759,last
évacué,11031,759,évacué
caire,11032,759,caire
transfusion,11033,759,transfusion transfusions
envahisseur,11034,759,envahisseurs envahisseur
bryant,11035,758,bryant
hutch,11036,758,hutch
lucratif,11037,758,lucratif lucrative
hebdomadaire,11038,758,hebdomadaire hebdomadaires
extrémiste,11039,758,extrémistes extrémiste
tisser,11040,758,tisser tissé tisse
sibérie,11041,757,sibérie
combustion,11042,757,combustion
forgeron,11043,757,forgeron
déj,11044,757,déj
royce,11045,757,royce
quincaillerie,11046,757,quincaillerie
effroyable,11047,757,effroyable effroyables
yi,11048,755,yi
siobhan,11049,755,siobhan
argh,11050,755,argh
bénit,11051,755,bénite bénit
lynch,11052,754,lynch
eclair,11053,754,eclair
prochainement,11054,754,prochainement
ogre,11055,754,ogre ogres
rampant,11056,754,rampant rampants
pulvériser,11057,754,pulvériser pulvérisé pulvérise
lavon,11058,753,lavon
ain,11059,753,ain
sacha,11060,753,sacha
bowman,11061,753,bowman
tortiller,11062,753,tortiller tortillas tortille tortilla
maddy,11063,752,maddy
contremaître,11064,752,contremaître
méga,11065,752,méga
dogs,11066,752,dogs
subtitles,11067,752,subtitles
amir,11068,752,amir
concombre,11069,752,concombre concombres
zapper,11070,752,zappé zapper zappe
uld,11071,751,uld
décret,11072,751,décret
18h,11073,751,18h
neuvième,11074,751,neuvième
ss,11075,751,ss
piètre,11076,751,piètre
sykes,11077,751,sykes
pourrait-elle,11078,751,pourrait-elle
bouddhiste,11079,751,bouddhiste bouddhistes
anus,11080,750,anus
greer,11081,750,greer
brusque,11082,750,brusque
largue,11083,750,largue
brother,11084,750,brother
bile,11085,750,bile
adhésif,11086,750,adhésif
conjurer,11087,750,conjure conjurer
approfondir,11088,750,approfondie approfondir
fur,11089,749,fur
sodium,11090,749,sodium
ephram,11091,749,ephram
fair,11092,749,fair
leucémie,11093,749,leucémie
luisa,11094,749,luisa
darwin,11095,749,darwin
sung,11096,749,sung
bordeaux,11097,749,bordeaux
faction,11098,749,faction factions
emplir,11099,749,empli emplit emplie emplis
vacciner,11100,749,vacciner vacciné vaccinés vaccinée
heil,11101,748,heil
cecil,11102,748,cecil
pv,11103,748,pv
liberty,11104,748,liberty
something,11105,748,something
crosby,11106,748,crosby
lourdement,11107,748,lourdement
trèfle,11108,748,trèfle trèfles
revendication,11109,748,revendications revendication
vietnamien,11110,748,vietnamien vietnamiens vietnamienne
corrigé,11111,747,corrigé
splendeur,11112,747,splendeur
peck,11113,747,peck
boucle-la,11114,747,boucle-la
traitre,11115,747,traitre
rocco,11116,747,rocco
ozzy,11117,747,ozzy
howie,11118,747,howie
charpentier,11119,747,charpentier charpentiers
palpitant,11120,747,palpitant palpitante
aisé,11121,747,aisé aisée
violoncelle,11122,746,violoncelle
selfridge,11123,746,selfridge
brock,11124,746,brock
profitez-en,11125,746,profitez-en
we',11126,746,we'
sérénité,11127,746,sérénité
ennuyé,11128,746,ennuyé
enzo,11129,746,enzo
grignoter,11130,746,grignoter grignote
compresse,11131,746,compresses compresse
étre,11132,745,étre
mirer,11133,745,mira
porteuse,11134,745,porteuse
infaillible,11135,745,infaillible
underwood,11136,745,underwood
charitable,11137,745,charitable charitables
étreinte,11138,745,étreinte étreintes
prédécesseur,11139,745,prédécesseur prédécesseurs
récif,11140,745,récif récifs
agacer,11141,745,agacer agacé agacée
ramenez-moi,11142,744,ramenez-moi
brass,11143,744,brass
prenez-moi,11144,744,prenez-moi
gone,11145,744,gone
arnie,11146,744,arnie
rain,11147,744,rain
index,11148,744,index
science-fiction,11149,744,science-fiction
cappuccino,11150,744,cappuccino cappuccinos
fast-food,11151,744,fast-food fast-foods
replonger,11152,744,replonger replongé replonge
tite,11153,743,tite
hadès,11154,743,hadès
viral,11155,743,virale viral
darnell,11156,742,darnell
smallville,11157,742,smallville
resynchro,11158,742,resynchro
pochette,11159,742,pochette pochettes
flore,11160,742,flores flore
gourou,11161,741,gourou
kiss,11162,741,kiss
entrave,11163,741,entrave
otan,11164,741,otan
wilfred,11165,741,wilfred
grandement,11166,741,grandement
délégation,11167,741,délégation
lièvre,11168,741,lièvre lièvres
immiscer,11169,741,immiscer immisce
them,11170,740,them
n'roll,11171,740,n'roll
romantisme,11172,740,romantisme
génétiquement,11173,740,génétiquement
company,11174,740,company
vingt-cinq,11175,740,vingt-cinq
peloter,11176,740,peloter peloté
gonflable,11177,740,gonflable gonflables
dédicace,11178,740,dédicace dédicaces
dune,11179,740,dune dunes
saper,11180,740,saper sapé sapes
prouve-le,11181,739,prouve-le
il-te-plait,11182,739,il-te-plait
17h,11183,739,17h
imperméable,11184,739,imperméable imperméables
jockey,11185,739,jockey jockeys
focaliser,11186,739,focaliser focalise focalisé
acceptez-vous,11187,738,acceptez-vous
étoffe,11188,738,étoffe
passera-t-il,11189,738,passera-t-il
précoce,11190,738,précoce
fallon,11191,738,fallon
reconstitution,11192,738,reconstitution reconstitutions
gag,11193,738,gag gags
collatéral,11194,738,collatéraux collatéral
côtoyer,11195,738,côtoyer côtoie côtoyé
barbier,11196,737,barbier
emmenez-les,11197,737,emmenez-les
agressivité,11198,737,agressivité
lili,11199,737,lili
ave,11200,737,ave
détonation,11201,737,détonation détonations
régent,11202,737,régent régents
rabais,11203,736,rabais
bangkok,11204,736,bangkok
ravin,11205,736,ravin
lotion,11206,736,lotion lotions
juteux,11207,736,juteux juteuses
cloque,11208,736,cloque cloques
mafieux,11209,735,mafieux
cassez-vous,11210,735,cassez-vous
micki,11211,735,micki
voyeur,11212,735,voyeur voyeurs
abu,11213,734,abu
attirance,11214,734,attirance
salvador,11215,734,salvador
payson,11216,734,payson
1h,11217,734,1h
torpille,11218,734,torpille
miche,11219,734,miches miche
décorateur,11220,734,décorateur décoratrice
triade,11221,734,triade triades
navet,11222,734,navet navets
faucheur,11223,734,faucheuse faucheur faucheurs
euphémisme,11224,733,euphémisme
laissons-le,11225,733,laissons-le
élaboré,11226,733,élaboré
luxueux,11227,733,luxueux luxueuse
exiler,11228,733,exile exilés exiler
là-dehors,11229,732,là-dehors
amos,11230,732,amos
abondance,11231,732,abondance
entraînant,11232,732,entraînant entraînante
altérer,11233,732,altérer altère altérée
mayonnaise,11234,731,mayonnaise
harcelé,11235,731,harcelé
absorbé,11236,731,absorbé
shepard,11237,731,shepard
true,11238,731,true
recycler,11239,731,recycler recyclé recycle
eloignez-vous,11240,730,eloignez-vous
renee,11241,730,renee
lâchez-la,11242,730,lâchez-la
gigi,11243,730,gigi
draper,11244,730,draper
bientot,11245,730,bientot
22h,11246,730,22h
synchronisation,11247,730,synchronisation
dense,11248,730,dense denses
mécano,11249,730,mécano mécanos
éradiquer,11250,730,éradiquer éradiqué
trombone,11251,730,trombone trombones
contradiction,11252,730,contradiction contradictions
luciole,11253,730,lucioles luciole
instantanément,11254,729,instantanément
séduction,11255,729,séduction
stockholm,11256,729,stockholm
infidélité,11257,729,infidélité infidélités
fraction,11258,729,fraction fractions
déchu,11259,729,déchu déchus déchue
boulon,11260,729,boulons boulon
domino,11261,729,domino dominos
affreusement,11262,728,affreusement
cheyenne,11263,728,cheyenne
syrie,11264,728,syrie
lyla,11265,728,lyla
roth,11266,728,roth
edouard,11267,728,edouard
dévasté,11268,728,dévasté
mascarade,11269,728,mascarade
still,11270,728,still
forage,11271,728,forage forages
paparazzi,11272,728,paparazzi paparazzis
haletant,11273,728,haletant haletante
palette,11274,728,palettes palette
tact,11275,727,tact
marcos,11276,727,marcos
bled,11277,727,bled
norton,11278,727,norton
ziggy,11279,727,ziggy
coopératif,11280,727,coopératif coopératifs
invalide,11281,727,invalide invalides
retombée,11282,727,retombées retombée
réclamation,11283,727,réclamation réclamations
concluant,11284,727,concluant concluante concluants
surcharger,11285,727,surchargé surcharger surchargés surchargée
languir,11286,727,languir languis languit
camelote,11287,726,camelote
bénévolat,11288,726,bénévolat
wa,11289,726,wa
engrais,11290,726,engrais
lunatique,11291,726,lunatique lunatiques
éparpiller,11292,726,éparpillés éparpillé éparpillées éparpiller
croyez-le,11293,725,croyez-le
idem,11294,725,idem
soeurette,11295,725,soeurette
feng,11296,725,feng
summers,11297,725,summers
thing,11298,725,thing
cherches-tu,11299,725,cherches-tu
salement,11300,725,salement
exigé,11301,725,exigé
caisson,11302,725,caisson caissons
aquatique,11303,725,aquatique aquatiques
ping-pong,11304,724,ping-pong
détraqué,11305,724,détraqué
rodrigo,11306,724,rodrigo
potassium,11307,724,potassium
gabby,11308,724,gabby
things,11309,724,things
visionnaire,11310,724,visionnaire visionnaires
infime,11311,724,infime infimes
capitaliste,11312,724,capitaliste capitalistes
zoomer,11313,724,zoomer zoome zoomez
impur,11314,724,impur impures impure impurs
rahl,11315,723,rahl
gendarmer,11316,723,gendarmes
rã,11317,723,rã
optimisme,11318,723,optimisme
metal,11319,723,metal
contravention,11320,723,contravention contraventions
hérétique,11321,723,hérétique hérétiques
texan,11322,723,texan texans texane
cupidité,11323,722,cupidité
suzie,11324,722,suzie
nam,11325,722,nam
gaspillage,11326,722,gaspillage
verset,11327,722,verset versets
barbelé,11328,722,barbelés barbelé
extase,11329,721,extase
zizi,11330,721,zizi
débarasser,11331,721,débarasser
berry,11332,721,berry
mossad,11333,721,mossad
riant,11334,721,riant
découpe,11335,721,découpe
shampoing,11336,721,shampoing
intentionnellement,11337,721,intentionnellement
holland,11338,721,holland
trimer,11339,721,trimer trimé trime
bmw,11340,720,bmw
mellie,11341,720,mellie
naufrage,11342,720,naufrage
écouteur,11343,720,écouteurs écouteur
filiale,11344,720,filiale filiales
escroquer,11345,720,escroquer escroqué
toquer,11346,720,toque toqué toquer
shot,11347,719,shot
jeong,11348,719,jeong
tomas,11349,719,tomas
gore,11350,719,gore
reconnaitre,11351,719,reconnaitre
conservé,11352,719,conservé
hogan,11353,719,hogan
mind,11354,719,mind
line,11355,719,line
lexi,11356,719,lexi
prospectus,11357,719,prospectus
papoter,11358,719,papoter papote
marlowe,11359,718,marlowe
combiné,11360,718,combiné
islande,11361,718,islande
nique,11362,718,nique
intoxication,11363,718,intoxication
sweeney,11364,718,sweeney
péri,11365,718,péri
surcharge,11366,718,surcharge
popcorn,11367,718,popcorn
michaels,11368,718,michaels
garcon,11369,718,garcon
nase,11370,718,nase nases
rappeur,11371,718,rappeur rappeurs
freya,11372,717,freya
owens,11373,717,owens
carpe,11374,717,carpe carpes
parisien,11375,717,parisien parisienne parisiens
11h,11376,716,11h
coroner,11377,716,coroner
laden,11378,716,laden
luciano,11379,716,luciano
friends,11380,716,friends
tombale,11381,716,tombale tombales
palmier,11382,716,palmiers palmier
fleurir,11383,716,fleurir fleurit fleurissent
hum-hum,11384,715,hum-hum
armurerie,11385,715,armurerie
orion,11386,715,orion
donne-la-moi,11387,715,donne-la-moi
pénitencier,11388,715,pénitencier
kamikaze,11389,715,kamikaze kamikazes
pénitence,11390,714,pénitence
interface,11391,714,interface
trouves-tu,11392,714,trouves-tu
brigadier,11393,714,brigadier
linus,11394,714,linus
devriez-vous,11395,714,devriez-vous
cannabis,11396,714,cannabis
galactique,11397,714,galactique
ardeur,11398,714,ardeur ardeurs
argenterie,11399,713,argenterie
prestige,11400,713,prestige
deborah,11401,713,deborah
wahou,11402,713,wahou
biblique,11403,713,biblique bibliques
mitraillette,11404,713,mitraillette mitraillettes
vertèbre,11405,713,vertèbres vertèbre
confrère,11406,713,confrère confrères
laissez-vous,11407,712,laissez-vous
moléculaire,11408,712,moléculaire
annette,11409,712,annette
gong,11410,712,gong
that',11411,712,that'
pourrai-je,11412,712,pourrai-je
pesant,11413,712,pesant pesante
respirateur,11414,711,respirateur
eteignez,11415,711,eteignez
guitariste,11416,711,guitariste
orge,11417,711,orge
starbuck,11418,711,starbuck
commandeur,11419,711,commandeur
victorieux,11420,711,victorieux victorieuse
éclipser,11421,711,éclipser éclipsé
dérobé,11422,711,dérobé dérobée
déploiement,11423,710,déploiement
cutter,11424,710,cutter
q.,11425,710,q.
channing,11426,710,channing
luigi,11427,710,luigi
him,11428,710,him
krusty,11429,710,krusty
mohammed,11430,710,mohammed
aboutir,11431,710,aboutir aboutit
suggérez-vous,11432,709,suggérez-vous
paradise,11433,709,paradise
mccarthy,11434,709,mccarthy
noirceur,11435,709,noirceur
special,11436,709,special
styliste,11437,709,styliste stylistes
nouveau-né,11438,709,nouveau-né nouveau-nés
fente,11439,709,fente fentes
touristique,11440,709,touristique touristiques
minutieux,11441,709,minutieux minutieuse
émeraude,11442,709,émeraude émeraudes
ponctuel,11443,709,ponctuel ponctuelle ponctuels
grille-pain,11444,708,grille-pain
lorna,11445,708,lorna
amertume,11446,708,amertume
historien,11447,708,historien historiens
fautif,11448,708,fautif fautive fautifs
nouer,11449,708,nouer noué
charrier,11450,708,charrie charrier charries
brisco,11451,707,brisco
telephone,11452,707,telephone
myers,11453,707,myers
im,11454,707,im
entrait,11455,707,entrait
téméraire,11456,707,téméraire téméraires
fatigant,11457,707,fatigant fatigante
gazeux,11458,707,gazeuse gazeux
compression,11459,707,compression compressions
relatif,11460,707,relatif relatives relatifs
easy,11461,706,easy
ping,11462,706,ping
wei,11463,706,wei
margie,11464,706,margie
viagra,11465,706,viagra
miteux,11466,706,miteux
soutirer,11467,706,soutirer soutiré
vouer,11468,706,vouée voue voués vouer
play,11469,705,play
at-il,11470,705,at-il
janine,11471,705,janine
lucious,11472,705,lucious
mordu,11473,705,mordue
hayden,11474,705,hayden
amène-le,11475,705,amène-le
emilie,11476,705,emilie
déroutant,11477,705,déroutant déroutante
guignol,11478,705,guignol guignols
purgatoire,11479,704,purgatoire
routière,11480,704,routière
avoine,11481,704,avoine
parais,11482,704,parais
school,11483,704,school
gabi,11484,704,gabi
progression,11485,704,progression
fracas,11486,704,fracas
rééducation,11487,704,rééducation
universelle,11488,704,universelle
damian,11489,704,damian
videur,11490,704,videur videurs
artisan,11491,704,artisan artisans
endurance,11492,703,endurance
milord,11493,703,milord
traceur,11494,703,traceur
romeo,11495,703,romeo
boucan,11496,703,boucan
'je,11497,703,'je
biographie,11498,703,biographie
contrée,11499,703,contrées contrée
irakien,11500,703,irakiens irakien irakienne
proclamer,11501,703,proclame proclamer proclamé
caler,11502,703,calais caler cales
susciter,11503,703,susciter suscite suscité
dixie,11504,702,dixie
confortablement,11505,702,confortablement
pawnee,11506,702,pawnee
sourcier,11507,702,sourcier
hypocrisie,11508,702,hypocrisie
lá,11509,702,lá
ãªtre,11510,702,ãªtre
cools,11511,702,cools
shea,11512,702,shea
mendier,11513,702,mendier mendie
superstitieux,11514,702,superstitieux superstitieuse
suceur,11515,702,suceur suceurs
enzyme,11516,702,enzymes enzyme
anarchie,11517,701,anarchie
davy,11518,701,davy
duquel,11519,701,duquel
vancouver,11520,701,vancouver
zurich,11521,701,zurich
cockpit,11522,701,cockpit
pacha,11523,701,pacha
indésirable,11524,701,indésirables indésirable
afghan,11525,701,afghans afghan afghane
universel,11526,700,universel
gymnastique,11527,700,gymnastique
dispersez-vous,11528,700,dispersez-vous
neptune,11529,700,neptune
marcia,11530,700,marcia
illustre,11531,700,illustre
sème,11532,700,sème
taj,11533,700,taj
trempée,11534,700,trempée
geisha,11535,700,geisha geishas
palourde,11536,700,palourdes palourde
herpès,11537,699,herpès
frousse,11538,699,frousse
perfusion,11539,699,perfusion
admise,11540,699,admise
contamination,11541,699,contamination
essaies-tu,11542,699,essaies-tu
électricien,11543,699,électricien électriciens
irréprochable,11544,699,irréprochable irréprochables
torchon,11545,699,torchon torchons
ragnar,11546,698,ragnar
august,11547,698,august
lucie,11548,698,lucie
omis,11549,698,omis
répertoire,11550,698,répertoire
rapidité,11551,698,rapidité
five,11552,698,five
bouée,11553,698,bouée bouées
caniche,11554,698,caniche caniches
singulier,11555,698,singulier singulière
variation,11556,698,variations variation
fete,11557,697,fete
barrez-vous,11558,697,barrez-vous
appellé,11559,697,appellé
great,11560,697,great
barlow,11561,697,barlow
approvisionnement,11562,697,approvisionnement
ever,11563,697,ever
kimono,11564,697,kimono kimonos
escapade,11565,697,escapade escapades
antidépresseur,11566,697,antidépresseurs antidépresseur
chacal,11567,697,chacal chacals
serein,11568,697,serein sereine
disjoncter,11569,697,disjoncté disjoncter disjoncte
lelouch,11570,696,lelouch
valium,11571,696,valium
three,11572,696,three
every,11573,696,every
paso,11574,696,paso
manson,11575,696,manson
essuie,11576,696,essuie
foutrement,11577,696,foutrement
soucieux,11578,696,soucieux soucieuse
mongol,11579,696,mongol mongols mongole
polluer,11580,696,pollué polluée polluer pollue
ici-bas,11581,695,ici-bas
story,11582,695,story
singapour,11583,695,singapour
matraque,11584,695,matraque matraques
bretelle,11585,695,bretelles bretelle
compétitif,11586,695,compétitif compétitive compétitifs
désintoxication,11587,694,désintoxication
mémorial,11588,694,mémorial
jaime,11589,694,jaime
davey,11590,694,davey
modestie,11591,694,modestie
stokes,11592,694,stokes
youpi,11593,694,youpi
veut-elle,11594,694,veut-elle
procure,11595,693,procure
hystérie,11596,693,hystérie
b.d.,11597,693,b.d.
nothing,11598,693,nothing
cavité,11599,693,cavité cavités
rongeur,11600,693,rongeur rongeurs
californien,11601,693,californien californienne californiens
margarita,11602,692,margarita
rassure-toi,11603,692,rassure-toi
chaudière,11604,692,chaudière
goldman,11605,692,goldman
exclusive,11606,692,exclusive
planet,11607,692,planet
rigide,11608,692,rigide rigides
cloison,11609,692,cloison cloisons
weiss,11610,691,weiss
penelope,11611,691,penelope
ivoire,11612,691,ivoire
hopper,11613,691,hopper
free,11614,691,free
gagne-pain,11615,691,gagne-pain
reconsidérer,11616,691,reconsidérer
candace,11617,691,candace
cory,11618,691,cory
articulation,11619,691,articulations articulation
bricole,11620,691,bricoles bricole
triompher,11621,691,triompher triomphé triomphera
yates,11622,690,yates
enrique,11623,690,enrique
loucher,11624,690,louches
caffrey,11625,690,caffrey
gaillard,11626,690,gaillard gaillards
recruteur,11627,690,recruteur recruteurs
anarchiste,11628,690,anarchiste anarchistes
constructeur,11629,690,constructeur constructeurs
reeves,11630,689,reeves
escobar,11631,689,escobar
dresse,11632,689,dresse
rendors-toi,11633,689,rendors-toi
mayday,11634,689,mayday
beta,11635,689,beta
after,11636,689,after
ocean,11637,689,ocean
espace-temps,11638,689,espace-temps
emmy,11639,689,emmy
bûche,11640,689,bûche bûches
saxon,11641,689,saxon saxons
trimballer,11642,689,trimballer trimballe trimballes
poppy,11643,688,poppy
buchanan,11644,688,buchanan
magnez-vous,11645,688,magnez-vous
mettez-moi,11646,688,mettez-moi
humm,11647,688,humm
carroll,11648,688,carroll
garth,11649,688,garth
sunset,11650,688,sunset
uss,11651,688,uss
transmetteur,11652,688,transmetteur transmetteurs
virement,11653,688,virement virements
approche-toi,11654,687,approche-toi
really,11655,687,really
comparable,11656,687,comparable
wilder,11657,687,wilder
leigh,11658,687,leigh
livrée,11659,687,livrée
micah,11660,687,micah
verger,11661,687,verger vergers
frustrer,11662,687,frustrée frustrés
izzie,11663,686,izzie
15h,11664,686,15h
maroc,11665,686,maroc
apparement,11666,686,apparement
coran,11667,686,coran
wilkes,11668,686,wilkes
shay,11669,686,shay
javel,11670,686,javel
seigneurie,11671,686,seigneurie
bahamas,11672,686,bahamas
kris,11673,686,kris
kung,11674,686,kung
harceleur,11675,686,harceleur harceleuse
nacelle,11676,686,nacelle nacelles
fêtard,11677,686,fêtard fêtards fêtarde
pink,11678,685,pink
glissant,11679,685,glissant
gourde,11680,685,gourde gourdes
plongeon,11681,685,plongeon plongeons
incertitude,11682,685,incertitude incertitudes
chômeur,11683,685,chômeurs chômeur
emile,11684,684,emile
tex,11685,684,tex
accéléré,11686,684,accéléré
neville,11687,684,neville
suspicieux,11688,684,suspicieux suspicieuse
milk-shake,11689,684,milk-shake milk-shakes
ensorceler,11690,684,ensorcelé ensorcelée
kangourou,11691,684,kangourou kangourous
patrouiller,11692,684,patrouiller patrouillent
sanguinaire,11693,684,sanguinaire sanguinaires
vi,11694,683,vi
empathie,11695,683,empathie
geoff,11696,683,geoff
variole,11697,683,variole
préméditer,11698,683,prémédité
fiesta,11699,683,fiesta
hoyt,11700,683,hoyt
mets-moi,11701,683,mets-moi
hung,11702,683,hung
feuilleton,11703,683,feuilleton feuilletons
hélice,11704,683,hélice hélices
épi,11705,683,épi épis
ouïr,11706,683,oyez ouï ois
pearson,11707,682,pearson
goodman,11708,682,goodman
felicia,11709,682,felicia
tourmente,11710,682,tourmente
réconciliation,11711,682,réconciliation
conway,11712,682,conway
demi-douzaine,11713,682,demi-douzaine
grabuge,11714,682,grabuge
copenhague,11715,682,copenhague
turbulence,11716,682,turbulences turbulence
groupie,11717,682,groupie groupies
retoucher,11718,682,retouches retoucher retouché
différer,11719,682,diffèrent diffère différer
mathilde,11720,681,mathilde
burrito,11721,681,burrito
panthers,11722,681,panthers
larsen,11723,681,larsen
azote,11724,681,azote
kyoto,11725,681,kyoto
hampshire,11726,681,hampshire
gob,11727,681,gob
manchot,11728,681,manchot manchots
équilibrer,11729,681,équilibrer équilibrée
esquimau,11730,681,esquimau esquimaux
préférez-vous,11731,680,préférez-vous
progéniture,11732,680,progéniture
walters,11733,680,walters
obéissance,11734,680,obéissance
année-lumière,11735,679,années-lumière
caniveau,11736,679,caniveau
vacarme,11737,679,vacarme
perf,11738,679,perf
incompétence,11739,679,incompétence
camping-car,11740,679,camping-car
adolf,11741,679,adolf
whitman,11742,679,whitman
bach,11743,679,bach
véto,11744,679,véto
albuquerque,11745,678,albuquerque
hiro,11746,678,hiro
hut,11747,678,hut
diplomatie,11748,678,diplomatie
torride,11749,678,torride
inquiéte,11750,678,inquiéte
cartonner,11751,678,cartonner cartonné cartonne
espére,11752,677,espére
takashi,11753,677,takashi
devlin,11754,677,devlin
mr.,11755,677,mr.
has,11756,677,has
veuf,11757,677,veuf
upper,11758,677,upper
véritablement,11759,677,véritablement
chrono,11760,677,chrono chronos
bûcheron,11761,677,bûcheron bûcherons
effleurer,11762,677,effleuré effleurer effleure
moite,11763,677,moite moites
périmé,11764,677,périmé périmée périmés
cliquer,11765,677,cliquer cliques cliquez cliqué
maxine,11766,676,maxine
salt,11767,676,salt
gunther,11768,676,gunther
traine,11769,676,traine
cold,11770,676,cold
congelé,11771,676,congelé
eiffel,11772,676,eiffel
intimidation,11773,676,intimidation
athée,11774,676,athée athées
toxicologique,11775,676,toxicologique toxicologiques
séjourner,11776,676,séjourné séjourner séjourne
10e,11777,675,10e
magnum,11778,675,magnum
eugène,11779,675,eugène
galle,11780,675,galles
franky,11781,675,franky
dirk,11782,675,dirk
négociateur,11783,675,négociateur négociateurs
réanimation,11784,674,réanimation
cuddy,11785,674,cuddy
caldwell,11786,674,caldwell
pourpre,11787,674,pourpre pourpres
lama,11788,674,lama lamas
chenille,11789,674,chenille chenilles
amender,11790,674,amendes amender
piercing,11791,674,piercing piercings
mutinerie,11792,673,mutinerie
sucé,11793,673,sucé
propulsion,11794,673,propulsion
sécu,11795,673,sécu
brewster,11796,673,brewster
censure,11797,673,censure
regarde-nous,11798,673,regarde-nous
rossignol,11799,673,rossignol
braguette,11800,673,braguette
capricieux,11801,673,capricieux capricieuse
forestier,11802,673,forestier forestière forestiers
tartine,11803,673,tartine tartines
déluge,11804,672,déluge
baby-sitting,11805,672,baby-sitting
sisko,11806,672,sisko
k.o.,11807,672,k.o.
pendentif,11808,672,pendentif
nil,11809,672,nil
tronçonneuse,11810,672,tronçonneuse
étroite,11811,672,étroite
jargon,11812,672,jargon
concitoyen,11813,672,concitoyens
amour-propre,11814,672,amour-propre
manchette,11815,672,manchette manchettes
photocopie,11816,672,photocopies photocopie
chum,11817,671,chum
wyoming,11818,671,wyoming
tofu,11819,671,tofu
wah,11820,671,wah
électrocuter,11821,671,électrocuté électrocuter
cylindrer,11822,671,cylindre cylindres
barricader,11823,671,barricades barricader barricadé
dégoût,11824,670,dégoût
hagen,11825,670,hagen
prostate,11826,670,prostate
bee,11827,670,bee
salsa,11828,670,salsa
embryon,11829,670,embryon embryons
filant,11830,670,filante filant filantes
glasgow,11831,669,glasgow
16h,11832,669,16h
envergure,11833,669,envergure
19h,11834,669,19h
hospice,11835,669,hospice
faisceau,11836,669,faisceau faisceaux
condescendant,11837,669,condescendant condescendante
moisson,11838,669,moisson moissons
originel,11839,669,originel originelle
captif,11840,669,captive captif captifs
affichage,11841,668,affichage
remontée,11842,668,remontée
ramène-le,11843,668,ramène-le
peace,11844,668,peace
tue-la,11845,668,tue-la
dangereusement,11846,668,dangereusement
forman,11847,668,forman
pornographie,11848,668,pornographie
zèle,11849,668,zèle
math,11850,668,math
éclatant,11851,668,éclatant éclatante
asperge,11852,668,asperges asperge
ching,11853,667,ching
il-vous-plait,11854,667,il-vous-plait
odo,11855,667,odo
machette,11856,667,machette machettes
versement,11857,667,versement versements
footballeur,11858,667,footballeur footballeurs
coordonner,11859,667,coordonner coordonne coordonnés
éboueur,11860,667,éboueur éboueurs
talk,11861,666,talk
crois-le,11862,666,crois-le
sox,11863,666,sox
banquette,11864,666,banquette
idaho,11865,666,idaho
20e,11866,666,20e
programmation,11867,666,programmation
ous,11868,666,ous
zachary,11869,666,zachary
sandale,11870,666,sandales
francesco,11871,666,francesco
dis-toi,11872,666,dis-toi
abomination,11873,666,abomination abominations
autruche,11874,666,autruche autruches
guinée,11875,666,guinées guinée
favoriser,11876,666,favorise favoriser favorisé
figer,11877,666,figée fige figer figés
approximativement,11878,665,approximativement
encens,11879,665,encens
fe,11880,665,fe
patton,11881,665,patton
symboliser,11882,665,symbolise symbolisent
commenter,11883,665,commenter commente
pacificateur,11884,665,pacificateurs pacificateur
immobiliser,11885,665,immobiliser immobilisé immobilise
aryen,11886,665,aryens aryen aryenne
mélissa,11887,664,mélissa
abordé,11888,664,abordé
simplicité,11889,664,simplicité
mélancolique,11890,664,mélancolique
sœurette,11891,664,sœurette
dolores,11892,664,dolores
deep,11893,664,deep
psychose,11894,664,psychose
cagoule,11895,664,cagoule cagoules
zèbre,11896,664,zèbre zèbres
facette,11897,664,facettes facette
corinne,11898,663,corinne
entrainé,11899,663,entrainé
marius,11900,663,marius
varsovie,11901,663,varsovie
félicité,11902,663,félicité
incurable,11903,663,incurable incurables
tocard,11904,663,tocard tocards
communisme,11905,662,communisme
coup-ci,11906,662,coup-ci
steele,11907,662,steele
energie,11908,662,energie
dusty,11909,662,dusty
mitzvah,11910,662,mitzvah
imitateur,11911,662,imitateur imitateurs
éclaboussure,11912,662,éclaboussures éclaboussure
éminent,11913,662,éminent éminents
mortier,11914,662,mortier mortiers
mort-vivant,11915,662,morts-vivants mort-vivant
incomplet,11916,662,incomplet incomplète
mst,11917,661,mst
pharmacien,11918,661,pharmacien
clare,11919,661,clare
portugal,11920,661,portugal
imprimante,11921,661,imprimante
hu,11922,661,hu
cuvette,11923,661,cuvette
jekyll,11924,661,jekyll
bentley,11925,661,bentley
mamelon,11926,661,mamelons mamelon
infrastructure,11927,661,infrastructure infrastructures
mûrir,11928,661,mûri mûrir
ultimatum,11929,660,ultimatum
décompte,11930,660,décompte
shield,11931,660,shield
impensable,11932,660,impensable
pas-,11933,660,pas-
apparenter,11934,660,apparente apparentes
théorique,11935,660,théorique théoriques
tourte,11936,660,tourte tourtes
buffle,11937,660,buffle buffles
contradictoire,11938,660,contradictoires contradictoire
approchez-vous,11939,659,approchez-vous
yin,11940,659,yin
garnison,11941,659,garnison
lonnie,11942,659,lonnie
nbc,11943,659,nbc
post-traumatique,11944,659,post-traumatique
rivalité,11945,659,rivalité rivalités
canari,11946,659,canari canaris
démanteler,11947,659,démanteler démantelé
cincinnati,11948,658,cincinnati
égoïsme,11949,658,égoïsme
montrez-nous,11950,658,montrez-nous
bradford,11951,658,bradford
patrimoine,11952,658,patrimoine
adler,11953,658,adler
cirer,11954,658,cirer
hépatite,11955,658,hépatite
accroc,11956,658,accroc accrocs
rallier,11957,658,rallier rallié
niais,11958,658,niais niaise niaises
sensuel,11959,658,sensuel sensuelle
pizzeria,11960,657,pizzeria
jouée,11961,657,jouée
mcnamara,11962,657,mcnamara
oã,11963,657,oã
escale,11964,657,escale
docile,11965,657,docile dociles
scélérat,11966,657,scélérat scélérats
éblouissant,11967,657,éblouissante éblouissant
empocher,11968,657,empocher empoche empoché
aiguiser,11969,657,aiguiser aiguisée aiguise aiguisés
mendoza,11970,656,mendoza
transe,11971,656,transe
president,11972,656,president
tyrannie,11973,656,tyrannie
nettement,11974,656,nettement
ailô,11975,656,ailô
pépite,11976,656,pépites pépite
murdock,11977,655,murdock
garibaldi,11978,655,garibaldi
bin,11979,655,bin
sacramento,11980,655,sacramento
merle,11981,655,merle
maxi,11982,655,maxi
della,11983,655,della
carrington,11984,655,carrington
saturation,11985,655,saturation
affirmation,11986,655,affirmation affirmations
adhérer,11987,655,adhérer adhère adhéré
nebraska,11988,654,nebraska
shaun,11989,654,shaun
est-,11990,654,est-
delaney,11991,654,delaney
lowell,11992,654,lowell
apitoyer,11993,654,apitoyer apitoie
administrer,11994,654,administrer administre
framboise,11995,654,framboise framboises
consigner,11996,654,consigné consigner consignée
déverrouiller,11997,654,déverrouiller déverrouille déverrouillée déverrouillé
bebe,11998,653,bebe
sécheresse,11999,653,sécheresse
carlson,12000,653,carlson
initiation,12001,653,initiation
dougie,12002,653,dougie
wolfe,12003,653,wolfe
pretty,12004,653,pretty
incendiaire,12005,653,incendiaire incendiaires
couronner,12006,653,couronner couronnée
gouttière,12007,653,gouttière gouttières
activiste,12008,653,activiste activistes
fonctionnel,12009,653,fonctionnel fonctionnelle fonctionnels
ramollir,12010,653,ramolli ramollis ramollit ramollir
sinatra,12011,652,sinatra
drole,12012,652,drole
serez-vous,12013,652,serez-vous
brenner,12014,652,brenner
archevêque,12015,652,archevêque
family,12016,652,family
mythologie,12017,652,mythologie
parrish,12018,652,parrish
ipod,12019,652,ipod
schizophrène,12020,652,schizophrène schizophrènes
nomade,12021,652,nomades nomade
mœurs,12022,651,mœurs
kimberly,12023,651,kimberly
simms,12024,651,simms
regardes-tu,12025,651,regardes-tu
nichols,12026,651,nichols
quark,12027,651,quark
initial,12028,651,initial
melody,12029,651,melody
dépens,12030,651,dépens
bowie,12031,651,bowie
luka,12032,651,luka
soute,12033,651,soute
maigrichon,12034,651,maigrichon maigrichonne
indicateur,12035,651,indicateur indicateurs
déjouer,12036,651,déjouer déjoué
réglage,12037,651,réglage réglages
ratisser,12038,651,ratisser ratissé ratisse
environnemental,12039,651,environnemental environnementale environnementaux environnementales
trucs-là,12040,650,trucs-là
projeté,12041,650,projeté
exorcisme,12042,650,exorcisme
cécile,12043,650,cécile
sioux,12044,650,sioux
camé,12045,650,camé
glacière,12046,650,glacière
flan,12047,650,flan
brandt,12048,650,brandt
toper,12049,650,tope
designer,12050,650,designer designers
extincteur,12051,650,extincteur extincteurs
entuber,12052,650,entuber entubé
solidaire,12053,650,solidaires solidaire
surestimer,12054,650,surestimé surestimez surestime surestimes
erroné,12055,650,erroné erronée erronées
orgue,12056,649,orgue
premiére,12057,649,premiére
marx,12058,649,marx
faites-en,12059,649,faites-en
katya,12060,649,katya
abbey,12061,649,abbey
mixte,12062,649,mixte mixtes
pinocchio,12063,648,pinocchio
crypte,12064,648,crypte
solomon,12065,648,solomon
figure-toi,12066,648,figure-toi
hermann,12067,648,hermann
fœtus,12068,648,fœtus
terminus,12069,648,terminus
zhao,12070,648,zhao
lache,12071,648,lache
intégration,12072,648,intégration
tâter,12073,648,tâter tâte
magouille,12074,648,magouilles magouille
natif,12075,648,natifs natif native
reporté,12076,647,reporté
raul,12077,647,raul
pommader,12078,647,pommade
iis,12079,647,iis
blade,12080,647,blade
lucius,12081,647,lucius
déclin,12082,647,déclin
incognito,12083,647,incognito
laisse-lui,12084,647,laisse-lui
quelqu,12085,647,quelqu
mayo,12086,647,mayo
démolition,12087,647,démolition
poivrot,12088,647,poivrot poivrots
raquette,12089,647,raquette raquettes
passeur,12090,647,passeur passeurs
nettoyeur,12091,647,nettoyeur nettoyeurs
décimer,12092,647,décimé décimer décimée décimés
douillet,12093,646,douillet
por,12094,646,por
shinji,12095,646,shinji
duffy,12096,646,duffy
ukraine,12097,646,ukraine
cardassiens,12098,646,cardassiens
sait-elle,12099,646,sait-elle
raie,12100,646,raie raies
pâtissier,12101,646,pâtissier pâtissière
hutte,12102,646,hutte huttes
mensuel,12103,646,mensuel mensuelle mensuels
duane,12104,645,duane
sonar,12105,645,sonar
thérèse,12106,645,thérèse
extradition,12107,645,extradition
racket,12108,645,racket
trouve-le,12109,645,trouve-le
milady,12110,645,milady
stay,12111,645,stay
gare-toi,12112,645,gare-toi
pol,12113,645,pol
indestructible,12114,645,indestructible indestructibles
dérober,12115,645,dérober dérobe
rôdeur,12116,645,rôdeur rôdeurs
récapituler,12117,645,récapitulons récapitule récapituler
flairer,12118,645,flaire flairer flairé
procuration,12119,644,procuration
réputé,12120,644,réputé
mess,12121,644,mess
capt,12122,644,capt
colette,12123,644,colette
thaï,12124,644,thaï
traitant,12125,644,traitant
poulain,12126,644,poulain poulains
ténébreux,12127,644,ténébreux ténébreuse
thérapeutique,12128,644,thérapeutique thérapeutiques
suspicion,12129,644,suspicion suspicions
inexplicable,12130,644,inexplicable inexplicables
tchèque,12131,644,tchèque tchèques
confiner,12132,644,confiné confinés confinée
band,12133,643,band
wi-fi,12134,643,wi-fi
davies,12135,643,davies
foutoir,12136,643,foutoir
potable,12137,643,potable
hawks,12138,643,hawks
honorée,12139,643,honorée
sers-moi,12140,643,sers-moi
salazar,12141,643,salazar
édifice,12142,643,édifice édifices
affrontement,12143,643,affrontement affrontements
intrigant,12144,643,intrigante intrigant
haie,12145,643,haie haies
inquisiteur,12146,643,inquisitrice inquisiteur
céline,12147,642,céline
r.a.s.,12148,642,r.a.s.
lassie,12149,642,lassie
cultivé,12150,642,cultivé
signalement,12151,642,signalement
tuvok,12152,642,tuvok
levant,12153,642,levant
pouf,12154,642,pouf
biais,12155,642,biais
écarte-toi,12156,642,écarte-toi
sabine,12157,642,sabine
glousser,12158,642,glousse glousser
tresse,12159,642,tresses tresse
existant,12160,642,existant existantes existante existants
better,12161,641,better
tonya,12162,641,tonya
guido,12163,641,guido
pietro,12164,641,pietro
hambourg,12165,641,hambourg
fauchée,12166,641,fauchée
bof,12167,641,bof
dépouille,12168,641,dépouille
beat,12169,641,beat
montecito,12170,641,montecito
auggie,12171,641,auggie
newark,12172,641,newark
lapd,12173,641,lapd
hearst,12174,641,hearst
felipe,12175,641,felipe
phobie,12176,641,phobie phobies
malfrat,12177,641,malfrats malfrat
assimiler,12178,641,assimiler assimilé assimile
éclore,12179,641,éclore éclos éclosent
couvre-moi,12180,640,couvre-moi
capitalisme,12181,640,capitalisme
pus,12182,640,pus
insolence,12183,640,insolence
donne-leur,12184,640,donne-leur
captivité,12185,640,captivité
médiatique,12186,640,médiatique
minnie,12187,640,minnie
ressentiment,12188,640,ressentiment ressentiments
délibéré,12189,640,délibéré délibérée
jingle,12190,640,jingle jingles
faxer,12191,640,faxé faxer faxe
haskell,12192,639,haskell
cahill,12193,639,cahill
pédiatre,12194,639,pédiatre
taf,12195,639,taf
branchée,12196,639,branchée
françoise,12197,639,françoise
consulte,12198,639,consulte
hernie,12199,639,hernie
équilibré,12200,639,équilibré
dysfonctionnement,12201,639,dysfonctionnement dysfonctionnements
occulte,12202,639,occulte occultes
hindou,12203,639,hindou hindous
craie,12204,638,craie
serait-elle,12205,638,serait-elle
rover,12206,638,rover
skywalker,12207,638,skywalker
traîneau,12208,638,traîneau
did,12209,638,did
into,12210,638,into
minuteur,12211,638,minuteur
démarrage,12212,638,démarrage
larson,12213,638,larson
fréquentation,12214,638,fréquentations fréquentation
persuasif,12215,638,persuasif persuasive
solennel,12216,638,solennel solennelle
crasher,12217,638,crashé crasher
mangue,12218,638,mangue mangues
abréger,12219,638,abréger abrège
cléopâtre,12220,637,cléopâtre
ham,12221,637,ham
densité,12222,637,densité
retardement,12223,637,retardement
encourageant,12224,637,encourageant
kenya,12225,637,kenya
garrison,12226,636,garrison
inquiete,12227,636,inquiete
occident,12228,636,occident
requis,12229,636,requis
peureux,12230,636,peureux peureuse
bureaucrate,12231,636,bureaucrates bureaucrate
tuberculose,12232,635,tuberculose
tori,12233,635,tori
ninjas,12234,635,ninjas
brighton,12235,635,brighton
romero,12236,635,romero
alphonse,12237,635,alphonse
andi,12238,635,andi
curieusement,12239,635,curieusement
sauterelle,12240,635,sauterelles sauterelle
dégainer,12241,635,dégainer dégainé dégainez
michele,12242,634,michele
ètait,12243,634,ètait
sergei,12244,634,sergei
galop,12245,633,galop
college,12246,633,college
roulante,12247,633,roulante
prentiss,12248,633,prentiss
nada,12249,633,nada
intolérable,12250,633,intolérable
secouriste,12251,633,secouriste secouristes
contemporain,12252,633,contemporain contemporaine contemporains
cylon,12253,632,cylon
asphyxie,12254,632,asphyxie
vandalisme,12255,632,vandalisme
elise,12256,631,elise
anonymat,12257,631,anonymat
snake,12258,631,snake
swanson,12259,631,swanson
shake,12260,631,shake
derby,12261,631,derby
taser,12262,631,taser
sobriété,12263,631,sobriété
jfk,12264,631,jfk
altercation,12265,631,altercation
allumage,12266,631,allumage
congo,12267,631,congo
fondue,12268,631,fondue
9e,12269,631,9e
concorde,12270,631,concorde
mi6,12271,631,mi6
carabine,12272,631,carabine carabines
instructif,12273,631,instructif instructive
poseur,12274,631,poseur poseurs
fong,12275,630,fong
arctique,12276,630,arctique
inn,12277,630,inn
ouvrait,12278,630,ouvrait
oakland,12279,630,oakland
conforme,12280,630,conforme
rejoignez-nous,12281,630,rejoignez-nous
hansen,12282,630,hansen
antarctique,12283,630,antarctique
discréditer,12284,630,discréditer discrédité
border,12285,630,border borde
indécent,12286,630,indécent indécente
tangible,12287,630,tangible tangibles
scarabée,12288,630,scarabée scarabées
traumatisant,12289,630,traumatisant traumatisante
jaser,12290,630,jaser jase
suspens,12291,629,suspens
c.i.a.,12292,629,c.i.a.
find,12293,629,find
réparateur,12294,629,réparateur
décolleté,12295,629,décolleté
suivez-nous,12296,629,suivez-nous
taquiner,12297,629,taquiner taquinais
incorrect,12298,629,incorrect incorrecte
forbes,12299,628,forbes
shiva,12300,628,shiva
novak,12301,628,novak
trixie,12302,628,trixie
bermudes,12303,628,bermudes
couronnement,12304,628,couronnement
trust,12305,628,trust
budapest,12306,628,budapest
neuro,12307,628,neuro
théoriquement,12308,628,théoriquement
twilight,12309,628,twilight
parle-t-il,12310,628,parle-t-il
chicken,12311,628,chicken
poirot,12312,628,poirot
désoler,12313,628,désole désoler
vengeur,12314,628,vengeur vengeurs
verbe,12315,628,verbe verbes
ponte,12316,628,ponte pontes
neiger,12317,628,neiger neigeait neigé
avisé,12318,627,avisé
au-dessous,12319,627,au-dessous
dublin,12320,627,dublin
jardinage,12321,627,jardinage
afro,12322,627,afro
lâcheté,12323,627,lâcheté
cartwright,12324,627,cartwright
matricule,12325,627,matricule
angelina,12326,627,angelina
amène-moi,12327,627,amène-moi
fichez-moi,12328,627,fichez-moi
viv,12329,627,viv
rhétorique,12330,627,rhétorique
lambeau,12331,627,lambeaux lambeau
rider,12332,627,rider ridé
éducatif,12333,627,éducatif éducative
fouler,12334,627,foulé fouler
budgétaire,12335,627,budgétaires budgétaire
tuile,12336,627,tuile tuiles
rouble,12337,626,roubles
bien.,12338,626,bien.
dominion,12339,626,dominion
stratagème,12340,626,stratagème stratagèmes
icône,12341,626,icône icônes
canalisation,12342,626,canalisations canalisation
druide,12343,626,druide druides
reculé,12344,625,reculé
que-,12345,625,que-
burrows,12346,625,burrows
soprano,12347,625,soprano
téléporteur,12348,625,téléporteur
tondeuse,12349,625,tondeuse
prévenant,12350,625,prévenant prévenante
fiancer,12351,625,fiancer fiance
galon,12352,625,galons galon
éprouvant,12353,625,éprouvant éprouvante
pastille,12354,625,pastilles pastille
puiser,12355,625,puiser puise puisé
fall,12356,624,fall
neurone,12357,624,neurones
point-là,12358,624,point-là
nouveau-mexique,12359,624,nouveau-mexique
détaillé,12360,624,détaillé
hong-kong,12361,624,hong-kong
narine,12362,624,narines narine
arménien,12363,624,arménien arméniens arménienne
cable,12364,623,cable
détection,12365,623,détection
moralement,12366,623,moralement
mu,12367,623,mu
body,12368,623,body
larkin,12369,623,larkin
oh-oh,12370,623,oh-oh
clifford,12371,623,clifford
lavande,12372,623,lavande
écrasant,12373,623,écrasante écrasant
andie,12374,622,andie
calcium,12375,622,calcium
dancing,12376,622,dancing
7ème,12377,622,7ème
pyromane,12378,622,pyromane pyromanes
fortuné,12379,622,fortuné fortunés fortunée
lys,12380,621,lys
quartier-maître,12381,621,quartier-maître
pensionnat,12382,621,pensionnat
génocide,12383,621,génocide
affaibli,12384,621,affaibli
kingsley,12385,621,kingsley
bono,12386,621,bono
marla,12387,621,marla
supergirl,12388,621,supergirl
syphilis,12389,621,syphilis
vista,12390,621,vista
metro,12391,621,metro
gnôle,12392,621,gnôle
briefer,12393,621,briefer briefé
diesel,12394,620,diesel
raja,12395,620,raja
sonja,12396,620,sonja
globule,12397,620,globules
conformément,12398,620,conformément
arturo,12399,620,arturo
navid,12400,620,navid
circulaire,12401,620,circulaire circulaires
déchirure,12402,620,déchirure déchirures
synonyme,12403,620,synonyme synonymes
collecteur,12404,620,collecteur collecteurs
conférer,12405,620,conférés confère conféré
colorer,12406,620,colorés colorée colorées
nous-même,12407,619,nous-même
numero,12408,619,numero
garza,12409,619,garza
bouseux,12410,619,bouseux
inséparable,12411,619,inséparables
mamma,12412,619,mamma
donnelly,12413,619,donnelly
couchage,12414,619,couchage
cullen,12415,619,cullen
chochotte,12416,619,chochotte
huang,12417,619,huang
mouille,12418,619,mouille
flasque,12419,619,flasque flasques
avant-poste,12420,619,avant-poste avant-postes
culinaire,12421,619,culinaire culinaires
bénéficiaire,12422,619,bénéficiaire bénéficiaires
pronostic,12423,619,pronostic pronostics
imposant,12424,619,imposant imposante
joon,12425,618,joon
shadow,12426,618,shadow
mumbai,12427,618,mumbai
21h,12428,618,21h
déterré,12429,618,déterré
lennon,12430,618,lennon
sors-le,12431,618,sors-le
accomplissement,12432,618,accomplissement accomplissements
cocon,12433,618,cocon cocons
nuptial,12434,618,nuptiale nuptial
uriner,12435,618,uriner uriné
oreillette,12436,618,oreillette oreillettes
rénover,12437,618,rénover rénové
aisselle,12438,618,aisselles aisselle
baffe,12439,618,baffe baffes
portoricain,12440,618,portoricain portoricains portoricaine
autrichien,12441,618,autrichien autrichiens autrichienne
phénix,12442,617,phénix
pacey,12443,617,pacey
démodé,12444,617,démodé
delgado,12445,617,delgado
porte-monnaie,12446,617,porte-monnaie
cerné,12447,617,cerné
gotta,12448,617,gotta
harnais,12449,617,harnais
aval,12450,617,aval
cliquetis,12451,617,cliquetis
par-ci,12452,617,par-ci
dina,12453,617,dina
nashville,12454,617,nashville
benji,12455,617,benji
barbant,12456,617,barbant barbante
furet,12457,617,furet furets
limace,12458,617,limace limaces
tanière,12459,616,tanière
claquette,12460,616,claquettes
marcie,12461,616,marcie
pègre,12462,616,pègre
fps,12463,616,fps
idee,12464,616,idee
derniére,12465,616,derniére
serieux,12466,616,serieux
coute,12467,616,coute
funk,12468,616,funk
shots,12469,616,shots
chronologie,12470,616,chronologie
vignoble,12471,616,vignoble vignobles
paver,12472,616,pavé pavés
éraflure,12473,616,éraflure éraflures
janie,12474,615,janie
sauvez-vous,12475,615,sauvez-vous
intitulé,12476,615,intitulé
jameson,12477,615,jameson
marlene,12478,615,marlene
césarienne,12479,615,césarienne
myra,12480,615,myra
intersection,12481,615,intersection
agissant,12482,615,agissant
hour,12483,615,hour
monture,12484,615,monture montures
crissement,12485,615,crissement crissements
disculper,12486,615,disculper disculpé
ensanglanter,12487,615,ensanglanté ensanglantée ensanglantés
kendra,12488,614,kendra
récital,12489,614,récital
cheng,12490,614,cheng
than,12491,614,than
suzy,12492,614,suzy
muriel,12493,614,muriel
ebay,12494,614,ebay
décapotable,12495,614,décapotable
momo,12496,614,momo
permets-moi,12497,614,permets-moi
callahan,12498,614,callahan
traqueur,12499,614,traqueur traqueurs
archéologue,12500,614,archéologue archéologues
spasme,12501,614,spasmes spasme
éleveur,12502,614,éleveur éleveurs
intensifier,12503,614,intensifie intensifier intensifié
voudrait-il,12504,613,voudrait-il
volt,12505,613,volts
indifférence,12506,613,indifférence
officieusement,12507,613,officieusement
symphonie,12508,613,symphonie
penn,12509,613,penn
ravoir,12510,613,ravoir
wilcox,12511,613,wilcox
dudley,12512,613,dudley
memorial,12513,613,memorial
lew,12514,613,lew
preneur,12515,613,preneur preneurs
compatissant,12516,613,compatissant compatissante
cône,12517,613,cône cônes
mixer,12518,613,mixer mixe mixé
gout,12519,612,gout
noé,12520,612,noé
méprisable,12521,612,méprisable
reg,12522,612,reg
exam,12523,612,exam
louée,12524,612,louée
crade,12525,612,crade crades
gradé,12526,612,gradé gradés
tulipe,12527,612,tulipes tulipe
prospérer,12528,612,prospérer prospères prospéré
glauque,12529,611,glauque
régale,12530,611,régale
retournez-vous,12531,611,retournez-vous
exclusivement,12532,611,exclusivement
foley,12533,611,foley
titrer,12534,611,titra
emprisonnement,12535,611,emprisonnement
débauche,12536,611,débauche
paon,12537,611,paon paons
roumain,12538,611,roumain roumains roumaine
sage-femme,12539,610,sage-femme
confesse,12540,610,confesse
éminence,12541,610,éminence
ouvre-la,12542,610,ouvre-la
gunnar,12543,610,gunnar
donnez-leur,12544,610,donnez-leur
leonardo,12545,610,leonardo
malloy,12546,610,malloy
rigolade,12547,610,rigolade
planétaire,12548,610,planétaire planétaires
modérer,12549,610,modéré modérés modérée modérer
catalina,12550,609,catalina
réfléchissez-y,12551,609,réfléchissez-y
padre,12552,609,padre
bienfaisance,12553,609,bienfaisance
waldorf,12554,609,waldorf
dictature,12555,609,dictature
cosmo,12556,609,cosmo
enfantin,12557,609,enfantin enfantine
décaler,12558,609,décalé décaler décale
malmener,12559,609,malmener malmené malmenée
rétro,12560,608,rétro
rygel,12561,608,rygel
téléspectateur,12562,608,téléspectateurs
rolling,12563,608,rolling
propice,12564,608,propice
cocotte,12565,608,cocotte
enlève-le,12566,608,enlève-le
pff,12567,608,pff
couchette,12568,608,couchette couchettes
tract,12569,608,tracts tract
interaction,12570,608,interaction interactions
courtiser,12571,608,courtiser courtise courtisée
accablant,12572,608,accablant accablantes accablante
bambi,12573,607,bambi
coiffeuse,12574,607,coiffeuse
raceman,12575,607,raceman
kms,12576,607,kms
elles-mêmes,12577,607,elles-mêmes
rugby,12578,607,rugby
agatha,12579,607,agatha
fixation,12580,607,fixation
érable,12581,607,érable
méfait,12582,607,méfaits méfait
contre-attaquer,12583,607,contre-attaque contre-attaquer
valider,12584,607,valider validé
puberté,12585,606,puberté
armand,12586,606,armand
bâche,12587,606,bâche
drain,12588,606,drain
kiffe,12589,606,kiffe
plutonium,12590,606,plutonium
vasquez,12591,606,vasquez
présentable,12592,606,présentable
adjudant,12593,606,adjudant
tahiti,12594,606,tahiti
déshonneur,12595,606,déshonneur
intentionnel,12596,606,intentionnel intentionnelle
milligramme,12597,606,milligrammes milligramme
idéaliste,12598,606,idéaliste idéalistes
léa,12599,605,léa
justesse,12600,605,justesse
conner,12601,605,conner
cornell,12602,605,cornell
poole,12603,605,poole
cadence,12604,605,cadence
tabou,12605,605,tabou tabous
sonder,12606,605,sonder sondé
mormon,12607,605,mormons mormon
embêtant,12608,604,embêtant
touchdown,12609,604,touchdown
sato,12610,604,sato
androméda,12611,604,androméda
agace,12612,604,agace
winslow,12613,604,winslow
rin,12614,604,rin
soufre,12615,604,soufre
liverpool,12616,604,liverpool
cortège,12617,604,cortège
grincement,12618,604,grincement grincements
buveur,12619,604,buveur buveurs
superflu,12620,604,superflu superflue superflus
orchestrer,12621,604,orchestré orchestra orchestrer
explique-toi,12622,603,explique-toi
envolée,12623,603,envolée
mobilier,12624,603,mobilier
wook,12625,603,wook
annabelle,12626,603,annabelle
déficit,12627,603,déficit
gaga,12628,603,gaga
steel,12629,603,steel
corp,12630,603,corp
bellamy,12631,603,bellamy
piece,12632,603,piece
imbattable,12633,603,imbattable imbattables
mime,12634,603,mime mimes
séparatiste,12635,603,séparatistes séparatiste
chimère,12636,603,chimère chimères
smiley,12637,602,smiley
mûres,12638,602,mûres
récréation,12639,602,récréation
sénile,12640,602,sénile
ryo,12641,602,ryo
abstinence,12642,602,abstinence
hussein,12643,602,hussein
etj',12644,602,etj'
forger,12645,602,forger forgée
guêpe,12646,602,guêpe guêpes
shampooing,12647,601,shampooing
boulanger,12648,601,boulanger
bagel,12649,601,bagel
tonic,12650,601,tonic
municipale,12651,601,municipale
encaisse,12652,601,encaisse
épinard,12653,601,épinards
transcription,12654,601,transcription transcriptions
délier,12655,601,délia délier
fauve,12656,601,fauve fauves
quille,12657,601,quilles quille
défigurer,12658,601,défiguré défigurée défigurer
leave,12659,600,leave
barrow,12660,600,barrow
blasphème,12661,600,blasphème
buy,12662,600,buy
op,12663,600,op
sagement,12664,600,sagement
patti,12665,600,patti
enclos,12666,600,enclos
braque,12667,600,braque
mildred,12668,600,mildred
cloud,12669,600,cloud
piéton,12670,600,piétons piéton
prenez-les,12671,599,prenez-les
yves,12672,599,yves
jp,12673,599,jp
levi,12674,599,levi
beatrice,12675,599,beatrice
erika,12676,599,erika
rocheux,12677,599,rocheuses rocheux rocheuse
consentant,12678,599,consentante consentants consentant
paraitre,12679,598,paraitre
i1,12680,598,i1
marisa,12681,598,marisa
bloody,12682,598,bloody
calamar,12683,598,calamar calamars
opter,12684,598,opté opter opte
enlève-moi,12685,597,enlève-moi
cocu,12686,597,cocu
sands,12687,597,sands
risée,12688,597,risée
wilhelmina,12689,597,wilhelmina
aziz,12690,597,aziz
arkansas,12691,597,arkansas
berceuse,12692,597,berceuse berceuses
ballerine,12693,597,ballerine ballerines
pompon,12694,597,pompon pompons
filature,12695,596,filature
embrouillé,12696,596,embrouillé
excrément,12697,596,excréments
ringo,12698,596,ringo
cannon,12699,596,cannon
irréfutable,12700,596,irréfutable irréfutables
dégommer,12701,596,dégommer dégomme dégommé
cedric,12702,595,cedric
lisbonne,12703,595,lisbonne
bourgeoise,12704,595,bourgeoise
narrateur,12705,595,narrateur
ay,12706,595,ay
voudrais-je,12707,595,voudrais-je
moretti,12708,595,moretti
camilla,12709,595,camilla
compte-rendu,12710,595,compte-rendu
cinéaste,12711,595,cinéaste cinéastes
pepe,12712,594,pepe
mount,12713,594,mount
épuisement,12714,594,épuisement
clavicule,12715,594,clavicule
uncut,12716,594,uncut
palestine,12717,594,palestine
mortalité,12718,594,mortalité
causant,12719,594,causant
munch,12720,594,munch
ju,12721,594,ju
paf,12722,594,paf
sergio,12723,594,sergio
matin-là,12724,594,matin-là
inondé,12725,594,inondé
usurier,12726,594,usurier usuriers
squatter,12727,594,squatter squatte
calomnie,12728,594,calomnie calomnies
tombeur,12729,593,tombeur
neela,12730,593,neela
truc-là,12731,593,truc-là
télépathie,12732,593,télépathie
pudeur,12733,593,pudeur
autodestruction,12734,593,autodestruction
cafetière,12735,593,cafetière
ré,12736,593,ré
esteban,12737,593,esteban
ressaisir,12738,593,ressaisir
diffamation,12739,593,diffamation
malchanceux,12740,593,malchanceux malchanceuse
épris,12741,593,épris éprise
compromettant,12742,593,compromettant compromettantes compromettante
truie,12743,592,truie
odorat,12744,592,odorat
grognon,12745,592,grognon
garfield,12746,592,garfield
hareng,12747,592,hareng harengs
sacrement,12748,592,sacrement sacrements
apôtre,12749,592,apôtres apôtre
immaculé,12750,592,immaculée immaculé immaculés
ukrainien,12751,592,ukrainien ukrainiens ukrainienne
gratin,12752,591,gratin
tiède,12753,591,tiède
demandez-moi,12754,591,demandez-moi
natalia,12755,591,natalia
loulou,12756,591,loulou
rouille,12757,591,rouille
britta,12758,591,britta
débit,12759,591,débit
flair,12760,591,flair
croisée,12761,591,croisée
tibia,12762,591,tibia tibias
jongler,12763,591,jongler jongle
métis,12764,591,métis métisse
rancunier,12765,591,rancunier rancunière
moulant,12766,591,moulant moulants moulante
théâtral,12767,591,théâtral théâtrale
helga,12768,590,helga
turn,12769,590,turn
nellie,12770,590,nellie
houdini,12771,590,houdini
tucson,12772,590,tucson
goliath,12773,590,goliath
semble-t-il,12774,590,semble-t-il
divinité,12775,590,divinité divinités
pillage,12776,590,pillage pillages
impartial,12777,590,impartial impartiale
juriste,12778,590,juriste juristes
endosser,12779,590,endosser endossé endosse
endetter,12780,590,endetté endettés endettée
intituler,12781,590,intitule intitulée
thelma,12782,589,thelma
mackey,12783,589,mackey
séquencer,12784,589,séquences
gertrude,12785,589,gertrude
lexie,12786,589,lexie
diamètre,12787,589,diamètre
répercussion,12788,589,répercussions
fast,12789,589,fast
tuck,12790,589,tuck
omaha,12791,589,omaha
formuler,12792,589,formuler formulé
mammifère,12793,589,mammifères mammifère
donne-m',12794,588,donne-m'
tijuana,12795,588,tijuana
nudité,12796,588,nudité
rourke,12797,588,rourke
blanchiment,12798,588,blanchiment
sherwood,12799,588,sherwood
fumant,12800,588,fumant fumante
babiole,12801,588,babioles babiole
rempart,12802,588,remparts rempart
dédicacer,12803,588,dédicacer dédicacé dédicacée
werner,12804,587,werner
percée,12805,587,percée
beau-fils,12806,587,beau-fils
galilée,12807,587,galilée
sunshine,12808,587,sunshine
metropolis,12809,587,metropolis
préfecture,12810,587,préfecture
shogun,12811,587,shogun
amputer,12812,587,amputer amputée
attrister,12813,587,attriste attristé
aspirant,12814,587,aspirant aspirants
prémonition,12815,587,prémonition prémonitions
balais,12816,586,balais
murdoch,12817,586,murdoch
paisiblement,12818,586,paisiblement
dirty,12819,586,dirty
maddox,12820,586,maddox
edwin,12821,586,edwin
nibard,12822,586,nibards
géographie,12823,586,géographie
minet,12824,586,minet minettes
blanche-neige,12825,585,blanche-neige
angelica,12826,585,angelica
mortimer,12827,585,mortimer
haïti,12828,585,haïti
key,12829,585,key
katia,12830,585,katia
hand,12831,585,hand
palier,12832,585,palier
richardson,12833,585,richardson
diffus,12834,585,diffuse
monologue,12835,585,monologue monologues
reprogrammer,12836,585,reprogrammer reprogrammé
référer,12837,585,référer réfère
tendon,12838,585,tendons tendon
rétrécir,12839,585,rétrécir rétrécit
amasser,12840,585,amassé amasser amasse
santana,12841,584,santana
cidre,12842,584,cidre
norfolk,12843,584,norfolk
conor,12844,584,conor
aprês,12845,584,aprês
lilith,12846,584,lilith
défini,12847,584,défini
gillian,12848,584,gillian
ramos,12849,584,ramos
distribué,12850,584,distribué
paralysé,12851,584,paralysée
maitresse,12852,584,maitresse
nachos,12853,584,nachos
échappement,12854,584,échappement
quo,12855,584,quo
donnez-le,12856,584,donnez-le
cordelia,12857,584,cordelia
crasseux,12858,584,crasseux crasseuse
savoureux,12859,584,savoureux savoureuse
gazer,12860,584,gaza gazer
colonial,12861,584,colonial coloniale
heller,12862,583,heller
copilote,12863,583,copilote
lubrifiant,12864,583,lubrifiant
égo,12865,583,égo
starling,12866,583,starling
harm,12867,583,harm
cuistot,12868,583,cuistot
coopérative,12869,583,coopérative
talyn,12870,583,talyn
markus,12871,583,markus
nationalité,12872,583,nationalité
atf,12873,583,atf
alléger,12874,583,alléger allégée
habillez-vous,12875,582,habillez-vous
nerd,12876,582,nerd
abdul,12877,582,abdul
j-je,12878,582,j-je
coalition,12879,582,coalition
parks,12880,582,parks
bertha,12881,582,bertha
aorte,12882,582,aorte
verbal,12883,582,verbal verbale
brocoli,12884,582,brocolis brocoli
jillian,12885,581,jillian
conteste,12886,581,conteste
donnez-le-moi,12887,581,donnez-le-moi
ewing,12888,581,ewing
au-revoir,12889,581,au-revoir
charmeur,12890,581,charmeur
notoire,12891,581,notoire notoires
muraille,12892,581,muraille murailles
ovaire,12893,581,ovaires ovaire
aspiré,12894,580,aspiré
alfie,12895,580,alfie
compton,12896,580,compton
rollins,12897,580,rollins
dinah,12898,580,dinah
selma,12899,580,selma
épaisseur,12900,580,épaisseur
faye,12901,580,faye
fei,12902,580,fei
pas.,12903,580,pas.
processeur,12904,580,processeur processeurs
dramatiser,12905,580,dramatiser dramatises dramatise
pip,12906,579,pip
attrapez-les,12907,579,attrapez-les
recyclage,12908,579,recyclage
seung,12909,579,seung
grimer,12910,579,grimes
vasculaire,12911,579,vasculaire vasculaires
questionnaire,12912,579,questionnaire questionnaires
majestueux,12913,579,majestueux majestueuse
gravir,12914,579,gravir gravi
agripper,12915,579,agripper agrippe agrippé agrippa
fraîchement,12916,578,fraîchement
cupidon,12917,578,cupidon
darby,12918,578,darby
fugué,12919,578,fugué
brouillé,12920,578,brouillé
ecris,12921,578,ecris
etaient,12922,578,etaient
éprouvé,12923,578,éprouvé
grouillez-vous,12924,578,grouillez-vous
geronimo,12925,578,geronimo
bigfoot,12926,578,bigfoot
voué,12927,578,voué
grincer,12928,578,grince grincer
perse,12929,578,perse perses
perfectionner,12930,578,perfectionner perfectionné
rétracter,12931,578,rétracter rétracte rétracté
appendicite,12932,577,appendicite
inutilement,12933,577,inutilement
héréditaire,12934,577,héréditaire
épargne-moi,12935,577,épargne-moi
singer,12936,577,singer
caches-tu,12937,577,caches-tu
jusqu,12938,577,jusqu
transit,12939,577,transit
talia,12940,577,talia
issu,12941,577,issu
enlevez-moi,12942,577,enlevez-moi
robertson,12943,577,robertson
impératif,12944,577,impératif
destroyer,12945,577,destroyer destroyers
contrebandier,12946,577,contrebandiers contrebandier
oppression,12947,576,oppression
spider-man,12948,576,spider-man
arrête-le,12949,576,arrête-le
twist,12950,576,twist
vlad,12951,576,vlad
niki,12952,576,niki
repli,12953,576,repli
guimauve,12954,576,guimauve guimauves
mckinley,12955,575,mckinley
alcoolisme,12956,575,alcoolisme
avalanche,12957,575,avalanche
mâche,12958,575,mâche
corvette,12959,575,corvette
demeuré,12960,575,demeuré
volaille,12961,575,volaille volailles
indécis,12962,575,indécis indécise
éphémère,12963,575,éphémère éphémères
mortuaire,12964,575,mortuaire mortuaires
bienfait,12965,575,bienfaits bienfait
exhiber,12966,575,exhiber exhibe
revendeur,12967,575,revendeur revendeurs
resservir,12968,575,ressers resservir
malfaisant,12969,575,malfaisant malfaisants malfaisante
gicler,12970,575,gicler gicle giclé
mentalité,12971,574,mentalité
réhabilitation,12972,574,réhabilitation
braun,12973,574,braun
préméditation,12974,574,préméditation
hemingway,12975,574,hemingway
coupant,12976,574,coupant
préjudice,12977,574,préjudice
scofield,12978,574,scofield
écologique,12979,574,écologique écologiques
asticot,12980,574,asticots asticot
wilma,12981,573,wilma
hongrie,12982,573,hongrie
chaplin,12983,573,chaplin
water,12984,573,water
before,12985,573,before
sauve-moi,12986,573,sauve-moi
supplice,12987,573,supplice
pseudonyme,12988,573,pseudonyme pseudonymes
classeur,12989,573,classeur classeurs
incantation,12990,573,incantation incantations
météore,12991,573,météore météores
émerger,12992,573,émerge émerger
compote,12993,572,compote
coiffe,12994,572,coiffe
appelle-t-elle,12995,572,appelle-t-elle
nelly,12996,572,nelly
merrick,12997,572,merrick
remorque,12998,572,remorque
comprimé,12999,572,comprimé
enveloppé,13000,572,enveloppé
donut,13001,572,donut
mussolini,13002,572,mussolini
oil,13003,572,oil
dissimulé,13004,572,dissimulé
décompresser,13005,572,décompresser décompresse
perforer,13006,572,perforé perforer
affranchir,13007,572,affranchis affranchi affranchir
jd,13008,571,jd
laissons-les,13009,571,laissons-les
spider,13010,571,spider
paradoxe,13011,571,paradoxe
réincarnation,13012,571,réincarnation
chaotique,13013,571,chaotique chaotiques
piquet,13014,571,piquet piquets
débrouillez-vous,13015,570,débrouillez-vous
fuyant,13016,570,fuyant
destiny,13017,570,destiny
devrais-tu,13018,570,devrais-tu
mutuel,13019,570,mutuel
fitch,13020,570,fitch
very,13021,570,very
elton,13022,570,elton
ambrose,13023,570,ambrose
véreux,13024,570,véreux
pauser,13025,570,pauses
appliqué,13026,570,appliqué
méchamment,13027,570,méchamment
foetus,13028,570,foetus
bajor,13029,570,bajor
fourche,13030,570,fourche fourches
atténuer,13031,570,atténuer atténue
somptueux,13032,570,somptueux somptueuse
croître,13033,570,crû croître
kalinda,13034,569,kalinda
appele,13035,569,appele
lsd,13036,569,lsd
janeway,13037,569,janeway
connaissiez-vous,13038,569,connaissiez-vous
adverse,13039,569,adverse
till,13040,569,till
hydraulique,13041,569,hydraulique hydrauliques
flexible,13042,569,flexible flexibles
lutteur,13043,569,lutteur lutteurs
cupide,13044,569,cupide cupides
constellation,13045,569,constellation constellations
mollet,13046,569,mollets mollet
mage,13047,569,mages mage
endurcir,13048,569,endurcir endurcis endurcie
potence,13049,568,potence
kaplan,13050,568,kaplan
ps,13051,568,ps
cheung,13052,568,cheung
gâchée,13053,568,gâchée
joignez-vous,13054,568,joignez-vous
cruise,13055,568,cruise
perpétuel,13056,568,perpétuel perpétuelle
olsen,13057,567,olsen
antre,13058,567,antre
enflure,13059,567,enflure
fischer,13060,567,fischer
ème,13061,567,ème
kristina,13062,567,kristina
bess,13063,566,bess
bluebell,13064,566,bluebell
trainée,13065,566,trainée
kelsey,13066,566,kelsey
capone,13067,566,capone
borg,13068,566,borg
ame,13069,566,ame
sharp,13070,566,sharp
gu,13071,566,gu
hampton,13072,566,hampton
convulsion,13073,566,convulsions
écoutille,13074,566,écoutille écoutilles
malveillant,13075,566,malveillant malveillante malveillants
plomber,13076,566,plombes plomber plombé
charlene,13077,565,charlene
pû,13078,565,pû
python,13079,565,python
flanders,13080,565,flanders
fondamentalement,13081,565,fondamentalement
eye,13082,565,eye
apogée,13083,565,apogée
augure,13084,565,augure
vaniteux,13085,565,vaniteux vaniteuse
triplé,13086,565,triplé triplés
vaginal,13087,565,vaginal vaginale vaginales
négociable,13088,564,négociable
ch,13089,564,ch
bradshaw,13090,564,bradshaw
baston,13091,564,baston
nostalgique,13092,564,nostalgique
délicatesse,13093,564,délicatesse
adios,13094,564,adios
today,13095,564,today
tendrement,13096,564,tendrement
fly,13097,564,fly
oral,13098,564,oral
management,13099,564,management
sim,13100,564,sim
irréel,13101,564,irréel irréelle
fourbe,13102,564,fourbe fourbes
béret,13103,564,béret bérets
manette,13104,564,manette manettes
norvégien,13105,564,norvégien norvégiens
mégot,13106,564,mégots mégot
intraveineuse,13107,563,intraveineuse
remets-toi,13108,563,remets-toi
wilde,13109,563,wilde
rainbow,13110,563,rainbow
cinquantaine,13111,563,cinquantaine
theodore,13112,563,theodore
lolo,13113,563,lolos lolo
fouineur,13114,563,fouineur fouineuse fouineurs
strange,13115,562,strange
single,13116,562,single
attachement,13117,562,attachement
tariq,13118,562,tariq
pénétration,13119,562,pénétration
jeanie,13120,562,jeanie
isis,13121,562,isis
alcoolo,13122,562,alcoolo alcoolos
minimiser,13123,562,minimiser minimise
rustre,13124,562,rustre rustres
congédier,13125,562,congédié congédier
contretemps,13126,561,contretemps
convalescence,13127,561,convalescence
sociable,13128,561,sociable
parleur,13129,561,parleur
edmond,13130,561,edmond
avidité,13131,561,avidité
maxime,13132,561,maxime
scene,13133,561,scene
bourdonnement,13134,561,bourdonnement
jimbo,13135,561,jimbo
oasis,13136,561,oasis
bolton,13137,561,bolton
wesen,13138,561,wesen
proposez-vous,13139,561,proposez-vous
fendu,13140,561,fendu fendue
flasher,13141,561,flashé flasher flashe
démener,13142,561,démène démener démené
mccall,13143,560,mccall
rhinocéros,13144,560,rhinocéros
séparons-nous,13145,560,séparons-nous
luxure,13146,560,luxure
cromwell,13147,560,cromwell
gainer,13148,560,gaines
cochran,13149,560,cochran
révolu,13150,560,révolu révolue
holocauste,13151,559,holocauste
héroïsme,13152,559,héroïsme
barjo,13153,559,barjo barjos
inefficace,13154,559,inefficace inefficaces
immortelle,13155,558,immortelle
refroidissement,13156,558,refroidissement
days,13157,558,days
honolulu,13158,558,honolulu
recharge,13159,558,recharge
immigrer,13160,558,immigrés
dégoûté,13161,558,dégoûté
méfiance,13162,558,méfiance
lan,13163,558,lan
sound,13164,558,sound
tampa,13165,558,tampa
chorégraphie,13166,558,chorégraphie
bipolaire,13167,558,bipolaire bipolaires
méticuleux,13168,558,méticuleux méticuleuse
déchiqueter,13169,558,déchiqueter déchiquetés déchiquetée
dustin,13170,557,dustin
taquin,13171,557,taquine
hernandez,13172,557,hernandez
accordez-moi,13173,557,accordez-moi
devrait-il,13174,557,devrait-il
didi,13175,557,didi
petey,13176,557,petey
aide-le,13177,557,aide-le
ursula,13178,557,ursula
wan,13179,557,wan
terri,13180,557,terri
vomissement,13181,557,vomissements vomissement
adoucir,13182,557,adoucir adoucit
piston,13183,557,piston pistons
hurley,13184,556,hurley
goudron,13185,556,goudron
carat,13186,556,carats
sven,13187,556,sven
delphine,13188,556,delphine
marlon,13189,556,marlon
dunbar,13190,556,dunbar
alone,13191,556,alone
embobiner,13192,556,embobiner embobiné
redoubler,13193,556,redoubler redoublé
expérimentation,13194,556,expérimentation expérimentations
minime,13195,556,minime minimes
profiler,13196,556,profile profiler
iraq,13197,555,iraq
magda,13198,555,magda
linden,13199,555,linden
prive,13200,555,prive
leeds,13201,555,leeds
hailey,13202,555,hailey
bélier,13203,555,bélier
cnn,13204,555,cnn
tot,13205,555,tot
trina,13206,555,trina
grouper,13207,555,groupés
rj,13208,555,rj
gradin,13209,554,gradins
stéréo,13210,554,stéréo
hyperespace,13211,554,hyperespace
nathaniel,13212,554,nathaniel
oublie-le,13213,554,oublie-le
thad,13214,554,thad
crockett,13215,554,crockett
hiroshi,13216,554,hiroshi
isolation,13217,554,isolation
haineux,13218,554,haineux
réanimer,13219,554,réanimer réanimé
comestible,13220,554,comestible comestibles
fourneau,13221,554,fourneau fourneaux
harding,13222,553,harding
visée,13223,553,visée
parenté,13224,553,parenté
tôle,13225,553,tôle
s.v.p.,13226,553,s.v.p.
bev,13227,553,bev
bungalow,13228,553,bungalow
rebord,13229,553,rebord
disent-ils,13230,553,disent-ils
leu,13231,553,lei leu
enregistreur,13232,553,enregistreur enregistreuse
gastrique,13233,553,gastrique gastriques
accroître,13234,553,accroître accroît
péquenaud,13235,553,péquenaud péquenauds
poussette,13236,552,poussette
miséricordieux,13237,552,miséricordieux
westen,13238,552,westen
rescousse,13239,552,rescousse
gendarme,13240,552,gendarme
cottage,13241,552,cottage
cachemire,13242,552,cachemire
macbeth,13243,552,macbeth
passez-le-moi,13244,552,passez-le-moi
hélicos,13245,552,hélicos
piquée,13246,552,piquée
électrochoc,13247,552,électrochocs électrochoc
ravioli,13248,552,raviolis ravioli
agile,13249,552,agile agiles
12e,13250,551,12e
erre,13251,551,erre
tatiana,13252,551,tatiana
pessimiste,13253,551,pessimiste
cbi,13254,551,cbi
vogel,13255,551,vogel
poe,13256,551,poe
intérim,13257,551,intérim
yoda,13258,551,yoda
récré,13259,551,récré
irrespectueux,13260,551,irrespectueux
potin,13261,551,potins
berk,13262,551,berk
pancréas,13263,551,pancréas
midwest,13264,551,midwest
impuissance,13265,551,impuissance
lingot,13266,551,lingots lingot
bricoler,13267,551,bricoler bricolé
trique,13268,550,trique
etoile,13269,550,etoile
sauvagement,13270,550,sauvagement
préavis,13271,550,préavis
désamorcer,13272,550,désamorcer
gardez-la,13273,550,gardez-la
pâtée,13274,550,pâtée
hoo,13275,550,hoo
driscoll,13276,550,driscoll
inc,13277,550,inc
thatcher,13278,550,thatcher
amnésique,13279,550,amnésique
l.a,13280,550,l.a
dring,13281,550,dring
faussaire,13282,550,faussaire faussaires
prouesse,13283,550,prouesses prouesse
ctu,13284,549,ctu
reuben,13285,549,reuben
roumanie,13286,549,roumanie
sensei,13287,549,sensei
curly,13288,549,curly
blabla,13289,549,blabla
serial,13290,549,serial
zelda,13291,549,zelda
patinoire,13292,549,patinoire
rectifier,13293,549,rectifier rectifié
ethnique,13294,549,ethnique ethniques
cm2,13295,548,cm2
gingembre,13296,548,gingembre
frêre,13297,548,frêre
kovac,13298,548,kovac
colomb,13299,548,colomb
timbrer,13300,548,timbré timbrés
rafraîchissant,13301,548,rafraîchissant rafraîchissante
étriper,13302,548,étriper étripe
aviateur,13303,548,aviateur aviateurs
persévérer,13304,548,persévérer persévère persévéré
convoiter,13305,548,convoite convoité convoiter
testostérone,13306,547,testostérone
importuner,13307,547,importuner
algèbre,13308,547,algèbre
louisa,13309,547,louisa
sg-1,13310,547,sg-1
oooh,13311,547,oooh
joanie,13312,547,joanie
warwick,13313,547,warwick
périlleux,13314,547,périlleux périlleuse
habitat,13315,546,habitat
finesse,13316,546,finesse
borgia,13317,546,borgia
krishna,13318,546,krishna
arjun,13319,546,arjun
a.d.n.,13320,546,a.d.n.
bohort,13321,546,bohort
bubba,13322,546,bubba
connection,13323,546,connection
lassiter,13324,546,lassiter
rica,13325,546,rica
tag,13326,546,tag
contentez-vous,13327,546,contentez-vous
écolo,13328,546,écolo écolos
obsolète,13329,546,obsolète obsolètes
bercail,13330,545,bercail
gibbon,13331,545,gibbons
war,13332,545,war
kryptonite,13333,545,kryptonite
casper,13334,545,casper
approchant,13335,545,approchant
latex,13336,545,latex
walk,13337,545,walk
cardio,13338,545,cardio
spears,13339,545,spears
parvati,13340,545,parvati
hare,13341,545,hare
morpion,13342,545,morpions morpion
inouï,13343,545,inouï inouïe
aristocrate,13344,545,aristocrate aristocrates
tolérant,13345,545,tolérant tolérante tolérants
gianni,13346,544,gianni
casanova,13347,544,casanova
dandy,13348,544,dandy
ouep,13349,544,ouep
ouch,13350,544,ouch
devez-vous,13351,544,devez-vous
conversion,13352,544,conversion
dominant,13353,544,dominant
davenport,13354,544,davenport
b0,13355,544,b0
lis-le,13356,544,lis-le
parjure,13357,544,parjure
cotton,13358,544,cotton
regorger,13359,544,regorge regorgent
conquérant,13360,544,conquérant conquérants
câliner,13361,544,câliner câline
asher,13362,543,asher
envol,13363,543,envol
bronson,13364,543,bronson
navigateur,13365,543,navigateur
savent-ils,13366,543,savent-ils
raquel,13367,543,raquel
somnambule,13368,543,somnambule
swift,13369,543,swift
langston,13370,543,langston
weir,13371,543,weir
georgetown,13372,543,georgetown
reddition,13373,543,reddition
patriotique,13374,543,patriotique patriotiques
flambeau,13375,543,flambeau flambeaux
ecchymose,13376,543,ecchymoses ecchymose
disciplinaire,13377,543,disciplinaire disciplinaires
agriculteur,13378,543,agriculteurs agriculteur
scier,13379,543,scié scier
artisanal,13380,543,artisanale artisanal artisanales
sexiste,13381,542,sexiste
aang,13382,542,aang
anubis,13383,542,anubis
ovale,13384,542,ovale
smash,13385,542,smash
consommé,13386,542,consommé
ras-le-bol,13387,542,ras-le-bol
mayer,13388,542,mayer
arcade,13389,542,arcade arcades
digue,13390,542,digue digues
fresque,13391,542,fresque fresques
bulldozer,13392,542,bulldozer bulldozers
entraver,13393,542,entraver entraves
ori,13394,541,ori
arlo,13395,541,arlo
coordination,13396,541,coordination
señorita,13397,541,señorita
u.s.a.,13398,541,u.s.a.
bash,13399,541,bash
disparait,13400,541,disparait
ab,13401,541,ab
civière,13402,541,civière
rimmer,13403,541,rimmer
rolls,13404,541,rolls
hendrix,13405,541,hendrix
boursier,13406,541,boursier boursière boursiers
mondain,13407,541,mondaine mondain
gogo,13408,540,gogo
joss,13409,540,joss
priscilla,13410,540,priscilla
mouse,13411,540,mouse
berta,13412,540,berta
prouvez-le,13413,540,prouvez-le
angélique,13414,540,angélique
préventif,13415,540,préventive
supériorité,13416,540,supériorité
bascule,13417,540,bascule
poulailler,13418,540,poulailler
fémur,13419,540,fémur
turbo,13420,540,turbo
hook,13421,540,hook
trouvaille,13422,540,trouvaille trouvailles
repoussant,13423,540,repoussant repoussante
betterave,13424,540,betteraves betterave
inhaler,13425,540,inhalé inhaler inhale
imprégner,13426,540,imprégné imprégner imprègne
sanjay,13427,539,sanjay
mitsuko,13428,539,mitsuko
posez-le,13429,539,posez-le
joliment,13430,539,joliment
muscu,13431,539,muscu
viêt-nam,13432,539,viêt-nam
nébuleuse,13433,539,nébuleuse
débarrassez-vous,13434,539,débarrassez-vous
recoller,13435,539,recoller
robby,13436,539,robby
quincy,13437,539,quincy
cathéter,13438,539,cathéter
greffier,13439,539,greffier
hs,13440,539,hs
mcqueen,13441,539,mcqueen
baise-moi,13442,539,baise-moi
terne,13443,539,terne ternes
intimidant,13444,539,intimidant intimidante
prodigieux,13445,539,prodigieux prodigieuse
acre,13446,539,acres acre
babouin,13447,539,babouin babouins
assaillant,13448,539,assaillant assaillants
bit,13449,539,bit bits
visualiser,13450,539,visualiser visualise
marmonner,13451,539,marmonne marmonner marmonnes
everybody,13452,538,everybody
recouvre,13453,538,recouvre
pénicilline,13454,538,pénicilline
brulé,13455,538,brulé
scientologie,13456,538,scientologie
reve,13457,538,reve
nemo,13458,538,nemo
hiroshima,13459,538,hiroshima
patriotisme,13460,538,patriotisme
virgule,13461,538,virgule
aura-t-il,13462,538,aura-t-il
magner,13463,538,magne magner
postérieur,13464,538,postérieur postérieure
wen,13465,537,wen
pare-feu,13466,537,pare-feu
corbeille,13467,537,corbeille
berline,13468,537,berline
en-cas,13469,537,en-cas
voûte,13470,537,voûte
lave-vaisselle,13471,537,lave-vaisselle
bro,13472,537,bro
bawk,13473,537,bawk
ouvrez-le,13474,537,ouvrez-le
borné,13475,537,borné
alejandro,13476,537,alejandro
nassau,13477,537,nassau
désapprouver,13478,537,désapprouve désapprouvez
couette,13479,537,couette couettes
plumer,13480,537,plumer plumé
macchabée,13481,537,macchabée macchabées
conspirer,13482,537,conspiré conspirer conspire
façonner,13483,537,façonner façonné façonne
râle,13484,536,râle
interception,13485,536,interception
saignant,13486,536,saignant
ramène-toi,13487,536,ramène-toi
espérons-le,13488,536,espérons-le
cassius,13489,536,cassius
fs72,13490,536,fs72
tapage,13491,536,tapage
whit,13492,536,whit
appendice,13493,536,appendice
avancement,13494,536,avancement
vison,13495,536,vison
phelps,13496,536,phelps
encyclopédie,13497,536,encyclopédie encyclopédies
frange,13498,536,frange franges
déceler,13499,536,déceler décelé décèle
espêre,13500,535,espêre
ronny,13501,535,ronny
épouvantail,13502,535,épouvantail
moeurs,13503,535,moeurs
delaware,13504,535,delaware
carotide,13505,535,carotide
reconquérir,13506,535,reconquérir
trã,13507,535,trã
without,13508,535,without
milhouse,13509,535,milhouse
congrégation,13510,535,congrégation
farnsworth,13511,535,farnsworth
essayage,13512,535,essayage essayages
beaumont,13513,534,beaumont
devil,13514,534,devil
affût,13515,534,affût
shorty,13516,534,shorty
cortez,13517,534,cortez
lieue,13518,534,lieues
tristement,13519,534,tristement
niche,13520,534,niche
festivité,13521,534,festivités
branch,13522,534,branch
auguste,13523,534,auguste
tibet,13524,534,tibet
aisément,13525,534,aisément
empester,13526,534,empeste empestes
académique,13527,534,académique académiques
figue,13528,534,figues figue
pâturage,13529,534,pâturages pâturage
envier,13530,534,envier enviais envient
dégrader,13531,534,dégrade dégrader
synchronisé,13532,534,synchronisé synchronisés synchronisée
végétal,13533,534,végétale végétal végétaux
mill,13534,533,mill
désorienté,13535,533,désorienté
gustav,13536,533,gustav
connors,13537,533,connors
milwaukee,13538,533,milwaukee
sylvie,13539,533,sylvie
vincenzo,13540,533,vincenzo
élucider,13541,533,élucider élucidé
danvers,13542,532,danvers
dougal,13543,532,dougal
manuellement,13544,532,manuellement
mât,13545,532,mât
worth,13546,532,worth
travesti,13547,532,travesti
gogh,13548,532,gogh
birmingham,13549,532,birmingham
yolanda,13550,532,yolanda
terrier,13551,532,terrier
tourtereau,13552,532,tourtereaux
morue,13553,532,morue
persécution,13554,532,persécution persécutions
désinfecter,13555,532,désinfecter désinfecté désinfecte
recracher,13556,532,recrache recracher recraché
baek,13557,531,baek
guette,13558,531,guette
kaamelott,13559,531,kaamelott
marmite,13560,531,marmite
bagels,13561,531,bagels
coffret,13562,531,coffret
leblanc,13563,531,leblanc
rosario,13564,531,rosario
juanita,13565,531,juanita
porcherie,13566,531,porcherie
homophobe,13567,531,homophobe homophobes
projectile,13568,531,projectile projectiles
dilater,13569,531,dilatées dilatée
everest,13570,530,everest
caméraman,13571,530,caméraman
hors-jeu,13572,530,hors-jeu
aimanter,13573,530,aimante
soudan,13574,530,soudan
godfrey,13575,530,godfrey
yay,13576,530,yay
adele,13577,530,adele
débarquement,13578,530,débarquement
içi,13579,530,içi
aha,13580,530,aha
starbucks,13581,530,starbucks
oseille,13582,530,oseille
sanctifier,13583,530,sanctifié
jeffries,13584,530,jeffries
rohan,13585,530,rohan
séducteur,13586,530,séducteur séductrice
déménageur,13587,530,déménageurs déménageur
inné,13588,530,inné innée
tunique,13589,530,tunique tuniques
looser,13590,530,looser loosers
peupler,13591,530,peuplé peuplée
interieur,13592,529,interieur
eloigne-toi,13593,529,eloigne-toi
richter,13594,529,richter
explosive,13595,529,explosive
ade,13596,529,ade
glaçage,13597,529,glaçage
hae,13598,529,hae
rechute,13599,529,rechute
climatisation,13600,529,climatisation
canoë,13601,529,canoë
canaliser,13602,529,canaliser canalise
impie,13603,529,impie impies
klaxonner,13604,529,klaxonne klaxonner
incessant,13605,529,incessant incessantes incessants incessante
kermit,13606,528,kermit
benedict,13607,528,benedict
repliez-vous,13608,528,repliez-vous
kessler,13609,528,kessler
affront,13610,528,affront
étourdi,13611,528,étourdi
acceptation,13612,528,acceptation
croquette,13613,528,croquettes
normandie,13614,528,normandie
bidule,13615,528,bidule bidules
décréter,13616,528,décrété décrète
recaler,13617,528,recalé recaler recalée
sauveteur,13618,528,sauveteurs sauveteur
complimenter,13619,528,complimenter complimente complimenté
ti,13620,527,ti
lépreux,13621,527,lépreux
marchander,13622,527,marchander
algérie,13623,527,algérie
sd-6,13624,527,sd-6
abbaye,13625,527,abbaye
tourmenté,13626,527,tourmenté
flo,13627,527,flo
droitier,13628,527,droitier droitière
maçon,13629,527,maçon maçons
opprimer,13630,527,opprimés opprimé
bagarrer,13631,527,bagarrer bagarré
malfaiteur,13632,527,malfaiteurs malfaiteur
india,13633,526,india
wilbur,13634,526,wilbur
shaolin,13635,526,shaolin
14h,13636,526,14h
vendetta,13637,526,vendetta
silvia,13638,526,silvia
esquive,13639,526,esquive
pédiatrie,13640,526,pédiatrie
colo,13641,526,colo
impair,13642,526,impair impairs
déloyal,13643,526,déloyal déloyale
fougueux,13644,526,fougueux fougueuse
suffoquer,13645,526,suffoque suffoquer
lafayette,13646,525,lafayette
entorse,13647,525,entorse
oh.,13648,525,oh.
josef,13649,525,josef
échéance,13650,525,échéance
radha,13651,525,radha
whiskey,13652,525,whiskey
disquette,13653,525,disquette disquettes
pacifiste,13654,525,pacifiste pacifistes
moquerie,13655,525,moqueries moquerie
blairer,13656,525,blairer blaire
stéréotype,13657,525,stéréotypes stéréotype
buste,13658,524,buste
vo,13659,524,vo
porte-avions,13660,524,porte-avions
gareth,13661,524,gareth
inconsciemment,13662,524,inconsciemment
cascadeur,13663,524,cascadeur cascadeurs
satanique,13664,524,satanique sataniques
obéissant,13665,524,obéissant obéissante
surfeur,13666,524,surfeur surfeurs
suzuki,13667,523,suzuki
déduit,13668,523,déduit
suarez,13669,523,suarez
chavez,13670,523,chavez
reardon,13671,523,reardon
déployé,13672,523,déployé
hallucinant,13673,523,hallucinant
repérage,13674,523,repérage
pom,13675,523,pom
schizophrénie,13676,523,schizophrénie
andreas,13677,523,andreas
surplus,13678,523,surplus
explicite,13679,523,explicite explicites
raffoler,13680,523,raffole raffolent
camionneur,13681,523,camionneur camionneurs
déboucher,13682,523,déboucher débouche
rafale,13683,523,rafales rafale
citadin,13684,523,citadins citadin citadine
dethklok,13685,522,dethklok
urss,13686,522,urss
grondement,13687,522,grondement
hathaway,13688,522,hathaway
typiquement,13689,522,typiquement
remy,13690,522,remy
géométrie,13691,522,géométrie
podium,13692,522,podium
wellington,13693,522,wellington
marde,13694,522,marde
dégustation,13695,522,dégustation
divertissant,13696,522,divertissant divertissante
mariner,13697,522,mariner mariné
extravagant,13698,522,extravagant extravagante
irréversible,13699,522,irréversible irréversibles
phénoménal,13700,522,phénoménal phénoménale
intérimaire,13701,521,intérimaire
giorgio,13702,521,giorgio
scottie,13703,521,scottie
câlisse,13704,521,câlisse
véranda,13705,521,véranda
auraient-ils,13706,521,auraient-ils
rosée,13707,521,rosée
baume,13708,521,baume
deke,13709,521,deke
chino,13710,521,chino
dindon,13711,521,dindon dindons
plaquette,13712,521,plaquettes plaquette
volatiliser,13713,521,volatilisé volatilisée
filtrer,13714,521,filtrer filtré
désagrément,13715,521,désagrément désagréments
hyène,13716,521,hyène hyènes
réquisitionner,13717,521,réquisitionné réquisitionner réquisitionne
delilah,13718,520,delilah
lugubre,13719,520,lugubre
milly,13720,520,milly
gardez-les,13721,520,gardez-les
mcbride,13722,520,mcbride
carmichael,13723,520,carmichael
buckingham,13724,520,buckingham
équipée,13725,520,équipée
kristin,13726,520,kristin
echec,13727,520,echec
carr,13728,520,carr
décide-toi,13729,520,décide-toi
anthrax,13730,520,anthrax
mogo,13731,520,mogo
teinture,13732,520,teinture
bolide,13733,520,bolide bolides
férié,13734,520,férié fériés
tintement,13735,520,tintement tintements
analgésique,13736,520,analgésiques analgésique
chuchotement,13737,520,chuchotements chuchotement
marginal,13738,520,marginaux marginal
willoughby,13739,519,willoughby
siegfried,13740,519,siegfried
crawley,13741,519,crawley
ridley,13742,519,ridley
clarissa,13743,519,clarissa
aérodrome,13744,519,aérodrome
aurevoir,13745,519,aurevoir
lamar,13746,519,lamar
assurance-vie,13747,519,assurance-vie
geneviève,13748,519,geneviève
puma,13749,519,puma pumas
retentir,13750,519,retentit retenti
flatterie,13751,519,flatterie flatteries
évincer,13752,519,évincer évincé
interpeller,13753,519,interpellé interpelle interpeller
rochelle,13754,518,rochelle
infantile,13755,518,infantile
trachée,13756,518,trachée
brasserie,13757,518,brasserie
clairon,13758,518,clairon
pétasses,13759,518,pétasses
dahlia,13760,518,dahlia
clem,13761,518,clem
controle,13762,518,controle
lowe,13763,518,lowe
démineur,13764,518,démineurs démineur
décrypter,13765,518,décrypter décrypté
canine,13766,518,canine canines
greenwich,13767,517,greenwich
diversité,13768,517,diversité
calvaire,13769,517,calvaire
francfort,13770,517,francfort
cyber,13771,517,cyber
buanderie,13772,517,buanderie
hear,13773,517,hear
emil,13774,517,emil
eren,13775,517,eren
taulard,13776,517,taulard taulards
habitation,13777,517,habitation habitations
bistrot,13778,516,bistrot
pariez,13779,516,pariez
auschwitz,13780,516,auschwitz
corbett,13781,516,corbett
miki,13782,516,miki
karan,13783,516,karan
darlene,13784,516,darlene
rosalie,13785,516,rosalie
appelez-nous,13786,516,appelez-nous
imam,13787,516,imam
ecg,13788,516,ecg
cappie,13789,516,cappie
zac,13790,516,zac
irritable,13791,516,irritable
guidage,13792,516,guidage
instance,13793,516,instance instances
tartare,13794,516,tartare tartares
toxicomane,13795,516,toxicomane toxicomanes
nautique,13796,516,nautique nautiques
ronflement,13797,516,ronflements ronflement
samir,13798,515,samir
cavanaugh,13799,515,cavanaugh
présentez-vous,13800,515,présentez-vous
believe,13801,515,believe
simultanément,13802,515,simultanément
habileté,13803,515,habileté
abstenir,13804,515,abstenir
franny,13805,515,franny
marwan,13806,515,marwan
carminer,13807,515,carmine
spore,13808,515,spores spore
frimeur,13809,515,frimeur frimeurs
illicite,13810,515,illicite illicites
intestinal,13811,515,intestinale intestinal intestinaux
cao,13812,514,cao
willard,13813,514,willard
détache-moi,13814,514,détache-moi
chiana,13815,514,chiana
tj,13816,514,tj
accélération,13817,514,accélération
osborne,13818,514,osborne
ernst,13819,514,ernst
etiez-vous,13820,514,etiez-vous
vient-elle,13821,514,vient-elle
aigoo,13822,514,aigoo
broyeur,13823,514,broyeur
folk,13824,514,folk folks
leurrer,13825,514,leurres leurrer
chasteté,13826,513,chasteté
fraser,13827,513,fraser
arthrite,13828,513,arthrite
connell,13829,513,connell
rebekah,13830,513,rebekah
pare-chocs,13831,513,pare-chocs
redresse,13832,513,redresse
scanlon,13833,513,scanlon
adriana,13834,513,adriana
fatima,13835,513,fatima
custer,13836,513,custer
bertrand,13837,513,bertrand
fraîcheur,13838,513,fraîcheur
peel,13839,513,peel
guirlande,13840,513,guirlandes guirlande
pensionnaire,13841,513,pensionnaires pensionnaire
révolter,13842,513,révolter révoltés révolté
venezuela,13843,512,venezuela
mahomet,13844,512,mahomet
cacao,13845,512,cacao
fay,13846,512,fay
forever,13847,512,forever
quoiqu,13848,512,quoiqu
commodore,13849,512,commodore
partiellement,13850,512,partiellement
mystic,13851,512,mystic
dîtes-moi,13852,512,dîtes-moi
abstrait,13853,512,abstrait abstraite
sangle,13854,512,sangle sangles
grover,13855,511,grover
softball,13856,511,softball
juice,13857,511,juice
psychologiquement,13858,511,psychologiquement
passe-le-moi,13859,511,passe-le-moi
arès,13860,511,arès
rends-le-moi,13861,511,rends-le-moi
donnez-vous,13862,511,donnez-vous
ranimer,13863,511,ranimer ranimé
vigoureux,13864,511,vigoureux vigoureuse
renfermer,13865,511,renferme renfermée
repêcher,13866,511,repêché repêcher
embellir,13867,511,embellir embellit embelli
janey,13868,510,janey
caddie,13869,510,caddie
parle-nous,13870,510,parle-nous
miaou,13871,510,miaou
montrez-lui,13872,510,montrez-lui
eisenhower,13873,510,eisenhower
bronzé,13874,510,bronzé
weber,13875,510,weber
desert,13876,510,desert
maw,13877,510,maw
thank,13878,510,thank
must,13879,510,must
appétissant,13880,510,appétissant appétissante
sauvegarder,13881,510,sauvegarder sauvegardé
colossal,13882,510,colossal colossale
prêtresse,13883,509,prêtresse
répression,13884,509,répression
épargnez-moi,13885,509,épargnez-moi
celle-la,13886,509,celle-la
tesla,13887,509,tesla
marisol,13888,509,marisol
nurse,13889,509,nurse
épouse-moi,13890,509,épouse-moi
barclay,13891,509,barclay
déguster,13892,509,déguster déguste
hispanique,13893,509,hispanique hispaniques
castrer,13894,509,castré castrer
caméléon,13895,508,caméléon
arrêtez-moi,13896,508,arrêtez-moi
apparait,13897,508,apparait
masturbation,13898,508,masturbation
ortiz,13899,508,ortiz
lamb,13900,508,lamb
these,13901,508,these
myka,13902,508,myka
dickens,13903,508,dickens
mirage,13904,508,mirage
resplendissant,13905,508,resplendissante resplendissant
injure,13906,508,injures injure
grogner,13907,508,grogner grognant grognent
obstiner,13908,508,obstinée obstine obstines
ressentez-vous,13909,507,ressentez-vous
conservatoire,13910,507,conservatoire
pénurie,13911,507,pénurie
expresso,13912,507,expresso
boomer,13913,507,boomer
c-4,13914,507,c-4
kowalski,13915,507,kowalski
tiny,13916,507,tiny
lexington,13917,507,lexington
fourre,13918,507,fourre
completement,13919,507,completement
amaar,13920,507,amaar
sbire,13921,507,sbires sbire
inachevé,13922,507,inachevé inachevée
bohémien,13923,507,bohémienne bohémiens bohémien
aumônier,13924,506,aumônier
kings,13925,506,kings
étes,13926,506,étes
law,13927,506,law
adalind,13928,506,adalind
suv,13929,506,suv
fight,13930,506,fight
terrance,13931,506,terrance
gazelle,13932,506,gazelle gazelles
gymnaste,13933,506,gymnaste gymnastes
accoupler,13934,506,accoupler accouplent
primate,13935,506,primates primate
braise,13936,506,braise braises
orque,13937,506,orques orque
crown,13938,505,crown
visibilité,13939,505,visibilité
guthrie,13940,505,guthrie
babylone,13941,505,babylone
delenn,13942,505,delenn
curt,13943,505,curt
biser,13944,505,bise
benoît,13945,505,benoît
tania,13946,505,tania
régulateur,13947,505,régulateur régulateurs
entasser,13948,505,entassés entasser entassent
sympathiser,13949,505,sympathisé sympathiser sympathise
acclamer,13950,505,acclamé acclame acclamer acclament
locomotive,13951,504,locomotive
opportun,13952,504,opportun
christa,13953,504,christa
pinky,13954,504,pinky
indulgence,13955,504,indulgence
solennellement,13956,504,solennellement
gate,13957,504,gate
brouille,13958,504,brouille
sauvez-moi,13959,504,sauvez-moi
windsor,13960,504,windsor
prem,13961,504,prem
côté-là,13962,504,côté-là
érudit,13963,504,érudit érudits
médiéval,13964,504,médiévale médiéval
valentina,13965,503,valentina
markham,13966,503,markham
fidel,13967,503,fidel
assoiffé,13968,503,assoiffé
garde-les,13969,503,garde-les
pollen,13970,503,pollen
chéquier,13971,503,chéquier
dojo,13972,503,dojo
nanny,13973,503,nanny
blanca,13974,503,blanca
glass,13975,503,glass
catastropher,13976,503,catastrophes
model,13977,503,model
boyau,13978,503,boyaux
beyrouth,13979,503,beyrouth
retaper,13980,503,retaper retapé
fredonner,13981,503,fredonne fredonner
évaporer,13982,503,évapore évaporer évaporée
arrière-plan,13983,502,arrière-plan
blanchisserie,13984,502,blanchisserie
tin,13985,502,tin
injustement,13986,502,injustement
digitale,13987,502,digitale
purcell,13988,502,purcell
lam,13989,502,lam
considérablement,13990,502,considérablement
acharné,13991,502,acharné
krypton,13992,502,krypton
candice,13993,502,candice
laurier,13994,502,lauriers laurier
émaner,13995,502,émane émanant
députer,13996,501,députés
schultz,13997,501,schultz
mandarin,13998,501,mandarin
seras-tu,13999,501,seras-tu
jette-le,14000,501,jette-le
rab,14001,501,rab
moses,14002,501,moses
kumar,14003,501,kumar
anti,14004,501,anti
rolex,14005,501,rolex
doreen,14006,501,doreen
travailleuse,14007,501,travailleuse travailleuses
cuiller,14008,501,cuiller cuillers
clignoter,14009,501,clignote clignotent clignoter
syllabe,14010,501,syllabes syllabe
décombre,14011,500,décombres
canton,14012,500,canton
elder,14013,500,elder
gynéco,14014,500,gynéco
mi5,14015,500,mi5
kali,14016,500,kali
demandes-tu,14017,500,demandes-tu
charte,14018,500,charte
professionnellement,14019,500,professionnellement
hauser,14020,500,hauser
pulitzer,14021,500,pulitzer
balèze,14022,500,balèze
opossum,14023,500,opossum opossums
gluant,14024,500,gluant gluante
étouffant,14025,500,étouffant étouffante
tournesol,14026,500,tournesol tournesols
niagara,14027,499,niagara
juron,14028,499,jurons
costello,14029,499,costello
cowboys,14030,499,cowboys
should,14031,499,should
starsky,14032,499,starsky
forrester,14033,499,forrester
pj,14034,499,pj
surveille-le,14035,499,surveille-le
quinzaine,14036,499,quinzaine
st-valentin,14037,499,st-valentin
révérence,14038,499,révérence
popotin,14039,499,popotin
rondelle,14040,499,rondelles rondelle
escadrille,14041,498,escadrille
larissa,14042,498,larissa
eureka,14043,498,eureka
carpenter,14044,498,carpenter
rambo,14045,498,rambo
ouvrez-moi,14046,498,ouvrez-moi
dis-je,14047,498,dis-je
dharma,14048,498,dharma
bessie,14049,498,bessie
igs,14050,498,igs
dosage,14051,498,dosage
gouvernail,14052,498,gouvernail
neelix,14053,498,neelix
mein,14054,498,mein
burgess,14055,498,burgess
discutable,14056,498,discutable discutables
poivron,14057,498,poivrons poivron
chieur,14058,498,chieur chieuse
jamaïcain,14059,498,jamaïcain jamaïcains jamaïcaine
sororité,14060,497,sororité
silva,14061,497,silva
henrik,14062,497,henrik
intubation,14063,497,intubation
another,14064,497,another
crim,14065,497,crim
hero,14066,497,hero
radiologie,14067,497,radiologie
carapace,14068,497,carapace
talisman,14069,497,talisman
bâcler,14070,497,bâclé bâclée
loque,14071,497,loque loques
insinuation,14072,497,insinuations insinuation
battle,14073,496,battle
eminence,14074,496,eminence
food,14075,496,food
dolan,14076,496,dolan
living,14077,496,living
8ème,14078,496,8ème
ecrit,14079,496,ecrit
claus,14080,496,claus
greendale,14081,496,greendale
pif,14082,496,pif
uh-oh,14083,496,uh-oh
finley,14084,496,finley
finaliste,14085,496,finalistes finaliste
rafraîchissement,14086,496,rafraîchissement rafraîchissements
magasiner,14087,496,magasine magasiner magasines
latitude,14088,495,latitude
dépanneuse,14089,495,dépanneuse
retirez-vous,14090,495,retirez-vous
pieuvre,14091,495,pieuvre
tonalité,14092,495,tonalité
épicier,14093,495,épicier
safari,14094,495,safari
régaler,14095,495,régaler
hallie,14096,495,hallie
lancaster,14097,495,lancaster
jouez-vous,14098,495,jouez-vous
figé,14099,495,figé
recu,14100,495,recu
venimeux,14101,495,venimeux venimeuse
bridger,14102,495,bridges bridger
prétention,14103,495,prétention prétentions
néfaste,14104,495,néfaste néfastes
vecteur,14105,495,vecteur vecteurs
épier,14106,495,épier épie
abs,14107,494,abs
chakotay,14108,494,chakotay
selina,14109,494,selina
johnnie,14110,494,johnnie
droïdes,14111,494,droïdes
raffut,14112,494,raffut
dubaï,14113,494,dubaï
formellement,14114,494,formellement
hewes,14115,494,hewes
accordéon,14116,494,accordéon
épiler,14117,494,épiler
stase,14118,494,stase
johan,14119,494,johan
viper,14120,494,viper
psi,14121,494,psi
brouillon,14122,494,brouillon brouillons
poussiéreux,14123,494,poussiéreux poussiéreuse
gâterie,14124,494,gâterie gâteries
présomption,14125,494,présomption présomptions
décomposer,14126,494,décomposer décompose
viseur,14127,493,viseur
dempsey,14128,493,dempsey
versailles,14129,493,versailles
saturne,14130,493,saturne
patio,14131,493,patio
moirer,14132,493,moira
célibat,14133,493,célibat
pooja,14134,493,pooja
tachycardie,14135,493,tachycardie
judd,14136,493,judd
abner,14137,493,abner
authenticité,14138,493,authenticité
help,14139,493,help
geindre,14140,493,geindre geint
inédit,14141,493,inédit inédite
verrue,14142,493,verrues verrue
bohannon,14143,492,bohannon
sã,14144,492,sã
kruger,14145,492,kruger
dépanner,14146,492,dépanner
fuji,14147,492,fuji
j.r.,14148,492,j.r.
doo,14149,492,doo
muller,14150,492,muller
ue,14151,492,ue
meyers,14152,492,meyers
dispensaire,14153,492,dispensaire
insinuez-vous,14154,492,insinuez-vous
fr,14155,492,fr
cosmétique,14156,492,cosmétiques cosmétique
réputer,14157,492,réputée réputés
convenance,14158,492,convenance convenances
ok.,14159,491,ok.
dodgers,14160,491,dodgers
viens-t',14161,491,viens-t'
farley,14162,491,farley
débutante,14163,491,débutante
essex,14164,491,essex
tea,14165,491,tea
retravailler,14166,491,retravailler
cecilia,14167,491,cecilia
précipitation,14168,491,précipitation
méthane,14169,491,méthane
basketball,14170,491,basketball
teuf,14171,491,teuf
intersect,14172,491,intersect
21e,14173,491,21e
dérangeant,14174,491,dérangeant dérangeante
concubin,14175,491,concubine concubines
sangloter,14176,491,sanglote sangloter
filleul,14177,491,filleul filleule
flamber,14178,491,flamber flambe
gésir,14179,491,gît gisait
chocolaté,14180,491,chocolatée chocolatées chocolaté
éther,14181,490,éther
nakamura,14182,490,nakamura
xiao,14183,490,xiao
alistair,14184,490,alistair
expiration,14185,490,expiration
rhode,14186,490,rhode
lip,14187,490,lip
logistique,14188,490,logistique
mêle-toi,14189,490,mêle-toi
march,14190,490,march
ritz,14191,490,ritz
move,14192,490,move
ouvrière,14193,490,ouvrière
schwartz,14194,490,schwartz
perce,14195,490,perce
cesar,14196,490,cesar
lutz,14197,490,lutz
frannie,14198,490,frannie
mccain,14199,489,mccain
teyla,14200,489,teyla
myrtle,14201,489,myrtle
tobin,14202,489,tobin
pilar,14203,489,pilar
league,14204,489,league
gateau,14205,489,gateau
kylie,14206,489,kylie
aa,14207,489,aa
salami,14208,489,salami
eunuque,14209,489,eunuque eunuques
poursuivant,14210,489,poursuivant poursuivants
alchimiste,14211,489,alchimiste alchimistes
bâtonnet,14212,489,bâtonnets bâtonnet
brochette,14213,489,brochette brochettes
berge,14214,489,berge berges
rapace,14215,489,rapace rapaces
z',14216,488,z'
23h,14217,488,23h
balthazar,14218,488,balthazar
laird,14219,488,laird
dispo,14220,488,dispo
airlines,14221,488,airlines
calèche,14222,488,calèche
mccann,14223,488,mccann
tram,14224,488,tram
rebut,14225,488,rebut rebuts
majuscule,14226,488,majuscule majuscules
lingette,14227,488,lingettes lingette
rapprochement,14228,487,rapprochement
dane,14229,487,dane
péage,14230,487,péage
appli,14231,487,appli
savoir-faire,14232,487,savoir-faire
rani,14233,487,rani
poigne,14234,487,poigne
arrosage,14235,487,arrosage
amish,14236,487,amish
ludwig,14237,487,ludwig
korra,14238,487,korra
déodorant,14239,487,déodorant
fêlé,14240,487,fêlé
academy,14241,487,academy
chiche,14242,487,chiche chiches
clôturer,14243,487,clôtures clôturer
pulsation,14244,487,pulsations pulsation
garrity,14245,486,garrity
satin,14246,486,satin
speedy,14247,486,speedy
arsenic,14248,486,arsenic
coincidence,14249,486,coincidence
daria,14250,486,daria
soho,14251,486,soho
socrate,14252,486,socrate
icitte,14253,486,icitte
pèlerinage,14254,486,pèlerinage
argenter,14255,486,argentée argentés
néon,14256,486,néon néons
merlyn,14257,485,merlyn
celeste,14258,485,celeste
banjo,14259,485,banjo
goldberg,14260,485,goldberg
pearce,14261,485,pearce
karim,14262,485,karim
ashton,14263,485,ashton
raconte-nous,14264,485,raconte-nous
scrabble,14265,485,scrabble
aplomb,14266,485,aplomb
syndical,14267,485,syndical syndicale
pétillant,14268,485,pétillante pétillant
roquette,14269,485,roquette roquettes
janis,14270,484,janis
18e,14271,484,18e
pareillement,14272,484,pareillement
loomis,14273,484,loomis
dottie,14274,484,dottie
torrent,14275,484,torrent torrents
résulter,14276,484,résulte résultant
assoiffer,14277,484,assoiffés assoiffée
carnivore,14278,484,carnivore carnivores
rital,14279,484,rital ritals
ruthie,14280,483,ruthie
bly,14281,483,bly
kenzi,14282,483,kenzi
mam,14283,483,mam
vintage,14284,483,vintage
beige,14285,483,beige
limer,14286,483,lima
macabre,14287,483,macabre
forgé,14288,483,forgé
ltalie,14289,483,ltalie
jean-luc,14290,483,jean-luc
ojai,14291,483,ojai
lande,14292,483,lande landes
abusif,14293,483,abusif abusive
pénalité,14294,483,pénalité pénalités
dévastateur,14295,483,dévastateur dévastatrice
caïman,14296,483,caïmans caïman
nirvana,14297,482,nirvana
left,14298,482,left
clebs,14299,482,clebs
subvenir,14300,482,subvenir
flack,14301,482,flack
co2,14302,482,co2
mansfield,14303,482,mansfield
bride,14304,482,bride
tandy,14305,482,tandy
épingler,14306,482,épingler
name,14307,482,name
hana,14308,482,hana
annalise,14309,482,annalise
craquant,14310,482,craquant craquante
innovation,14311,482,innovation innovations
immatriculer,14312,482,immatriculée immatriculé
albany,14313,481,albany
ness,14314,481,ness
souhaite-moi,14315,481,souhaite-moi
socialement,14316,481,socialement
speech,14317,481,speech
nigaud,14318,481,nigaud
crusher,14319,481,crusher
gregor,14320,481,gregor
arrêtez-la,14321,481,arrêtez-la
seong,14322,481,seong
ryu,14323,481,ryu
méme,14324,481,méme
camden,14325,481,camden
british,14326,481,british
hendricks,14327,481,hendricks
borgs,14328,481,borgs
affectif,14329,481,affectif affective
rigoureux,14330,481,rigoureux rigoureuse
divaguer,14331,481,divague divagues divaguer
imprimerie,14332,480,imprimerie
zhaan,14333,480,zhaan
joséphine,14334,480,joséphine
progressivement,14335,480,progressivement
sulu,14336,480,sulu
attila,14337,480,attila
alpes,14338,480,alpes
soon,14339,480,soon
assied-toi,14340,480,assied-toi
malaria,14341,480,malaria
magnat,14342,480,magnat
épinière,14343,480,épinière
fitzpatrick,14344,480,fitzpatrick
retrouvez-moi,14345,480,retrouvez-moi
marmotte,14346,480,marmotte marmottes
carillon,14347,480,carillon carillons
clooney,14348,479,clooney
carlisle,14349,479,carlisle
darhk,14350,479,darhk
bartlett,14351,479,bartlett
ren,14352,479,ren
krista,14353,479,krista
om,14354,479,om
shoot,14355,479,shoot
goa,14356,479,goa
laitue,14357,479,laitue
brand,14358,479,brand
adama,14359,479,adama
redoute,14360,479,redoute
évangile,14361,479,évangile évangiles
exclamation,14362,479,exclamation exclamations
pécher,14363,479,pécher pèche
accoster,14364,479,accoster accosté
morfler,14365,479,morfler morflé
décontracté,14366,478,décontracté
ânerie,14367,478,âneries
trick,14368,478,trick
implacable,14369,478,implacable
tigresse,14370,478,tigresse
s48chffffff,14371,478,s48chffffff
silicone,14372,478,silicone
ce2,14373,478,ce2
killian,14374,478,killian
poterie,14375,478,poterie poteries
résigner,14376,478,résigner résigné
désintégrer,14377,478,désintégrer désintègre désintégré
keiko,14378,477,keiko
islamique,14379,477,islamique
révélateur,14380,477,révélateur
tracas,14381,477,tracas
cove,14382,477,cove
taro,14383,477,taro
développée,14384,477,développée
duran,14385,477,duran
awards,14386,477,awards
instagram,14387,477,instagram
démêler,14388,477,démêler démêlés
compulsif,14389,477,compulsif compulsive
sudiste,14390,477,sudiste sudistes
aubergine,14391,477,aubergines aubergine
humanoïde,14392,477,humanoïde humanoïdes
abcès,14393,476,abcès
è,14394,476,è
prescott,14395,476,prescott
20ème,14396,476,20ème
hypertension,14397,476,hypertension
a6,14398,476,a6
laisses-moi,14399,476,laisses-moi
hakeem,14400,476,hakeem
trump,14401,476,trump
biensur,14402,476,biensur
vinny,14403,476,vinny
emmet,14404,476,emmet
hygiénique,14405,476,hygiénique hygiéniques
bouleversant,14406,476,bouleversant bouleversante
exaltant,14407,476,exaltant exaltante
bénin,14408,476,bénin bénigne
roch,14409,475,roch
fièrement,14410,475,fièrement
hypothermie,14411,475,hypothermie
cy,14412,475,cy
tee,14413,475,tee
forest,14414,475,forest
hap,14415,475,hap
ouille,14416,475,ouille
wilkins,14417,475,wilkins
chevrolet,14418,475,chevrolet
act,14419,475,act
comprenez-moi,14420,475,comprenez-moi
contrepartie,14421,475,contrepartie
borgne,14422,475,borgne
lockwood,14423,475,lockwood
donne-la,14424,475,donne-la
digestif,14425,475,digestif digestifs
pesticide,14426,475,pesticides pesticide
rotule,14427,475,rotules rotule
nabot,14428,474,nabot
dion,14429,474,dion
bartowski,14430,474,bartowski
birgitte,14431,474,birgitte
stéphane,14432,474,stéphane
corse,14433,474,corse
knicks,14434,474,knicks
lambda,14435,474,lambda
beautiful,14436,474,beautiful
racontez-nous,14437,474,racontez-nous
keating,14438,474,keating
rappelles-tu,14439,474,rappelles-tu
tru,14440,474,tru
lai,14441,474,lai
sayid,14442,474,sayid
taggart,14443,474,taggart
irréparable,14444,474,irréparable irréparables
préhistorique,14445,474,préhistorique préhistoriques
vape,14446,473,vapes
dégaine,14447,473,dégaine
gaule,14448,473,gaule
cupcake,14449,473,cupcake
sornette,14450,473,sornettes
éventail,14451,473,éventail
scooby,14452,473,scooby
appelle-les,14453,473,appelle-les
ressource,14454,473,ressource
rohit,14455,473,rohit
entrejambe,14456,473,entrejambe
annabeth,14457,473,annabeth
sutter,14458,473,sutter
continuellement,14459,473,continuellement
pierrot,14460,473,pierrot
imparfait,14461,473,imparfait imparfaite
madden,14462,472,madden
lenore,14463,472,lenore
magot,14464,472,magot
chae,14465,472,chae
deteste,14466,472,deteste
radis,14467,472,radis
desolé,14468,472,desolé
13e,14469,472,13e
alden,14470,472,alden
johanna,14471,472,johanna
atlas,14472,472,atlas
delinda,14473,472,delinda
provenza,14474,472,provenza
raclure,14475,472,raclure raclures
succéder,14476,472,succéder succède
particularité,14477,472,particularité particularités
remorquer,14478,472,remorquer remorqué
staten,14479,471,staten
heck,14480,471,heck
jasmin,14481,471,jasmin
kingston,14482,471,kingston
madge,14483,471,madge
moody,14484,471,moody
clairière,14485,471,clairière
propreté,14486,471,propreté
est-ce-qu',14487,471,est-ce-qu'
halo,14488,471,halo
existe-t-il,14489,471,existe-t-il
tad,14490,471,tad
toki,14491,471,toki
autiste,14492,471,autiste autistes
similitude,14493,471,similitudes similitude
dénigrer,14494,471,dénigrer dénigre
cosaque,14495,471,cosaques cosaque
reniflement,14496,471,reniflement reniflements
amas,14497,470,amas
bashir,14498,470,bashir
couramment,14499,470,couramment
amadouer,14500,470,amadouer
carmela,14501,470,carmela
crowe,14502,470,crowe
gares,14503,470,gares
tricot,14504,470,tricot
comics,14505,470,comics
friend,14506,470,friend
châle,14507,470,châle
chevelure,14508,470,chevelure
maguire,14509,470,maguire
karine,14510,470,karine
mets-y,14511,470,mets-y
inadmissible,14512,470,inadmissible
penderie,14513,470,penderie
atmosphérique,14514,470,atmosphérique atmosphériques
gravure,14515,470,gravure gravures
cerisier,14516,470,cerisier cerisiers
nuisible,14517,470,nuisible nuisibles
antonia,14518,469,antonia
magnétoscope,14519,469,magnétoscope
êtiez,14520,469,êtiez
asia,14521,469,asia
toto,14522,469,toto
moray,14523,469,moray
perceuse,14524,469,perceuse
'cause,14525,469,'cause
davidson,14526,469,davidson
dentier,14527,469,dentier
dépistage,14528,469,dépistage
moriarty,14529,469,moriarty
fantaisiste,14530,469,fantaisiste fantaisistes
cycliste,14531,469,cycliste cyclistes
électron,14532,469,électrons électron
renégat,14533,469,renégat renégats
bizarrerie,14534,469,bizarreries bizarrerie
libido,14535,468,libido
ku,14536,468,ku
irwin,14537,468,irwin
lecter,14538,468,lecter
amnistie,14539,468,amnistie
scorpius,14540,468,scorpius
faiseur,14541,468,faiseur
kern,14542,468,kern
séparez-vous,14543,468,séparez-vous
offensé,14544,468,offensée
ste,14545,468,ste
ro,14546,468,ro
braddock,14547,468,braddock
u-sub.net,14548,468,u-sub.net
bean,14549,468,bean
horse,14550,468,horse
interviewé,14551,468,interviewé
anakin,14552,468,anakin
inaudible,14553,468,inaudible inaudibles
neural,14554,468,neural neurale
étreindre,14555,468,étreindre étreint
réformer,14556,468,réformé réformer
régir,14557,468,régis régit régi
ramène-la,14558,467,ramène-la
romuliens,14559,467,romuliens
glory,14560,467,glory
main-d',14561,467,main-d'
mazel,14562,467,mazel
healy,14563,467,healy
insurger,14564,467,insurgés
dix-neuf,14565,467,dix-neuf
couplet,14566,467,couplet
plaidoirie,14567,467,plaidoirie
mio,14568,467,mio
manif,14569,467,manif
hélium,14570,467,hélium
funky,14571,467,funky
inutilisable,14572,467,inutilisable inutilisables
consumer,14573,467,consumer consumé
sponsoriser,14574,467,sponsorisé sponsoriser sponsorise
calleigh,14575,466,calleigh
enflammé,14576,466,enflammé
garland,14577,466,garland
convenablement,14578,466,convenablement
storm,14579,466,storm
adrien,14580,466,adrien
abouti,14581,466,abouti
mystérieusement,14582,466,mystérieusement
cummings,14583,466,cummings
thermomètre,14584,466,thermomètre
stipule,14585,466,stipule
beuverie,14586,466,beuverie beuveries
pressant,14587,466,pressant pressante
démangeaison,14588,466,démangeaisons démangeaison
camoufler,14589,466,camoufler camouflé
faner,14590,466,fanées faner fanée fanent
bedford,14591,465,bedford
entraineur,14592,465,entraineur
colton,14593,465,colton
frédéric,14594,465,frédéric
cade,14595,465,cade
s.o.s.,14596,465,s.o.s.
répliquer,14597,465,répliquer répliqué
gaver,14598,465,gaver gavé
orifice,14599,465,orifice orifices
déporter,14600,465,déportés déporter déportée
weller,14601,464,weller
titane,14602,464,titane
extermination,14603,464,extermination
diaphragme,14604,464,diaphragme
tia,14605,464,tia
décidez-vous,14606,464,décidez-vous
yvette,14607,464,yvette
humblement,14608,464,humblement
jeb,14609,464,jeb
inflammation,14610,464,inflammation
tempo,14611,464,tempo
esposito,14612,464,esposito
sensass,14613,464,sensass
johann,14614,464,johann
téter,14615,464,tète téter
impertinent,14616,464,impertinent impertinente
facturer,14617,464,facturer facturé
stevenson,14618,463,stevenson
grammaire,14619,463,grammaire
scans,14620,463,scans
kemp,14621,463,kemp
vern,14622,463,vern
quagmire,14623,463,quagmire
clapet,14624,463,clapet
hitchcock,14625,463,hitchcock
succulent,14626,463,succulent succulente
perpétuer,14627,463,perpétuer perpétue
chandelier,14628,463,chandelier chandeliers
réticent,14629,463,réticent réticente
fable,14630,463,fable fables
averse,14631,463,averse averses
dessécher,14632,463,desséché desséchée dessèche
inexpliqué,14633,463,inexpliqué inexpliquées inexpliqués inexpliquée
tok',14634,462,tok'
cleo,14635,462,cleo
macy,14636,462,macy
répondant,14637,462,répondant
kendrick,14638,462,kendrick
sahib,14639,462,sahib
jean-paul,14640,462,jean-paul
elmo,14641,462,elmo
maillon,14642,462,maillon
drainer,14643,462,drainer drainé
ingérer,14644,462,ingéré ingérer
vestige,14645,462,vestiges vestige
vaporiser,14646,462,vaporiser vaporisé vaporise
faune,14647,461,faune
shalom,14648,461,shalom
écorce,14649,461,écorce
georgina,14650,461,georgina
rade,14651,461,rade
nectar,14652,461,nectar
amenez-la,14653,461,amenez-la
rosewood,14654,461,rosewood
duval,14655,461,duval
contondant,14656,461,contondant
slow,14657,461,slow
snyder,14658,461,snyder
ermite,14659,461,ermite
elisa,14660,461,elisa
mais-,14661,461,mais-
volcanique,14662,461,volcanique volcaniques
mutilation,14663,461,mutilation mutilations
veston,14664,460,veston
rachat,14665,460,rachat
horoscope,14666,460,horoscope
warrick,14667,460,warrick
poséidon,14668,460,poséidon
kato,14669,460,kato
emery,14670,460,emery
vigilance,14671,460,vigilance
usure,14672,460,usure
lucinda,14673,460,lucinda
griff,14674,460,griff
control,14675,460,control
franks,14676,460,franks
anticorps,14677,460,anticorps
amphétamine,14678,460,amphétamines amphés
talkie-walkie,14679,460,talkie-walkie talkies-walkies
positionner,14680,460,positionner positionne positionné
desserrer,14681,460,desserrer desserré desserre
démarquer,14682,460,démarquer démarqué démarque
14e,14683,459,14e
standing,14684,459,standing
inspirant,14685,459,inspirant
restons-en,14686,459,restons-en
ibrahim,14687,459,ibrahim
bucky,14688,459,bucky
smitty,14689,459,smitty
hadji,14690,459,hadji
gluten,14691,459,gluten
réplicateurs,14692,459,réplicateurs
try,14693,459,try
prête-moi,14694,459,prête-moi
inquisition,14695,459,inquisition
hypothétique,14696,459,hypothétique
cryptage,14697,459,cryptage
mcgill,14698,459,mcgill
crique,14699,459,crique
mother,14700,459,mother
continental,14701,459,continental continentale
capillaire,14702,459,capillaire capillaires
auditif,14703,459,auditif auditive auditives
demi-journée,14704,458,demi-journée
aya,14705,458,aya
nettoyant,14706,458,nettoyant
dialyse,14707,458,dialyse
t-on,14708,458,t-on
régal,14709,458,régal
incarnation,14710,458,incarnation
déclic,14711,458,déclic
prévention,14712,458,prévention
rudement,14713,458,rudement
sí,14714,458,sí
pavel,14715,458,pavel
eppes,14716,458,eppes
jocelyn,14717,458,jocelyn
excalibur,14718,458,excalibur
rendormir,14719,458,rendormir rendors
torcher,14720,458,torcher torché
lamenter,14721,458,lamenter lamente
lazare,14722,457,lazare
amplement,14723,457,amplement
sécession,14724,457,sécession
huey,14725,457,huey
tiens-la,14726,457,tiens-la
observatoire,14727,457,observatoire
mar,14728,457,mar
manu,14729,457,manu
béka,14730,457,béka
nouvelle-zélande,14731,457,nouvelle-zélande
nicholson,14732,457,nicholson
calmos,14733,457,calmos
verticale,14734,457,verticale
hardison,14735,457,hardison
borden,14736,457,borden
trainé,14737,457,trainé
cure-dent,14738,457,cure-dents cure-dent
parieur,14739,457,parieurs parieur
tsunami,14740,456,tsunami
arrangée,14741,456,arrangée
ève,14742,456,ève
estropié,14743,456,estropié
kimura,14744,456,kimura
rejoignez-moi,14745,456,rejoignez-moi
macdonald,14746,456,macdonald
bienveillance,14747,456,bienveillance
feinte,14748,456,feinte
glande,14749,456,glande
peabody,14750,456,peabody
batard,14751,456,batard
chaz,14752,456,chaz
ipad,14753,456,ipad
jumper,14754,456,jumper
odessa,14755,456,odessa
bristol,14756,456,bristol
rémission,14757,456,rémission
giuseppe,14758,456,giuseppe
clary,14759,456,clary
démentir,14760,456,démente démentir
couver,14761,456,couve couver
brusquer,14762,456,brusques brusquer
alfonso,14763,455,alfonso
attrapez-la,14764,455,attrapez-la
toupet,14765,455,toupet
gui,14766,455,gui
hartley,14767,455,hartley
fisk,14768,455,fisk
sus,14769,455,sus
clarice,14770,455,clarice
sinbad,14771,455,sinbad
chick,14772,455,chick
mcgarrett,14773,455,mcgarrett
flag,14774,455,flag
boogie,14775,455,boogie
avant-garde,14776,455,avant-garde
tyrone,14777,455,tyrone
corset,14778,455,corset
basil,14779,455,basil
équivaloir,14780,455,équivaut
faisan,14781,455,faisan faisans
tourelle,14782,455,tourelle tourelles
indirect,14783,455,indirectes indirecte indirect
nami,14784,454,nami
rave,14785,454,rave
patiner,14786,454,patiner
davina,14787,454,davina
mouth,14788,454,mouth
patel,14789,454,patel
chandail,14790,454,chandail
inconcevable,14791,454,inconcevable
sans-abris,14792,454,sans-abris
frivole,14793,454,frivole frivoles
commanditaire,14794,454,commanditaire commanditaires
garniture,14795,454,garniture garnitures
cancéreux,14796,454,cancéreux cancéreuses
rembobiner,14797,454,rembobine rembobiner
rayonnant,14798,454,rayonnante rayonnant
tune,14799,454,tune tunes
ébruiter,14800,454,ébruite ébruiter
calcutta,14801,453,calcutta
halliwell,14802,453,halliwell
rowan,14803,453,rowan
motors,14804,453,motors
grappin,14805,453,grappin
there',14806,453,there'
jurez-vous,14807,453,jurez-vous
voilier,14808,453,voilier
envoyez-le,14809,453,envoyez-le
matilda,14810,453,matilda
gynécologue,14811,453,gynécologue
hammer,14812,453,hammer
kaiser,14813,453,kaiser
scalp,14814,453,scalp scalps
exhumer,14815,453,exhumer exhumé
subtilité,14816,453,subtilité subtilités
cierge,14817,453,cierge cierges
blackie,14818,452,blackie
aujourd',14819,452,aujourd'
avare,14820,452,avare
aloha,14821,452,aloha
booster,14822,452,booster
niko,14823,452,niko
topher,14824,452,topher
narcisse,14825,452,narcisse
mendez,14826,452,mendez
olympe,14827,452,olympe
morve,14828,452,morve
réfuter,14829,452,réfuter réfute
constructif,14830,452,constructif constructive
cicatriser,14831,452,cicatriser cicatrise cicatrisé
métabolisme,14832,451,métabolisme
accorde-moi,14833,451,accorde-moi
jessi,14834,451,jessi
mathias,14835,451,mathias
kiev,14836,451,kiev
hawthorne,14837,451,hawthorne
gratifiant,14838,451,gratifiant
écoeurant,14839,451,écoeurant
marcello,14840,451,marcello
daim,14841,451,daim
bobbi,14842,451,bobbi
téléchargement,14843,451,téléchargement
autonomie,14844,451,autonomie
livret,14845,451,livret
mets-lui,14846,451,mets-lui
joaquin,14847,451,joaquin
feldman,14848,451,feldman
sors-tu,14849,451,sors-tu
royaume-uni,14850,451,royaume-uni
ban,14851,451,ban bans
rougeur,14852,451,rougeurs rougeur
parlons-nous,14853,450,parlons-nous
grillage,14854,450,grillage
because,14855,450,because
shop,14856,450,shop
veto,14857,450,veto
méditerranée,14858,450,méditerranée
cheri,14859,450,cheri
scientifiquement,14860,450,scientifiquement
notre-dame,14861,450,notre-dame
truth,14862,450,truth
burn,14863,450,burn
coulant,14864,450,coulant
havre,14865,450,havre
corn,14866,450,corn
steiner,14867,450,steiner
browning,14868,450,browning
persuasion,14869,450,persuasion
jimi,14870,450,jimi
boudin,14871,450,boudin
visqueux,14872,450,visqueux visqueuse
rouage,14873,450,rouages rouage
névrosé,14874,450,névrosé névrosée
mouvementer,14875,450,mouvementée mouvementé
adrianna,14876,449,adrianna
ensoleillé,14877,449,ensoleillé
emblème,14878,449,emblème
smithers,14879,449,smithers
guilde,14880,449,guilde
gazette,14881,449,gazette
dam,14882,449,dam
voiturier,14883,449,voiturier
étirer,14884,449,étirer
passe-t,14885,449,passe-t
mélancolie,14886,449,mélancolie
samu,14887,449,samu
moby,14888,449,moby
lau,14889,449,lau
irais-tu,14890,449,irais-tu
dis-le-lui,14891,449,dis-le-lui
townsend,14892,449,townsend
per,14893,449,per
lightman,14894,449,lightman
astronome,14895,449,astronome astronomes
belfast,14896,448,belfast
nine,14897,448,nine
cirage,14898,448,cirage
guillotine,14899,448,guillotine
tabarnac,14900,448,tabarnac
liang,14901,448,liang
bartlet,14902,448,bartlet
broyer,14903,448,broyer
illégitime,14904,448,illégitime
herald,14905,448,herald
kip,14906,448,kip
constitué,14907,448,constitué
sésame,14908,448,sésame
cruche,14909,448,cruche
athena,14910,448,athena
superhéros,14911,448,superhéros
bristow,14912,448,bristow
staff,14913,448,staff
faraday,14914,448,faraday
hirondelle,14915,448,hirondelle hirondelles
beaver,14916,447,beaver
ad,14917,447,ad
tue-les,14918,447,tue-les
g',14919,447,g'
charisme,14920,447,charisme
s.h.i.e.l.d.,14921,447,s.h.i.e.l.d.
grappe,14922,447,grappe
burnett,14923,447,burnett
cup,14924,447,cup
hémisphère,14925,447,hémisphère
cyborg,14926,447,cyborg
ellison,14927,447,ellison
dissertation,14928,447,dissertation
stupéfait,14929,447,stupéfait stupéfaite
dominicain,14930,447,dominicaine dominicains dominicain
éclabousser,14931,447,éclaboussé éclabousser éclabousse
rocket,14932,446,rocket
manuelle,14933,446,manuelle
volvo,14934,446,volvo
door,14935,446,door
shine,14936,446,shine
gustave,14937,446,gustave
bouilloire,14938,446,bouilloire
agissement,14939,446,agissements
together,14940,446,together
parlez-en,14941,446,parlez-en
enorme,14942,445,enorme
cuisson,14943,445,cuisson
rendement,14944,445,rendement
sabbat,14945,445,sabbat
nba,14946,445,nba
descendance,14947,445,descendance
oi,14948,445,oi
hai,14949,445,hai
délicatement,14950,445,délicatement
kimmie,14951,445,kimmie
détestable,14952,445,détestable
margaritas,14953,445,margaritas
texture,14954,445,texture
kévin,14955,445,kévin
venons-en,14956,445,venons-en
tricia,14957,445,tricia
robyn,14958,445,robyn
assureur,14959,445,assureur assureurs
ample,14960,445,ample amples
déverser,14961,445,déverse déverser
londonien,14962,445,londonien londoniens londonienne
audit,14963,444,audit
dioxyde,14964,444,dioxyde
mann,14965,444,mann
offshore,14966,444,offshore
élixir,14967,444,élixir
maquis,14968,444,maquis
î,14969,444,î
désireux,14970,444,désireux
micky,14971,444,micky
proctor,14972,444,proctor
kiera,14973,444,kiera
osti,14974,444,osti
bosnie,14975,444,bosnie
expéditeur,14976,444,expéditeur
hands,14977,444,hands
chamailler,14978,444,chamailler chamaillent
ajourner,14979,444,ajournée ajourner
braconnier,14980,444,braconniers braconnier
faiblir,14981,444,faiblit faiblir
heinrich,14982,443,heinrich
installe-toi,14983,443,installe-toi
format,14984,443,format
paillasson,14985,443,paillasson
chauffard,14986,443,chauffard
octave,14987,443,octave
monaco,14988,443,monaco
astronomie,14989,443,astronomie
smile,14990,443,smile
alternatif,14991,443,alternatif alternatifs
tapant,14992,443,tapant tapantes
lubie,14993,443,lubie lubies
rune,14994,443,rune runes
amiable,14995,442,amiable
dalia,14996,442,dalia
tã,14997,442,tã
quej',14998,442,quej'
chiner,14999,442,china
1e,15000,442,1e
mecque,15001,442,mecque
nicotine,15002,442,nicotine
diablo,15003,442,diablo
harrington,15004,442,harrington
ser,15005,442,ser
gallo,15006,442,gallo
nessa,15007,442,nessa
saoudite,15008,442,saoudite
vulnérabilité,15009,442,vulnérabilité
mets-en,15010,442,mets-en
hoquet,15011,442,hoquet
security,15012,442,security
rebeller,15013,442,rebeller rebellé
cloner,15014,442,cloner cloné
galette,15015,442,galettes galette
allais-tu,15016,441,allais-tu
gunn,15017,441,gunn
sacrilège,15018,441,sacrilège
diagnostique,15019,441,diagnostique
austen,15020,441,austen
rejoins-nous,15021,441,rejoins-nous
injoignable,15022,441,injoignable
pasadena,15023,441,pasadena
opportuniste,15024,441,opportuniste opportunistes
disséquer,15025,441,disséquer disséqué
lombaire,15026,441,lombaire lombaires
minimal,15027,441,minimale minimal
exceller,15028,441,excelle exceller
fantasmer,15029,441,fantasmer fantasmé
fluctuation,15030,441,fluctuations fluctuation
notice,15031,440,notice
déca,15032,440,déca
19e,15033,440,19e
péniche,15034,440,péniche
épilepsie,15035,440,épilepsie
jagger,15036,440,jagger
caprica,15037,440,caprica
appellez,15038,440,appellez
exploité,15039,440,exploité
pourparler,15040,440,pourparlers
cardiologue,15041,440,cardiologue
pacotille,15042,440,pacotille
pathologie,15043,440,pathologie
wô,15044,440,wô
rudolph,15045,440,rudolph
fourgonnette,15046,440,fourgonnette
protéine,15047,440,protéine
transparence,15048,440,transparence
rôtir,15049,440,rôtir
toussaint,15050,440,toussaint
problématique,15051,440,problématique
jacky,15052,440,jacky
rom,15053,440,rom roms
fraternel,15054,440,fraternel fraternelle
officieux,15055,440,officieux officieuse
loutre,15056,440,loutre loutres
émouvoir,15057,440,émouvoir émeut
egan,15058,439,egan
watch,15059,439,watch
olaf,15060,439,olaf
blondir,15061,439,blondie
hari,15062,439,hari
beecher,15063,439,beecher
vieillissant,15064,439,vieillissant
dupont,15065,439,dupont
ecrire,15066,439,ecrire
retordre,15067,439,retordre
inconvenant,15068,439,inconvenant inconvenante
mulet,15069,439,mulet mulets
fixement,15070,438,fixement
voight,15071,438,voight
kar,15072,438,kar
ferris,15073,438,ferris
fury,15074,438,fury
incarcération,15075,438,incarcération
dissimulation,15076,438,dissimulation
viennent-ils,15077,438,viennent-ils
cdt,15078,438,cdt
médiateur,15079,438,médiateur
celui-la,15080,438,celui-la
moreau,15081,438,moreau
sims,15082,438,sims
interphone,15083,438,interphone
kebab,15084,438,kebab kebabs
lao,15085,438,lao laos
argentin,15086,438,argentin argentins
tique,15087,438,tique tiques
châtier,15088,438,châtier châtie châtié
calé,15089,437,calé
touch,15090,437,touch
frobisher,15091,437,frobisher
autodéfense,15092,437,autodéfense
oak,15093,437,oak
marlo,15094,437,marlo
beale,15095,437,beale
xanax,15096,437,xanax
ecouter,15097,437,ecouter
maki,15098,437,maki
saline,15099,437,saline
orateur,15100,437,orateur
cop,15101,437,cop
cie,15102,437,cie
défendeur,15103,437,défendeur
barmaid,15104,437,barmaid
trans,15105,437,trans
cm1,15106,437,cm1
indigestion,15107,437,indigestion
sergent-chef,15108,437,sergent-chef
brindille,15109,437,brindille brindilles
melbourne,15110,436,melbourne
sand,15111,436,sand
tvs,15112,436,tvs
trance,15113,436,trance
thorpe,15114,436,thorpe
stimulation,15115,436,stimulation
ch11ebeb,15116,436,ch11ebeb
hyung,15117,436,hyung
billings,15118,436,billings
casse-pieds,15119,436,casse-pieds
non-lieu,15120,436,non-lieu
riverside,15121,436,riverside
insubordination,15122,436,insubordination
brice,15123,436,brice
régénérer,15124,436,régénérer régénère
allaiter,15125,436,allaiter allaite
banderole,15126,436,banderole banderoles
pose-moi,15127,435,pose-moi
corridor,15128,435,corridor
bedroom,15129,435,bedroom
anime,15130,435,anime
pelote,15131,435,pelote
acceptant,15132,435,acceptant
disgrâce,15133,435,disgrâce
mixeur,15134,435,mixeur
présomptueux,15135,435,présomptueux
valeureux,15136,435,valeureux
figurez-vous,15137,435,figurez-vous
réfléchissant,15138,435,réfléchissant
sampson,15139,435,sampson
sinus,15140,435,sinus
vivez-vous,15141,435,vivez-vous
monopole,15142,435,monopole
monarchie,15143,435,monarchie
tramway,15144,435,tramway
damnation,15145,435,damnation
kellerman,15146,435,kellerman
coloré,15147,435,coloré
baïonnette,15148,435,baïonnette baïonnettes
amplifier,15149,435,amplifier amplifie
inca,15150,435,inca incas
vraisemblablement,15151,434,vraisemblablement
oméga,15152,434,oméga
goodwin,15153,434,goodwin
wiley,15154,434,wiley
dinner,15155,434,dinner
suis-le,15156,434,suis-le
synagogue,15157,434,synagogue
perpète,15158,434,perpète
mace,15159,434,mace
crow,15160,434,crow
encadrer,15161,434,encadrer
mathématicien,15162,434,mathématicien mathématiciens
dévisager,15163,434,dévisager dévisage
consécutif,15164,434,consécutives consécutifs consécutive
contracté,15165,433,contracté
hypothétiquement,15166,433,hypothétiquement
éveil,15167,433,éveil
prodigue,15168,433,prodigue
anémie,15169,433,anémie
bosco,15170,433,bosco
tracey,15171,433,tracey
epstein,15172,433,epstein
mtv,15173,433,mtv
apollon,15174,433,apollon
dirigeable,15175,433,dirigeable
fashion,15176,433,fashion
pourrez-vous,15177,433,pourrez-vous
c.v.,15178,433,c.v.
sourdine,15179,433,sourdine
post-it,15180,433,post-it
passionnel,15181,433,passionnel
blackjack,15182,433,blackjack
casse-tête,15183,433,casse-tête
filou,15184,433,filou filous
autochtone,15185,433,autochtones autochtone
rescapé,15186,433,rescapés rescapé
astre,15187,433,astres astre
broutille,15188,433,broutilles broutille
aménager,15189,433,aménager aménagé
affliger,15190,433,affligé afflige affligée
inhalateur,15191,432,inhalateur
jace,15192,432,jace
katarina,15193,432,katarina
acoustique,15194,432,acoustique
ecrivez,15195,432,ecrivez
caesar,15196,432,caesar
lé,15197,432,lé
burne,15198,432,burnes
archibald,15199,432,archibald
ahhh,15200,432,ahhh
apophis,15201,432,apophis
ortega,15202,432,ortega
rousseur,15203,432,rousseur
adjugé,15204,432,adjugé
arrosé,15205,432,arrosé
shen,15206,432,shen
médicalement,15207,432,médicalement
rai,15208,432,rai rais
pathogène,15209,432,pathogène pathogènes
statistiquement,15210,431,statistiquement
adversité,15211,431,adversité
courtisane,15212,431,courtisane
bow,15213,431,bow
embolie,15214,431,embolie
wentworth,15215,431,wentworth
joxer,15216,431,joxer
pritchard,15217,431,pritchard
payne,15218,431,payne
incendié,15219,431,incendié
vas-t',15220,431,vas-t'
uhh,15221,431,uhh
babysitter,15222,431,babysitter
parlementaire,15223,431,parlementaire parlementaires
stripteaseur,15224,431,stripteaseuse stripteaseuses
instaurer,15225,431,instaurer instauré
criquet,15226,431,criquets criquet
accourir,15227,431,accouru accours accourir
accaparer,15228,431,accaparer accapare accaparé
unifier,15229,431,unifier unifié unifiée
gum,15230,430,gum
lime,15231,430,lime
step,15232,430,step
gerbe,15233,430,gerbe
geeks,15234,430,geeks
suivez-le,15235,430,suivez-le
pandore,15236,430,pandore
strong,15237,430,strong
hair,15238,430,hair
commérage,15239,430,commérages
dada,15240,430,dada
paxton,15241,430,paxton
leary,15242,430,leary
rallye,15243,430,rallye
frayeur,15244,430,frayeur
unanime,15245,430,unanime
luce,15246,430,luce
limpide,15247,430,limpide
amabilité,15248,430,amabilité
nope,15249,430,nope
monarque,15250,430,monarque monarques
consciencieux,15251,430,consciencieux consciencieuse
époustouflant,15252,430,époustouflant époustouflante
syrien,15253,430,syriens syrien
microscopique,15254,430,microscopique microscopiques
maille,15255,430,mailles maille
stack,15256,429,stack
ka,15257,429,ka
complexité,15258,429,complexité
selena,15259,429,selena
pouvait-il,15260,429,pouvait-il
suzaku,15261,429,suzaku
synthèse,15262,429,synthèse
diminutif,15263,429,diminutif
hospital,15264,429,hospital
sparks,15265,429,sparks
méningite,15266,429,méningite
platon,15267,429,platon
ma',15268,429,ma'
planification,15269,429,planification
néné,15270,429,nénés
garrot,15271,429,garrot
remarcher,15272,429,remarcher remarche
intenter,15273,429,intenter intenté intente
estrade,15274,428,estrade
pincée,15275,428,pincée
block,15276,428,block
habitez-vous,15277,428,habitez-vous
monkey,15278,428,monkey
strangulation,15279,428,strangulation
porridge,15280,428,porridge
liban,15281,428,liban
ourse,15282,428,ourse
schiller,15283,428,schiller
ki,15284,428,ki
tiers-monde,15285,428,tiers-monde
done,15286,428,done
hattie,15287,427,hattie
bureaucratie,15288,427,bureaucratie
adressez-vous,15289,427,adressez-vous
doublement,15290,427,doublement
mahoney,15291,427,mahoney
navarro,15292,427,navarro
proue,15293,427,proue
roulée,15294,427,roulée
sortez-vous,15295,427,sortez-vous
incarné,15296,427,incarné
acrobate,15297,427,acrobate acrobates
saule,15298,427,saule saules
étincelant,15299,427,étincelante étincelant
grêle,15300,426,grêle
kapinou,15301,426,kapinou
even,15302,426,even
crowder,15303,426,crowder
foret,15304,426,foret
trouvez-la,15305,426,trouvez-la
amène-la,15306,426,amène-la
blocus,15307,426,blocus
ale,15308,426,ale
parles-en,15309,426,parles-en
chaudron,15310,426,chaudron
brownie,15311,426,brownie
fielding,15312,426,fielding
obstiné,15313,426,obstiné
diagramme,15314,426,diagramme diagrammes
bulldog,15315,426,bulldog bulldogs
gobelin,15316,426,gobelins gobelin
fulton,15317,425,fulton
ménopause,15318,425,ménopause
détachez-moi,15319,425,détachez-moi
quichotte,15320,425,quichotte
rapprochez-vous,15321,425,rapprochez-vous
whaou,15322,425,whaou
amusons-nous,15323,425,amusons-nous
saucisson,15324,425,saucisson
tau,15325,425,tau
instruire,15326,425,instruire
ripley,15327,425,ripley
bicarbonate,15328,425,bicarbonate
wait,15329,425,wait
berman,15330,425,berman
javi,15331,425,javi
serviable,15332,425,serviable
aérer,15333,425,aérer
goldie,15334,425,goldie
seinfeld,15335,425,seinfeld
largage,15336,425,largage
scotcher,15337,425,scotché scotchée
apaisant,15338,425,apaisant apaisante
occasionnel,15339,425,occasionnel occasionnelle
laxatif,15340,425,laxatif laxatifs
arachide,15341,425,arachide arachides
airbag,15342,425,airbag airbags
réactif,15343,425,réactif réactives réactive
rene,15344,424,rene
duff,15345,424,duff
catéchisme,15346,424,catéchisme
paperasserie,15347,424,paperasserie
watkins,15348,424,watkins
lèche-cul,15349,424,lèche-cul
casse-croûte,15350,424,casse-croûte
mueller,15351,424,mueller
zinc,15352,424,zinc
multitude,15353,424,multitude
rends-le,15354,424,rends-le
présentement,15355,424,présentement
pénélope,15356,424,pénélope
magnétophone,15357,424,magnétophone
mã,15358,424,mã
rappliquer,15359,424,rappliquer rappliquent
salarier,15360,424,salariés salarié
incompatible,15361,424,incompatibles incompatible
étienne,15362,423,étienne
jam,15363,423,jam
blanchard,15364,423,blanchard
doudou,15365,423,doudou
continuum,15366,423,continuum
santo,15367,423,santo
énergique,15368,423,énergique
ahmad,15369,423,ahmad
uther,15370,423,uther
harpe,15371,423,harpe
kravitz,15372,423,kravitz
arlene,15373,423,arlene
interposer,15374,423,interposer interpose
astiquer,15375,423,astiquer astique
grossièreté,15376,423,grossièreté grossièretés
frisbee,15377,422,frisbee
alliez-vous,15378,422,alliez-vous
réglisse,15379,422,réglisse
sancho,15380,422,sancho
bourne,15381,422,bourne
jodie,15382,422,jodie
etiez,15383,422,etiez
albanais,15384,422,albanais
friday,15385,422,friday
pontage,15386,422,pontage
lanie,15387,422,lanie
habilité,15388,422,habilité
kill,15389,422,kill
schneider,15390,422,schneider
ponction,15391,421,ponction
chateau,15392,421,chateau
royauté,15393,421,royauté
benito,15394,421,benito
tamiser,15395,421,tamise
sandoval,15396,421,sandoval
camisole,15397,421,camisole
aquaman,15398,421,aquaman
indicatif,15399,421,indicatif
carlyle,15400,421,carlyle
starr,15401,421,starr
accrochage,15402,421,accrochage
lave-toi,15403,421,lave-toi
triage,15404,421,triage
hamac,15405,421,hamac
ferait-elle,15406,421,ferait-elle
own,15407,421,own
raviver,15408,421,raviver ravivé
corroborer,15409,421,corroborer corrobore
palme,15410,421,palme palmes
earp,15411,420,earp
barnett,15412,420,barnett
everything,15413,420,everything
manœuvres,15414,420,manœuvres
rizzoli,15415,420,rizzoli
mouais,15416,420,mouais
batiment,15417,420,batiment
geordi,15418,420,geordi
funeste,15419,420,funeste
rabbit,15420,420,rabbit
cafe,15421,420,cafe
xander,15422,420,xander
vikram,15423,420,vikram
skipper,15424,420,skipper
aveuglément,15425,420,aveuglément
yamamoto,15426,420,yamamoto
nucky,15427,420,nucky
unanimité,15428,420,unanimité
pleurnichard,15429,420,pleurnichard pleurnichards
créancier,15430,420,créanciers créancier
vertical,15431,420,vertical verticales
bolivie,15432,419,bolivie
configuration,15433,419,configuration
heaven,15434,419,heaven
idéologie,15435,419,idéologie
bouse,15436,419,bouse
samba,15437,419,samba
manuela,15438,419,manuela
administré,15439,419,administré
choléra,15440,419,choléra
kwon,15441,419,kwon
castillo,15442,419,castillo
tully,15443,419,tully
achète-toi,15444,419,achète-toi
contraste,15445,419,contraste
emmanuel,15446,419,emmanuel
varicelle,15447,419,varicelle
bojack,15448,419,bojack
experience,15449,419,experience
physiologique,15450,419,physiologique physiologiques
lampadaire,15451,419,lampadaire lampadaires
débordant,15452,419,débordante débordant
festif,15453,419,festif festive
thunder,15454,418,thunder
insatiable,15455,418,insatiable
insurrection,15456,418,insurrection
squash,15457,418,squash
échauffer,15458,418,échauffer
21ème,15459,418,21ème
fda,15460,418,fda
exilé,15461,418,exilé
elmer,15462,418,elmer
bricolage,15463,418,bricolage
ladies,15464,418,ladies
putois,15465,418,putois
contredit,15466,418,contredit
peralta,15467,418,peralta
rugissement,15468,418,rugissement rugissements
perçant,15469,418,perçant perçants
félin,15470,418,félin féline félins
aldo,15471,417,aldo
statique,15472,417,statique
cbs,15473,417,cbs
problemes,15474,417,problemes
restrictif,15475,417,restrictive
rangement,15476,417,rangement
alphabétique,15477,417,alphabétique
et-,15478,417,et-
notoriété,15479,417,notoriété
waldo,15480,417,waldo
sais-je,15481,417,sais-je
alyssa,15482,417,alyssa
kobe,15483,417,kobe
atropine,15484,417,atropine
welles,15485,417,welles
spontanément,15486,417,spontanément
dompter,15487,417,dompter dompté
attrayant,15488,417,attrayant attrayante
hawaïen,15489,417,hawaïenne hawaïen
coca-cola,15490,416,coca-cola
r2,15491,416,r2
zeta,15492,416,zeta
entracte,15493,416,entracte
tower,15494,416,tower
photocopieur,15495,416,photocopieuse
pegasus,15496,416,pegasus
laurence,15497,416,laurence
chardonnay,15498,416,chardonnay
rochester,15499,416,rochester
manolo,15500,416,manolo
mauve,15501,416,mauve
tr,15502,416,tr
damn,15503,416,damn
romancier,15504,416,romancier romancière
sectionner,15505,416,sectionné sectionnée
farfelu,15506,416,farfelu farfelue
chromosome,15507,416,chromosomes chromosome
notable,15508,416,notable notables
sapristi,15509,415,sapristi
sabbatique,15510,415,sabbatique
maltraitance,15511,415,maltraitance
terminator,15512,415,terminator
armando,15513,415,armando
verite,15514,415,verite
skateboard,15515,415,skateboard
chamberlain,15516,415,chamberlain
sly,15517,415,sly
rei,15518,415,rei
biceps,15519,415,biceps
chrissy,15520,415,chrissy
bonaparte,15521,415,bonaparte
mix,15522,415,mix
supercherie,15523,415,supercherie
clancy,15524,415,clancy
sub,15525,415,sub
reconnait,15526,415,reconnait
circonscription,15527,415,circonscription
challenger,15528,415,challenger
indianapolis,15529,415,indianapolis
kincaid,15530,415,kincaid
penseur,15531,415,penseur penseurs
stationner,15532,415,stationné stationner
bourge,15533,415,bourges bourge
majorette,15534,415,majorette majorettes
mckenzie,15535,414,mckenzie
controverse,15536,414,controverse
fergus,15537,414,fergus
maui,15538,414,maui
alexx,15539,414,alexx
gao,15540,414,gao
erich,15541,414,erich
rallonge,15542,414,rallonge
avant-bras,15543,414,avant-bras
entraine,15544,414,entraine
meutre,15545,414,meutre
occurrence,15546,414,occurrence
aubaine,15547,414,aubaine
karadoc,15548,414,karadoc
indépendamment,15549,414,indépendamment
criquette,15550,414,criquette
vador,15551,414,vador
généreusement,15552,414,généreusement
moose,15553,414,moose
imposture,15554,414,imposture
frisé,15555,414,frisé
arbalète,15556,413,arbalète
brianna,15557,413,brianna
clandestinement,15558,413,clandestinement
mustafa,15559,413,mustafa
soumission,15560,413,soumission
torchwood,15561,413,torchwood
rigidité,15562,413,rigidité
simulateur,15563,413,simulateur
azur,15564,413,azur
anticipé,15565,413,anticipé
dude,15566,413,dude
rh,15567,413,rh
albinos,15568,413,albinos
deanna,15569,413,deanna
roswell,15570,413,roswell
déraisonnable,15571,413,déraisonnable
insaisissable,15572,413,insaisissable
goku,15573,413,goku
chevy,15574,413,chevy
kelvin,15575,413,kelvin
evite,15576,413,evite
harem,15577,413,harem
pétrifier,15578,413,pétrifié pétrifiée
conformer,15579,413,conformer conformes
breton,15580,413,breton bretons
illustration,15581,413,illustration illustrations
sous-fifre,15582,413,sous-fifre sous-fifres
gestionnaire,15583,412,gestionnaire
comprends-moi,15584,412,comprends-moi
lakers,15585,412,lakers
sil,15586,412,sil
keaton,15587,412,keaton
trinité,15588,412,trinité
heat,15589,412,heat
das,15590,412,das
maté,15591,412,maté
bridgette,15592,412,bridgette
partez-vous,15593,412,partez-vous
cà,15594,412,cà
attrait,15595,412,attrait
écume,15596,412,écume
coney,15597,412,coney
placenta,15598,412,placenta
stafford,15599,412,stafford
concocter,15600,412,concocté concocter
déflecteur,15601,412,déflecteur déflecteurs
care,15602,411,care
mercury,15603,411,mercury
wilton,15604,411,wilton
lilas,15605,411,lilas
kérosène,15606,411,kérosène
15e,15607,411,15e
claudio,15608,411,claudio
giulia,15609,411,giulia
serrurier,15610,411,serrurier
calder,15611,411,calder
tombola,15612,411,tombola
irma,15613,411,irma
dignement,15614,411,dignement
antiquaire,15615,411,antiquaire antiquaires
profane,15616,411,profane profanes
égaler,15617,411,égaler égalent
galeux,15618,411,galeux galeuse
essouffler,15619,411,essoufflé essoufflée
abricot,15620,411,abricot abricots
holding,15621,411,holding holdings
imperfection,15622,411,imperfections imperfection
cognitif,15623,411,cognitive cognitives cognitif
intro,15624,410,intro
irrationnel,15625,410,irrationnel
wilhelm,15626,410,wilhelm
carey,15627,410,carey
patrice,15628,410,patrice
bingum,15629,410,bingum
michaela,15630,410,michaela
soulèvement,15631,410,soulèvement
corbillard,15632,410,corbillard
heavy,15633,410,heavy
pickle,15634,410,pickles
recourir,15635,410,recourir
garner,15636,410,garner
carrée,15637,410,carrée
señora,15638,410,señora
indétectable,15639,410,indétectable indétectables
centurion,15640,410,centurion centurions
extorquer,15641,410,extorquer extorqué
hun,15642,410,hun huns
verne,15643,409,verne
takeda,15644,409,takeda
systématiquement,15645,409,systématiquement
kaboul,15646,409,kaboul
frimer,15647,409,frimer
shah,15648,409,shah
chevelu,15649,409,chevelu
adi,15650,409,adi
guatemala,15651,409,guatemala
équitation,15652,409,équitation
ramenez-la,15653,409,ramenez-la
pragmatique,15654,409,pragmatique
project,15655,409,project
couvrez-moi,15656,409,couvrez-moi
lyman,15657,409,lyman
gi,15658,409,gi
lolita,15659,409,lolita
16e,15660,409,16e
remember,15661,409,remember
magnéto,15662,409,magnéto
parish,15663,409,parish
friction,15664,409,friction frictions
bestial,15665,409,bestiaux bestial
amorcer,15666,409,amorcer amorcé amorcée
gonflement,15667,408,gonflement
ghb,15668,408,ghb
tov,15669,408,tov
alliage,15670,408,alliage
wooster,15671,408,wooster
secrétariat,15672,408,secrétariat
nottingham,15673,408,nottingham
teller,15674,408,teller
skype,15675,408,skype
envoie-le,15676,408,envoie-le
tabarnak,15677,408,tabarnak
landau,15678,408,landau
gnome,15679,408,gnome gnomes
droïde,15680,407,droïde
crémaillère,15681,407,crémaillère
saigon,15682,407,saigon
fern,15683,407,fern
uv,15684,407,uv
okinawa,15685,407,okinawa
drill,15686,407,drill
indéniable,15687,407,indéniable
next,15688,407,next
herbie,15689,407,herbie
cadran,15690,407,cadran
jericho,15691,407,jericho
portes-tu,15692,407,portes-tu
pourras-tu,15693,407,pourras-tu
argenté,15694,407,argenté
écorcher,15695,407,écorcher écorche
mite,15696,407,mites mite
parachutiste,15697,407,parachutistes parachutiste
ancestral,15698,407,ancestrale ancestral
hallucinogène,15699,407,hallucinogènes hallucinogène
mattie,15700,406,mattie
fascine,15701,406,fascine
penche-toi,15702,406,penche-toi
flip,15703,406,flip
med,15704,406,med
pipeau,15705,406,pipeau
sarin,15706,406,sarin
patinage,15707,406,patinage
fissa,15708,406,fissa
gothique,15709,406,gothique
cyclone,15710,406,cyclone
doit-elle,15711,406,doit-elle
bali,15712,406,bali
masterson,15713,406,masterson
émilie,15714,406,émilie
occasionnellement,15715,406,occasionnellement
bernstein,15716,406,bernstein
anal,15717,406,anal
wifi,15718,406,wifi
tutoyer,15719,406,tutoyer tutoie
clamer,15720,406,clame clamer
aaaah,15721,405,aaaah
helene,15722,405,helene
persévérance,15723,405,persévérance
carlotta,15724,405,carlotta
promets-le-moi,15725,405,promets-le-moi
juarez,15726,405,juarez
ironiquement,15727,405,ironiquement
rhys,15728,405,rhys
prohibition,15729,405,prohibition
marions-nous,15730,405,marions-nous
evi,15731,405,evi
doctrine,15732,405,doctrine
he',15733,405,he'
arrière-grand-père,15734,405,arrière-grand-père
c4,15735,405,c4
déroulement,15736,405,déroulement
potage,15737,405,potage
imprudence,15738,405,imprudence
ciblé,15739,405,ciblé
harpon,15740,405,harpon
chaleureusement,15741,405,chaleureusement
pittoresque,15742,405,pittoresque
underground,15743,405,underground
chinetoque,15744,405,chinetoque chinetoques
pubien,15745,405,pubiens pubien
rafler,15746,405,rafler raflé
mégère,15747,404,mégère
arlington,15748,404,arlington
vs,15749,404,vs
perceval,15750,404,perceval
dopamine,15751,404,dopamine
farceur,15752,404,farceur
christianisme,15753,404,christianisme
hpd,15754,404,hpd
passible,15755,404,passible
madone,15756,404,madone
olympia,15757,404,olympia
désinfectant,15758,404,désinfectant
alcatraz,15759,404,alcatraz
mori,15760,404,mori
trot,15761,404,trot
anchois,15762,404,anchois
hippopotame,15763,404,hippopotame hippopotames
obsessionnel,15764,404,obsessionnel obsessionnelle
rapatrier,15765,404,rapatrier rapatrié
capituler,15766,404,capituler capitulé
largeur,15767,403,largeur
faisait-elle,15768,403,faisait-elle
honda,15769,403,honda
centauri,15770,403,centauri
clergé,15771,403,clergé
lyndsey,15772,403,lyndsey
pégase,15773,403,pégase
etienne,15774,403,etienne
shep,15775,403,shep
almeida,15776,403,almeida
cardassien,15777,403,cardassien
périple,15778,403,périple
volley,15779,403,volley
lol,15780,403,lol
neurologue,15781,403,neurologue
prete,15782,403,prete
trinity,15783,403,trinity
ahem,15784,403,ahem
sameer,15785,403,sameer
una,15786,403,una
collégien,15787,403,collégienne collégien collégiens
darla,15788,402,darla
scylla,15789,402,scylla
jeanette,15790,402,jeanette
leanne,15791,402,leanne
jetez-le,15792,402,jetez-le
toxicologie,15793,402,toxicologie
court-circuit,15794,402,court-circuit
keeler,15795,402,keeler
harmony,15796,402,harmony
pepsi,15797,402,pepsi
livia,15798,402,livia
intimement,15799,402,intimement
magnifiquement,15800,402,magnifiquement
bruler,15801,402,bruler
row,15802,402,row
cruellement,15803,402,cruellement
breakfast,15804,402,breakfast
clamp,15805,402,clamp
priant,15806,402,priant
guérilla,15807,402,guérilla
panacher,15808,402,panache panaché
informaticien,15809,402,informaticien informaticiens
démunir,15810,402,démunis démuni
répertorier,15811,402,répertorié répertoriés
ancrer,15812,402,ancré ancrée
mohamed,15813,401,mohamed
impec,15814,401,impec
moelleux,15815,401,moelleux
janus,15816,401,janus
termite,15817,401,termites
gaieté,15818,401,gaieté
cola,15819,401,cola
déséquilibre,15820,401,déséquilibre
aujourd,15821,401,aujourd
zip,15822,401,zip
captivant,15823,401,captivant captivante
craquement,15824,401,craquement craquements
horrifier,15825,401,horrifié horrifiée
fausser,15826,401,faussé fausser
incriminer,15827,400,incriminer
fichtre,15828,400,fichtre
inside,15829,400,inside
coiffé,15830,400,coiffé
saint-père,15831,400,saint-père
voice,15832,400,voice
damas,15833,400,damas
hadley,15834,400,hadley
mmmm,15835,400,mmmm
demandez-leur,15836,400,demandez-leur
altéré,15837,400,altéré
déshabillez-vous,15838,400,déshabillez-vous
serieusement,15839,400,serieusement
rétroviseur,15840,400,rétroviseur
wind,15841,400,wind
templeton,15842,400,templeton
mascara,15843,400,mascara
amiante,15844,400,amiante
indiscrétion,15845,400,indiscrétion indiscrétions
gorman,15846,399,gorman
rhabiller,15847,399,rhabiller
chlore,15848,399,chlore
dodd,15849,399,dodd
caveau,15850,399,caveau
gallois,15851,399,gallois
aidez-la,15852,399,aidez-la
kobayashi,15853,399,kobayashi
pactole,15854,399,pactole
res,15855,399,res
yellow,15856,399,yellow
vaut-il,15857,399,vaut-il
gendarmerie,15858,399,gendarmerie
lorne,15859,399,lorne
manigance,15860,399,manigance
keuf,15861,399,keufs keuf
professionnalisme,15862,398,professionnalisme
racle,15863,398,racle
basket-ball,15864,398,basket-ball
penthouse,15865,398,penthouse
gratte-ciel,15866,398,gratte-ciel
robotique,15867,398,robotique
lorelei,15868,398,lorelei
toboggan,15869,398,toboggan
tweet,15870,398,tweet
ten,15871,398,ten
métamorphose,15872,398,métamorphose
arms,15873,398,arms
hab.,15874,398,hab.
légalité,15875,398,légalité
beaux-arts,15876,398,beaux-arts
périphérique,15877,398,périphérique périphériques
confiserie,15878,398,confiserie confiseries
guetter,15879,398,guetter guettent
guetteur,15880,398,guetteur guetteurs
patrouilleur,15881,398,patrouilleur patrouilleurs
sévir,15882,398,sévit sévir
défibrillateur,15883,397,défibrillateur
rizzo,15884,397,rizzo
sera-t-elle,15885,397,sera-t-elle
paria,15886,397,paria
fétiche,15887,397,fétiche
zed,15888,397,zed
minette,15889,397,minette
farmer,15890,397,farmer
lannister,15891,397,lannister
amazonie,15892,397,amazonie
tentacule,15893,397,tentacules
pouffiasse,15894,397,pouffiasse
chaines,15895,397,chaines
ampli,15896,397,ampli amplis
crédule,15897,397,crédule crédules
spacieux,15898,397,spacieux spacieuse
confident,15899,397,confident confidente
vinyle,15900,397,vinyle vinyles
réactiver,15901,397,réactiver réactivé
déviant,15902,397,déviant déviants
different,15903,396,different
u.,15904,396,u.
vasectomie,15905,396,vasectomie
lupus,15906,396,lupus
bizutage,15907,396,bizutage
coche,15908,396,coche
reginald,15909,396,reginald
sodomie,15910,396,sodomie
mcguire,15911,396,mcguire
brando,15912,396,brando
véronique,15913,396,véronique
columbus,15914,396,columbus
aurai-je,15915,396,aurai-je
respectueusement,15916,396,respectueusement
inapte,15917,396,inapte
ripped,15918,396,ripped
portrait-robot,15919,396,portrait-robot
baster,15920,396,basta
ch9f00,15921,396,ch9f00
arrondir,15922,396,arrondir arrondis
surexciter,15923,396,surexcité surexcitée
visionner,15924,396,visionner visionné
saoudien,15925,396,saoudiens saoudien
couturière,15926,395,couturière
lavée,15927,395,lavée
walton,15928,395,walton
meadows,15929,395,meadows
pinot,15930,395,pinot
nicola,15931,395,nicola
dessinateur,15932,395,dessinateur
silo,15933,395,silo
ambre,15934,395,ambre
enflé,15935,395,enflé
oublie-la,15936,395,oublie-la
conroy,15937,395,conroy
expier,15938,395,expier
lavie,15939,395,lavie
highway,15940,395,highway
ros,15941,395,ros
chopin,15942,395,chopin
rétrograder,15943,395,rétrogradé rétrograder
complément,15944,395,complément compléments
factice,15945,395,factice factices
siroter,15946,395,siroter sirotant
nourrisson,15947,395,nourrisson nourrissons
turbine,15948,395,turbine turbines
sélectif,15949,395,sélective sélectif
engrosser,15950,395,engrosser engrossée engrossé
wick,15951,394,wick
sculpteur,15952,394,sculpteur
acné,15953,394,acné
bed,15954,394,bed
ying,15955,394,ying
ew,15956,394,ew
activement,15957,394,activement
parkinson,15958,394,parkinson
9ème,15959,394,9ème
thierry,15960,394,thierry
popeye,15961,394,popeye
supportable,15962,394,supportable
oops,15963,394,oops
holodeck,15964,394,holodeck
medecin,15965,394,medecin
fétide,15966,394,fétide
motus,15967,394,motus
pfft,15968,394,pfft
narguer,15969,394,narguer nargue
gravitationnel,15970,394,gravitationnelle gravitationnel
michel-ange,15971,393,michel-ange
milos,15972,393,milos
ténacité,15973,393,ténacité
viviane,15974,393,viviane
renfermé,15975,393,renfermé
lynx,15976,393,lynx
surchauffe,15977,393,surchauffe
serpillière,15978,393,serpillière
cesare,15979,393,cesare
middleton,15980,393,middleton
fitness,15981,393,fitness
déc,15982,393,déc
amenez-les,15983,393,amenez-les
prépayé,15984,393,prépayé
bécane,15985,393,bécane
voulait-elle,15986,393,voulait-elle
touffe,15987,393,touffe
litige,15988,393,litige litiges
illustrer,15989,393,illustrer illustres
cécité,15990,392,cécité
raphaël,15991,392,raphaël
exclusion,15992,392,exclusion
transpiration,15993,392,transpiration
augustus,15994,392,augustus
deluca,15995,392,deluca
crew,15996,392,crew
dépotoir,15997,392,dépotoir
cul-de-sac,15998,392,cul-de-sac
lénine,15999,392,lénine
marko,16000,392,marko
dénouement,16001,392,dénouement
illuminé,16002,392,illuminé
monotone,16003,392,monotone
poireauter,16004,392,poireauter poireaute
angoissant,16005,392,angoissant angoissante
friser,16006,392,frisés friser
grièvement,16007,391,grièvement
abc,16008,391,abc
7h30,16009,391,7h30
roderick,16010,391,roderick
improvisation,16011,391,improvisation
consume,16012,391,consume
rafle,16013,391,rafle
prada,16014,391,prada
fabrice,16015,391,fabrice
rudi,16016,391,rudi
malice,16017,391,malice
totem,16018,391,totem
athlétique,16019,391,athlétique
apprends-moi,16020,391,apprends-moi
virez-moi,16021,391,virez-moi
ferdinand,16022,391,ferdinand
pleures-tu,16023,391,pleures-tu
textile,16024,391,textile textiles
effusion,16025,391,effusion effusions
mousquet,16026,391,mousquet mousquets
terrasser,16027,391,terrassé terrasser
affinité,16028,391,affinités affinité
débouler,16029,391,déboule débouler
fortifier,16030,391,fortifier fortifié fortifiée
braverman,16031,390,braverman
pénitentiaire,16032,390,pénitentiaire
absolution,16033,390,absolution
cambodge,16034,390,cambodge
etonnant,16035,390,etonnant
market,16036,390,market
véra,16037,390,véra
wichita,16038,390,wichita
fascination,16039,390,fascination
puck,16040,390,puck
détritus,16041,390,détritus
neurochirurgien,16042,390,neurochirurgien
baird,16043,390,baird
excuse-nous,16044,390,excuse-nous
riggins,16045,390,riggins
trésorier,16046,390,trésorier
boumer,16047,390,boume
enchantement,16048,390,enchantement
sternum,16049,390,sternum
tulsa,16050,390,tulsa
philosophique,16051,390,philosophique philosophiques
cigogne,16052,390,cigogne cigognes
saphir,16053,390,saphir saphirs
isotope,16054,390,isotopes isotope
nageoire,16055,390,nageoires nageoire
best-seller,16056,389,best-seller
illumination,16057,389,illumination
fabian,16058,389,fabian
paulson,16059,389,paulson
aime-moi,16060,389,aime-moi
tisane,16061,389,tisane
déshydraté,16062,389,déshydraté
besogne,16063,389,besogne
report,16064,389,report
yoshida,16065,389,yoshida
nightingale,16066,389,nightingale
truck,16067,389,truck
efficacement,16068,389,efficacement
recoucher,16069,389,recoucher
individuellement,16070,389,individuellement
symbiote,16071,389,symbiote
horton,16072,389,horton
tutelle,16073,389,tutelle
faîtes-vous,16074,389,faîtes-vous
arcadia,16075,389,arcadia
discothèque,16076,389,discothèque
camomille,16077,389,camomille
socialisme,16078,389,socialisme
marsha,16079,389,marsha
cordonnier,16080,389,cordonnier
ge,16081,389,ge
o.j.,16082,389,o.j.
déchaîné,16083,389,déchaîné
traction,16084,389,traction tractions
mimosa,16085,389,mimosa mimosas
charognard,16086,389,charognards charognard
agrafe,16087,389,agrafes agrafe
housse,16088,389,housse housses
sicilien,16089,389,sicilien siciliens
crucifix,16090,388,crucifix
bhai,16091,388,bhai
indonésie,16092,388,indonésie
crucifié,16093,388,crucifié
elvira,16094,388,elvira
marino,16095,388,marino
rémi,16096,388,rémi
lung,16097,388,lung
hubbard,16098,388,hubbard
velma,16099,388,velma
pao,16100,388,pao
amont,16101,388,amont
indignation,16102,388,indignation
martina,16103,388,martina
perversion,16104,388,perversion perversions
grief,16105,388,griefs grief
rejeton,16106,388,rejeton rejetons
vassal,16107,388,vassal vassaux
calin,16108,387,calin
maude,16109,387,maude
délivre,16110,387,délivre
vf,16111,387,vf
venice,16112,387,venice
troisièmement,16113,387,troisièmement
moreno,16114,387,moreno
giselle,16115,387,giselle
errol,16116,387,errol
minière,16117,387,minière
early,16118,387,early
giants,16119,387,giants
thermos,16120,387,thermos
balboa,16121,387,balboa
botox,16122,387,botox
arrange-toi,16123,387,arrange-toi
pépère,16124,387,pépère
wrong,16125,387,wrong
légitimer,16126,387,légitimes
abject,16127,387,abject abjecte
vih,16128,386,vih
arkady,16129,386,arkady
pendleton,16130,386,pendleton
zbz,16131,386,zbz
excessivement,16132,386,excessivement
khalid,16133,386,khalid
martel,16134,386,martel
kyoko,16135,386,kyoko
interro,16136,386,interro
clap,16137,386,clap
latimer,16138,386,latimer
boîtier,16139,386,boîtier
litière,16140,386,litière
syracuse,16141,385,syracuse
adhésion,16142,385,adhésion
clébard,16143,385,clébard
préalable,16144,385,préalable
mathis,16145,385,mathis
louvre,16146,385,louvre
dr.house.over-blog.fr,16147,385,dr.house.over-blog.fr
avorton,16148,385,avorton
raffinerie,16149,385,raffinerie
ãªtes,16150,385,ãªtes
haruhi,16151,385,haruhi
heh,16152,385,heh
hooper,16153,385,hooper
wai,16154,385,wai
valser,16155,385,valser
tribeca,16156,385,tribeca
gaulois,16157,385,gaulois
fernand,16158,385,fernand
shack,16159,385,shack
smokey,16160,385,smokey
limier,16161,385,limier limiers
baratiner,16162,385,baratiner baratine
banalité,16163,385,banalités banalité
polar,16164,385,polars polar
miraculeusement,16165,384,miraculeusement
pourraient-ils,16166,384,pourraient-ils
rockefeller,16167,384,rockefeller
sèche-linge,16168,384,sèche-linge
telecharger,16169,384,telecharger
néron,16170,384,néron
beast,16171,384,beast
interné,16172,384,interné
patiemment,16173,384,patiemment
urticaire,16174,384,urticaire
purification,16175,384,purification
passionnément,16176,384,passionnément
inflation,16177,384,inflation
lndiens,16178,384,lndiens
reprenez-vous,16179,384,reprenez-vous
willa,16180,384,willa
corky,16181,384,corky
alamo,16182,384,alamo
vingt-quatre,16183,384,vingt-quatre
typhon,16184,384,typhon
intégralité,16185,384,intégralité
régénération,16186,384,régénération
reluquer,16187,384,reluquer reluque
sursauter,16188,384,sursauter sursauté
subordonner,16189,384,subordonnés subordonné
ignore-le,16190,383,ignore-le
maia,16191,383,maia
systolique,16192,383,systolique
tapisserie,16193,383,tapisserie
kieran,16194,383,kieran
téhéran,16195,383,téhéran
ecarte-toi,16196,383,ecarte-toi
pichet,16197,383,pichet
barricade,16198,383,barricade
frazier,16199,383,frazier
didier,16200,383,didier
johns,16201,383,johns
sakura,16202,383,sakura
botanique,16203,383,botanique
analogie,16204,383,analogie
normalité,16205,383,normalité
barder,16206,383,barder
jabbar,16207,383,jabbar
isa,16208,383,isa
géologue,16209,383,géologue géologues
privation,16210,383,privation privations
dominateur,16211,383,dominatrice dominateur
inhibiteur,16212,383,inhibiteur inhibiteurs
ricaner,16213,383,ricane ricaner
attester,16214,383,attester atteste
ligament,16215,383,ligament ligaments
frelon,16216,383,frelons frelon
progressif,16217,383,progressive progressif
postérité,16218,382,postérité
j.t.,16219,382,j.t.
craignos,16220,382,craignos
jakob,16221,382,jakob
rigsby,16222,382,rigsby
keane,16223,382,keane
ramassis,16224,382,ramassis
christmas,16225,382,christmas
fifi,16226,382,fifi
quiz,16227,382,quiz
fouetté,16228,382,fouetté
juste-,16229,382,juste-
argot,16230,382,argot
milkshake,16231,382,milkshake
disiez-vous,16232,382,disiez-vous
enlevez-le,16233,382,enlevez-le
je-sais-tout,16234,382,je-sais-tout
impro,16235,382,impro
occupons-nous,16236,382,occupons-nous
gigoter,16237,382,gigoter gigote
ruée,16238,381,ruée
keenan,16239,381,keenan
lodge,16240,381,lodge
guenièvre,16241,381,guenièvre
tuttle,16242,381,tuttle
obi-wan,16243,381,obi-wan
any,16244,381,any
blunt,16245,381,blunt
cunningham,16246,381,cunningham
byrd,16247,381,byrd
amélia,16248,381,amélia
fiotte,16249,381,fiotte
mélasse,16250,381,mélasse
atwood,16251,381,atwood
bobbie,16252,381,bobbie
esmeralda,16253,381,esmeralda
uno,16254,381,uno
j.b.,16255,381,j.b.
48h,16256,381,48h
ultrason,16257,381,ultrasons ultrason
catcheur,16258,381,catcheur catcheurs
pruneau,16259,381,pruneau pruneaux
assécher,16260,381,asséché assèche assécher
intelligemment,16261,380,intelligemment
aspen,16262,380,aspen
fenton,16263,380,fenton
troc,16264,380,troc
rougeole,16265,380,rougeole
propagation,16266,380,propagation
soude,16267,380,soude
parmesan,16268,380,parmesan
bijoutier,16269,380,bijoutier
déviation,16270,380,déviation
traci,16271,380,traci
sanderson,16272,380,sanderson
joug,16273,380,joug
clarkson,16274,380,clarkson
corday,16275,380,corday
la-dedans,16276,380,la-dedans
monopoly,16277,380,monopoly
jodi,16278,380,jodi
gia,16279,380,gia
sillage,16280,380,sillage
toro,16281,380,toro
abou,16282,380,abou
rengaine,16283,380,rengaine
céleri,16284,380,céleri
aine,16285,380,aine
chavirer,16286,380,chavirer chaviré
lacer,16287,380,lace lacer
barber,16288,380,barber barba
anniv,16289,379,anniv
aumône,16290,379,aumône
kal-el,16291,379,kal-el
gucci,16292,379,gucci
ariane,16293,379,ariane
rut,16294,379,rut
sparky,16295,379,sparky
chihuahua,16296,379,chihuahua
marriage,16297,379,marriage
savait-il,16298,379,savait-il
atkins,16299,379,atkins
blanc-bec,16300,379,blanc-bec
abracadabra,16301,379,abracadabra
oslo,16302,379,oslo
sanatorium,16303,379,sanatorium
prématurément,16304,379,prématurément
relevez-vous,16305,379,relevez-vous
maboul,16306,379,maboul maboule
borner,16307,379,bornée bornés
broder,16308,379,brodé broder
nfl,16309,378,nfl
garez-vous,16310,378,garez-vous
nitrate,16311,378,nitrate
hankmed,16312,378,hankmed
rassemblez-vous,16313,378,rassemblez-vous
jean-marc,16314,378,jean-marc
attelle,16315,378,attelle
dialecte,16316,378,dialecte
peinard,16317,378,peinard
chucky,16318,378,chucky
reposant,16319,378,reposant
apport,16320,378,apport
illogique,16321,378,illogique
jeûne,16322,378,jeûne
instabilité,16323,378,instabilité
appelez-les,16324,378,appelez-les
avc,16325,378,avc
massey,16326,378,massey
libérateur,16327,378,libérateur
suppression,16328,378,suppression
heath,16329,378,heath
passerait-il,16330,378,passerait-il
clignotant,16331,378,clignotant
vésicule,16332,378,vésicule
utilisable,16333,378,utilisable utilisables
télépathique,16334,378,télépathique télépathiques
réprimander,16335,378,réprimander réprimandé
gisement,16336,378,gisement gisements
obscénité,16337,378,obscénités obscénité
kabir,16338,377,kabir
bertram,16339,377,bertram
agrafeuse,16340,377,agrafeuse
dany,16341,377,dany
altman,16342,377,altman
délivrance,16343,377,délivrance
bernardo,16344,377,bernardo
immersion,16345,377,immersion
mcmanus,16346,377,mcmanus
irremplaçable,16347,377,irremplaçable
toc-toc,16348,377,toc-toc
confins,16349,377,confins
croque-mort,16350,377,croque-mort
attrape-la,16351,377,attrape-la
fibrillation,16352,377,fibrillation
convocation,16353,377,convocation
bibi,16354,377,bibi
caucasien,16355,377,caucasien
incomparable,16356,377,incomparable
9h00,16357,377,9h00
fréquemment,16358,377,fréquemment
pong,16359,377,pong
prompt,16360,377,prompt prompte
empiler,16361,377,empiler empilés
douanier,16362,377,douaniers douanier
emmêler,16363,377,emmêlé emmêle emmêlés
anne-marie,16364,376,anne-marie
maría,16365,376,maría
intensément,16366,376,intensément
cut,16367,376,cut
cane,16368,376,cane
tuba,16369,376,tuba
traînant,16370,376,traînant
interesse,16371,376,interesse
lukas,16372,376,lukas
faudrait-il,16373,376,faudrait-il
shiro,16374,376,shiro
redressement,16375,376,redressement
reggae,16376,376,reggae
lund,16377,376,lund
rox,16378,376,rox
châssis,16379,376,châssis
logiquement,16380,376,logiquement
fung,16381,376,fung
violoniste,16382,376,violoniste
observant,16383,376,observant
bahut,16384,376,bahut
ready,16385,376,ready
aucunement,16386,376,aucunement
dissident,16387,376,dissidents dissident
propulser,16388,376,propulsé propulser
post-mortem,16389,375,post-mortem
indisponible,16390,375,indisponible
kimber,16391,375,kimber
falcon,16392,375,falcon
cognée,16393,375,cognée
techno,16394,375,techno
couvre-toi,16395,375,couvre-toi
hobbes,16396,375,hobbes
nullement,16397,375,nullement
dirigez-vous,16398,375,dirigez-vous
interessant,16399,375,interessant
ï,16400,375,ï
couronné,16401,375,couronné
porte-toi,16402,375,porte-toi
sharma,16403,375,sharma
fayed,16404,375,fayed
entêté,16405,375,entêté
hwang,16406,375,hwang
beaux-parents,16407,375,beaux-parents
jana,16408,375,jana
respectif,16409,375,respectifs respectives
escrime,16410,374,escrime
mag,16411,374,mag
embrassant,16412,374,embrassant
tam,16413,374,tam
sandrine,16414,374,sandrine
gupta,16415,374,gupta
courriel,16416,374,courriel
équateur,16417,374,équateur
tak,16418,374,tak
niles,16419,374,niles
creed,16420,374,creed
embrayage,16421,374,embrayage
gonzales,16422,374,gonzales
odyssée,16423,374,odyssée
cessez-le-feu,16424,374,cessez-le-feu
démonté,16425,374,démonté
vingt-deux,16426,374,vingt-deux
donaghy,16427,374,donaghy
laideur,16428,374,laideur
al-qaïda,16429,374,al-qaïda
pouquoi,16430,374,pouquoi
frime,16431,374,frime
19h30,16432,374,19h30
jubiler,16433,374,jubiler jubile
fructueux,16434,374,fructueuse fructueux
rugir,16435,374,rugir rugit
parenthèse,16436,374,parenthèses parenthèse
view,16437,373,view
kubrick,16438,373,kubrick
travailles-tu,16439,373,travailles-tu
pose-la,16440,373,pose-la
chantilly,16441,373,chantilly
donnons-lui,16442,373,donnons-lui
rayonnement,16443,373,rayonnement
iphone,16444,373,iphone
bouh,16445,373,bouh
dia,16446,373,dia
small,16447,373,small
holloway,16448,373,holloway
amygdale,16449,373,amygdales
guacamole,16450,373,guacamole
catégorique,16451,373,catégorique
tyrell,16452,373,tyrell
foulée,16453,373,foulée
huntington,16454,373,huntington
harmonica,16455,373,harmonica
transpondeur,16456,373,transpondeur
morrow,16457,373,morrow
knope,16458,373,knope
maud,16459,373,maud
réticence,16460,373,réticence réticences
commère,16461,373,commère commères
mioche,16462,373,mioche mioches
amuse-gueule,16463,373,amuse-gueule amuse-gueules
frasier,16464,372,frasier
ajay,16465,372,ajay
looking,16466,372,looking
arrêtons-nous,16467,372,arrêtons-nous
citadelle,16468,372,citadelle
tournois,16469,372,tournois
ingéniosité,16470,372,ingéniosité
loïs,16471,372,loïs
vas-t-en,16472,372,vas-t-en
cougar,16473,372,cougar
exceptionnellement,16474,372,exceptionnellement
fresno,16475,372,fresno
farrah,16476,372,farrah
misty,16477,372,misty
hodge,16478,372,hodge
mcdeere,16479,372,mcdeere
claustrophobe,16480,372,claustrophobe
inconditionnel,16481,372,inconditionnel inconditionnelle
monet,16482,371,monet
francie,16483,371,francie
julianne,16484,371,julianne
carlin,16485,371,carlin
devis,16486,371,devis
perrin,16487,371,perrin
cardiff,16488,371,cardiff
laquais,16489,371,laquais
pars-tu,16490,371,pars-tu
groot,16491,371,groot
abi,16492,371,abi
philo,16493,371,philo
hester,16494,371,hester
crocker,16495,371,crocker
imagerie,16496,371,imagerie
circle,16497,371,circle
corpus,16498,371,corpus
deirdre,16499,371,deirdre
relative,16500,371,relative
holiday,16501,371,holiday
conspirateur,16502,371,conspirateurs conspirateur
lacrymogène,16503,371,lacrymogène lacrymogènes
finaliser,16504,371,finaliser finalisé
aïeul,16505,371,aïeux aïeul
elsie,16506,370,elsie
chronomètre,16507,370,chronomètre
parodie,16508,370,parodie
touche-moi,16509,370,touche-moi
kind,16510,370,kind
tomorrow,16511,370,tomorrow
donahue,16512,370,donahue
bougon,16513,370,bougon
cadette,16514,370,cadette
inceste,16515,370,inceste
remets-le,16516,370,remets-le
non-stop,16517,370,non-stop
gave,16518,370,gave
camaraderie,16519,370,camaraderie
rattrapage,16520,370,rattrapage
wakefield,16521,370,wakefield
mythique,16522,370,mythique
garret,16523,370,garret
13h,16524,370,13h
amerique,16525,370,amerique
ru,16526,370,ru
lithium,16527,370,lithium
eagles,16528,370,eagles
vandale,16529,370,vandales vandale
programmeur,16530,370,programmeur programmeurs
irrégularité,16531,370,irrégularités irrégularité
détraquer,16532,370,détraqués détraquée
radoter,16533,370,radote radoter radotes
obscurcir,16534,370,obscurcit obscurcir obscurci
céramique,16535,369,céramique
earth,16536,369,earth
pen,16537,369,pen
hadar,16538,369,hadar
carrure,16539,369,carrure
cirie,16540,369,cirie
etait-il,16541,369,etait-il
sous-entendu,16542,369,sous-entendu
déshydratation,16543,369,déshydratation
taiwan,16544,369,taiwan
casablanca,16545,369,casablanca
avalon,16546,369,avalon
trouvez-les,16547,369,trouvez-les
année-là,16548,369,année-là
twain,16549,369,twain
anything,16550,369,anything
pays-bas,16551,369,pays-bas
constantine,16552,369,constantine
progressiste,16553,369,progressiste progressistes
grillon,16554,369,grillons grillon
ion,16555,369,ions ion
gent,16556,369,gente gent
titiller,16557,369,titiller titille
censurer,16558,369,censuré censurer
gaine,16559,368,gaine
soupirant,16560,368,soupirant
cynisme,16561,368,cynisme
kolchak,16562,368,kolchak
favor,16563,368,favor
irez-vous,16564,368,irez-vous
minneapolis,16565,368,minneapolis
boca,16566,368,boca
sunbae,16567,368,sunbae
ravaler,16568,368,ravaler ravale
prolongation,16569,368,prolongation prolongations
chantal,16570,367,chantal
w.c.,16571,367,w.c.
yah,16572,367,yah
tuez-la,16573,367,tuez-la
télé-réalité,16574,367,télé-réalité
sharona,16575,367,sharona
abbie,16576,367,abbie
sen,16577,367,sen
incorrigible,16578,367,incorrigible
sacre,16579,367,sacre
dispersion,16580,367,dispersion
armani,16581,367,armani
margaux,16582,367,margaux
10ème,16583,367,10ème
hitomi,16584,367,hitomi
bordure,16585,367,bordure
ouais.,16586,367,ouais.
incitation,16587,367,incitation
lavette,16588,367,lavette lavettes
lavement,16589,366,lavement
britannia,16590,366,britannia
antwon,16591,366,antwon
pompeux,16592,366,pompeux
saber,16593,366,saber
alentour,16594,366,alentour
enlève-la,16595,366,enlève-la
étroitement,16596,366,étroitement
enrico,16597,366,enrico
tiens-tu,16598,366,tiens-tu
perspicacité,16599,366,perspicacité
beep,16600,366,beep
steward,16601,366,steward
cornelius,16602,366,cornelius
1ere,16603,366,1ere
hotchner,16604,366,hotchner
brousse,16605,366,brousse
phéromone,16606,366,phéromones
whistler,16607,366,whistler
indéterminé,16608,366,indéterminée indéterminé
graisser,16609,366,graisser graissé
natte,16610,366,nattes natte
pirouette,16611,366,pirouette pirouettes
pilleur,16612,366,pilleurs pilleur
subalterne,16613,366,subalterne subalternes
rattacher,16614,366,rattacher rattaché
durst,16615,365,durst
palet,16616,365,palet
viva,16617,365,viva
takeshi,16618,365,takeshi
atticus,16619,365,atticus
scierie,16620,365,scierie
ascendant,16621,365,ascendant
pacemaker,16622,365,pacemaker
tits,16623,365,tits
ryland,16624,365,ryland
sahara,16625,365,sahara
high-tech,16626,365,high-tech
resserre,16627,365,resserre
coccinelle,16628,365,coccinelle
asa,16629,365,asa
genial,16630,365,genial
procession,16631,365,procession
insécurité,16632,365,insécurité
henrietta,16633,365,henrietta
finlande,16634,365,finlande
drummond,16635,365,drummond
frissonner,16636,365,frissonne frissonner
pédicure,16637,364,pédicure
sceptre,16638,364,sceptre
fatalité,16639,364,fatalité
moloch,16640,364,moloch
fairfax,16641,364,fairfax
préfères-tu,16642,364,préfères-tu
antan,16643,364,antan
running,16644,364,running
9h30,16645,364,9h30
fellation,16646,364,fellation
yoo,16647,364,yoo
flambant,16648,364,flambant
prieur,16649,364,prieur
séquelle,16650,364,séquelles
joël,16651,364,joël
trask,16652,364,trask
intellect,16653,364,intellect
sors-la,16654,364,sors-la
bucarest,16655,364,bucarest
cric,16656,364,cric
nfs,16657,364,nfs
krieger,16658,364,krieger
sollicitude,16659,364,sollicitude
pepperoni,16660,364,pepperoni
inévitablement,16661,364,inévitablement
irréfléchi,16662,364,irréfléchi irréfléchie
injustifié,16663,364,injustifiée injustifié
contour,16664,364,contours contour
carie,16665,364,carie caries
army,16666,363,army
autobiographie,16667,363,autobiographie
épilation,16668,363,épilation
oryu,16669,363,oryu
trade,16670,363,trade
renouer,16671,363,renouer
échauffement,16672,363,échauffement
imaginez-vous,16673,363,imaginez-vous
katrine,16674,363,katrine
vrac,16675,363,vrac
dégradation,16676,363,dégradation
raphael,16677,363,raphael
cp,16678,363,cp
recevez-vous,16679,363,recevez-vous
salim,16680,363,salim
low,16681,363,low
orleans,16682,363,orleans
décontamination,16683,363,décontamination
evitez,16684,363,evitez
pryce,16685,363,pryce
ex-copine,16686,363,ex-copine
banner,16687,363,banner
givens,16688,363,givens
i0,16689,363,i0
pancho,16690,363,pancho
amarre,16691,363,amarres
flower,16692,363,flower
mccord,16693,363,mccord
conservation,16694,363,conservation
dancer,16695,363,dancer
amputation,16696,363,amputation
press,16697,363,press
labs,16698,363,labs
frayer,16699,363,frayer
anwar,16700,363,anwar
ardu,16701,363,ardu ardue
exterminateur,16702,362,exterminateur
buick,16703,362,buick
rikers,16704,362,rikers
odile,16705,362,odile
downton,16706,362,downton
promu,16707,362,promue
angelus,16708,362,angelus
alignement,16709,362,alignement
moz,16710,362,moz
petrov,16711,362,petrov
ulairi,16712,362,ulairi
élisabeth,16713,362,élisabeth
1ers,16714,362,1ers
stuff,16715,362,stuff
joffrey,16716,362,joffrey
exorciste,16717,362,exorciste
frida,16718,362,frida
moments-là,16719,362,moments-là
planete,16720,362,planete
sortez-la,16721,362,sortez-la
genesis,16722,362,genesis
seine,16723,362,seine
nola,16724,362,nola
bassiste,16725,362,bassiste
clover,16726,362,clover
gardens,16727,361,gardens
thought,16728,361,thought
avant-goût,16729,361,avant-goût
gator,16730,361,gator
levine,16731,361,levine
taelons,16732,361,taelons
bowler,16733,361,bowler
lâche-toi,16734,361,lâche-toi
argumenter,16735,361,argumenter
crews,16736,361,crews
angels,16737,361,angels
profitable,16738,361,profitable
nylon,16739,361,nylon
wexler,16740,361,wexler
goran,16741,361,goran
laissez-lui,16742,361,laissez-lui
hors-d',16743,361,hors-d'
préside,16744,361,préside
bibine,16745,361,bibine
déteindre,16746,361,déteint déteindre
crachat,16747,361,crachat crachats
jor-el,16748,360,jor-el
ronon,16749,360,ronon
bolt,16750,360,bolt
carburateur,16751,360,carburateur
luge,16752,360,luge
pardonne-nous,16753,360,pardonne-nous
contagion,16754,360,contagion
ressasser,16755,360,ressasser
sois-tu,16756,360,sois-tu
clouseau,16757,360,clouseau
auditorium,16758,360,auditorium
ra',16759,360,ra'
pluriel,16760,360,pluriel
other,16761,360,other
solis,16762,360,solis
rythmer,16763,360,rythmée
piranha,16764,360,piranhas piranha
maraudeur,16765,360,maraudeur maraudeurs
10h30,16766,359,10h30
cabo,16767,359,cabo
silencieusement,16768,359,silencieusement
spéculer,16769,359,spéculer
catalan,16770,359,catalan
gilroy,16771,359,gilroy
anson,16772,359,anson
dard,16773,359,dard
paresse,16774,359,paresse
lumiere,16775,359,lumiere
gabriella,16776,359,gabriella
étanche,16777,359,étanche
ventura,16778,359,ventura
showbiz,16779,359,showbiz
abaisse,16780,359,abaisse
tc,16781,359,tc
tolliver,16782,359,tolliver
adré,16783,359,adré
karin,16784,359,karin
chelou,16785,359,chelou
watanabe,16786,359,watanabe
évidement,16787,359,évidement
bane,16788,359,bane
isobel,16789,359,isobel
écharde,16790,359,écharde échardes
donnell,16791,358,donnell
work,16792,358,work
xbox,16793,358,xbox
envisageable,16794,358,envisageable
zola,16795,358,zola
kleenex,16796,358,kleenex
connolly,16797,358,connolly
malaisie,16798,358,malaisie
waterloo,16799,358,waterloo
carnegie,16800,358,carnegie
yorkshire,16801,358,yorkshire
ahsoka,16802,358,ahsoka
kepner,16803,358,kepner
universal,16804,358,universal
démenti,16805,358,démenti
arkham,16806,358,arkham
intérieurement,16807,358,intérieurement
irrité,16808,358,irrité
murph,16809,358,murph
billion,16810,358,billions billion
bone,16811,357,bone
guantanamo,16812,357,guantanamo
woodrow,16813,357,woodrow
fripouille,16814,357,fripouille
supérette,16815,357,supérette
anonymement,16816,357,anonymement
jennie,16817,357,jennie
ramassage,16818,357,ramassage
mala,16819,357,mala
infesté,16820,357,infesté
johnston,16821,357,johnston
demande-leur,16822,357,demande-leur
storybrooke,16823,357,storybrooke
dietrich,16824,357,dietrich
médiation,16825,357,médiation
fastoche,16826,357,fastoche
fascisme,16827,357,fascisme
dwyer,16828,357,dwyer
trampoline,16829,357,trampoline
e.t.,16830,357,e.t.
bavure,16831,357,bavure bavures
présider,16832,357,présider présidé
membrane,16833,357,membrane membranes
garnement,16834,357,garnement garnements
pale,16835,357,pale pales
éterniser,16836,357,éterniser éternise
neutron,16837,357,neutrons neutron
chichi,16838,357,chichis chichi
cannette,16839,357,cannettes cannette
provincial,16840,357,provinciale provincial
baines,16841,356,baines
sup.,16842,356,sup.
kenobi,16843,356,kenobi
traire,16844,356,traire
sami,16845,356,sami
surfait,16846,356,surfait
drive-in,16847,356,drive-in
controversé,16848,356,controversé
striptease,16849,356,striptease
barbarie,16850,356,barbarie
renommer,16851,356,renommé
kryten,16852,356,kryten
ici-même,16853,356,ici-même
dépouillé,16854,356,dépouillé
rasage,16855,356,rasage
reformuler,16856,356,reformuler
empêchement,16857,356,empêchement
ozone,16858,356,ozone
edge,16859,356,edge
kasper,16860,356,kasper
malcom,16861,356,malcom
offensant,16862,356,offensant
meurtrir,16863,356,meurtri meurtrie
résidentiel,16864,356,résidentiel résidentielle
amarrer,16865,356,amarré amarrer
plant,16866,356,plants plant
végétalien,16867,356,végétalien végétalienne
exténuer,16868,356,exténué exténuée
rural,16869,356,rural rurale
fricoter,16870,356,fricote fricoter
quotidiennement,16871,355,quotidiennement
shiki,16872,355,shiki
shining,16873,355,shining
jérémy,16874,355,jérémy
annee,16875,355,annee
senor,16876,355,senor
déminage,16877,355,déminage
found,16878,355,found
alcoolémie,16879,355,alcoolémie
drag,16880,355,drag
radley,16881,355,radley
digestion,16882,355,digestion
evacuez,16883,355,evacuez
aman,16884,355,aman
laissons-la,16885,355,laissons-la
rooster,16886,355,rooster
tupac,16887,355,tupac
genre-là,16888,355,genre-là
polio,16889,355,polio
dreams,16890,355,dreams
appréciation,16891,355,appréciation
dégradant,16892,355,dégradant
végétation,16893,355,végétation
aberration,16894,355,aberration aberrations
scone,16895,355,scones scone
raider,16896,355,raiders raider
artichaut,16897,355,artichaut artichauts
stabilisateur,16898,355,stabilisateur stabilisateurs
griffé,16899,354,griffé
jewel,16900,354,jewel
stockton,16901,354,stockton
andrei,16902,354,andrei
sgc,16903,354,sgc
lacté,16904,354,lactée
smoothie,16905,354,smoothie
java,16906,354,java
farrow,16907,354,farrow
bayou,16908,354,bayou
sforza,16909,354,sforza
pardonnez-nous,16910,354,pardonnez-nous
hancock,16911,354,hancock
renversant,16912,354,renversant renversante
séropositif,16913,354,séropositif séropositive
radier,16914,354,radié radier
ériger,16915,354,érigé ériger
baltar,16916,353,baltar
cnst,16917,353,cnst
loco,16918,353,loco
pourrons-nous,16919,353,pourrons-nous
jerri,16920,353,jerri
cedar,16921,353,cedar
ancienneté,16922,353,ancienneté
sergueï,16923,353,sergueï
bring,16924,353,bring
chez-moi,16925,353,chez-moi
springer,16926,353,springer
raccourcir,16927,353,raccourcir
retournes-y,16928,353,retournes-y
namaste,16929,353,namaste
cady,16930,353,cady
alaric,16931,353,alaric
ohhh,16932,353,ohhh
toinety,16933,353,toinety
clonage,16934,353,clonage
nitro,16935,353,nitro
embrassez-moi,16936,353,embrassez-moi
winthrop,16937,353,winthrop
pole,16938,353,pole
mortellement,16939,353,mortellement
apéro,16940,353,apéro
fief,16941,353,fief
ligature,16942,353,ligature ligatures
bibelot,16943,353,bibelots bibelot
subsister,16944,353,subsiste subsister
fiévreux,16945,353,fiévreux fiévreuse
surdoué,16946,353,surdoué surdoués
stimulus,16947,353,stimuli stimulus
informel,16948,353,informel informelle
révoquer,16949,353,révoqué révoquer
aiguisé,16950,352,aiguisé
rayyan,16951,352,rayyan
noriko,16952,352,noriko
kaoru,16953,352,kaoru
chaire,16954,352,chaire
gonzalez,16955,352,gonzalez
fighting,16956,352,fighting
simplet,16957,352,simplet
réjouis-toi,16958,352,réjouis-toi
originalité,16959,352,originalité
de-,16960,352,de-
appâter,16961,352,appâter
risotto,16962,352,risotto
minuterie,16963,352,minuterie
précipitamment,16964,352,précipitamment
clarinette,16965,352,clarinette
déchiqueté,16966,352,déchiqueté
epouse,16967,352,epouse
flush,16968,352,flush
jolly,16969,352,jolly
hartford,16970,352,hartford
carboniser,16971,352,carbonisé carbonisés
alarmant,16972,352,alarmant alarmante
déjanter,16973,352,déjanté déjantée
pistache,16974,352,pistache pistaches
détériorer,16975,352,détériore détériorer
adjectif,16976,352,adjectif adjectifs
abysse,16977,352,abysse abysses
nationaliste,16978,352,nationalistes nationaliste
remettez-vous,16979,351,remettez-vous
ouvrez-la,16980,351,ouvrez-la
portia,16981,351,portia
attirail,16982,351,attirail
piédestal,16983,351,piédestal
assorti,16984,351,assorti
remarquablement,16985,351,remarquablement
hahn,16986,351,hahn
duvet,16987,351,duvet
roma,16988,351,roma
bourdon,16989,351,bourdon
gill,16990,351,gill
mas,16991,351,mas
soto,16992,351,soto
g.i.,16993,351,g.i.
dissection,16994,351,dissection
maybe,16995,351,maybe
nero,16996,351,nero
cornelia,16997,351,cornelia
gregson,16998,351,gregson
plaidoyer,16999,351,plaidoyer
cyclope,17000,351,cyclope
tricherie,17001,351,tricherie
remuez-vous,17002,351,remuez-vous
serai-je,17003,351,serai-je
chalumeau,17004,351,chalumeau
abordable,17005,351,abordable abordables
variante,17006,351,variante variantes
inaugurer,17007,351,inaugurer inaugure
ambigu,17008,351,ambigu ambiguë
névrose,17009,351,névrose névroses
provisoirement,17010,350,provisoirement
rot,17011,350,rot
récipient,17012,350,récipient
hibernation,17013,350,hibernation
freedom,17014,350,freedom
award,17015,350,award
agarn,17016,350,agarn
poupe,17017,350,poupe
compas,17018,350,compas
oublie-moi,17019,350,oublie-moi
stef,17020,350,stef
artagnan,17021,350,artagnan
sitting,17022,350,sitting
chausser,17023,350,chaussée
arbitraire,17024,350,arbitraire
pandora,17025,350,pandora
quinte,17026,350,quinte
fraiche,17027,350,fraiche
vestimentaire,17028,350,vestimentaire
joyeusement,17029,350,joyeusement
inflammable,17030,350,inflammable
kwan,17031,350,kwan
vidéosurveillance,17032,350,vidéosurveillance
specter,17033,350,specter
kinney,17034,350,kinney
sorry,17035,350,sorry
aliter,17036,350,alité alitée
attribution,17037,350,attributions attribution
aztèque,17038,350,aztèque aztèques
annabel,17039,349,annabel
issus,17040,349,issus
crais,17041,349,crais
assemblé,17042,349,assemblé
olson,17043,349,olson
latérale,17044,349,latérale
seoir,17045,349,sied
skyler,17046,349,skyler
bourgogne,17047,349,bourgogne
avon,17048,349,avon
bowen,17049,349,bowen
tor,17050,349,tor
balls,17051,349,balls
ferveur,17052,349,ferveur
ground,17053,349,ground
macao,17054,349,macao
dorrit,17055,349,dorrit
bossu,17056,349,bossu
joignable,17057,349,joignable
sis,17058,349,sis
sympathisant,17059,349,sympathisants sympathisant
goule,17060,349,goules goule
recouvrer,17061,349,recouvrer recouvré
milk,17062,348,milk
pilates,17063,348,pilates
type-là,17064,348,type-là
friture,17065,348,friture
porte-feuille,17066,348,porte-feuille
fonte,17067,348,fonte
concourir,17068,348,concourir
groom,17069,348,groom
bassine,17070,348,bassine
mozzie,17071,348,mozzie
doggett,17072,348,doggett
8h30,17073,348,8h30
alter,17074,348,alter
tahoe,17075,348,tahoe
nervosité,17076,348,nervosité
hansel,17077,348,hansel
ripou,17078,348,ripou
blizzard,17079,348,blizzard
rendez-nous,17080,348,rendez-nous
arreté,17081,348,arreté
audimat,17082,348,audimat
chloroforme,17083,348,chloroforme
antimatière,17084,348,antimatière
cameraman,17085,348,cameraman
moqueur,17086,348,moqueur
magnésium,17087,348,magnésium
possessif,17088,348,possessif possessive
agitateur,17089,348,agitateur agitateurs
aileron,17090,348,aileron ailerons
mammaire,17091,348,mammaire mammaires
ornement,17092,348,ornements ornement
morfondre,17093,347,morfondre
succube,17094,347,succube
11e,17095,347,11e
rosalee,17096,347,rosalee
shapiro,17097,347,shapiro
birch,17098,347,birch
alexei,17099,347,alexei
baber,17100,347,baber
atrocement,17101,347,atrocement
meadow,17102,347,meadow
journee,17103,347,journee
bieber,17104,347,bieber
downey,17105,347,downey
francais,17106,347,francais
hole,17107,347,hole
arn,17108,347,arn
ponctualité,17109,347,ponctualité
zhou,17110,347,zhou
sortez-les,17111,347,sortez-les
natacha,17112,347,natacha
sono,17113,347,sono
mikhail,17114,347,mikhail
desolee,17115,347,desolee
métamorphe,17116,347,métamorphe
bris,17117,347,bris
rocker,17118,347,rocker rockers
bourgeon,17119,347,bourgeons bourgeon
profaner,17120,347,profaner profané
branson,17121,346,branson
ong,17122,346,ong
britt,17123,346,britt
épate,17124,346,épate
donnez-la-moi,17125,346,donnez-la-moi
annees,17126,346,annees
entretenu,17127,346,entretenu
stick,17128,346,stick
gayle,17129,346,gayle
chenil,17130,346,chenil
crixus,17131,346,crixus
petersen,17132,346,petersen
dorothée,17133,346,dorothée
ést,17134,346,ést
kitchen,17135,346,kitchen
phosphorer,17136,346,phosphore
falcone,17137,346,falcone
p.s.,17138,346,p.s.
canaan,17139,346,canaan
matter,17140,346,matter
boueux,17141,346,boueux boueuse
divergence,17142,346,divergences divergence
ricanement,17143,346,ricanement ricanements
ran,17144,345,ran
alexa,17145,345,alexa
lomax,17146,345,lomax
dédommagement,17147,345,dédommagement
espece,17148,345,espece
o2,17149,345,o2
parle-t-on,17150,345,parle-t-on
geôlier,17151,345,geôlier
kétamine,17152,345,kétamine
scranton,17153,345,scranton
parabole,17154,345,parabole
revirement,17155,345,revirement
linc,17156,345,linc
déplorable,17157,345,déplorable
himalaya,17158,345,himalaya
hab,17159,345,hab
radicalement,17160,345,radicalement
fair-play,17161,345,fair-play
modeler,17162,345,modeler
revêtement,17163,345,revêtement
pamplemousse,17164,345,pamplemousse
téléviseur,17165,345,téléviseur
biologiste,17166,345,biologiste
aride,17167,345,aride arides
tabloïd,17168,345,tabloïds tabloïd
hacher,17169,345,hachée hacher
webcam,17170,344,webcam
tuyauterie,17171,344,tuyauterie
pak,17172,344,pak
glock,17173,344,glock
wee,17174,344,wee
lucidité,17175,344,lucidité
chimiothérapie,17176,344,chimiothérapie
watergate,17177,344,watergate
chilton,17178,344,chilton
rashid,17179,344,rashid
waou,17180,344,waou
alexandrie,17181,344,alexandrie
geiger,17182,344,geiger
hoshi,17183,344,hoshi
givré,17184,344,givré
child,17185,344,child
selfie,17186,344,selfie
pertinence,17187,344,pertinence
entame,17188,344,entame
v',17189,344,v'
kellogg,17190,344,kellogg
thorn,17191,344,thorn
emmene,17192,344,emmene
constitutionnel,17193,344,constitutionnel constitutionnels
cantique,17194,344,cantiques cantique
nudiste,17195,344,nudiste nudistes
limitation,17196,344,limitation limitations
montrez-leur,17197,343,montrez-leur
id,17198,343,id
arythmie,17199,343,arythmie
holographique,17200,343,holographique
shan,17201,343,shan
hérésie,17202,343,hérésie
renouveau,17203,343,renouveau
tirelire,17204,343,tirelire
rambaldi,17205,343,rambaldi
glucose,17206,343,glucose
nazir,17207,343,nazir
taft,17208,343,taft
débusquer,17209,343,débusquer
valeria,17210,343,valeria
urinaire,17211,343,urinaire
revenons-en,17212,343,revenons-en
poppins,17213,343,poppins
valhalla,17214,343,valhalla
recontacte,17215,343,recontacte
jonction,17216,343,jonction
embrasse-la,17217,343,embrasse-la
jem',17218,343,jem'
makoto,17219,343,makoto
shekhar,17220,343,shekhar
whitaker,17221,343,whitaker
chop,17222,343,chop
animosité,17223,343,animosité
vasco,17224,343,vasco
restes-tu,17225,343,restes-tu
doing,17226,343,doing
tchétchène,17227,343,tchétchène tchétchènes
dérouter,17228,343,dérouter dérouté
20h30,17229,342,20h30
accumulé,17230,342,accumulé
ébriété,17231,342,ébriété
oxy,17232,342,oxy
birdie,17233,342,birdie
accouplement,17234,342,accouplement
malt,17235,342,malt
link,17236,342,link
ting,17237,342,ting
divisionnaire,17238,342,divisionnaire
pommier,17239,342,pommier pommiers
révolutionner,17240,342,révolutionner révolutionné
rebondissement,17241,342,rebondissement rebondissements
ternir,17242,342,ternir terni
ricain,17243,342,ricains ricain
tympan,17244,342,tympans tympan
cj,17245,341,cj
suppliant,17246,341,suppliant
garagiste,17247,341,garagiste
scéne,17248,341,scéne
leopold,17249,341,leopold
judo,17250,341,judo
raf,17251,341,raf
vee,17252,341,vee
éloignement,17253,341,éloignement
fernandez,17254,341,fernandez
jafar,17255,341,jafar
pantoute,17256,341,pantoute
cod,17257,341,cod
rapplique,17258,341,rapplique
récession,17259,341,récession
lupe,17260,341,lupe
rs,17261,341,rs
genèse,17262,341,genèse
mccormick,17263,341,mccormick
renata,17264,341,renata
wish,17265,341,wish
jump,17266,341,jump
explique-lui,17267,341,explique-lui
passez-le,17268,341,passez-le
beyoncé,17269,341,beyoncé
piggy,17270,341,piggy
rabattre,17271,341,rabattre rabats
délibération,17272,341,délibérations délibération
those,17273,340,those
baze,17274,340,baze
athlétisme,17275,340,athlétisme
rockwell,17276,340,rockwell
exécuteur,17277,340,exécuteur
8h00,17278,340,8h00
toyota,17279,340,toyota
feutre,17280,340,feutre
atténuant,17281,340,atténuantes
anthropologie,17282,340,anthropologie
gemini,17283,340,gemini
apu,17284,340,apu
mccabe,17285,340,mccabe
maintenue,17286,340,maintenue
potager,17287,340,potager
gencive,17288,340,gencives
lange,17289,340,lange
carrosserie,17290,340,carrosserie
irrigation,17291,340,irrigation
étourdir,17292,340,étourdie
ex-petit,17293,340,ex-petit
gravier,17294,340,gravier
désirable,17295,340,désirable
aide-la,17296,340,aide-la
dove,17297,340,dove
pryor,17298,340,pryor
généalogique,17299,340,généalogique
marshmallows,17300,340,marshmallows
quadriller,17301,340,quadrille quadriller
fêler,17302,340,fêlée fêlés
féminité,17303,339,féminité
zorro,17304,339,zorro
bora,17305,339,bora
aram,17306,339,aram
parliez-vous,17307,339,parliez-vous
psst,17308,339,psst
tribut,17309,339,tribut
carrelage,17310,339,carrelage
banana,17311,339,banana
denton,17312,339,denton
their,17313,339,their
littéral,17314,339,littéral littérale
visser,17315,339,visser vissé
bercer,17316,339,bercer bercé
nymphe,17317,339,nymphe nymphes
météorologique,17318,339,météorologique météorologiques
daigner,17319,339,daigne daigné
posez-la,17320,338,posez-la
traffic,17321,338,traffic
imper,17322,338,imper
molina,17323,338,molina
command,17324,338,command
debut,17325,338,debut
heo,17326,338,heo
troi,17327,338,troi
induit,17328,338,induit
bistouri,17329,338,bistouri
baylor,17330,338,baylor
blind,17331,338,blind
yasir,17332,338,yasir
pillules,17333,338,pillules
hostie,17334,338,hostie
prã,17335,338,prã
vois-je,17336,338,vois-je
dispense,17337,338,dispense
medina,17338,338,medina
uh-uh,17339,338,uh-uh
angoissé,17340,338,angoissé
pathologique,17341,338,pathologique
crac,17342,338,crac
gelées,17343,338,gelées
outsider,17344,338,outsider outsiders
five-o,17345,337,five-o
charly,17346,337,charly
municipalité,17347,337,municipalité
accepteriez-vous,17348,337,accepteriez-vous
dickinson,17349,337,dickinson
wharton,17350,337,wharton
gordo,17351,337,gordo
gîte,17352,337,gîte
ouvre-toi,17353,337,ouvre-toi
scar,17354,337,scar
québécois,17355,337,québécois
keyes,17356,337,keyes
2nd,17357,337,2nd
hobbit,17358,337,hobbit
prends-toi,17359,337,prends-toi
presbytère,17360,337,presbytère
tchin,17361,337,tchin
disait-il,17362,337,disait-il
ferme-là,17363,337,ferme-là
face-à-face,17364,337,face-à-face
mandela,17365,337,mandela
échiquier,17366,337,échiquier
effroi,17367,337,effroi
joão,17368,337,joão
secundo,17369,337,secundo
aménagement,17370,337,aménagement aménagements
latéral,17371,337,latéral latéraux
stériliser,17372,337,stériliser stérilisé
fessier,17373,337,fessier fessiers
kimball,17374,336,kimball
saw,17375,336,saw
burkhardt,17376,336,burkhardt
palerme,17377,336,palerme
allumeuse,17378,336,allumeuse
mean,17379,336,mean
radioactivité,17380,336,radioactivité
lnde,17381,336,lnde
saeko,17382,336,saeko
anesthésiste,17383,336,anesthésiste
oxyde,17384,336,oxyde
rey,17385,336,rey
birmanie,17386,336,birmanie
qué,17387,336,qué
hépatique,17388,336,hépatique
gaulle,17389,336,gaulle
manon,17390,336,manon
surveillez-le,17391,336,surveillez-le
hémorroïde,17392,336,hémorroïdes
gémissant,17393,336,gémissant
ventriculaire,17394,336,ventriculaire
meghan,17395,336,meghan
taxer,17396,336,taxer taxé
psaume,17397,336,psaume psaumes
fortuit,17398,336,fortuite fortuit
nauséeux,17399,336,nauséeux nauséeuse
empaler,17400,336,empalé empaler
approximatif,17401,336,approximative approximatif
naufragé,17402,336,naufragés naufragé
croûton,17403,336,croûton croûtons
positivement,17404,335,positivement
antéchrist,17405,335,antéchrist
quahog,17406,335,quahog
garvey,17407,335,garvey
tropique,17408,335,tropiques
gable,17409,335,gable
drop,17410,335,drop
pâture,17411,335,pâture
change-toi,17412,335,change-toi
écuyer,17413,335,écuyer
jonny,17414,335,jonny
den,17415,335,den
mettons-le,17416,335,mettons-le
romi,17417,335,romi
reece,17418,335,reece
mayfair,17419,335,mayfair
pore,17420,335,pores
kaitlin,17421,335,kaitlin
anti-douleur,17422,335,anti-douleurs anti-douleur
proton,17423,335,protons proton
écologiste,17424,335,écologistes écologiste
relaxation,17425,334,relaxation
chuckles,17426,334,chuckles
dmitri,17427,334,dmitri
vijay,17428,334,vijay
hewitt,17429,334,hewitt
aristote,17430,334,aristote
hayward,17431,334,hayward
stats,17432,334,stats
aww,17433,334,aww
mãªme,17434,334,mãªme
coral,17435,334,coral
remue-toi,17436,334,remue-toi
bruyamment,17437,334,bruyamment
génome,17438,334,génome
stefano,17439,334,stefano
retournement,17440,334,retournement
hitman,17441,334,hitman
mikael,17442,334,mikael
posez-moi,17443,334,posez-moi
arden,17444,334,arden
étrangleur,17445,334,étrangleur
jock,17446,334,jock
enough,17447,334,enough
saboteur,17448,334,saboteur saboteurs
fuyard,17449,334,fuyard fuyards
rosier,17450,334,rosiers rosier
docker,17451,334,dockers docker
monumental,17452,334,monumentale monumental
quint,17453,333,quint
assemblage,17454,333,assemblage
babs,17455,333,babs
lieutenant-colonel,17456,333,lieutenant-colonel
rosbif,17457,333,rosbif
pipeline,17458,333,pipeline
prude,17459,333,prude
museau,17460,333,museau
ndt,17461,333,ndt
sister,17462,333,sister
zod,17463,333,zod
whitehall,17464,333,whitehall
vénérable,17465,333,vénérable
start,17466,333,start
antidouleurs,17467,333,antidouleurs
mm-hm,17468,333,mm-hm
charismatique,17469,333,charismatique
mako,17470,333,mako
keisha,17471,333,keisha
kt,17472,333,kt
euphorie,17473,333,euphorie
platonique,17474,333,platonique
salam,17475,333,salam
réceptif,17476,333,réceptif réceptive
munir,17477,333,muni munis
écrabouiller,17478,333,écrabouiller écrabouillé
pornographique,17479,333,pornographique pornographiques
agoniser,17480,333,agonise agoniser
impayé,17481,333,impayés impayées
taillader,17482,333,tailladé taillader
salaam,17483,332,salaam
burritos,17484,332,burritos
rothschild,17485,332,rothschild
olé,17486,332,olé
wake,17487,332,wake
booker,17488,332,booker
redis-moi,17489,332,redis-moi
pfff,17490,332,pfff
sève,17491,332,sève
essaim,17492,332,essaim
chaman,17493,332,chaman
chapelet,17494,332,chapelet
sclérose,17495,332,sclérose
samuels,17496,332,samuels
amor,17497,332,amor
butte,17498,332,butte
brule,17499,332,brule
théière,17500,332,théière
réchauffé,17501,332,réchauffé
defense,17502,332,defense
tael,17503,332,taels
venez-en,17504,332,venez-en
asgard,17505,332,asgard
coast,17506,332,coast
pluton,17507,332,pluton
orale,17508,332,orale
notres,17509,332,notres
aphrodisiaque,17510,332,aphrodisiaque
indirectement,17511,332,indirectement
ponton,17512,332,ponton
berg,17513,332,berg
immigré,17514,332,immigré
bey,17515,332,bey
heure-là,17516,332,heure-là
écailler,17517,332,écailles
cosmonaute,17518,332,cosmonaute cosmonautes
barrette,17519,332,barrette barrettes
démerder,17520,332,démerder démerde
urinoir,17521,332,urinoir urinoirs
charrue,17522,331,charrue
limo,17523,331,limo
regardez-ça,17524,331,regardez-ça
jiro,17525,331,jiro
waiting,17526,331,waiting
maxie,17527,331,maxie
chantonner,17528,331,chantonne
vieillissement,17529,331,vieillissement
laverne,17530,331,laverne
scarlet,17531,331,scarlet
nourrissant,17532,331,nourrissant
essor,17533,331,essor
cabanon,17534,331,cabanon
fallait-il,17535,331,fallait-il
abonner,17536,331,abonnés
wolfgang,17537,331,wolfgang
sylar,17538,331,sylar
lasso,17539,331,lasso
proc,17540,331,proc
diem,17541,331,diem
cornet,17542,331,cornet
enid,17543,331,enid
imaginable,17544,331,imaginables imaginable
kyste,17545,330,kyste
répartition,17546,330,répartition
kemal,17547,330,kemal
péninsule,17548,330,péninsule
klan,17549,330,klan
charogne,17550,330,charogne
midnight,17551,330,midnight
glucide,17552,330,glucides
18ème,17553,330,18ème
scrotum,17554,330,scrotum
biggie,17555,330,biggie
jugulaire,17556,330,jugulaire
sgt,17557,330,sgt
12ème,17558,330,12ème
she',17559,330,she'
gamelle,17560,330,gamelle
bingley,17561,330,bingley
pal,17562,330,pal
pã,17563,330,pã
hublot,17564,330,hublot
jeun,17565,330,jeun
photographique,17566,330,photographique
bourrique,17567,330,bourrique
shut,17568,330,shut
incohérence,17569,330,incohérences incohérence
impuni,17570,330,impuni impunie
décerner,17571,330,décerné décerner
fugueur,17572,330,fugueuse fugueurs
théodore,17573,329,théodore
zimmerman,17574,329,zimmerman
archange,17575,329,archange
kahlan,17576,329,kahlan
faudra-t-il,17577,329,faudra-t-il
dawkins,17578,329,dawkins
andreï,17579,329,andreï
shun,17580,329,shun
vernissage,17581,329,vernissage
camaro,17582,329,camaro
dominante,17583,329,dominante
wobbly,17584,329,wobbly
rhin,17585,329,rhin
siamois,17586,329,siamois
goose,17587,329,goose
pollock,17588,329,pollock
swann,17589,329,swann
trois-là,17590,329,trois-là
septique,17591,329,septique
lucrezia,17592,329,lucrezia
ravens,17593,329,ravens
nobody,17594,329,nobody
kol,17595,329,kol
étau,17596,329,étau
hindi,17597,329,hindi
trésorerie,17598,329,trésorerie
sunday,17599,329,sunday
éjaculer,17600,329,éjaculer éjaculé
salace,17601,329,salaces salace
dégueulasser,17602,328,dégueulasses
goes,17603,328,goes
shooting,17604,328,shooting
word,17605,328,word
ecoutons,17606,328,ecoutons
lisbeth,17607,328,lisbeth
rhino,17608,328,rhino
giggity,17609,328,giggity
belinda,17610,328,belinda
talc,17611,328,talc
sapiens,17612,328,sapiens
agrandissement,17613,328,agrandissement
rancœur,17614,328,rancœur
catacombe,17615,328,catacombes
turin,17616,328,turin
glou,17617,328,glou
shrek,17618,328,shrek
sy,17619,328,sy
ilya,17620,328,ilya
naissant,17621,328,naissant naissante
manga,17622,328,manga mangas
aye,17623,327,aye
kremlin,17624,327,kremlin
colocs,17625,327,colocs
morelli,17626,327,morelli
faust,17627,327,faust
jing,17628,327,jing
problémes,17629,327,problémes
logis,17630,327,logis
croix-rouge,17631,327,croix-rouge
salve,17632,327,salve
physio,17633,327,physio
oskar,17634,327,oskar
marthe,17635,327,marthe
kei,17636,327,kei
bastion,17637,327,bastion
partageant,17638,327,partageant
under,17639,327,under
wash,17640,327,wash
vickie,17641,327,vickie
profiteur,17642,327,profiteur profiteurs
bum,17643,326,bum
chiba,17644,326,chiba
couvrant,17645,326,couvrant
california,17646,326,california
régisseur,17647,326,régisseur
jugeote,17648,326,jugeote
tralala,17649,326,tralala
6h30,17650,326,6h30
tegana,17651,326,tegana
déroute,17652,326,déroute
foreuse,17653,326,foreuse
clifton,17654,326,clifton
same,17655,326,same
maru,17656,326,maru
lights,17657,326,lights
devrai-je,17658,326,devrai-je
gatsby,17659,326,gatsby
aviv,17660,326,aviv
blason,17661,326,blason
nike,17662,326,nike
forer,17663,326,forer
seaver,17664,326,seaver
bajorans,17665,326,bajorans
someone,17666,326,someone
imité,17667,326,imité
paramount,17668,326,paramount
sismique,17669,326,sismique sismiques
démoder,17670,326,démodée démodés
démesuré,17671,326,démesuré démesurée
fauteur,17672,326,fauteur fauteurs
somalie,17673,325,somalie
akiko,17674,325,akiko
bosch,17675,325,bosch
shu,17676,325,shu
wibbly,17677,325,wibbly
while,17678,325,while
prend-il,17679,325,prend-il
lobo,17680,325,lobo
gal,17681,325,gal
aigri,17682,325,aigri
season,17683,325,season
paloma,17684,325,paloma
many,17685,325,many
kel,17686,325,kel
lisez-le,17687,325,lisez-le
shark,17688,325,shark
hackett,17689,325,hackett
concerto,17690,325,concerto
amorce,17691,325,amorce
yee,17692,325,yee
sunil,17693,325,sunil
drago,17694,325,drago
eta,17695,325,eta
pilate,17696,325,pilate
trav,17697,325,trav
games,17698,325,games
discorde,17699,325,discorde
vicodin,17700,325,vicodin
abondant,17701,325,abondante abondant
horizontal,17702,325,horizontal horizontales
enrayer,17703,325,enrayer enrayé
réhabiliter,17704,325,réhabiliter réhabilité
légèreté,17705,324,légèreté
circoncis,17706,324,circoncis
cardassia,17707,324,cardassia
favela,17708,324,favela
physiologie,17709,324,physiologie
altruiste,17710,324,altruiste
monster,17711,324,monster
barracuda,17712,324,barracuda
feraient-ils,17713,324,feraient-ils
darrell,17714,324,darrell
evil,17715,324,evil
lynne,17716,324,lynne
yogi,17717,324,yogi
lose,17718,324,lose
cubs,17719,324,cubs
aphrodite,17720,324,aphrodite
entertainment,17721,324,entertainment
hã,17722,324,hã
peppino,17723,324,peppino
ba',17724,324,ba'
chambellan,17725,324,chambellan
xiii,17726,324,xiii
ferons-nous,17727,324,ferons-nous
ossement,17728,324,ossements
blackwell,17729,324,blackwell
landon,17730,324,landon
coffee,17731,324,coffee
belgrade,17732,324,belgrade
courroux,17733,324,courroux
synthétiseur,17734,324,synthétiseur synthétiseurs
classifier,17735,324,classifié classifiés
broncher,17736,324,broncher bronché
gallon,17737,324,gallons gallon
mystery,17738,323,mystery
vale,17739,323,vale
daube,17740,323,daube
ressens-tu,17741,323,ressens-tu
cobalt,17742,323,cobalt
véridique,17743,323,véridique
genji,17744,323,genji
eunice,17745,323,eunice
bas-fond,17746,323,bas-fonds
presley,17747,323,presley
ole,17748,323,ole
vaisseau-mère,17749,323,vaisseau-mère
archéologie,17750,323,archéologie
rends-lui,17751,323,rends-lui
argus,17752,323,argus
recensement,17753,323,recensement
vire-moi,17754,323,vire-moi
irrationnelle,17755,323,irrationnelle
affectueusement,17756,323,affectueusement
dugan,17757,323,dugan
noelle,17758,323,noelle
sarge,17759,323,sarge
justification,17760,323,justification
donnes-moi,17761,323,donnes-moi
calamité,17762,323,calamité
cartable,17763,323,cartable
souplesse,17764,323,souplesse
gangrène,17765,323,gangrène
boy-scout,17766,323,boy-scout boy-scouts
hypothéquer,17767,323,hypothéqué hypothéquer
mckenna,17768,322,mckenna
lifting,17769,322,lifting
sark,17770,322,sark
écoulement,17771,322,écoulement
israel,17772,322,israel
defiant,17773,322,defiant
méthodique,17774,322,méthodique
relâchez-le,17775,322,relâchez-le
alu,17776,322,alu
blablabla,17777,322,blablabla
genevieve,17778,322,genevieve
descends-le,17779,322,descends-le
contraception,17780,322,contraception
fleuri,17781,322,fleuri
matrimonial,17782,322,matrimonial matrimoniale
éventrer,17783,322,éventrer éventré
conjecture,17784,322,conjectures conjecture
ex-petite,17785,321,ex-petite
dib,17786,321,dib
donnez-m',17787,321,donnez-m'
dirais-je,17788,321,dirais-je
effigie,17789,321,effigie
ml,17790,321,ml
dédommager,17791,321,dédommager
ortho,17792,321,ortho
redis-le,17793,321,redis-le
izumi,17794,321,izumi
save,17795,321,save
minois,17796,321,minois
brouette,17797,321,brouette
stratège,17798,321,stratège
falco,17799,321,falco
highland,17800,321,highland
trousseau,17801,321,trousseau
dov,17802,321,dov
albinou,17803,321,albinou
direz-vous,17804,321,direz-vous
gogol,17805,321,gogol
deluxe,17806,321,deluxe
catapulte,17807,321,catapulte catapultes
fossette,17808,321,fossettes fossette
actionner,17809,321,actionner actionne
monoxyde,17810,320,monoxyde
identifiez-vous,17811,320,identifiez-vous
fane,17812,320,fane
maynard,17813,320,maynard
inébranlable,17814,320,inébranlable
cordialement,17815,320,cordialement
étire,17816,320,étire
jemaine,17817,320,jemaine
yamada,17818,320,yamada
réglementaire,17819,320,réglementaire
ressortie,17820,320,ressortie
mallard,17821,320,mallard
horne,17822,320,horne
severide,17823,320,severide
speaker,17824,320,speaker
lundy,17825,320,lundy
chagriner,17826,320,chagrine
lonely,17827,320,lonely
eternel,17828,320,eternel
chatouiller,17829,320,chatouiller
systeme,17830,320,systeme
résonance,17831,320,résonance
rodgers,17832,320,rodgers
citoyenneté,17833,320,citoyenneté
raisonnablement,17834,320,raisonnablement
dis-donc,17835,320,dis-donc
bouclez-la,17836,320,bouclez-la
diapo,17837,320,diapos diapo
astral,17838,320,astral astrale
bisexuel,17839,320,bisexuel bisexuelle
verge,17840,320,verge verges
wynn,17841,319,wynn
marlin,17842,319,marlin
connelly,17843,319,connelly
sprint,17844,319,sprint
voss,17845,319,voss
stackhouse,17846,319,stackhouse
folklore,17847,319,folklore
incompris,17848,319,incompris
anormalement,17849,319,anormalement
hamid,17850,319,hamid
korsak,17851,319,korsak
calculatrice,17852,319,calculatrice
trenton,17853,319,trenton
nai,17854,319,nai
barrons-nous,17855,319,barrons-nous
batista,17856,319,batista
marv,17857,319,marv
mooney,17858,319,mooney
lon,17859,319,lon
fidèlement,17860,319,fidèlement
écoute-le,17861,319,écoute-le
shell,17862,319,shell
modération,17863,319,modération
yémen,17864,319,yémen
alina,17865,319,alina
incomber,17866,319,incombe
jardiner,17867,319,jardiner jardine
avarie,17868,319,avaries avarie
cerne,17869,319,cernes cerne
maure,17870,319,maure maures
bancal,17871,319,bancal bancale
destituer,17872,319,destitué destituer
zarbi,17873,318,zarbi
electric,17874,318,electric
fabio,17875,318,fabio
matador,17876,318,matador
lefty,17877,318,lefty
longitude,17878,318,longitude
addy,17879,318,addy
réfectoire,17880,318,réfectoire
humainement,17881,318,humainement
emmène-les,17882,318,emmène-les
defiance,17883,318,defiance
infamie,17884,318,infamie
grantham,17885,318,grantham
0ui,17886,318,0ui
augie,17887,318,augie
haynes,17888,318,haynes
hawking,17889,318,hawking
protègera,17890,318,protègera
english,17891,318,english
en-bas,17892,318,en-bas
garde-moi,17893,318,garde-moi
barksdale,17894,318,barksdale
biliaire,17895,318,biliaire
limbe,17896,318,limbes
pitbull,17897,318,pitbull
ritter,17898,318,ritter
inactif,17899,318,inactif inactifs
charade,17900,318,charades charade
engraisser,17901,318,engraisser engraisse
superposer,17902,318,superposés superposé
phalange,17903,318,phalanges phalange
rediriger,17904,318,rediriger redirigé
addams,17905,317,addams
passe-passe,17906,317,passe-passe
lantern,17907,317,lantern
holliday,17908,317,holliday
mesa,17909,317,mesa
guerrero,17910,317,guerrero
antoinette,17911,317,antoinette
seamus,17912,317,seamus
mongolie,17913,317,mongolie
kes,17914,317,kes
déformation,17915,317,déformation
symétrie,17916,317,symétrie
proxénète,17917,317,proxénète
nikolai,17918,317,nikolai
escort,17919,317,escort
westchester,17920,317,westchester
alive,17921,317,alive
mocassin,17922,317,mocassins
indescriptible,17923,317,indescriptible
mavis,17924,317,mavis
bai,17925,317,bai
cellier,17926,317,cellier
tomie,17927,317,tomie
hermès,17928,317,hermès
fuel,17929,317,fuel
pardi,17930,317,pardi
mousser,17931,317,mousser moussa
normand,17932,317,normand normands
dispenser,17933,317,dispenser dispensé
charnel,17934,317,charnel charnelle
écoper,17935,317,écopé écoper
anastasia,17936,316,anastasia
glaive,17937,316,glaive
sarcophage,17938,316,sarcophage
ito,17939,316,ito
insolite,17940,316,insolite
pratiquant,17941,316,pratiquant
toy,17942,316,toy
libye,17943,316,libye
égyptienne,17944,316,égyptienne
maquille,17945,316,maquille
rest,17946,316,rest
mordant,17947,316,mordant
émile,17948,316,émile
potts,17949,316,potts
legs,17950,316,legs
pine,17951,316,pines
substitution,17952,316,substitution
commandité,17953,316,commandité
bannister,17954,316,bannister
friedman,17955,316,friedman
prétendu,17956,316,prétendue
abrams,17957,316,abrams
cagnotte,17958,316,cagnotte
restez-vous,17959,316,restez-vous
synthétiser,17960,316,synthétiser synthétisé
enrichissant,17961,316,enrichissant enrichissante
perdurer,17962,316,perdure perdurer
19ème,17963,315,19ème
ooo,17964,315,ooo
quatuor,17965,315,quatuor
half,17966,315,half
pacino,17967,315,pacino
thom,17968,315,thom
mayfield,17969,315,mayfield
waw,17970,315,waw
débriefing,17971,315,débriefing
alonzo,17972,315,alonzo
forget,17973,315,forget
morose,17974,315,morose
chrome,17975,315,chrome
exercé,17976,315,exercé
mongo,17977,315,mongo
accumulation,17978,315,accumulation
cinématographique,17979,315,cinématographique
towers,17980,315,towers
oaks,17981,315,oaks
mika,17982,315,mika
désinvolte,17983,315,désinvolte
médiocrité,17984,315,médiocrité
rétention,17985,315,rétention
ralphie,17986,315,ralphie
ardemment,17987,315,ardemment
tétanos,17988,315,tétanos
grosseur,17989,315,grosseur
cigale,17990,315,cigales cigale
courge,17991,315,courge courges
détenteur,17992,315,détenteur détenteurs
défaillant,17993,315,défaillant défaillante
canneberge,17994,315,canneberge canneberges
surréaliste,17995,314,surréaliste
psychanalyse,17996,314,psychanalyse
vetements,17997,314,vetements
pcv,17998,314,pcv
connaisseur,17999,314,connaisseur
wren,18000,314,wren
kyung,18001,314,kyung
renseigne-toi,18002,314,renseigne-toi
gagnant-gagnant,18003,314,gagnant-gagnant
lnternet,18004,314,lnternet
brant,18005,314,brant
und,18006,314,und
comanches,18007,314,comanches
generation,18008,314,generation
jihad,18009,314,jihad
coïncider,18010,314,coïncide
hawkes,18011,314,hawkes
chignon,18012,314,chignon
paroissien,18013,314,paroissiens
bazooka,18014,314,bazooka
passe-lui,18015,314,passe-lui
golem,18016,314,golem
laps,18017,314,laps
tyra,18018,314,tyra
platt,18019,314,platt
siegel,18020,314,siegel
saxophone,18021,314,saxophone
dites-le-lui,18022,314,dites-le-lui
bao,18023,314,bao
avi,18024,314,avi
armageddon,18025,314,armageddon
personnaliser,18026,314,personnalisé personnalisée
beigne,18027,314,beigne beignes
hollywoodien,18028,314,hollywoodien hollywoodienne
annonceur,18029,314,annonceurs annonceur
gourer,18030,314,goures gouré
tzigane,18031,314,tziganes tzigane
procès-verbal,18032,313,procès-verbal
écœurant,18033,313,écœurant
juke-box,18034,313,juke-box
colérique,18035,313,colérique
gisèle,18036,313,gisèle
terence,18037,313,terence
tchétchénie,18038,313,tchétchénie
tory,18039,313,tory
nietzsche,18040,313,nietzsche
battons-nous,18041,313,battons-nous
caméscope,18042,313,caméscope
rente,18043,313,rente
passe-le,18044,313,passe-le
chewing,18045,313,chewing
naina,18046,313,naina
perron,18047,313,perron
perfide,18048,313,perfide
twin,18049,313,twin
annika,18050,313,annika
recel,18051,313,recel
contre-interrogatoire,18052,313,contre-interrogatoire
reclus,18053,313,reclus
dégradé,18054,313,dégradé
insistant,18055,313,insistant
étonnement,18056,313,étonnement
tremblant,18057,313,tremblant
born,18058,313,born
addic7ed,18059,313,addic7ed
shooté,18060,313,shooté
geller,18061,313,geller
reussi,18062,312,reussi
refais-le,18063,312,refais-le
ops,18064,312,ops
crassus,18065,312,crassus
gretel,18066,312,gretel
admettez-le,18067,312,admettez-le
shirô,18068,312,shirô
enchaînement,18069,312,enchaînement
descendez-le,18070,312,descendez-le
cabale,18071,312,cabale
nik,18072,312,nik
ibm,18073,312,ibm
putin,18074,312,putin
dupree,18075,312,dupree
accoutrement,18076,312,accoutrement
corral,18077,312,corral
tire-bouchon,18078,312,tire-bouchon
myope,18079,312,myope
homie,18080,312,homie
napa,18081,312,napa
bergman,18082,312,bergman
espérez-vous,18083,312,espérez-vous
picotement,18084,312,picotements picotement
pivoter,18085,312,pivoter pivote
campo,18086,312,campo campos
skinhead,18087,312,skinhead skinheads
ex-fiancé,18088,312,ex-fiancé ex-fiancée
calice,18089,311,calice
cath,18090,311,cath
traîtrise,18091,311,traîtrise
mojo,18092,311,mojo
stephan,18093,311,stephan
eyre,18094,311,eyre
ébauche,18095,311,ébauche
dubbing,18096,311,dubbing
mcdo,18097,311,mcdo
comes,18098,311,comes
arrête-moi,18099,311,arrête-moi
obésité,18100,311,obésité
sciemment,18101,311,sciemment
17e,18102,311,17e
imprimeur,18103,311,imprimeur
mettez-y,18104,311,mettez-y
carolina,18105,311,carolina
sayonara,18106,311,sayonara
yui,18107,311,yui
dégourdir,18108,311,dégourdir
pouffer,18109,311,pouffe
lobby,18110,311,lobby
chapel,18111,311,chapel
nestor,18112,311,nestor
woodstock,18113,311,woodstock
fémoral,18114,311,fémorale
brailler,18115,311,brailler
charming,18116,311,charming
prendrez-vous,18117,311,prendrez-vous
fossoyeur,18118,311,fossoyeur
déjà-vu,18119,311,déjà-vu
pelt,18120,311,pelt
sèche-cheveux,18121,311,sèche-cheveux
littardi,18122,311,littardi
furtivement,18123,311,furtivement
blindage,18124,311,blindage
cheik,18125,311,cheik
barnaby,18126,310,barnaby
chapiteau,18127,310,chapiteau
froussard,18128,310,froussard
cata,18129,310,cata
consortium,18130,310,consortium
byers,18131,310,byers
condor,18132,310,condor
libère-moi,18133,310,libère-moi
bimbo,18134,310,bimbo
burning,18135,310,burning
alto,18136,310,alto
iriez-vous,18137,310,iriez-vous
tragiquement,18138,310,tragiquement
burbank,18139,310,burbank
yumiko,18140,310,yumiko
revérifier,18141,310,revérifier
ailier,18142,310,ailier
guillermo,18143,310,guillermo
gregg,18144,310,gregg
roxie,18145,310,roxie
équité,18146,310,équité
hub,18147,310,hub
sauriez-vous,18148,310,sauriez-vous
enchanteur,18149,310,enchanteur
joins-toi,18150,310,joins-toi
envoyez-les,18151,310,envoyez-les
nord-coréen,18152,310,nord-coréens nord-coréen
persistant,18153,310,persistant persistante
sautiller,18154,310,sautiller sautille
piastre,18155,309,piastres
bluth,18156,309,bluth
trotte,18157,309,trotte
15ème,18158,309,15ème
irritant,18159,309,irritant
deuxieme,18160,309,deuxieme
amenez-vous,18161,309,amenez-vous
nicaragua,18162,309,nicaragua
paulette,18163,309,paulette
q.i.,18164,309,q.i.
rankin,18165,309,rankin
sérénade,18166,309,sérénade
calhoun,18167,309,calhoun
méconnaissable,18168,309,méconnaissable
seigle,18169,309,seigle
capri,18170,309,capri
traumatique,18171,309,traumatique
akbar,18172,309,akbar
haleter,18173,309,halète
raconte-lui,18174,309,raconte-lui
canadian,18175,309,canadian
told,18176,309,told
whole,18177,309,whole
arôme,18178,309,arôme
linceul,18179,309,linceul
pia,18180,309,pia
minutieusement,18181,309,minutieusement
posez-vous,18182,309,posez-vous
goujat,18183,309,goujat
documentation,18184,309,documentation
importun,18185,309,importune importun
nordique,18186,309,nordique nordiques
réincarner,18187,309,réincarné réincarner
williamson,18188,308,williamson
pommette,18189,308,pommettes
cleary,18190,308,cleary
renault,18191,308,renault
agamemnon,18192,308,agamemnon
marat,18193,308,marat
cherokee,18194,308,cherokee
succursale,18195,308,succursale
madagascar,18196,308,madagascar
zebra,18197,308,zebra
ucla,18198,308,ucla
énigmatique,18199,308,énigmatique
expliquez-nous,18200,308,expliquez-nous
amélie,18201,308,amélie
yusuf,18202,308,yusuf
howell,18203,308,howell
lennie,18204,308,lennie
barone,18205,308,barone
remous,18206,308,remous
securite,18207,308,securite
randonneur,18208,308,randonneurs randonneur
plymouth,18209,307,plymouth
invraisemblable,18210,307,invraisemblable
mass,18211,307,mass
collin,18212,307,collin
myself,18213,307,myself
thermostat,18214,307,thermostat
taffe,18215,307,taffe
groenland,18216,307,groenland
utopie,18217,307,utopie
seeley,18218,307,seeley
othello,18219,307,othello
saroyan,18220,307,saroyan
birkhoff,18221,307,birkhoff
rends-la-moi,18222,307,rends-la-moi
saracen,18223,307,saracen
astheure,18224,307,astheure
ulrich,18225,307,ulrich
gruber,18226,307,gruber
qin,18227,307,qin
moue,18228,307,moue
quill,18229,307,quill
garde-manger,18230,307,garde-manger
nishi,18231,307,nishi
lice,18232,307,lice
résine,18233,307,résine
complémentaire,18234,307,complémentaires complémentaire
malachi,18235,306,malachi
alger,18236,306,alger
palpitation,18237,306,palpitations
pense-t-il,18238,306,pense-t-il
friedrich,18239,306,friedrich
yo-yo,18240,306,yo-yo
sylvain,18241,306,sylvain
insecticide,18242,306,insecticide
parcequ',18243,306,parcequ'
reston,18244,306,reston
chaufferie,18245,306,chaufferie
lindy,18246,306,lindy
absinthe,18247,306,absinthe
géographique,18248,306,géographique
préfére,18249,306,préfére
katz,18250,306,katz
j.c.,18251,306,j.c.
propane,18252,306,propane
shi,18253,306,shi
phone,18254,306,phone
mmmh,18255,306,mmmh
jean-claude,18256,306,jean-claude
motrice,18257,306,motrices motrice
hydrater,18258,306,hydrater hydrate
symétrique,18259,306,symétrique symétriques
arête,18260,306,arête arêtes
tk,18261,305,tk
ressler,18262,305,ressler
scarface,18263,305,scarface
might,18264,305,might
baignade,18265,305,baignade
corbin,18266,305,corbin
condé,18267,305,condé
attachez-le,18268,305,attachez-le
ass,18269,305,ass
manivelle,18270,305,manivelle
hightower,18271,305,hightower
vulgarité,18272,305,vulgarité
télégraphe,18273,305,télégraphe
phaseur,18274,305,phaseur
squat,18275,305,squat
babette,18276,305,babette
spiritualité,18277,305,spiritualité
caruso,18278,305,caruso
indolore,18279,305,indolore
claudette,18280,305,claudette
prozac,18281,305,prozac
paintball,18282,305,paintball
youssef,18283,305,youssef
meng,18284,305,meng
méthamphétamine,18285,305,méthamphétamine
fous-lui,18286,305,fous-lui
choriste,18287,305,choriste choristes
sandro,18288,304,sandro
woodward,18289,304,woodward
can',18290,304,can'
rios,18291,304,rios
macarthur,18292,304,macarthur
seiya,18293,304,seiya
chevron,18294,304,chevron
écarlate,18295,304,écarlate
solstice,18296,304,solstice
alvaro,18297,304,alvaro
hallelujah,18298,304,hallelujah
écoutez-le,18299,304,écoutez-le
mante,18300,304,mante
winger,18301,304,winger
walking,18302,304,walking
jolene,18303,304,jolene
anaïs,18304,304,anaïs
yumi,18305,304,yumi
bakersfield,18306,304,bakersfield
plaidez-vous,18307,304,plaidez-vous
spirit,18308,304,spirit
list,18309,304,list
occupe-t',18310,304,occupe-t'
spielberg,18311,304,spielberg
fois-là,18312,304,fois-là
métèque,18313,304,métèque métèques
astronomique,18314,304,astronomique astronomiques
entêter,18315,304,entêtée entête
fais-je,18316,303,fais-je
call-girl,18317,303,call-girl
pee,18318,303,pee
elm,18319,303,elm
vicomte,18320,303,vicomte
panse,18321,303,panse
infériorité,18322,303,infériorité
ebola,18323,303,ebola
couté,18324,303,couté
fm,18325,303,fm
bitch,18326,303,bitch
puit,18327,303,puit
buckner,18328,303,buckner
aisha,18329,303,aisha
purple,18330,303,purple
rhea,18331,303,rhea
stratton,18332,303,stratton
conduisez-moi,18333,303,conduisez-moi
ls,18334,303,ls
vrombissement,18335,303,vrombissement
nyborg,18336,303,nyborg
suffisament,18337,303,suffisament
roddy,18338,303,roddy
caste,18339,303,caste
sous-titres.eu,18340,303,sous-titres.eu
vice-roi,18341,303,vice-roi
vaciller,18342,303,vacille vaciller
jeannette,18343,302,jeannette
baton,18344,302,baton
parvenu,18345,302,parvenue
légitimité,18346,302,légitimité
sphinx,18347,302,sphinx
sole,18348,302,sole
laszlo,18349,302,laszlo
augustine,18350,302,augustine
gould,18351,302,gould
trisha,18352,302,trisha
tino,18353,302,tino
hoynes,18354,302,hoynes
pavot,18355,302,pavot
kass,18356,302,kass
attrape-moi,18357,302,attrape-moi
té,18358,302,té
jansen,18359,302,jansen
shériff,18360,302,shériff
volker,18361,302,volker
avant-première,18362,302,avant-première
ripoux,18363,302,ripoux
downing,18364,302,downing
anatomy,18365,302,anatomy
gustavo,18366,302,gustavo
insoutenable,18367,302,insoutenable
century,18368,302,century
dobson,18369,302,dobson
constantin,18370,302,constantin
inhabité,18371,302,inhabitée inhabité
demandeur,18372,302,demandeur demandeurs
absoudre,18373,302,absous absoudre
bandant,18374,302,bandante bandant
transcender,18375,302,transcende transcender
court-circuiter,18376,302,court-circuiter court-circuité
laque,18377,301,laque
bourde,18378,301,bourde
biggs,18379,301,biggs
survêtement,18380,301,survêtement
chlorure,18381,301,chlorure
cosette,18382,301,cosette
valdez,18383,301,valdez
deviser,18384,301,devises
chandra,18385,301,chandra
poulpe,18386,301,poulpe
concessionnaire,18387,301,concessionnaire
ruxin,18388,301,ruxin
hate,18389,301,hate
what',18390,301,what'
epargne-moi,18391,301,epargne-moi
décadence,18392,301,décadence
saïd,18393,301,saïd
cetera,18394,301,cetera
kota,18395,301,kota
lasalle,18396,301,lasalle
citerne,18397,301,citerne
polyester,18398,301,polyester
fucking,18399,301,fucking
sellette,18400,301,sellette
lunch,18401,301,lunch
quand-même,18402,301,quand-même
turban,18403,301,turban
islamiste,18404,301,islamistes islamiste
colique,18405,301,colique coliques
roter,18406,301,roter rote
par-delà,18407,300,par-delà
hippodrome,18408,300,hippodrome
cb,18409,300,cb
meule,18410,300,meule
écorché,18411,300,écorché
ha-ha,18412,300,ha-ha
fed,18413,300,fed
habib,18414,300,habib
législation,18415,300,législation
braille,18416,300,braille
lamentation,18417,300,lamentations
oren,18418,300,oren
ophélie,18419,300,ophélie
synch,18420,300,synch
défends-toi,18421,300,défends-toi
wickham,18422,300,wickham
galipette,18423,300,galipettes
jute,18424,300,jute
momentanément,18425,300,momentanément
gã,18426,300,gã
mono,18427,300,mono
menuisier,18428,300,menuisier
chevreuil,18429,300,chevreuil
carafe,18430,300,carafe
bath,18431,300,bath
teinte,18432,300,teinte
imagine-toi,18433,300,imagine-toi
funérarium,18434,300,funérarium
ensevelir,18435,300,enseveli ensevelie
identifiant,18436,299,identifiant
rétréci,18437,299,rétréci
frénésie,18438,299,frénésie
profitons-en,18439,299,profitons-en
baskerville,18440,299,baskerville
vick,18441,299,vick
périphérie,18442,299,périphérie
spiderman,18443,299,spiderman
boulder,18444,299,boulder
rayonne,18445,299,rayonne
zapata,18446,299,zapata
obtention,18447,299,obtention
obstétrique,18448,299,obstétrique
invisibilité,18449,299,invisibilité
mausolée,18450,299,mausolée
accompagne-moi,18451,299,accompagne-moi
bjorn,18452,299,bjorn
renato,18453,299,renato
s.s.,18454,299,s.s.
préservation,18455,299,préservation
équitablement,18456,299,équitablement
alana,18457,299,alana
abonné,18458,299,abonné
allégé,18459,299,allégé
eux-même,18460,299,eux-même
mollir,18461,299,mollie
hésitant,18462,299,hésitant hésitante
replacer,18463,299,replacer replace
prénatal,18464,299,prénatale prénatal
subjectif,18465,299,subjectif subjective
centaure,18466,299,centaure centaures
réserviste,18467,299,réservistes réserviste
quatres,18468,298,quatres
rogelio,18469,298,rogelio
enrichi,18470,298,enrichi
pouilleux,18471,298,pouilleux
lance-toi,18472,298,lance-toi
teinturier,18473,298,teinturier
kaji,18474,298,kaji
merry,18475,298,merry
shauna,18476,298,shauna
mays,18477,298,mays
dayton,18478,298,dayton
kick,18479,298,kick
perm,18480,298,perm
roulotte,18481,298,roulotte
ébattre,18482,298,ébats
emmalin,18483,298,emmalin
recueil,18484,298,recueil
jens,18485,298,jens
moment-même,18486,298,moment-même
dillinger,18487,298,dillinger
maladresse,18488,298,maladresse
surgeler,18489,298,surgelés
yorker,18490,298,yorker
mêlez-vous,18491,298,mêlez-vous
mcallister,18492,298,mcallister
confetti,18493,298,confettis
al-qaida,18494,298,al-qaida
toscan,18495,298,toscane
keys,18496,298,keys
romulien,18497,298,romulien
retiens-toi,18498,298,retiens-toi
dépraver,18499,298,dépravée dépravés
statuer,18500,298,statué statuer
stadium,18501,297,stadium
winn,18502,297,winn
fusco,18503,297,fusco
weed,18504,297,weed
ventricule,18505,297,ventricule
raclement,18506,297,raclement
épileptique,18507,297,épileptique
matthieu,18508,297,matthieu
mclaren,18509,297,mclaren
vacant,18510,297,vacant
indian,18511,297,indian
mobilité,18512,297,mobilité
parmis,18513,297,parmis
mondialement,18514,297,mondialement
pontiac,18515,297,pontiac
conduis-moi,18516,297,conduis-moi
rommie,18517,297,rommie
ferroviaire,18518,297,ferroviaire
yukio,18519,297,yukio
birthday,18520,297,birthday
haha,18521,297,haha
freres,18522,297,freres
peseta,18523,297,pesetas
détriment,18524,297,détriment
lopette,18525,297,lopette
rafi,18526,297,rafi
collante,18527,297,collante
pool,18528,297,pool
ackerman,18529,297,ackerman
zeppelin,18530,297,zeppelin
12h,18531,297,12h
sarajevo,18532,297,sarajevo
langer,18533,297,langer
lobos,18534,297,lobos
flamboyant,18535,297,flamboyant flamboyante
hétérosexuel,18536,297,hétérosexuel hétérosexuels
inexistant,18537,297,inexistante inexistant
dona,18538,296,dona
angine,18539,296,angine
homme-là,18540,296,homme-là
vlan,18541,296,vlan
puerto,18542,296,puerto
disais-tu,18543,296,disais-tu
est-ce-qui,18544,296,est-ce-qui
hubble,18545,296,hubble
égayer,18546,296,égayer
miko,18547,296,miko
perfect,18548,296,perfect
flippante,18549,296,flippante
ogden,18550,296,ogden
galanterie,18551,296,galanterie
donaldson,18552,296,donaldson
orgueilleux,18553,296,orgueilleux
ludo,18554,296,ludo
rosenberg,18555,296,rosenberg
insistance,18556,296,insistance
odette,18557,296,odette
rollo,18558,296,rollo
kayak,18559,296,kayak
são,18560,296,são
presente,18561,296,presente
apelle,18562,296,apelle
bonnement,18563,296,bonnement
helsing,18564,296,helsing
rolf,18565,296,rolf
dejà,18566,296,dejà
partridge,18567,296,partridge
géologique,18568,296,géologique géologiques
non-sens,18569,295,non-sens
quiche,18570,295,quiche
sparrow,18571,295,sparrow
privilégié,18572,295,privilégiée
prets,18573,295,prets
fougue,18574,295,fougue
dépravé,18575,295,dépravé
pique-niquer,18576,295,pique-niquer
fais-leur,18577,295,fais-leur
caracas,18578,295,caracas
massimo,18579,295,massimo
accréditation,18580,295,accréditation
sock,18581,295,sock
occase,18582,295,occase
riviera,18583,295,riviera
trouve-la,18584,295,trouve-la
dérivation,18585,295,dérivation
lucio,18586,295,lucio
pilot,18587,295,pilot
appelerai,18588,295,appelerai
discernement,18589,295,discernement
donne-les,18590,295,donne-les
bœufs,18591,295,bœufs
rance,18592,295,rance
skylar,18593,295,skylar
himmler,18594,295,himmler
auto-défense,18595,295,auto-défense
gazouillis,18596,295,gazouillis
esr,18597,295,esr
désobéissance,18598,295,désobéissance
reposée,18599,295,reposée
accroupir,18600,295,accroupi accroupis
mésaventure,18601,295,mésaventure mésaventures
neuronal,18602,295,neuronal neuronale
kurde,18603,295,kurde kurdes
oppresseur,18604,295,oppresseur oppresseurs
hardman,18605,294,hardman
brillamment,18606,294,brillamment
lndien,18607,294,lndien
théatre,18608,294,théatre
vittorio,18609,294,vittorio
banco,18610,294,banco
rapproche-toi,18611,294,rapproche-toi
parterre,18612,294,parterre
nzt,18613,294,nzt
redresse-toi,18614,294,redresse-toi
centauris,18615,294,centauris
diminution,18616,294,diminution
interlocuteur,18617,294,interlocuteur
virgile,18618,294,virgile
porte-à-porte,18619,294,porte-à-porte
nanites,18620,294,nanites
stabler,18621,294,stabler
gurren,18622,294,gurren
milt,18623,294,milt
figuré,18624,294,figuré
perché,18625,294,perché
réjouissez-vous,18626,294,réjouissez-vous
méthadone,18627,294,méthadone
endora,18628,294,endora
tenez-la,18629,294,tenez-la
étranglement,18630,294,étranglement
vitalité,18631,294,vitalité
jessup,18632,294,jessup
woah,18633,294,woah
merrill,18634,294,merrill
étirement,18635,294,étirements étirement
ruer,18636,294,ruer rué
frémir,18637,294,frémir frémis
rothstein,18638,293,rothstein
pla,18639,293,pla
blanco,18640,293,blanco
ryos,18641,293,ryos
victory,18642,293,victory
reach,18643,293,reach
henning,18644,293,henning
dénué,18645,293,dénué
levy,18646,293,levy
endurci,18647,293,endurci
côlon,18648,293,côlon
disjoncteur,18649,293,disjoncteur
goldstein,18650,293,goldstein
hémoglobine,18651,293,hémoglobine
intraçable,18652,293,intraçable
herrmann,18653,293,herrmann
consensus,18654,293,consensus
ouvrais,18655,293,ouvrais
maple,18656,293,maple
velvet,18657,293,velvet
bellows,18658,293,bellows
ferengi,18659,293,ferengi
croque-mitaine,18660,293,croque-mitaine
c.c.,18661,293,c.c.
continuation,18662,293,continuation
timidité,18663,293,timidité
haché,18664,293,haché
achete,18665,293,achete
quaterback,18666,293,quaterback
nuggets,18667,293,nuggets
virtuellement,18668,293,virtuellement
golfeur,18669,293,golfeur
sipowicz,18670,293,sipowicz
juliana,18671,293,juliana
héberge,18672,293,héberge
sari,18673,293,sari
usurper,18674,293,usurpé usurper
roseau,18675,293,roseaux roseau
écervelé,18676,293,écervelée écervelé
takahashi,18677,292,takahashi
glissante,18678,292,glissante
14ème,18679,292,14ème
extirper,18680,292,extirper
frigide,18681,292,frigide
craps,18682,292,craps
compatibilité,18683,292,compatibilité
perforation,18684,292,perforation
désorienter,18685,292,désorientée
irv,18686,292,irv
cochise,18687,292,cochise
pavaner,18688,292,pavaner
jonesy,18689,292,jonesy
couter,18690,292,couter
lacrosse,18691,292,lacrosse
'et,18692,292,'et
malia,18693,292,malia
couvrez-vous,18694,292,couvrez-vous
encombre,18695,292,encombre
svetlana,18696,292,svetlana
crucifier,18697,292,crucifier
salomé,18698,292,salomé
ola,18699,292,ola
o.k,18700,292,o.k
tain,18701,292,tain
scintiller,18702,292,scintille scintillent
futilité,18703,292,futilités futilité
infectieux,18704,292,infectieuses infectieux
durcir,18705,292,durcir durcit
caïn,18706,291,caïn
serons-nous,18707,291,serons-nous
brodie,18708,291,brodie
farouche,18709,291,farouche
tillman,18710,291,tillman
tintin,18711,291,tintin
deline,18712,291,deline
royalement,18713,291,royalement
électrode,18714,291,électrodes
brouillage,18715,291,brouillage
sciure,18716,291,sciure
sévices,18717,291,sévices
confédérer,18718,291,confédérés
toledo,18719,291,toledo
fermeté,18720,291,fermeté
milner,18721,291,milner
braden,18722,291,braden
spector,18723,291,spector
valentino,18724,291,valentino
jauge,18725,291,jauge
maussade,18726,291,maussade
resserrer,18727,291,resserrer
bennie,18728,291,bennie
meet,18729,291,meet
marti,18730,291,marti
écosystème,18731,291,écosystème
jadzia,18732,291,jadzia
beacon,18733,291,beacon
tosh,18734,291,tosh
ça.,18735,291,ça.
18h30,18736,291,18h30
voilá,18737,291,voilá
trager,18738,291,trager
fansub,18739,291,fansub
dai,18740,291,dai
welch,18741,291,welch
alba,18742,291,alba
poireau,18743,291,poireau poireaux
flancher,18744,291,flancher flanché
déconcentrer,18745,291,déconcentre déconcentrer
empiéter,18746,291,empiète empiéter
museum,18747,290,museum
gap,18748,290,gap
plaît-il,18749,290,plaît-il
liber8,18750,290,liber8
girard,18751,290,girard
régression,18752,290,régression
regarde-ça,18753,290,regarde-ça
signore,18754,290,signore
dragueur,18755,290,dragueur
tabitha,18756,290,tabitha
sonique,18757,290,sonique
tremplin,18758,290,tremplin
rebonjour,18759,290,rebonjour
ébullition,18760,290,ébullition
biensûr,18761,290,biensûr
night-club,18762,290,night-club
hashtag,18763,290,hashtag
else,18764,290,else
dowd,18765,290,dowd
whelan,18766,290,whelan
polk,18767,290,polk
loch,18768,290,loch
av,18769,290,av
ombilical,18770,290,ombilical
millicent,18771,290,millicent
suprématie,18772,290,suprématie
macha,18773,290,macha
chypre,18774,290,chypre
kaufman,18775,290,kaufman
rowe,18776,290,rowe
mm-mm,18777,290,mm-mm
hartmann,18778,290,hartmann
aubergiste,18779,290,aubergiste
blazer,18780,290,blazer
parkman,18781,290,parkman
primer,18782,290,prima primé
assoupir,18783,290,assoupir assoupie
châtain,18784,290,châtain châtains
verveine,18785,289,verveine
fourrée,18786,289,fourrée
went,18787,289,went
casher,18788,289,casher
possédant,18789,289,possédant
tig,18790,289,tig
dahl,18791,289,dahl
irritation,18792,289,irritation
frau,18793,289,frau
leone,18794,289,leone
teo,18795,289,teo
santino,18796,289,santino
réprimer,18797,289,réprimer
hr,18798,289,hr
compresseur,18799,289,compresseur
maury,18800,289,maury
jante,18801,289,jantes
marionnettiste,18802,289,marionnettiste
choucroute,18803,289,choucroute
blye,18804,289,blye
brouilleur,18805,289,brouilleur
ibiza,18806,289,ibiza
xiang,18807,289,xiang
putnam,18808,289,putnam
vidal,18809,289,vidal
hombre,18810,289,hombre
mouise,18811,289,mouise
avoue-le,18812,289,avoue-le
rutledge,18813,289,rutledge
stig,18814,289,stig
bloc-notes,18815,289,bloc-notes
tire-moi,18816,289,tire-moi
cheers,18817,289,cheers
précipice,18818,289,précipice
denrée,18819,289,denrées denrée
jimmie,18820,288,jimmie
wessex,18821,288,wessex
contre-espionnage,18822,288,contre-espionnage
seok,18823,288,seok
mélodrame,18824,288,mélodrame
classic,18825,288,classic
koyuki,18826,288,koyuki
norah,18827,288,norah
matrix,18828,288,matrix
emi,18829,288,emi
kazakhstan,18830,288,kazakhstan
kensington,18831,288,kensington
bourbier,18832,288,bourbier
prométhée,18833,288,prométhée
mccluskey,18834,288,mccluskey
queenie,18835,288,queenie
pointilleux,18836,288,pointilleux
carlito,18837,288,carlito
thai,18838,288,thai
barack,18839,288,barack
nunnally,18840,288,nunnally
enfermez-le,18841,288,enfermez-le
gerhardt,18842,288,gerhardt
woh,18843,288,woh
canning,18844,288,canning
jefe,18845,288,jefe
lilian,18846,288,lilian
otez,18847,288,otez
ineptie,18848,288,inepties
escient,18849,288,escient
barrymore,18850,288,barrymore
larynx,18851,288,larynx
mahal,18852,288,mahal
engourdi,18853,288,engourdi
émancipation,18854,288,émancipation
niklaus,18855,288,niklaus
dej,18856,288,dej
constat,18857,288,constat
y-a-t',18858,288,y-a-t'
collimateur,18859,288,collimateur
armistice,18860,288,armistice
mambo,18861,288,mambo
spartiate,18862,288,spartiates spartiate
bambin,18863,288,bambin bambins
tibétain,18864,288,tibétain tibétains
serrez-vous,18865,287,serrez-vous
cute,18866,287,cute
clovis,18867,287,clovis
yuko,18868,287,yuko
passe-la-moi,18869,287,passe-la-moi
astor,18870,287,astor
raza,18871,287,raza
canif,18872,287,canif
stroh,18873,287,stroh
agos,18874,287,agos
centenaire,18875,287,centenaire
magnolia,18876,287,magnolia
bouffi,18877,287,bouffi
apparent,18878,287,apparent
arriere,18879,287,arriere
mie,18880,287,mie
cry,18881,287,cry
enquete,18882,287,enquete
ta-da,18883,287,ta-da
sitcom,18884,287,sitcom
protégez-vous,18885,287,protégez-vous
federico,18886,287,federico
prétendument,18887,287,prétendument
estompe,18888,287,estompe
nelle,18889,287,nelle
rachid,18890,287,rachid
engrenage,18891,287,engrenage engrenages
victorien,18892,287,victorienne victorien
brasser,18893,287,brasser brasses
rhade,18894,286,rhade
prefere,18895,286,prefere
blackberry,18896,286,blackberry
acceptes-tu,18897,286,acceptes-tu
foods,18898,286,foods
covenant,18899,286,covenant
mettez-lui,18900,286,mettez-lui
barkley,18901,286,barkley
considérez-vous,18902,286,considérez-vous
shankar,18903,286,shankar
rafiot,18904,286,rafiot
corleone,18905,286,corleone
récurrent,18906,286,récurrent
photon,18907,286,photons
toge,18908,286,toge
bigleux,18909,286,bigleux
muhammad,18910,286,muhammad
catalyseur,18911,286,catalyseur
whitmore,18912,286,whitmore
grizzly,18913,286,grizzly
zhu,18914,286,zhu
grey',18915,286,grey'
guys,18916,286,guys
animalerie,18917,286,animalerie
alia,18918,286,alia
baraquement,18919,286,baraquements baraquement
asservir,18920,286,asservir asservi
blondinet,18921,286,blondinet blondinette
brutaliser,18922,286,brutaliser brutalisé
ensuivre,18923,286,ensuit ensuive
assouvir,18924,285,assouvir
assortiment,18925,285,assortiment
suçon,18926,285,suçon
aurons-nous,18927,285,aurons-nous
abordage,18928,285,abordage
gleason,18929,285,gleason
oü,18930,285,oü
santini,18931,285,santini
moi.,18932,285,moi.
cybermen,18933,285,cybermen
wesson,18934,285,wesson
amon,18935,285,amon
continuité,18936,285,continuité
codis,18937,285,codis
réalisme,18938,285,réalisme
morne,18939,285,morne
terrace,18940,285,terrace
réélection,18941,285,réélection
bowers,18942,285,bowers
gettysburg,18943,285,gettysburg
sécuritaire,18944,285,sécuritaire
léviathan,18945,285,léviathan
griffure,18946,285,griffures
jette-la,18947,285,jette-la
chevalerie,18948,285,chevalerie
posez-les,18949,285,posez-les
p.d.g.,18950,285,p.d.g.
perquisitionner,18951,285,perquisitionner perquisitionné
sous-titrer,18952,285,sous-titré sous-titrés
aventureux,18953,285,aventureux aventureuse
éditer,18954,285,édité éditer
molaire,18955,285,molaire molaires
commémoratif,18956,285,commémorative commémoratif
mads,18957,284,mads
mcclaren,18958,284,mcclaren
ris-tu,18959,284,ris-tu
bémol,18960,284,bémol
isaiah,18961,284,isaiah
premiêre,18962,284,premiêre
libérez-moi,18963,284,libérez-moi
bologne,18964,284,bologne
émoi,18965,284,émoi
prolonge,18966,284,prolonge
harpie,18967,284,harpie
wings,18968,284,wings
childs,18969,284,childs
lymphome,18970,284,lymphome
lèpre,18971,284,lèpre
midge,18972,284,midge
w.-c.,18973,284,w.-c.
piaf,18974,284,piaf
adoration,18975,284,adoration
matheson,18976,284,matheson
ilsa,18977,284,ilsa
versant,18978,284,versant
squaw,18979,284,squaw
philanthrope,18980,284,philanthrope
retenez-le,18981,284,retenez-le
opie,18982,284,opie
dictée,18983,284,dictée
patelin,18984,284,patelin
déséquilibré,18985,284,déséquilibré
hess,18986,284,hess
lachez,18987,284,lachez
soustraire,18988,284,soustraire
ensoleiller,18989,284,ensoleillée
alle,18990,284,alle
r.j.,18991,284,r.j.
préparons-nous,18992,284,préparons-nous
évasif,18993,284,évasif évasive
écrou,18994,284,écrou écrous
susannah,18995,283,susannah
penchez-vous,18996,283,penchez-vous
éperdument,18997,283,éperdument
sai,18998,283,sai
haas,18999,283,haas
nigeria,19000,283,nigeria
bribe,19001,283,bribes
nécessiteux,19002,283,nécessiteux
sanford,19003,283,sanford
barbra,19004,283,barbra
piñata,19005,283,piñata
aversion,19006,283,aversion
hermione,19007,283,hermione
erickson,19008,283,erickson
deuzio,19009,283,deuzio
verde,19010,283,verde
comporte-toi,19011,283,comporte-toi
pompette,19012,283,pompette
désolation,19013,283,désolation
13ème,19014,283,13ème
koichi,19015,283,koichi
yourself,19016,283,yourself
riez-vous,19017,283,riez-vous
bello,19018,283,bello
mécontentement,19019,283,mécontentement
9mm,19020,283,9mm
ecrase,19021,283,ecrase
lyons,19022,283,lyons
tetsu,19023,283,tetsu
cueille,19024,283,cueille
somebody,19025,283,somebody
bet,19026,283,bet
ive,19027,283,ives
louve,19028,283,louve
serions-nous,19029,283,serions-nous
cataloguer,19030,283,catalogué cataloguer
pignon,19031,283,pignon pignons
latour,19032,282,latour
accrocheur,19033,282,accrocheur
university,19034,282,university
paître,19035,282,paître
tchao,19036,282,tchao
balourd,19037,282,balourd
1m80,19038,282,1m80
shabbat,19039,282,shabbat
soyez-en,19040,282,soyez-en
investiture,19041,282,investiture
nog,19042,282,nog
empoté,19043,282,empoté
clear,19044,282,clear
flanagan,19045,282,flanagan
lawton,19046,282,lawton
frederic,19047,282,frederic
ando,19048,282,ando
along,19049,282,along
pédiatrique,19050,282,pédiatrique
proposes-tu,19051,282,proposes-tu
qing,19052,282,qing
ventriloque,19053,282,ventriloque
harker,19054,282,harker
nagasaki,19055,282,nagasaki
covoiturage,19056,282,covoiturage
laila,19057,282,laila
séville,19058,282,séville
guillemet,19059,282,guillemets
bend,19060,282,bend
zedd,19061,282,zedd
bistro,19062,281,bistro
theatre,19063,281,theatre
goebbels,19064,281,goebbels
tweeter,19065,281,tweeter
ovation,19066,281,ovation
fantasy,19067,281,fantasy
répondez-vous,19068,281,répondez-vous
playstation,19069,281,playstation
halsey,19070,281,halsey
bricoleur,19071,281,bricoleur
lounge,19072,281,lounge
rebond,19073,281,rebond
rachael,19074,281,rachael
heinz,19075,281,heinz
andréa,19076,281,andréa
manticore,19077,281,manticore
emmènes-tu,19078,281,emmènes-tu
pendragon,19079,281,pendragon
hutchinson,19080,281,hutchinson
suie,19081,281,suie
beer,19082,281,beer
oreillon,19083,281,oreillons
isles,19084,281,isles
daly,19085,281,daly
frodon,19086,281,frodon
apeuré,19087,281,apeuré
ria,19088,281,ria
confessionnal,19089,281,confessionnal
gloss,19090,281,gloss
négociant,19091,281,négociant
buse,19092,281,buse buses
larcin,19093,281,larcins larcin
articuler,19094,281,articuler articule
rommel,19095,280,rommel
schnaps,19096,280,schnaps
blaze,19097,280,blaze
zatoichi,19098,280,zatoichi
used,19099,280,used
top-secret,19100,280,top-secret
federal,19101,280,federal
prépa,19102,280,prépa
nerds,19103,280,nerds
potiron,19104,280,potiron
colorant,19105,280,colorant
insipide,19106,280,insipide
bergen,19107,280,bergen
concepteur,19108,280,concepteur
middle,19109,280,middle
montoya,19110,280,montoya
energy,19111,280,energy
inflexible,19112,280,inflexible
tutu,19113,280,tutu
exode,19114,280,exode
appelle-t-on,19115,280,appelle-t-on
bique,19116,280,bique
fräulein,19117,280,fräulein
businessman,19118,280,businessman
brassard,19119,280,brassard brassards
peri,19120,279,peri
twiki,19121,279,twiki
item,19122,279,item
hortense,19123,279,hortense
mpm,19124,279,mpm
collation,19125,279,collation
edition,19126,279,edition
imaginant,19127,279,imaginant
janek,19128,279,janek
flop,19129,279,flop
jacasser,19130,279,jacasser
passade,19131,279,passade
bullet,19132,279,bullet
savitar,19133,279,savitar
inquiête,19134,279,inquiête
écossaise,19135,279,écossaise
mahmoud,19136,279,mahmoud
southfork,19137,279,southfork
silvio,19138,279,silvio
appelez-la,19139,279,appelez-la
sit,19140,279,sit
intolérance,19141,279,intolérance
mulligan,19142,279,mulligan
cartilage,19143,279,cartilage
yéti,19144,279,yéti
désintéressé,19145,279,désintéressé
medical,19146,279,medical
sissy,19147,279,sissy
dooley,19148,279,dooley
grossman,19149,279,grossman
hartman,19150,279,hartman
inter,19151,279,inter
bafouer,19152,279,bafoué bafouée
pissenlit,19153,279,pissenlits pissenlit
carcéral,19154,279,carcéral carcérale
fondant,19155,278,fondant
embrasse-le,19156,278,embrasse-le
ais-je,19157,278,ais-je
temporal,19158,278,temporal
shui,19159,278,shui
œdème,19160,278,œdème
bete,19161,278,bete
achmed,19162,278,achmed
tantine,19163,278,tantine
shelton,19164,278,shelton
shinjuku,19165,278,shinjuku
reves,19166,278,reves
pronto,19167,278,pronto
régie,19168,278,régie
ph,19169,278,ph
vise-moi,19170,278,vise-moi
verdure,19171,278,verdure
pq,19172,278,pq
rectum,19173,278,rectum
fenetre,19174,278,fenetre
reiko,19175,278,reiko
stringer,19176,278,stringer
garcons,19177,278,garcons
margene,19178,278,margene
hickey,19179,278,hickey
inéluctable,19180,278,inéluctable
chahut,19181,278,chahut
chiropracteur,19182,278,chiropracteur
tung,19183,278,tung
donne-les-moi,19184,278,donne-les-moi
2nde,19185,278,2nde
jamison,19186,278,jamison
keefe,19187,278,keefe
bingham,19188,278,bingham
bouffeur,19189,278,bouffeur bouffeurs
cotisation,19190,278,cotisations cotisation
fayot,19191,278,fayots fayot
rizière,19192,278,rizières rizière
weather,19193,277,weather
fellow,19194,277,fellow
poncho,19195,277,poncho
jiang,19196,277,jiang
mariel,19197,277,mariel
teindre,19198,277,teindre
historiquement,19199,277,historiquement
coming-out,19200,277,coming-out
rittenhouse,19201,277,rittenhouse
nécrologie,19202,277,nécrologie
rancho,19203,277,rancho
preux,19204,277,preux
unh,19205,277,unh
binaire,19206,277,binaire
ètè,19207,277,ètè
vicaire,19208,277,vicaire
sauge,19209,277,sauge
bj,19210,277,bj
regan,19211,277,regan
doña,19212,277,doña
catégoriquement,19213,277,catégoriquement
zoila,19214,277,zoila
deena,19215,277,deena
mcnulty,19216,277,mcnulty
yokohama,19217,277,yokohama
chipie,19218,277,chipie
johannes,19219,277,johannes
remake,19220,277,remake
piéce,19221,277,piéce
delko,19222,277,delko
self,19223,277,self
eventreur,19224,277,eventreur
souviens-t',19225,277,souviens-t'
laisses-tu,19226,277,laisses-tu
lavinia,19227,277,lavinia
relief,19228,277,relief
rutherford,19229,277,rutherford
tripot,19230,277,tripot
apeurer,19231,277,apeurée apeurés
arpenter,19232,277,arpenter arpente
cime,19233,277,cime cimes
peau-rouge,19234,277,peaux-rouges peau-rouge
endors-toi,19235,276,endors-toi
mm.,19236,276,mm.
fret,19237,276,fret
arnaud,19238,276,arnaud
rends-nous,19239,276,rends-nous
trapèze,19240,276,trapèze
djshadow,19241,276,djshadow
joues-tu,19242,276,joues-tu
tapée,19243,276,tapée
fuentes,19244,276,fuentes
credo,19245,276,credo
frenchy,19246,276,frenchy
faber,19247,276,faber
yong,19248,276,yong
rétine,19249,276,rétine
charlot,19250,276,charlot
favoritisme,19251,276,favoritisme
détergent,19252,276,détergent
acharnement,19253,276,acharnement
migration,19254,276,migration
yonkers,19255,276,yonkers
ignacio,19256,276,ignacio
pcp,19257,276,pcp
déficience,19258,276,déficience
iode,19259,276,iode
décapitation,19260,276,décapitation
pur-sang,19261,276,pur-sang
feignant,19262,276,feignant
zé,19263,276,zé
secoue-toi,19264,276,secoue-toi
dédale,19265,276,dédale
rapporte-moi,19266,276,rapporte-moi
bears,19267,276,bears
kath,19268,276,kath
grand-pére,19269,276,grand-pére
blanchisseur,19270,276,blanchisseur blanchisseuse
accentuer,19271,276,accentuer accentue
croft,19272,275,croft
peignait,19273,275,peignait
brewer,19274,275,brewer
cheikh,19275,275,cheikh
échauffe,19276,275,échauffe
astrologie,19277,275,astrologie
trying,19278,275,trying
jordanie,19279,275,jordanie
rationnement,19280,275,rationnement
va-et-vient,19281,275,va-et-vient
vibreur,19282,275,vibreur
laroche,19283,275,laroche
aurait-on,19284,275,aurait-on
rallo,19285,275,rallo
rémy,19286,275,rémy
dressing,19287,275,dressing
5h30,19288,275,5h30
mali,19289,275,mali
hippolyte,19290,275,hippolyte
sacrebleu,19291,275,sacrebleu
straight,19292,275,straight
monétaire,19293,275,monétaire
campeur,19294,275,campeurs
chorégraphe,19295,275,chorégraphe
pinkie,19296,275,pinkie
shana,19297,275,shana
hat,19298,275,hat
redding,19299,275,redding
mammouth,19300,275,mammouth
chai,19301,275,chai
anyway,19302,275,anyway
lactose,19303,275,lactose
seward,19304,275,seward
knowles,19305,275,knowles
uber,19306,275,uber
aurions-nous,19307,275,aurions-nous
decide,19308,275,decide
glover,19309,275,glover
vindicatif,19310,275,vindicatif vindicative
extrader,19311,275,extrader extradé
clipper,19312,275,clipper clippers
disqualifier,19313,274,disqualifié
florin,19314,274,florins
rustique,19315,274,rustique
maisje,19316,274,maisje
dreyfus,19317,274,dreyfus
trente-cinq,19318,274,trente-cinq
castiel,19319,274,castiel
tatum,19320,274,tatum
hospitalier,19321,274,hospitalier
3ch0000ad,19322,274,3ch0000ad
embargo,19323,274,embargo
savino,19324,274,savino
bandé,19325,274,bandé
bellevue,19326,274,bellevue
emblée,19327,274,emblée
elwood,19328,274,elwood
tacot,19329,274,tacot
marquant,19330,274,marquant
muy,19331,274,muy
commémoration,19332,274,commémoration
rabbi,19333,274,rabbi
snoop,19334,274,snoop
samurai,19335,274,samurai
sharpe,19336,274,sharpe
housewives,19337,274,housewives
unisson,19338,274,unisson
dispersé,19339,274,dispersé
rasta,19340,274,rasta
arroseur,19341,274,arroseur arroseurs
raptor,19342,273,raptor
promets-le,19343,273,promets-le
sépulture,19344,273,sépulture
trash,19345,273,trash
en-dehors,19346,273,en-dehors
retombé,19347,273,retombé
hacké,19348,273,hacké
oj,19349,273,oj
josephine,19350,273,josephine
waverly,19351,273,waverly
jia,19352,273,jia
d.b.,19353,273,d.b.
déclenchement,19354,273,déclenchement
stoker,19355,273,stoker
accepte-le,19356,273,accepte-le
monogamie,19357,273,monogamie
giulio,19358,273,giulio
internement,19359,273,internement
beowulf,19360,273,beowulf
délicieusement,19361,273,délicieusement
meera,19362,273,meera
récidiviste,19363,273,récidiviste
sui,19364,273,sui
nobu,19365,273,nobu
compact,19366,273,compact compacte
provocant,19367,273,provocante provocant
rajiv,19368,272,rajiv
farci,19369,272,farci
latrine,19370,272,latrines
nasser,19371,272,nasser
landis,19372,272,landis
boomerang,19373,272,boomerang
méo,19374,272,méo
croupier,19375,272,croupier
réouverture,19376,272,réouverture
recouvrement,19377,272,recouvrement
reste-là,19378,272,reste-là
aboi,19379,272,abois
dooku,19380,272,dooku
valera,19381,272,valera
kiné,19382,272,kiné
hardcore,19383,272,hardcore
calligraphie,19384,272,calligraphie
strickland,19385,272,strickland
penis,19386,272,penis
mère-grand,19387,272,mère-grand
regis,19388,272,regis
vis-tu,19389,272,vis-tu
longo,19390,272,longo
vou,19391,272,vou
toison,19392,272,toison
beretta,19393,272,beretta
saint-louis,19394,272,saint-louis
médicis,19395,272,médicis
hide,19396,272,hide
orbe,19397,272,orbe
productivité,19398,272,productivité
crinière,19399,272,crinière
tasser,19400,272,tasser tassé
gemme,19401,272,gemme gemmes
intuitif,19402,272,intuitif intuitive
destinataire,19403,271,destinataire
keegan,19404,271,keegan
téléporté,19405,271,téléporté
siu,19406,271,siu
kermesse,19407,271,kermesse
écriteau,19408,271,écriteau
frappez-moi,19409,271,frappez-moi
thrace,19410,271,thrace
homeland,19411,271,homeland
abstraction,19412,271,abstraction
lumiére,19413,271,lumiére
haddie,19414,271,haddie
vestibule,19415,271,vestibule
sortez-nous,19416,271,sortez-nous
silent,19417,271,silent
inquiète-toi,19418,271,inquiète-toi
panoramique,19419,271,panoramique
all-about-subs.fr,19420,271,all-about-subs.fr
nim,19421,271,nim
hatch,19422,271,hatch
kahn,19423,271,kahn
dario,19424,271,dario
rasant,19425,271,rasant
gandalf,19426,271,gandalf
fsb,19427,271,fsb
devereaux,19428,271,devereaux
tonique,19429,271,tonique
ein,19430,271,ein
attelage,19431,271,attelage
listen,19432,271,listen
tomás,19433,271,tomás
waller,19434,271,waller
chiffonne,19435,271,chiffonne
monte-carlo,19436,271,monte-carlo
nuageux,19437,271,nuageux
frêne,19438,271,frêne
rends-tu,19439,271,rends-tu
mmm-hmm,19440,271,mmm-hmm
jésuite,19441,271,jésuites jésuite
troquer,19442,271,troquer troqué
flat,19443,271,flats flat
intervenant,19444,271,intervenant intervenants
moucharder,19445,271,moucharder mouchardé
jemma,19446,270,jemma
éloquent,19447,270,éloquent
labrador,19448,270,labrador
empecher,19449,270,empecher
fournée,19450,270,fournée
pay,19451,270,pay
admirent,19452,270,admirent
blud,19453,270,blud
comptage,19454,270,comptage
camée,19455,270,camée
objectivité,19456,270,objectivité
giuliano,19457,270,giuliano
regardez-nous,19458,270,regardez-nous
louable,19459,270,louable
diras-tu,19460,270,diras-tu
halley,19461,270,halley
redécorer,19462,270,redécorer
mouna,19463,270,mouna
blossom,19464,270,blossom
ui,19465,270,ui
ciro,19466,270,ciro
dunne,19467,270,dunne
laure,19468,270,laure
sachs,19469,270,sachs
quil,19470,270,quil
ramenez-les,19471,270,ramenez-les
ieur,19472,270,ieur
persil,19473,270,persil
autodétruire,19474,270,autodétruira autodétruire
aveuglant,19475,270,aveuglante aveuglant
boa,19476,269,boa
meryl,19477,269,meryl
acces,19478,269,acces
déconcertant,19479,269,déconcertant
peaches,19480,269,peaches
lance-flammes,19481,269,lance-flammes
popo,19482,269,popo
augustin,19483,269,augustin
being,19484,269,being
abouler,19485,269,aboule
corniche,19486,269,corniche
loki,19487,269,loki
lacher,19488,269,lacher
dawes,19489,269,dawes
mariko,19490,269,mariko
mécène,19491,269,mécène
hell',19492,269,hell'
acapulco,19493,269,acapulco
prius,19494,269,prius
cuirassé,19495,269,cuirassé
jacksonville,19496,269,jacksonville
corsage,19497,269,corsage
finney,19498,269,finney
tod,19499,269,tod
pace,19500,269,pace
stature,19501,269,stature
râteau,19502,269,râteau
panoplie,19503,269,panoplie
amador,19504,269,amador
délivre-nous,19505,269,délivre-nous
napalm,19506,269,napalm
alpiniste,19507,269,alpiniste alpinistes
noircir,19508,269,noirci noircir
bourdonner,19509,269,bourdonne bourdonnent
outrepasser,19510,269,outrepasser outrepassé
messer,19511,268,messer
warhol,19512,268,warhol
peut-étre,19513,268,peut-étre
pony,19514,268,pony
armada,19515,268,armada
carriole,19516,268,carriole
passoire,19517,268,passoire
crible,19518,268,crible
tou,19519,268,tou
moitié-moitié,19520,268,moitié-moitié
northwestern,19521,268,northwestern
acosta,19522,268,acosta
ponce,19523,268,ponce
volkswagen,19524,268,volkswagen
excusez-vous,19525,268,excusez-vous
23e,19526,268,23e
alonso,19527,268,alonso
vicente,19528,268,vicente
drugstore,19529,268,drugstore
geass,19530,268,geass
glycémie,19531,268,glycémie
patraque,19532,268,patraque
roe,19533,268,roe
coagulation,19534,268,coagulation
chrysler,19535,268,chrysler
anika,19536,268,anika
whitechapel,19537,268,whitechapel
gisbourne,19538,268,gisbourne
accompagnement,19539,268,accompagnement
carmel,19540,268,carmel
2h30,19541,268,2h30
rappeller,19542,268,rappeller
perfectionniste,19543,268,perfectionniste
16h30,19544,268,16h30
maitenant,19545,268,maitenant
forcement,19546,268,forcement
ordis,19547,268,ordis
consolider,19548,268,consolider
polir,19549,268,polir
décompression,19550,268,décompression
voyelle,19551,268,voyelles voyelle
cafter,19552,268,cafté cafter
entremetteur,19553,268,entremetteur entremetteuse
calvitie,19554,267,calvitie
bla-bla,19555,267,bla-bla
gross,19556,267,gross
garry,19557,267,garry
naïveté,19558,267,naïveté
breeland,19559,267,breeland
fétichiste,19560,267,fétichiste
lacune,19561,267,lacunes
devrait-elle,19562,267,devrait-elle
sevrage,19563,267,sevrage
leicester,19564,267,leicester
kaori,19565,267,kaori
lim,19566,267,lim
grand-oncle,19567,267,grand-oncle
invaincu,19568,267,invaincu
estjuste,19569,267,estjuste
jenn,19570,267,jenn
woodhouse,19571,267,woodhouse
brasse,19572,267,brasse
piété,19573,267,piété
nutriment,19574,267,nutriments
stifler,19575,267,stifler
chronicle,19576,267,chronicle
ahjussi,19577,267,ahjussi
sm,19578,267,sm
conan,19579,267,conan
bégayer,19580,267,bégaie bégayer
teneur,19581,266,teneur
addie,19582,266,addie
sanjana,19583,266,sanjana
does,19584,266,does
titi,19585,266,titi
'c',19586,266,'c'
echange,19587,266,echange
squad,19588,266,squad
pourra-t-il,19589,266,pourra-t-il
mp3,19590,266,mp3
nao,19591,266,nao
anspaugh,19592,266,anspaugh
root,19593,266,root
soiree,19594,266,soiree
tandem,19595,266,tandem
wilshire,19596,266,wilshire
lea,19597,266,lea
cream,19598,266,cream
bueno,19599,266,bueno
dépanneur,19600,266,dépanneur
euthanasie,19601,266,euthanasie
ar,19602,266,ar
albanie,19603,266,albanie
passe-partout,19604,266,passe-partout
skinny,19605,266,skinny
travelo,19606,266,travelo
biff,19607,266,biff
aveuglette,19608,266,aveuglette
inexcusable,19609,266,inexcusable
bein,19610,266,bein
girardi,19611,266,girardi
gram,19612,266,gram
rapelle,19613,266,rapelle
dulcinée,19614,266,dulcinée
aurez-vous,19615,266,aurez-vous
enleve,19616,266,enleve
la-haut,19617,266,la-haut
paralysant,19618,266,paralysant
smart,19619,266,smart
bouleversement,19620,266,bouleversement bouleversements
têtard,19621,266,têtard têtards
scruter,19622,266,scruter scrute
optimal,19623,266,optimale optimal
solange,19624,265,solange
ginette,19625,265,ginette
raju,19626,265,raju
pénombre,19627,265,pénombre
paquebot,19628,265,paquebot
gruyère,19629,265,gruyère
safe,19630,265,safe
cécilia,19631,265,cécilia
oué,19632,265,oué
colosse,19633,265,colosse
randi,19634,265,randi
fragilité,19635,265,fragilité
imposée,19636,265,imposée
annales,19637,265,annales
medium,19638,265,medium
séchoir,19639,265,séchoir
jarre,19640,265,jarre
seraient-ils,19641,265,seraient-ils
croatie,19642,265,croatie
tope-là,19643,265,tope-là
symphonique,19644,265,symphonique
dry,19645,265,dry
gilda,19646,265,gilda
luthorcorp,19647,265,luthorcorp
sutherland,19648,265,sutherland
lexus,19649,265,lexus
yao,19650,265,yao
équivoque,19651,265,équivoque
elanna,19652,265,elanna
dégats,19653,265,dégats
wilden,19654,265,wilden
bourgeoisie,19655,265,bourgeoisie
appelait-il,19656,265,appelait-il
able,19657,265,able
fletch,19658,265,fletch
dear,19659,265,dear
couiner,19660,265,couine couiner
étrier,19661,265,étrier étriers
transgression,19662,265,transgression transgressions
bobsleigh,19663,264,bobsleigh
sparte,19664,264,sparte
sermonner,19665,264,sermonner
suh,19666,264,suh
gibraltar,19667,264,gibraltar
amarrage,19668,264,amarrage
boots,19669,264,boots
constantinople,19670,264,constantinople
consciemment,19671,264,consciemment
frieda,19672,264,frieda
soccer,19673,264,soccer
fera-t-il,19674,264,fera-t-il
bis,19675,264,bis
appartenance,19676,264,appartenance
sumner,19677,264,sumner
present,19678,264,present
flyer,19679,264,flyer
solano,19680,264,solano
22h30,19681,264,22h30
bethesda,19682,264,bethesda
bronco,19683,264,bronco
chaste,19684,264,chaste
fermant,19685,264,fermant
engourdir,19686,264,engourdie engourdis
asphalte,19687,263,asphalte
vita,19688,263,vita
gourdin,19689,263,gourdin
gosier,19690,263,gosier
assoupi,19691,263,assoupi
kosovo,19692,263,kosovo
eloigne,19693,263,eloigne
dumbo,19694,263,dumbo
papounet,19695,263,papounet
manille,19696,263,manille
chanvre,19697,263,chanvre
défavoriser,19698,263,défavorisés
rudimentaire,19699,263,rudimentaire
re-bonjour,19700,263,re-bonjour
allait-il,19701,263,allait-il
mart,19702,263,mart
spice,19703,263,spice
pouliche,19704,263,pouliche
valence,19705,263,valence
gaiement,19706,263,gaiement
cheerleaders,19707,263,cheerleaders
lamborghini,19708,263,lamborghini
goder,19709,263,gode
éditorial,19710,263,éditorial
estimez-vous,19711,263,estimez-vous
janeiro,19712,263,janeiro
leona,19713,263,leona
prénuptial,19714,263,prénuptial
beckman,19715,263,beckman
leung,19716,263,leung
piteux,19717,263,piteux
mah-jong,19718,263,mah-jong
hervé,19719,263,hervé
caboche,19720,263,caboche
inga,19721,263,inga
lombard,19722,263,lombard
liquidation,19723,263,liquidation
tyr,19724,263,tyr
faulkner,19725,263,faulkner
désarroi,19726,263,désarroi
ce1,19727,263,ce1
acquittement,19728,263,acquittement
enclume,19729,263,enclume
mcgraw,19730,263,mcgraw
chaux,19731,263,chaux
bela,19732,263,bela
valpi,19733,263,valpi
bunch,19734,263,bunch
batifoler,19735,263,batifoler
rosita,19736,263,rosita
nathbot,19737,263,nathbot
assombrir,19738,263,assombrit assombrir
tamponner,19739,263,tamponne tamponner
transgresser,19740,263,transgressé transgresser
number,19741,262,number
essayes-tu,19742,262,essayes-tu
esperanza,19743,262,esperanza
suzumiya,19744,262,suzumiya
craven,19745,262,craven
domingo,19746,262,domingo
horizontale,19747,262,horizontale
iras-tu,19748,262,iras-tu
anesthésiant,19749,262,anesthésiant
assurons-nous,19750,262,assurons-nous
flyers,19751,262,flyers
étoilé,19752,262,étoilé
suffolk,19753,262,suffolk
maillet,19754,262,maillet
osiris,19755,262,osiris
typhus,19756,262,typhus
late,19757,262,late
pieces,19758,262,pieces
dérapage,19759,262,dérapage
coqueluche,19760,262,coqueluche
radcliffe,19761,262,radcliffe
hyeon,19762,262,hyeon
falling,19763,262,falling
bulgarie,19764,262,bulgarie
aérobic,19765,262,aérobic
obstination,19766,262,obstination
étain,19767,262,étain
seiji,19768,262,seiji
circus,19769,262,circus
photogénique,19770,262,photogénique
milicien,19771,262,miliciens
grimoire,19772,262,grimoire
giovanna,19773,262,giovanna
entendement,19774,262,entendement
berne,19775,262,berne
malette,19776,262,malette
yeon,19777,262,yeon
bohème,19778,262,bohème
müller,19779,262,müller
discovery,19780,262,discovery
basilic,19781,262,basilic
soft,19782,262,soft
cosby,19783,262,cosby
porte-clés,19784,262,porte-clés
impassible,19785,262,impassible
paquin,19786,262,paquin
fumigène,19787,262,fumigènes fumigène
envahissant,19788,262,envahissant envahissante
oisillon,19789,262,oisillon oisillons
substantiel,19790,262,substantiel substantielle
intenable,19791,261,intenable
schubert,19792,261,schubert
khalil,19793,261,khalil
haru,19794,261,haru
prix-là,19795,261,prix-là
ric,19796,261,ric
scrutin,19797,261,scrutin
leadership,19798,261,leadership
roper,19799,261,roper
décemment,19800,261,décemment
sixe,19801,261,sixe
brain,19802,261,brain
raleigh,19803,261,raleigh
minivan,19804,261,minivan
boden,19805,261,boden
torrente,19806,261,torrente
cervical,19807,261,cervicales
crenshaw,19808,261,crenshaw
random,19809,261,random
lurch,19810,261,lurch
gémeau,19811,261,gémeaux
banshee,19812,261,banshee
micheline,19813,261,micheline
agathe,19814,261,agathe
dilatation,19815,261,dilatation
prose,19816,261,prose
mirent,19817,261,mirent
vdm,19818,261,vdm
minibar,19819,261,minibar
fonderie,19820,261,fonderie
abattage,19821,261,abattage
monopoliser,19822,261,monopoliser monopolise
ablation,19823,260,ablation
schnock,19824,260,schnock
chul,19825,260,chul
doigté,19826,260,doigté
fabrizio,19827,260,fabrizio
garak,19828,260,garak
lyncher,19829,260,lyncher
legend,19830,260,legend
wife,19831,260,wife
rubin,19832,260,rubin
envoyez-nous,19833,260,envoyez-nous
aisance,19834,260,aisance
sors-nous,19835,260,sors-nous
sociologie,19836,260,sociologie
sablier,19837,260,sablier
bengale,19838,260,bengale
pod,19839,260,pod
williamsburg,19840,260,williamsburg
jeffersonian,19841,260,jeffersonian
rami,19842,260,rami
ajusté,19843,260,ajusté
sunnydale,19844,260,sunnydale
amin,19845,260,amin
como,19846,260,como
drink,19847,260,drink
emilia,19848,260,emilia
benji1000,19849,260,benji1000
serbie,19850,260,serbie
bros,19851,260,bros
dolce,19852,260,dolce
avènement,19853,260,avènement
moi-meme,19854,260,moi-meme
engageant,19855,260,engageant
restez-y,19856,260,restez-y
problêmes,19857,260,problêmes
gauchiste,19858,260,gauchiste gauchistes
empailler,19859,260,empailler empaillés
enivrer,19860,260,enivrer enivre
bidonville,19861,260,bidonville bidonvilles
lascar,19862,260,lascar lascars
cétait,19863,259,cétait
rog,19864,259,rog
hérode,19865,259,hérode
lower,19866,259,lower
cheddar,19867,259,cheddar
dow,19868,259,dow
marchetti,19869,259,marchetti
libraire,19870,259,libraire
spiritisme,19871,259,spiritisme
nouvelle-angleterre,19872,259,nouvelle-angleterre
doherty,19873,259,doherty
mixture,19874,259,mixture
clitoris,19875,259,clitoris
ramsay,19876,259,ramsay
beckham,19877,259,beckham
courageusement,19878,259,courageusement
mano,19879,259,mano
sibley,19880,259,sibley
spécification,19881,259,spécifications
câblage,19882,259,câblage
hiéroglyphe,19883,259,hiéroglyphes
torah,19884,259,torah
hideo,19885,259,hideo
amalia,19886,259,amalia
shue,19887,259,shue
emmenons-le,19888,259,emmenons-le
nazareth,19889,259,nazareth
zee,19890,259,zee
fillory,19891,259,fillory
scrooge,19892,259,scrooge
caligula,19893,259,caligula
porthos,19894,259,porthos
gloucester,19895,259,gloucester
mufle,19896,259,mufle
gracieusement,19897,259,gracieusement
sheryl,19898,259,sheryl
inversion,19899,259,inversion
arbuste,19900,259,arbustes arbuste
péquenot,19901,259,péquenot péquenots
invitant,19902,258,invitant
oussama,19903,258,oussama
montgolfière,19904,258,montgolfière
vénéneux,19905,258,vénéneux
gond,19906,258,gonds
diadème,19907,258,diadème
peach,19908,258,peach
saligaud,19909,258,saligaud
loquet,19910,258,loquet
dissolution,19911,258,dissolution
quatre-vingt,19912,258,quatre-vingt
filière,19913,258,filière
card,19914,258,card
jackman,19915,258,jackman
cali,19916,258,cali
hébergement,19917,258,hébergement
entêtement,19918,258,entêtement
déloger,19919,258,déloger
colere,19920,258,colere
pap,19921,258,pap
chamade,19922,258,chamade
babysitting,19923,258,babysitting
risa,19924,258,risa
seront-ils,19925,258,seront-ils
hobson,19926,258,hobson
cats,19927,258,cats
déclarant,19928,258,déclarant
k',19929,258,k'
éco,19930,258,éco
réinsertion,19931,258,réinsertion
confesseur,19932,258,confesseur
role,19933,258,role
hickok,19934,258,hickok
frêle,19935,258,frêle
westminster,19936,258,westminster
quimby,19937,257,quimby
immensité,19938,257,immensité
urgentiste,19939,257,urgentiste
écoute-toi,19940,257,écoute-toi
10h00,19941,257,10h00
infusion,19942,257,infusion
thayer,19943,257,thayer
ténor,19944,257,ténor
étale,19945,257,étale
constipé,19946,257,constipé
décoloration,19947,257,décoloration
octavier,19948,257,octavia
trader,19949,257,trader
hang,19950,257,hang
wide,19951,257,wide
parader,19952,257,parader
sleep,19953,257,sleep
boudoir,19954,257,boudoir
eldridge,19955,257,eldridge
olly,19956,257,olly
lala,19957,257,lala
avarice,19958,257,avarice
breuvage,19959,257,breuvage
cassant,19960,257,cassant
envieux,19961,257,envieux
glenda,19962,257,glenda
impunément,19963,257,impunément
fairbanks,19964,257,fairbanks
ravitailler,19965,257,ravitailler
précaire,19966,257,précaire
batiatus,19967,257,batiatus
tunisie,19968,257,tunisie
débauché,19969,257,débauché
took,19970,257,took
gardez-vous,19971,257,gardez-vous
impunité,19972,257,impunité
lidocaïne,19973,257,lidocaïne
bouilli,19974,257,bouilli
freelance,19975,257,freelance
taub,19976,257,taub
fervent,19977,257,fervent
presto,19978,257,presto
mécréant,19979,257,mécréants mécréant
onn,19980,256,onn
renouvellement,19981,256,renouvellement
aki,19982,256,aki
charcuterie,19983,256,charcuterie
standardiste,19984,256,standardiste
crémation,19985,256,crémation
souhaitez-moi,19986,256,souhaitez-moi
scratch,19987,256,scratch
epouser,19988,256,epouser
importation,19989,256,importation
felton,19990,256,felton
bagne,19991,256,bagne
menuiserie,19992,256,menuiserie
sellers,19993,256,sellers
yiddish,19994,256,yiddish
capitulation,19995,256,capitulation
janelle,19996,256,janelle
tubbs,19997,256,tubbs
zuko,19998,256,zuko
zodiac,19999,256,zodiac
lightning,20000,256,lightning
